{
"type": "FeatureCollection",
"name": "Agriculture",
"crs": { "type": "name", "properties": { "name": "urn:ogc:def:crs:OGC:1.3:CRS84" } },
"features": [
{ "type": "Feature", "properties": { "osm_id": "180816865", "code": 7229, "fclass": "farmland", "name": null }, "geometry": { "type": "Polygon", "coordinates": [ [ [ 73.7516741, 15.5623271 ], [ 73.7517186, 15.5626199 ], [ 73.7518078, 15.5628464 ], [ 73.752055, 15.5628893 ], [ 73.7524563, 15.5621865 ], [ 73.7516741, 15.5623271 ] ] ] } },
{ "type": "Feature", "properties": { "osm_id": "180816866", "code": 7229, "fclass": "farmland", "name": null }, "geometry": { "type": "Polygon", "coordinates": [ [ [ 73.7516376, 15.5619757 ], [ 73.7516741, 15.5623271 ], [ 73.7524563, 15.5621865 ], [ 73.7527197, 15.5616516 ], [ 73.7516741, 15.561636 ], [ 73.7516588, 15.5617788 ], [ 73.7516376, 15.5619757 ] ] ] } },
{ "type": "Feature", "properties": { "osm_id": "180816868", "code": 7229, "fclass": "farmland", "name": null }, "geometry": { "type": "Polygon", "coordinates": [ [ [ 73.7520267, 15.5633383 ], [ 73.7521888, 15.5637912 ], [ 73.752282, 15.563838 ], [ 73.7523063, 15.5639044 ], [ 73.7522455, 15.5639708 ], [ 73.7524482, 15.5642519 ], [ 73.7529345, 15.5641153 ], [ 73.7529629, 15.5637639 ], [ 73.7530237, 15.5637053 ], [ 73.7544422, 15.5635921 ], [ 73.7545435, 15.5635452 ], [ 73.754584, 15.5629323 ], [ 73.7546732, 15.5628268 ], [ 73.7546692, 15.5619796 ], [ 73.7546205, 15.5616633 ], [ 73.7541785, 15.5616479 ], [ 73.7534017, 15.5616129 ], [ 73.7531275, 15.5616927 ], [ 73.7527487, 15.5619128 ], [ 73.7521037, 15.5631548 ], [ 73.7520267, 15.5633383 ] ] ] } },
{ "type": "Feature", "properties": { "osm_id": "180816875", "code": 7229, "fclass": "farmland", "name": null }, "geometry": { "type": "Polygon", "coordinates": [ [ [ 73.7541785, 15.5616479 ], [ 73.7546205, 15.5616633 ], [ 73.7546692, 15.5619796 ], [ 73.7546732, 15.5628268 ], [ 73.7547567, 15.5629357 ], [ 73.7547312, 15.5636645 ], [ 73.7546462, 15.5644261 ], [ 73.7551944, 15.5644588 ], [ 73.7553347, 15.5644056 ], [ 73.7560148, 15.564467 ], [ 73.756155, 15.5642091 ], [ 73.7561672, 15.5637551 ], [ 73.7561815, 15.562148 ], [ 73.7560818, 15.5621137 ], [ 73.7560486, 15.5618806 ], [ 73.7561505, 15.5618116 ], [ 73.7561938, 15.5608408 ], [ 73.7552689, 15.560904 ], [ 73.7543315, 15.5607595 ], [ 73.7541785, 15.5616479 ] ] ] } },
{ "type": "Feature", "properties": { "osm_id": "199307736", "code": 7229, "fclass": "farmland", "name": null }, "geometry": { "type": "Polygon", "coordinates": [ [ [ 73.7688019, 15.5392433 ], [ 73.7691018, 15.5393322 ], [ 73.7691068, 15.5393997 ], [ 73.7692064, 15.5414379 ], [ 73.769449, 15.5415157 ], [ 73.7696341, 15.5415441 ], [ 73.774245, 15.5414376 ], [ 73.774343, 15.5413931 ], [ 73.7734781, 15.5405487 ], [ 73.7723653, 15.5394544 ], [ 73.7717945, 15.5385489 ], [ 73.7715062, 15.5375823 ], [ 73.7716561, 15.5370878 ], [ 73.7716618, 15.5367767 ], [ 73.7716561, 15.536149 ], [ 73.771979, 15.5358657 ], [ 73.7721808, 15.5354435 ], [ 73.7708315, 15.5354157 ], [ 73.7708892, 15.5356935 ], [ 73.770278, 15.5358768 ], [ 73.7701512, 15.5361046 ], [ 73.769736, 15.5363934 ], [ 73.7689518, 15.536699 ], [ 73.7690383, 15.5382878 ], [ 73.7688308, 15.53846 ], [ 73.7688019, 15.5392433 ] ] ] } },
{ "type": "Feature", "properties": { "osm_id": "245588135", "code": 7229, "fclass": "farmland", "name": null }, "geometry": { "type": "Polygon", "coordinates": [ [ [ 73.769602, 15.5341403 ], [ 73.7696364, 15.5346624 ], [ 73.7701094, 15.5350229 ], [ 73.7709351, 15.5351182 ], [ 73.7717479, 15.5351554 ], [ 73.7721521, 15.5351057 ], [ 73.7724531, 15.5346665 ], [ 73.7726596, 15.5340409 ], [ 73.7728804, 15.5337106 ], [ 73.7729534, 15.5333561 ], [ 73.7730111, 15.5330953 ], [ 73.7726554, 15.5329459 ], [ 73.7723148, 15.5328902 ], [ 73.7721323, 15.5329342 ], [ 73.7721202, 15.5332418 ], [ 73.7721293, 15.5335143 ], [ 73.7719469, 15.5338776 ], [ 73.7717948, 15.533983 ], [ 73.7715181, 15.5339567 ], [ 73.7714086, 15.533901 ], [ 73.7713417, 15.5335758 ], [ 73.7714025, 15.5331774 ], [ 73.7713782, 15.5330045 ], [ 73.7707853, 15.5330514 ], [ 73.770247, 15.5330895 ], [ 73.7699278, 15.5331393 ], [ 73.769774, 15.5335479 ], [ 73.769602, 15.5341403 ] ] ] } },
{ "type": "Feature", "properties": { "osm_id": "457113364", "code": 7229, "fclass": "farmland", "name": null }, "geometry": { "type": "Polygon", "coordinates": [ [ [ 73.7507656, 15.5648915 ], [ 73.7514321, 15.5652209 ], [ 73.7514227, 15.5652558 ], [ 73.751345, 15.5654096 ], [ 73.7512766, 15.5655788 ], [ 73.7512028, 15.5656576 ], [ 73.7511593, 15.5657655 ], [ 73.7515938, 15.566272 ], [ 73.7519532, 15.5667164 ], [ 73.7523931, 15.5664632 ], [ 73.7524306, 15.5665045 ], [ 73.7521463, 15.5667112 ], [ 73.7522804, 15.5668663 ], [ 73.7522268, 15.5669799 ], [ 73.7535357, 15.5680341 ], [ 73.7549734, 15.5688713 ], [ 73.7557512, 15.5690987 ], [ 73.755837, 15.569078 ], [ 73.755778, 15.5687576 ], [ 73.7558156, 15.5683184 ], [ 73.7560355, 15.5676311 ], [ 73.7562125, 15.5670135 ], [ 73.7562662, 15.5665536 ], [ 73.7566068, 15.5662565 ], [ 73.7569474, 15.5661247 ], [ 73.7572666, 15.5660679 ], [ 73.7575724, 15.5660679 ], [ 73.7577145, 15.5656622 ], [ 73.7571754, 15.56544 ], [ 73.7573645, 15.5641455 ], [ 73.7575147, 15.5640266 ], [ 73.7580324, 15.5639569 ], [ 73.7585742, 15.564068 ], [ 73.7586236, 15.5639422 ], [ 73.7581998, 15.5636735 ], [ 73.7579638, 15.5636528 ], [ 73.7575132, 15.5637872 ], [ 73.7574702, 15.5634461 ], [ 73.7574863, 15.5628931 ], [ 73.7584305, 15.5628363 ], [ 73.7587886, 15.5629177 ], [ 73.7589253, 15.5629991 ], [ 73.7589996, 15.563089 ], [ 73.759011, 15.5630707 ], [ 73.7591696, 15.5626856 ], [ 73.7582845, 15.562621 ], [ 73.7582711, 15.5621016 ], [ 73.758947, 15.5620138 ], [ 73.7589202, 15.5613575 ], [ 73.7588022, 15.5613032 ], [ 73.7587888, 15.5609725 ], [ 73.7584736, 15.5609492 ], [ 73.7582698, 15.5595746 ], [ 73.7594553, 15.5593317 ], [ 73.7597879, 15.559373 ], [ 73.7597611, 15.5588046 ], [ 73.7596914, 15.5577339 ], [ 73.7594695, 15.5576682 ], [ 73.759386, 15.5576646 ], [ 73.7589529, 15.5567223 ], [ 73.758889, 15.5567058 ], [ 73.7584364, 15.5567155 ], [ 73.7583528, 15.5565862 ], [ 73.7575263, 15.5568266 ], [ 73.7571629, 15.557348 ], [ 73.7570817, 15.5581488 ], [ 73.757246, 15.5582301 ], [ 73.7572068, 15.5583158 ], [ 73.757145, 15.5584401 ], [ 73.7570473, 15.5585039 ], [ 73.7569602, 15.5586484 ], [ 73.7568056, 15.5585815 ], [ 73.7566412, 15.5587608 ], [ 73.7566426, 15.5589054 ], [ 73.7566158, 15.5590273 ], [ 73.7567304, 15.5591202 ], [ 73.7567112, 15.5592091 ], [ 73.7562297, 15.5592757 ], [ 73.7562172, 15.5594096 ], [ 73.7562517, 15.5596288 ], [ 73.7560673, 15.5597164 ], [ 73.7559798, 15.5598956 ], [ 73.7561938, 15.5608408 ], [ 73.7561505, 15.5618116 ], [ 73.7560486, 15.5618806 ], [ 73.7560818, 15.5621137 ], [ 73.7561815, 15.562148 ], [ 73.7561672, 15.5637551 ], [ 73.756155, 15.5642091 ], [ 73.7560148, 15.564467 ], [ 73.7553347, 15.5644056 ], [ 73.7551944, 15.5644588 ], [ 73.7546462, 15.5644261 ], [ 73.7545442, 15.5653211 ], [ 73.7546783, 15.5657707 ], [ 73.7545335, 15.5658224 ], [ 73.7544798, 15.5654245 ], [ 73.7532943, 15.5652539 ], [ 73.7533157, 15.5651041 ], [ 73.7543189, 15.5652488 ], [ 73.7544423, 15.5637657 ], [ 73.7535411, 15.5639465 ], [ 73.7530851, 15.563993 ], [ 73.7530583, 15.5641429 ], [ 73.7524306, 15.5643393 ], [ 73.7521999, 15.563993 ], [ 73.752098, 15.5639724 ], [ 73.7520658, 15.5638948 ], [ 73.7521088, 15.5638225 ], [ 73.7520873, 15.5637605 ], [ 73.7517762, 15.5638742 ], [ 73.7516206, 15.5640395 ], [ 73.7513846, 15.5644891 ], [ 73.7507656, 15.5648915 ] ] ] } },
{ "type": "Feature", "properties": { "osm_id": "477448758", "code": 7229, "fclass": "farmland", "name": null }, "geometry": { "type": "Polygon", "coordinates": [ [ [ 73.911557, 15.3971451 ], [ 73.913515, 15.3960694 ], [ 73.9137564, 15.3962452 ], [ 73.9144001, 15.3961314 ], [ 73.9145664, 15.3963073 ], [ 73.9150921, 15.3958521 ], [ 73.9153872, 15.3960021 ], [ 73.9159934, 15.3954125 ], [ 73.9160202, 15.395004 ], [ 73.916385, 15.394285 ], [ 73.9162079, 15.3929559 ], [ 73.9169643, 15.3916732 ], [ 73.9166251, 15.3915036 ], [ 73.9159782, 15.3922483 ], [ 73.9147026, 15.3937691 ], [ 73.9132839, 15.3953108 ], [ 73.9121475, 15.3965431 ], [ 73.911557, 15.3971451 ] ] ] } },
{ "type": "Feature", "properties": { "osm_id": "527299229", "code": 7229, "fclass": "farmland", "name": null }, "geometry": { "type": "Polygon", "coordinates": [ [ [ 73.8119727, 15.6263742 ], [ 73.8127238, 15.6268495 ], [ 73.8131985, 15.6269683 ], [ 73.8135385, 15.6268543 ], [ 73.8136887, 15.6268182 ], [ 73.8138609, 15.6267412 ], [ 73.8140004, 15.6265914 ], [ 73.8140701, 15.6264726 ], [ 73.81415, 15.6264359 ], [ 73.8145475, 15.6265139 ], [ 73.8146543, 15.6266993 ], [ 73.8148528, 15.6268337 ], [ 73.8151103, 15.6269577 ], [ 73.8153356, 15.6267355 ], [ 73.8155555, 15.6266322 ], [ 73.8157111, 15.6265857 ], [ 73.8159525, 15.6265392 ], [ 73.81621, 15.6265495 ], [ 73.8164085, 15.6265754 ], [ 73.8167518, 15.6266632 ], [ 73.8175618, 15.627154 ], [ 73.8180178, 15.6276034 ], [ 73.8182222, 15.6278622 ], [ 73.8185923, 15.6280637 ], [ 73.8190538, 15.628141 ], [ 73.8190108, 15.6283012 ], [ 73.8194829, 15.6283993 ], [ 73.8201803, 15.6285285 ], [ 73.8205343, 15.6287816 ], [ 73.8211673, 15.6288591 ], [ 73.8213122, 15.6284716 ], [ 73.8216178, 15.6283634 ], [ 73.8219392, 15.6282182 ], [ 73.8222831, 15.6280842 ], [ 73.8226426, 15.6279447 ], [ 73.8230395, 15.6276657 ], [ 73.8234472, 15.6276192 ], [ 73.8235867, 15.6271284 ], [ 73.8237959, 15.6270096 ], [ 73.8240319, 15.6259557 ], [ 73.8238596, 15.6257901 ], [ 73.8235598, 15.6255581 ], [ 73.8234573, 15.6253975 ], [ 73.8225293, 15.625041 ], [ 73.8217407, 15.6248447 ], [ 73.8213229, 15.6248347 ], [ 73.8210493, 15.6243491 ], [ 73.8209474, 15.6238479 ], [ 73.8193917, 15.6240701 ], [ 73.8195741, 15.6242147 ], [ 73.8195902, 15.6244059 ], [ 73.8195312, 15.6247365 ], [ 73.8186461, 15.6248967 ], [ 73.8185119, 15.6240083 ], [ 73.8184128, 15.6239624 ], [ 73.8182431, 15.6238838 ], [ 73.8179105, 15.6238786 ], [ 73.8170361, 15.6240336 ], [ 73.8166391, 15.6242144 ], [ 73.8162583, 15.6244211 ], [ 73.8149176, 15.6247988 ], [ 73.8148855, 15.6248917 ], [ 73.8145207, 15.6248917 ], [ 73.8140862, 15.6248142 ], [ 73.813598, 15.6247471 ], [ 73.8134807, 15.6247392 ], [ 73.8135284, 15.6262037 ], [ 73.8121524, 15.6257078 ], [ 73.8119727, 15.6263742 ] ] ] } },
{ "type": "Feature", "properties": { "osm_id": "527761304", "code": 7229, "fclass": "farmland", "name": null }, "geometry": { "type": "Polygon", "coordinates": [ [ [ 73.8329639, 15.6048137 ], [ 73.833157, 15.6049687 ], [ 73.833157, 15.6050307 ], [ 73.833141, 15.6051599 ], [ 73.8331517, 15.6053304 ], [ 73.8333285, 15.6056827 ], [ 73.8331944, 15.6058791 ], [ 73.8336718, 15.6064732 ], [ 73.8341868, 15.6069486 ], [ 73.8344282, 15.6067626 ], [ 73.834632, 15.6067161 ], [ 73.8352168, 15.6066902 ], [ 73.8360912, 15.6067729 ], [ 73.8364506, 15.6067212 ], [ 73.8369711, 15.6066996 ], [ 73.8371374, 15.6067616 ], [ 73.8373681, 15.6068649 ], [ 73.8375559, 15.6069579 ], [ 73.8377329, 15.6069682 ], [ 73.8378616, 15.6069269 ], [ 73.8379636, 15.6068184 ], [ 73.8380977, 15.6067926 ], [ 73.8383981, 15.6067977 ], [ 73.838618, 15.6068081 ], [ 73.8389453, 15.6067822 ], [ 73.8393154, 15.6066996 ], [ 73.8393905, 15.6067047 ], [ 73.8395032, 15.6066944 ], [ 73.8396426, 15.6065342 ], [ 73.8397231, 15.6064826 ], [ 73.8398679, 15.6064154 ], [ 73.8399538, 15.6064051 ], [ 73.8400879, 15.6064412 ], [ 73.8402005, 15.6063947 ], [ 73.8402703, 15.6063224 ], [ 73.8403183, 15.6061423 ], [ 73.8404741, 15.6060072 ], [ 73.840608, 15.6058892 ], [ 73.8408979, 15.6058316 ], [ 73.8411017, 15.6056766 ], [ 73.8411927, 15.6053983 ], [ 73.8413807, 15.6054286 ], [ 73.8415899, 15.6051961 ], [ 73.8416436, 15.6050307 ], [ 73.8415953, 15.6047931 ], [ 73.8416969, 15.6047008 ], [ 73.8418957, 15.6047672 ], [ 73.8419601, 15.6047931 ], [ 73.8420942, 15.6048137 ], [ 73.8422551, 15.6047052 ], [ 73.8424214, 15.6046536 ], [ 73.8425019, 15.6045554 ], [ 73.8425448, 15.6044572 ], [ 73.8425767, 15.604148 ], [ 73.8426843, 15.6040904 ], [ 73.8427969, 15.6040542 ], [ 73.8429254, 15.6039723 ], [ 73.8430222, 15.6039354 ], [ 73.8431292, 15.6039155 ], [ 73.8434943, 15.6037391 ], [ 73.8436928, 15.6035169 ], [ 73.8443255, 15.6028873 ], [ 73.8444921, 15.6028659 ], [ 73.8446101, 15.60284 ], [ 73.8447174, 15.6028762 ], [ 73.8448354, 15.6028245 ], [ 73.8449212, 15.6027625 ], [ 73.8450553, 15.6026902 ], [ 73.845227, 15.602623 ], [ 73.8452645, 15.6025817 ], [ 73.8452914, 15.6025094 ], [ 73.8452538, 15.602406 ], [ 73.8451033, 15.6022311 ], [ 73.8449531, 15.602164 ], [ 73.8449051, 15.602127 ], [ 73.8447656, 15.6020599 ], [ 73.8446101, 15.6020185 ], [ 73.8445135, 15.6020082 ], [ 73.8443362, 15.6020038 ], [ 73.8442128, 15.602009 ], [ 73.8440895, 15.6020193 ], [ 73.8439503, 15.6020702 ], [ 73.8438483, 15.6021219 ], [ 73.8437783, 15.602257 ], [ 73.8437193, 15.6023345 ], [ 73.8436228, 15.602412 ], [ 73.8435262, 15.6024533 ], [ 73.8434245, 15.6024784 ], [ 73.8433545, 15.6024895 ], [ 73.8432797, 15.602561 ], [ 73.8431402, 15.6026179 ], [ 73.8429898, 15.6027478 ], [ 73.8427647, 15.6028555 ], [ 73.8425123, 15.6029183 ], [ 73.8423892, 15.602933 ], [ 73.8422551, 15.6030054 ], [ 73.8421049, 15.6030674 ], [ 73.8419976, 15.6030519 ], [ 73.8417935, 15.6030268 ], [ 73.8417184, 15.6030527 ], [ 73.8415577, 15.6031449 ], [ 73.8414609, 15.6032903 ], [ 73.8412836, 15.6033286 ], [ 73.8411498, 15.6033575 ], [ 73.8410052, 15.6033516 ], [ 73.8408279, 15.6033213 ], [ 73.8406833, 15.603243 ], [ 73.8405758, 15.6031405 ], [ 73.8404041, 15.6031457 ], [ 73.8402327, 15.6030312 ], [ 73.840104, 15.6028607 ], [ 73.8399538, 15.6028297 ], [ 73.8396426, 15.60284 ], [ 73.8395514, 15.6028142 ], [ 73.83946, 15.60266 ], [ 73.8392242, 15.6025197 ], [ 73.8390684, 15.6025153 ], [ 73.838795, 15.6027057 ], [ 73.8385912, 15.6029589 ], [ 73.8383713, 15.6031345 ], [ 73.8381671, 15.6033317 ], [ 73.8380387, 15.6033981 ], [ 73.8378936, 15.6034505 ], [ 73.8378185, 15.6035745 ], [ 73.8376739, 15.6035686 ], [ 73.8375237, 15.6035221 ], [ 73.8373678, 15.6033678 ], [ 73.8369494, 15.6032077 ], [ 73.8367456, 15.6033058 ], [ 73.8364344, 15.6034763 ], [ 73.8362467, 15.603497 ], [ 73.8359197, 15.6032999 ], [ 73.8358605, 15.6034947 ], [ 73.8353991, 15.6031898 ], [ 73.835257, 15.6031252 ], [ 73.8352409, 15.6032131 ], [ 73.8352704, 15.603226 ], [ 73.835206, 15.6033965 ], [ 73.8351014, 15.6035644 ], [ 73.8350424, 15.6036109 ], [ 73.8349512, 15.6036497 ], [ 73.8348922, 15.6038098 ], [ 73.8348654, 15.6040242 ], [ 73.8348117, 15.6041069 ], [ 73.8347179, 15.6041844 ], [ 73.8346696, 15.6042748 ], [ 73.8346213, 15.6043058 ], [ 73.834565, 15.6043084 ], [ 73.8343558, 15.6042387 ], [ 73.8340259, 15.6041896 ], [ 73.8339534, 15.6041637 ], [ 73.8338596, 15.6040656 ], [ 73.8338166, 15.6040294 ], [ 73.8337496, 15.6040346 ], [ 73.8335484, 15.6040242 ], [ 73.8333707, 15.6040525 ], [ 73.8333609, 15.6041937 ], [ 73.8332751, 15.6042402 ], [ 73.8332161, 15.6041937 ], [ 73.8331356, 15.6042144 ], [ 73.8330605, 15.6042919 ], [ 73.833039, 15.6043952 ], [ 73.8330337, 15.6044882 ], [ 73.8330283, 15.6046484 ], [ 73.8329639, 15.6048137 ] ] ] } },
{ "type": "Feature", "properties": { "osm_id": "765737210", "code": 7229, "fclass": "farmland", "name": null }, "geometry": { "type": "Polygon", "coordinates": [ [ [ 73.772732, 15.5135612 ], [ 73.7727803, 15.5137369 ], [ 73.7728393, 15.5150757 ], [ 73.7752479, 15.5153083 ], [ 73.7753069, 15.5145795 ], [ 73.7749368, 15.5139799 ], [ 73.774631, 15.5138816 ], [ 73.772732, 15.5135612 ] ] ] } },
{ "type": "Feature", "properties": { "osm_id": "765737211", "code": 7229, "fclass": "farmland", "name": null }, "geometry": { "type": "Polygon", "coordinates": [ [ [ 73.7718683, 15.5170812 ], [ 73.7729734, 15.5171742 ], [ 73.7731987, 15.5164454 ], [ 73.7734616, 15.5161043 ], [ 73.7739122, 15.5153186 ], [ 73.7739202, 15.5152165 ], [ 73.7734455, 15.515179 ], [ 73.7727915, 15.5152544 ], [ 73.7724369, 15.516083 ], [ 73.7720025, 15.5164558 ], [ 73.7718683, 15.5170812 ] ] ] } },
{ "type": "Feature", "properties": { "osm_id": "799360658", "code": 7229, "fclass": "farmland", "name": null }, "geometry": { "type": "Polygon", "coordinates": [ [ [ 73.7612021, 15.6310166 ], [ 73.7612721, 15.6310983 ], [ 73.7616374, 15.6311187 ], [ 73.7616581, 15.6312713 ], [ 73.7618774, 15.6312748 ], [ 73.7621032, 15.6312887 ], [ 73.7621852, 15.6312879 ], [ 73.7622053, 15.6311706 ], [ 73.7622385, 15.6309897 ], [ 73.7623761, 15.6308602 ], [ 73.7623374, 15.6308453 ], [ 73.7623361, 15.6308138 ], [ 73.7623334, 15.6307878 ], [ 73.7623625, 15.6307709 ], [ 73.7623685, 15.6307538 ], [ 73.7623452, 15.6307248 ], [ 73.7623027, 15.6307312 ], [ 73.7620679, 15.6307343 ], [ 73.7618752, 15.6307227 ], [ 73.7612241, 15.6306027 ], [ 73.7612198, 15.630701 ], [ 73.7612134, 15.630836 ], [ 73.7612021, 15.6310166 ] ] ] } },
{ "type": "Feature", "properties": { "osm_id": "799360659", "code": 7229, "fclass": "farmland", "name": null }, "geometry": { "type": "Polygon", "coordinates": [ [ [ 73.7692394, 15.6248294 ], [ 73.7692669, 15.6248748 ], [ 73.7693422, 15.6249987 ], [ 73.769446, 15.6251279 ], [ 73.7694977, 15.6251923 ], [ 73.7695006, 15.6255024 ], [ 73.7704889, 15.6255757 ], [ 73.7704468, 15.6257801 ], [ 73.7703046, 15.6262089 ], [ 73.7707847, 15.6262709 ], [ 73.7708625, 15.6258912 ], [ 73.7712193, 15.6259583 ], [ 73.7713384, 15.6254474 ], [ 73.7713246, 15.6253493 ], [ 73.7713159, 15.6252878 ], [ 73.7716902, 15.62508 ], [ 73.7715235, 15.6244551 ], [ 73.7711881, 15.624535 ], [ 73.7709555, 15.6245544 ], [ 73.7703074, 15.6244901 ], [ 73.769886, 15.6244989 ], [ 73.76964, 15.6245644 ], [ 73.7694076, 15.6246646 ], [ 73.7692394, 15.6248294 ] ] ] } },
{ "type": "Feature", "properties": { "osm_id": "799396902", "code": 7229, "fclass": "farmland", "name": null }, "geometry": { "type": "Polygon", "coordinates": [ [ [ 73.7710744, 15.6310211 ], [ 73.7714016, 15.6311167 ], [ 73.7716565, 15.6310857 ], [ 73.7716296, 15.6318476 ], [ 73.7719461, 15.6318528 ], [ 73.7724102, 15.6317857 ], [ 73.7724412, 15.6316538 ], [ 73.772555, 15.6314989 ], [ 73.7725496, 15.6311218 ], [ 73.7729654, 15.631034 ], [ 73.7731692, 15.6310262 ], [ 73.773306, 15.6311916 ], [ 73.7734213, 15.631158 ], [ 73.7735823, 15.6306414 ], [ 73.7741375, 15.6306905 ], [ 73.7743467, 15.6300034 ], [ 73.7749153, 15.6300912 ], [ 73.7753364, 15.630241 ], [ 73.7760982, 15.6304167 ], [ 73.7762994, 15.6304192 ], [ 73.7764549, 15.6300473 ], [ 73.7765461, 15.6298691 ], [ 73.7767473, 15.6294274 ], [ 73.7756529, 15.6290451 ], [ 73.7750307, 15.6288513 ], [ 73.7747061, 15.6288384 ], [ 73.7745211, 15.6289598 ], [ 73.7743387, 15.6289288 ], [ 73.7741375, 15.6288178 ], [ 73.7735925, 15.628388 ], [ 73.773078, 15.6281591 ], [ 73.7726948, 15.6279205 ], [ 73.7723592, 15.6276451 ], [ 73.7720239, 15.6275056 ], [ 73.7716967, 15.6272989 ], [ 73.7714365, 15.6270742 ], [ 73.7713319, 15.6271284 ], [ 73.771238, 15.6274462 ], [ 73.7711495, 15.6276528 ], [ 73.7714016, 15.6277587 ], [ 73.7713212, 15.6281513 ], [ 73.7711629, 15.6291251 ], [ 73.7714419, 15.6291587 ], [ 73.7712166, 15.6301506 ], [ 73.7711583, 15.6305076 ], [ 73.7710744, 15.6310211 ] ] ] } },
{ "type": "Feature", "properties": { "osm_id": "885054539", "code": 7229, "fclass": "farmland", "name": null }, "geometry": { "type": "Polygon", "coordinates": [ [ [ 73.7760709, 15.64017 ], [ 73.7762419, 15.6407707 ], [ 73.7762117, 15.6408552 ], [ 73.7762636, 15.6410337 ], [ 73.7764415, 15.6410337 ], [ 73.7765972, 15.6411336 ], [ 73.7766901, 15.6414175 ], [ 73.7769398, 15.6413588 ], [ 73.7775364, 15.6412205 ], [ 73.7775386, 15.6408552 ], [ 73.7776979, 15.6406161 ], [ 73.7782456, 15.6400098 ], [ 73.7784395, 15.6395223 ], [ 73.778494, 15.6393341 ], [ 73.7784193, 15.6391977 ], [ 73.7779214, 15.6387034 ], [ 73.7778446, 15.6386014 ], [ 73.7773244, 15.6387982 ], [ 73.777201, 15.6389428 ], [ 73.7773441, 15.6391348 ], [ 73.7773856, 15.6393905 ], [ 73.7772494, 15.6396894 ], [ 73.7772153, 15.6397706 ], [ 73.7771118, 15.6398895 ], [ 73.777117, 15.6401472 ], [ 73.7771633, 15.6403461 ], [ 73.7771286, 15.6404793 ], [ 73.7769975, 15.6404769 ], [ 73.7768344, 15.6402628 ], [ 73.7768788, 15.6399772 ], [ 73.7770345, 15.639606 ], [ 73.7771457, 15.6393419 ], [ 73.7771235, 15.6391706 ], [ 73.7768492, 15.6390064 ], [ 73.7766565, 15.6391635 ], [ 73.7765601, 15.6393134 ], [ 73.7764341, 15.6393848 ], [ 73.7762636, 15.6395632 ], [ 73.7761376, 15.6396774 ], [ 73.7760857, 15.639863 ], [ 73.7760709, 15.64017 ] ] ] } },
{ "type": "Feature", "properties": { "osm_id": "885054540", "code": 7229, "fclass": "farmland", "name": null }, "geometry": { "type": "Polygon", "coordinates": [ [ [ 73.7742168, 15.6235789 ], [ 73.7742288, 15.623662 ], [ 73.7742498, 15.6243333 ], [ 73.7747885, 15.6242779 ], [ 73.7748774, 15.6242706 ], [ 73.775482, 15.6242866 ], [ 73.7756366, 15.6243271 ], [ 73.7756181, 15.624455 ], [ 73.7763993, 15.6247149 ], [ 73.7764254, 15.624566 ], [ 73.7765864, 15.6245738 ], [ 73.776646, 15.6240686 ], [ 73.7763901, 15.6238916 ], [ 73.7763944, 15.6237572 ], [ 73.7762342, 15.6235713 ], [ 73.7758551, 15.623551 ], [ 73.7758199, 15.623498 ], [ 73.77564, 15.6235224 ], [ 73.7749485, 15.6236216 ], [ 73.7745238, 15.6236077 ], [ 73.7742168, 15.6235789 ] ] ] } },
{ "type": "Feature", "properties": { "osm_id": "885054541", "code": 7229, "fclass": "farmland", "name": null }, "geometry": { "type": "Polygon", "coordinates": [ [ [ 73.7704102, 15.616765 ], [ 73.7704311, 15.6168656 ], [ 73.7704874, 15.6173325 ], [ 73.770538, 15.6173675 ], [ 73.7705579, 15.6176839 ], [ 73.7709693, 15.6176373 ], [ 73.7710752, 15.6175946 ], [ 73.7711366, 15.6175123 ], [ 73.7712625, 15.6173947 ], [ 73.7715845, 15.6174096 ], [ 73.7716681, 15.617616 ], [ 73.7719153, 15.6178046 ], [ 73.772711, 15.6180671 ], [ 73.7728661, 15.6180824 ], [ 73.7735233, 15.6183949 ], [ 73.7739097, 15.6187754 ], [ 73.7740222, 15.6191311 ], [ 73.7740563, 15.6195139 ], [ 73.7750924, 15.6193998 ], [ 73.7758702, 15.6200817 ], [ 73.7766695, 15.6210349 ], [ 73.7767393, 15.6210797 ], [ 73.7767854, 15.6210775 ], [ 73.7767868, 15.62104 ], [ 73.776707, 15.62065 ], [ 73.7768412, 15.6202471 ], [ 73.7768358, 15.6199887 ], [ 73.7767124, 15.6198906 ], [ 73.7763584, 15.6196426 ], [ 73.7762037, 15.6190592 ], [ 73.7759775, 15.6190975 ], [ 73.7755081, 15.6192009 ], [ 73.7749583, 15.6184673 ], [ 73.7751859, 15.61838 ], [ 73.7751406, 15.618196 ], [ 73.7746176, 15.6183381 ], [ 73.7745318, 15.6179997 ], [ 73.7739497, 15.6179325 ], [ 73.773931, 15.6181056 ], [ 73.7733757, 15.6179325 ], [ 73.7733784, 15.6176303 ], [ 73.7729788, 15.6176148 ], [ 73.7729439, 15.6175399 ], [ 73.7727454, 15.6175993 ], [ 73.772606, 15.6175954 ], [ 73.7724705, 15.6175812 ], [ 73.7710184, 15.6167717 ], [ 73.7705679, 15.6167237 ], [ 73.7704102, 15.616765 ] ] ] } },
{ "type": "Feature", "properties": { "osm_id": "887482133", "code": 7229, "fclass": "farmland", "name": null }, "geometry": { "type": "Polygon", "coordinates": [ [ [ 73.755103, 15.6297121 ], [ 73.7557535, 15.6297489 ], [ 73.7558139, 15.6292694 ], [ 73.7551705, 15.629241 ], [ 73.755103, 15.6297121 ] ] ] } },
{ "type": "Feature", "properties": { "osm_id": "887482134", "code": 7229, "fclass": "farmland", "name": null }, "geometry": { "type": "Polygon", "coordinates": [ [ [ 73.7548321, 15.6288739 ], [ 73.7548781, 15.6290593 ], [ 73.7557337, 15.6291181 ], [ 73.7556883, 15.6288227 ], [ 73.7556109, 15.628532 ], [ 73.7549032, 15.6284862 ], [ 73.7548321, 15.6288739 ] ] ] } },
{ "type": "Feature", "properties": { "osm_id": "887482135", "code": 7229, "fclass": "farmland", "name": null }, "geometry": { "type": "Polygon", "coordinates": [ [ [ 73.7544715, 15.6276916 ], [ 73.7547827, 15.6277303 ], [ 73.7548082, 15.6280155 ], [ 73.7548893, 15.6284411 ], [ 73.7554167, 15.6284477 ], [ 73.7552895, 15.6278804 ], [ 73.7552475, 15.6275598 ], [ 73.7545869, 15.6272731 ], [ 73.7544715, 15.6276916 ] ] ] } },
{ "type": "Feature", "properties": { "osm_id": "887482136", "code": 7229, "fclass": "farmland", "name": null }, "geometry": { "type": "Polygon", "coordinates": [ [ [ 73.7536638, 15.6273207 ], [ 73.7536733, 15.6276127 ], [ 73.7539102, 15.6275626 ], [ 73.7541273, 15.6276045 ], [ 73.7541643, 15.6274822 ], [ 73.754134, 15.6273129 ], [ 73.754217, 15.6270588 ], [ 73.7538225, 15.626835 ], [ 73.7536638, 15.6273207 ] ] ] } },
{ "type": "Feature", "properties": { "osm_id": "887482141", "code": 7229, "fclass": "farmland", "name": null }, "geometry": { "type": "Polygon", "coordinates": [ [ [ 73.7490992, 15.6228487 ], [ 73.7496114, 15.6236929 ], [ 73.7498018, 15.6239409 ], [ 73.7501156, 15.6239513 ], [ 73.7501934, 15.623928 ], [ 73.7502229, 15.6238247 ], [ 73.7502806, 15.623597 ], [ 73.7503326, 15.6232798 ], [ 73.7504248, 15.6229812 ], [ 73.7504767, 15.6227014 ], [ 73.750443, 15.6226372 ], [ 73.7495663, 15.6223509 ], [ 73.749478, 15.622338 ], [ 73.7493601, 15.6224968 ], [ 73.7490992, 15.6228487 ] ] ] } },
{ "type": "Feature", "properties": { "osm_id": "887482145", "code": 7229, "fclass": "farmland", "name": null }, "geometry": { "type": "Polygon", "coordinates": [ [ [ 73.7633201, 15.6306104 ], [ 73.7633675, 15.6306706 ], [ 73.7634097, 15.630685 ], [ 73.7637114, 15.6306836 ], [ 73.7640134, 15.6306759 ], [ 73.764047, 15.6299827 ], [ 73.7634167, 15.6299414 ], [ 73.7633899, 15.6301945 ], [ 73.7633716, 15.6302521 ], [ 73.7633204, 15.6305399 ], [ 73.7633201, 15.6306104 ] ] ] } },
{ "type": "Feature", "properties": { "osm_id": "887508688", "code": 7229, "fclass": "farmland", "name": null }, "geometry": { "type": "Polygon", "coordinates": [ [ [ 73.7678404, 15.6171792 ], [ 73.7680461, 15.6173901 ], [ 73.7683191, 15.6181186 ], [ 73.7684359, 15.6179114 ], [ 73.7682458, 15.6173625 ], [ 73.7686058, 15.6169066 ], [ 73.7686401, 15.6169103 ], [ 73.7689774, 15.6168412 ], [ 73.7690747, 15.6169917 ], [ 73.7694165, 15.6169619 ], [ 73.7695631, 15.6172205 ], [ 73.7695616, 15.6174262 ], [ 73.7701356, 15.6174934 ], [ 73.7703717, 15.6173642 ], [ 73.7702713, 15.6171334 ], [ 73.7701771, 15.6170064 ], [ 73.7701884, 15.6168395 ], [ 73.7701282, 15.6166327 ], [ 73.7701432, 15.6165093 ], [ 73.7699888, 15.6165674 ], [ 73.7697966, 15.6166327 ], [ 73.7696799, 15.6165275 ], [ 73.7696633, 15.6164343 ], [ 73.7697851, 15.6163307 ], [ 73.7697086, 15.6162797 ], [ 73.7695565, 15.6163657 ], [ 73.7694375, 15.6163769 ], [ 73.769283, 15.616192 ], [ 73.7691261, 15.6160554 ], [ 73.7689207, 15.6161955 ], [ 73.7685972, 15.6163441 ], [ 73.7685534, 15.6163642 ], [ 73.7681604, 15.6166446 ], [ 73.7678487, 15.6170371 ], [ 73.7678404, 15.6171792 ] ] ] } },
{ "type": "Feature", "properties": { "osm_id": "887508704", "code": 7229, "fclass": "farmland", "name": null }, "geometry": { "type": "Polygon", "coordinates": [ [ [ 73.7727438, 15.6146464 ], [ 73.7728044, 15.6160261 ], [ 73.7728876, 15.6161398 ], [ 73.7733114, 15.6161269 ], [ 73.7736601, 15.6159357 ], [ 73.7737378, 15.6154708 ], [ 73.7738666, 15.6153054 ], [ 73.7740439, 15.614534 ], [ 73.7744847, 15.6126168 ], [ 73.7745034, 15.6125353 ], [ 73.7744674, 15.6121612 ], [ 73.7744345, 15.6122301 ], [ 73.7741375, 15.6122288 ], [ 73.7739256, 15.6122366 ], [ 73.773703, 15.6123089 ], [ 73.7737191, 15.6125491 ], [ 73.7736842, 15.613554 ], [ 73.7734342, 15.6139287 ], [ 73.7733096, 15.6140976 ], [ 73.773137, 15.61436 ], [ 73.7727438, 15.6146464 ] ] ] } },
{ "type": "Feature", "properties": { "osm_id": "889014863", "code": 7229, "fclass": "farmland", "name": null }, "geometry": { "type": "Polygon", "coordinates": [ [ [ 73.7797436, 15.6365813 ], [ 73.7799307, 15.6369761 ], [ 73.7799249, 15.6371904 ], [ 73.7799258, 15.6374144 ], [ 73.779921, 15.6375101 ], [ 73.7798846, 15.6377331 ], [ 73.7798859, 15.6379346 ], [ 73.7798894, 15.638011 ], [ 73.7799705, 15.6381683 ], [ 73.7801484, 15.6382381 ], [ 73.7802533, 15.6382526 ], [ 73.7804105, 15.6382528 ], [ 73.7805654, 15.6382509 ], [ 73.7806708, 15.6382438 ], [ 73.7808399, 15.6382351 ], [ 73.7810353, 15.6382529 ], [ 73.7811963, 15.6382869 ], [ 73.7814218, 15.6383238 ], [ 73.7817511, 15.6383763 ], [ 73.7819616, 15.6383804 ], [ 73.7820466, 15.6383532 ], [ 73.7821182, 15.6382143 ], [ 73.7820627, 15.6380809 ], [ 73.7819388, 15.6379568 ], [ 73.7811486, 15.6376494 ], [ 73.7810719, 15.6375734 ], [ 73.780991, 15.6371369 ], [ 73.7810749, 15.6368798 ], [ 73.7810462, 15.6368082 ], [ 73.7809713, 15.6367693 ], [ 73.7808011, 15.6368039 ], [ 73.7806755, 15.6368518 ], [ 73.7805142, 15.6368394 ], [ 73.7803724, 15.6368169 ], [ 73.7801697, 15.6367524 ], [ 73.7800961, 15.6366557 ], [ 73.7798294, 15.6365182 ], [ 73.7797436, 15.6365813 ] ] ] } },
{ "type": "Feature", "properties": { "osm_id": "907094335", "code": 7229, "fclass": "farmland", "name": null }, "geometry": { "type": "Polygon", "coordinates": [ [ [ 73.7731904, 15.5086981 ], [ 73.7732653, 15.5087875 ], [ 73.7732854, 15.5087758 ], [ 73.7740253, 15.5083459 ], [ 73.7739163, 15.5081883 ], [ 73.7738781, 15.5081638 ], [ 73.7738327, 15.5081813 ], [ 73.7737981, 15.5081428 ], [ 73.7736794, 15.5082286 ], [ 73.773646, 15.5082467 ], [ 73.7735604, 15.5082728 ], [ 73.7735124, 15.508301 ], [ 73.7732344, 15.5084354 ], [ 73.7732216, 15.5084878 ], [ 73.7731976, 15.508608 ], [ 73.7731904, 15.5086981 ] ] ] } },
{ "type": "Feature", "properties": { "osm_id": "907095884", "code": 7229, "fclass": "farmland", "name": null }, "geometry": { "type": "Polygon", "coordinates": [ [ [ 73.7732854, 15.5087758 ], [ 73.7734229, 15.5088693 ], [ 73.7734573, 15.5089167 ], [ 73.7737771, 15.5087466 ], [ 73.7741798, 15.5085324 ], [ 73.7740253, 15.5083459 ], [ 73.7732854, 15.5087758 ] ] ] } },
{ "type": "Feature", "properties": { "osm_id": "907095979", "code": 7229, "fclass": "farmland", "name": null }, "geometry": { "type": "Polygon", "coordinates": [ [ [ 73.7734573, 15.5089167 ], [ 73.7736675, 15.5092067 ], [ 73.7739372, 15.5092707 ], [ 73.7740705, 15.5091605 ], [ 73.7740543, 15.5091376 ], [ 73.7737771, 15.5087466 ], [ 73.7734573, 15.5089167 ] ] ] } },
{ "type": "Feature", "properties": { "osm_id": "907096062", "code": 7229, "fclass": "farmland", "name": null }, "geometry": { "type": "Polygon", "coordinates": [ [ [ 73.7737771, 15.5087466 ], [ 73.7740543, 15.5091376 ], [ 73.7744036, 15.5087801 ], [ 73.7742369, 15.5085956 ], [ 73.7741798, 15.5085324 ], [ 73.7737771, 15.5087466 ] ] ] } },
{ "type": "Feature", "properties": { "osm_id": "907110186", "code": 7229, "fclass": "farmland", "name": null }, "geometry": { "type": "Polygon", "coordinates": [ [ [ 73.7724265, 15.5126766 ], [ 73.7724313, 15.5128614 ], [ 73.773381, 15.512843 ], [ 73.7738031, 15.5127043 ], [ 73.7737935, 15.5125888 ], [ 73.7724265, 15.5126766 ] ] ] } },
{ "type": "Feature", "properties": { "osm_id": "907110595", "code": 7229, "fclass": "farmland", "name": null }, "geometry": { "type": "Polygon", "coordinates": [ [ [ 73.7721997, 15.5122421 ], [ 73.7723295, 15.5123122 ], [ 73.7723295, 15.5124525 ], [ 73.7723548, 15.5125988 ], [ 73.7724265, 15.5126766 ], [ 73.7737935, 15.5125888 ], [ 73.7737757, 15.5125348 ], [ 73.7733263, 15.5123 ], [ 73.773256, 15.5121614 ], [ 73.7731934, 15.5120378 ], [ 73.7722092, 15.5121323 ], [ 73.7721997, 15.5122421 ] ] ] } },
{ "type": "Feature", "properties": { "osm_id": "907110744", "code": 7229, "fclass": "farmland", "name": null }, "geometry": { "type": "Polygon", "coordinates": [ [ [ 73.7721823, 15.5119266 ], [ 73.7722015, 15.5120999 ], [ 73.7722092, 15.5121323 ], [ 73.7731934, 15.5120378 ], [ 73.7730552, 15.5118942 ], [ 73.7721823, 15.5119266 ] ] ] } },
{ "type": "Feature", "properties": { "osm_id": "907110881", "code": 7229, "fclass": "farmland", "name": null }, "geometry": { "type": "Polygon", "coordinates": [ [ [ 73.7721655, 15.5117325 ], [ 73.7722063, 15.5117695 ], [ 73.7722207, 15.5118526 ], [ 73.7730433, 15.5118457 ], [ 73.7728754, 15.51164 ], [ 73.7722015, 15.5116331 ], [ 73.7721655, 15.5117325 ] ] ] } },
{ "type": "Feature", "properties": { "osm_id": "907111070", "code": 7229, "fclass": "farmland", "name": null }, "geometry": { "type": "Polygon", "coordinates": [ [ [ 73.7730821, 15.5115436 ], [ 73.7731056, 15.5115826 ], [ 73.7732421, 15.5118098 ], [ 73.7732566, 15.5119218 ], [ 73.7734856, 15.512174 ], [ 73.7736019, 15.5121425 ], [ 73.7737001, 15.5121705 ], [ 73.7738491, 15.51209 ], [ 73.7736022, 15.5117455 ], [ 73.7735464, 15.5116677 ], [ 73.7733947, 15.511456 ], [ 73.7730821, 15.5115436 ] ] ] } },
{ "type": "Feature", "properties": { "osm_id": "978848525", "code": 7229, "fclass": "farmland", "name": null }, "geometry": { "type": "Polygon", "coordinates": [ [ [ 73.925634, 15.484556 ], [ 73.9258379, 15.4846077 ], [ 73.926031, 15.4849386 ], [ 73.9259505, 15.4855848 ], [ 73.9258218, 15.4861069 ], [ 73.9261061, 15.4861948 ], [ 73.9262617, 15.4863757 ], [ 73.926487, 15.4863757 ], [ 73.927474, 15.4861483 ], [ 73.9286327, 15.4860138 ], [ 73.9302045, 15.4860138 ], [ 73.9317656, 15.4827518 ], [ 73.9319748, 15.4825915 ], [ 73.9324683, 15.4825398 ], [ 73.9325756, 15.4819866 ], [ 73.932479, 15.481966 ], [ 73.932479, 15.4818936 ], [ 73.9320499, 15.4817437 ], [ 73.9320499, 15.4816713 ], [ 73.9321089, 15.4816351 ], [ 73.9324844, 15.4816868 ], [ 73.9326453, 15.4816713 ], [ 73.9326453, 15.4797533 ], [ 73.9324737, 15.4796913 ], [ 73.9323181, 15.4793294 ], [ 73.9320565, 15.4793017 ], [ 73.9320069, 15.4793914 ], [ 73.9320874, 15.4796654 ], [ 73.9320767, 15.4806683 ], [ 73.9319372, 15.4807356 ], [ 73.9315671, 15.4806632 ], [ 73.9310574, 15.4805184 ], [ 73.9307249, 15.4806115 ], [ 73.930705, 15.4805348 ], [ 73.9306873, 15.4804667 ], [ 73.9308268, 15.4800066 ], [ 73.9309448, 15.4796034 ], [ 73.9307517, 15.4788796 ], [ 73.9306122, 15.4789054 ], [ 73.9306548, 15.4780625 ], [ 73.927533, 15.4775923 ], [ 73.9260417, 15.4823847 ], [ 73.925634, 15.484556 ] ] ] } },
{ "type": "Feature", "properties": { "osm_id": "978893687", "code": 7229, "fclass": "farmland", "name": null }, "geometry": { "type": "Polygon", "coordinates": [ [ [ 73.8278514, 15.4791071 ], [ 73.827948, 15.4798567 ], [ 73.8284683, 15.4798929 ], [ 73.8284898, 15.48011 ], [ 73.8281035, 15.4801204 ], [ 73.8281786, 15.4815937 ], [ 73.8285702, 15.4816765 ], [ 73.8287851, 15.4817906 ], [ 73.8290745, 15.4817333 ], [ 73.8293964, 15.4819246 ], [ 73.8295627, 15.4821262 ], [ 73.8300723, 15.4820642 ], [ 73.8305175, 15.482059 ], [ 73.8311291, 15.4818264 ], [ 73.8314831, 15.4819505 ], [ 73.8319176, 15.4825346 ], [ 73.8317943, 15.4828965 ], [ 73.8315958, 15.483186 ], [ 73.8311988, 15.4835014 ], [ 73.8310862, 15.4838116 ], [ 73.8311881, 15.4839511 ], [ 73.8317943, 15.4840597 ], [ 73.8326633, 15.4816248 ], [ 73.8325506, 15.4815214 ], [ 73.8324863, 15.4813301 ], [ 73.832159, 15.4813249 ], [ 73.8320142, 15.481144 ], [ 73.8318747, 15.4809579 ], [ 73.8317406, 15.480901 ], [ 73.8317513, 15.4807821 ], [ 73.8319498, 15.4805805 ], [ 73.8320571, 15.4804357 ], [ 73.8321, 15.4803737 ], [ 73.832379, 15.4803633 ], [ 73.8327599, 15.4802909 ], [ 73.8330066, 15.4802961 ], [ 73.8331354, 15.480079 ], [ 73.8335086, 15.4780509 ], [ 73.8318613, 15.4783445 ], [ 73.8282148, 15.4781502 ], [ 73.8281518, 15.4787245 ], [ 73.8282967, 15.4788072 ], [ 73.8282967, 15.4789106 ], [ 73.8284361, 15.4789261 ], [ 73.8284254, 15.4791588 ], [ 73.8278514, 15.4791071 ] ] ] } },
{ "type": "Feature", "properties": { "osm_id": "978901689", "code": 7229, "fclass": "farmland", "name": null }, "geometry": { "type": "Polygon", "coordinates": [ [ [ 73.9208712, 15.4365297 ], [ 73.9214659, 15.4377908 ], [ 73.9219594, 15.4390886 ], [ 73.9222888, 15.4403151 ], [ 73.9227533, 15.4401538 ], [ 73.9229572, 15.4398436 ], [ 73.9236975, 15.4398126 ], [ 73.9242768, 15.4396264 ], [ 73.9243412, 15.4381889 ], [ 73.9240193, 15.4376305 ], [ 73.9231181, 15.4370513 ], [ 73.9229894, 15.4363377 ], [ 73.9227104, 15.4363584 ], [ 73.9208712, 15.4365297 ] ] ] } },
{ "type": "Feature", "properties": { "osm_id": "978901691", "code": 7229, "fclass": "farmland", "name": null }, "geometry": { "type": "Polygon", "coordinates": [ [ [ 73.9158439, 15.4247236 ], [ 73.9159083, 15.4260888 ], [ 73.9160585, 15.4267714 ], [ 73.9163589, 15.4272264 ], [ 73.9170456, 15.4273092 ], [ 73.9182257, 15.4280124 ], [ 73.9187407, 15.4284675 ], [ 73.9191055, 15.4297499 ], [ 73.9188266, 15.4303704 ], [ 73.9171529, 15.4312185 ], [ 73.917112, 15.4312216 ], [ 73.9176357, 15.4319372 ], [ 73.91976, 15.4347606 ], [ 73.920036, 15.4351508 ], [ 73.9201462, 15.435014 ], [ 73.9202535, 15.4348899 ], [ 73.9216268, 15.4345796 ], [ 73.9220023, 15.4345279 ], [ 73.9223885, 15.4344555 ], [ 73.922925, 15.4341763 ], [ 73.9231825, 15.4339384 ], [ 73.9235043, 15.433773 ], [ 73.9238584, 15.4337523 ], [ 73.9241266, 15.4334834 ], [ 73.9241266, 15.4331421 ], [ 73.923912, 15.432625 ], [ 73.9238155, 15.4323044 ], [ 73.9237404, 15.4319631 ], [ 73.9234078, 15.4318493 ], [ 73.922689, 15.4318597 ], [ 73.9224207, 15.4316528 ], [ 73.922528, 15.4313219 ], [ 73.9225709, 15.4309703 ], [ 73.9225387, 15.4299568 ], [ 73.9227319, 15.4293155 ], [ 73.9227104, 15.4281572 ], [ 73.9226031, 15.4274953 ], [ 73.9220023, 15.4271644 ], [ 73.9215946, 15.4266266 ], [ 73.9211225, 15.4261301 ], [ 73.9205861, 15.4257164 ], [ 73.9203071, 15.4250959 ], [ 73.9202213, 15.4244133 ], [ 73.9199638, 15.4239169 ], [ 73.9192986, 15.4225103 ], [ 73.9170456, 15.4215381 ], [ 73.9168954, 15.422924 ], [ 73.9160156, 15.4240617 ], [ 73.9158439, 15.4247236 ] ] ] } },
{ "type": "Feature", "properties": { "osm_id": "1020178827", "code": 7229, "fclass": "farmland", "name": null }, "geometry": { "type": "Polygon", "coordinates": [ [ [ 73.814885, 15.4742448 ], [ 73.8149393, 15.4750901 ], [ 73.8151592, 15.4756277 ], [ 73.8158244, 15.476791 ], [ 73.8168275, 15.4765531 ], [ 73.8167149, 15.475576 ], [ 73.817482, 15.4752865 ], [ 73.817777, 15.4762223 ], [ 73.8189733, 15.4758759 ], [ 73.8204539, 15.4756587 ], [ 73.8205665, 15.475576 ], [ 73.8205236, 15.4742784 ], [ 73.820529, 15.4729083 ], [ 73.8197672, 15.4730944 ], [ 73.8186836, 15.4732909 ], [ 73.8185549, 15.4736476 ], [ 73.8181794, 15.474144 ], [ 73.8180292, 15.4746661 ], [ 73.817879, 15.4746661 ], [ 73.8175678, 15.4733581 ], [ 73.816967, 15.4735597 ], [ 73.8170475, 15.4742835 ], [ 73.8168114, 15.4743094 ], [ 73.8166986, 15.4739099 ], [ 73.8163823, 15.4739397 ], [ 73.8159531, 15.4739914 ], [ 73.8155052, 15.4741259 ], [ 73.8152343, 15.4742422 ], [ 73.814885, 15.4742448 ] ] ] } },
{ "type": "Feature", "properties": { "osm_id": "1020315935", "code": 7229, "fclass": "farmland", "name": null }, "geometry": { "type": "Polygon", "coordinates": [ [ [ 73.8366947, 15.582341 ], [ 73.8374752, 15.5825839 ], [ 73.8377514, 15.5830593 ], [ 73.838591, 15.5834287 ], [ 73.8388082, 15.5829275 ], [ 73.8398382, 15.5833615 ], [ 73.839696, 15.5837 ], [ 73.8410211, 15.5844777 ], [ 73.8408494, 15.584767 ], [ 73.8412142, 15.5850151 ], [ 73.8418991, 15.5842772 ], [ 73.8416541, 15.5835527 ], [ 73.8412571, 15.5830774 ], [ 73.8410425, 15.5829378 ], [ 73.840903, 15.5823849 ], [ 73.8408065, 15.5820904 ], [ 73.8393956, 15.5812068 ], [ 73.8391006, 15.5810725 ], [ 73.8388592, 15.5810104 ], [ 73.8381672, 15.5809691 ], [ 73.838076, 15.5810983 ], [ 73.8378936, 15.581119 ], [ 73.8376361, 15.5810259 ], [ 73.8376576, 15.5808606 ], [ 73.8372928, 15.5807779 ], [ 73.8369629, 15.5808115 ], [ 73.8369495, 15.5809045 ], [ 73.8368314, 15.5809045 ], [ 73.8367081, 15.5815298 ], [ 73.8368636, 15.5815556 ], [ 73.8367107, 15.5821627 ], [ 73.8366947, 15.582341 ] ] ] } },
{ "type": "Feature", "properties": { "osm_id": "1020909994", "code": 7229, "fclass": "farmland", "name": null }, "geometry": { "type": "Polygon", "coordinates": [ [ [ 73.8173371, 15.4658874 ], [ 73.8175249, 15.4661769 ], [ 73.8176268, 15.4665129 ], [ 73.817879, 15.4664974 ], [ 73.8179433, 15.4667249 ], [ 73.8181794, 15.4668593 ], [ 73.8187963, 15.4666887 ], [ 73.8187373, 15.4664974 ], [ 73.8191611, 15.4662906 ], [ 73.8188338, 15.4653859 ], [ 73.8185656, 15.4649774 ], [ 73.8184422, 15.4650446 ], [ 73.8183618, 15.4651997 ], [ 73.8177341, 15.4659132 ], [ 73.8175249, 15.4657323 ], [ 73.8173371, 15.4658874 ] ] ] } },
{ "type": "Feature", "properties": { "osm_id": "1020909999", "code": 7229, "fclass": "farmland", "name": null }, "geometry": { "type": "Polygon", "coordinates": [ [ [ 73.8206577, 15.4655513 ], [ 73.8207704, 15.4662493 ], [ 73.8221383, 15.4659908 ], [ 73.8222885, 15.466363 ], [ 73.8225996, 15.4662648 ], [ 73.8228732, 15.4666267 ], [ 73.8224441, 15.4668128 ], [ 73.8225621, 15.4670145 ], [ 73.8230985, 15.4668232 ], [ 73.8244021, 15.4682966 ], [ 73.823576, 15.4689015 ], [ 73.8237154, 15.4693513 ], [ 73.8254911, 15.4687154 ], [ 73.8257325, 15.4688447 ], [ 73.8256788, 15.4694651 ], [ 73.8265049, 15.469522 ], [ 73.8266766, 15.4692583 ], [ 73.827433, 15.4696409 ], [ 73.8273096, 15.4701734 ], [ 73.8275778, 15.4701527 ], [ 73.8277602, 15.4700958 ], [ 73.8279319, 15.4694858 ], [ 73.8277817, 15.4694858 ], [ 73.8277066, 15.4689739 ], [ 73.8272452, 15.4691083 ], [ 73.8271648, 15.4689688 ], [ 73.8278622, 15.4686327 ], [ 73.8277227, 15.4678055 ], [ 73.827197, 15.4679916 ], [ 73.827095, 15.46779 ], [ 73.826623, 15.4679813 ], [ 73.8265157, 15.4677693 ], [ 73.8275617, 15.4672626 ], [ 73.8273954, 15.4663837 ], [ 73.8270199, 15.4662182 ], [ 73.8261616, 15.4655565 ], [ 73.8260382, 15.4650291 ], [ 73.8262689, 15.4648688 ], [ 73.8262206, 15.4642329 ], [ 73.8264137, 15.4633281 ], [ 73.8260972, 15.4632557 ], [ 73.8260758, 15.4629455 ], [ 73.8255233, 15.4629093 ], [ 73.8254964, 15.4631575 ], [ 73.8251156, 15.4631316 ], [ 73.8251048, 15.4626973 ], [ 73.8247615, 15.4626456 ], [ 73.8244933, 15.4631678 ], [ 73.8248903, 15.4632971 ], [ 73.8248634, 15.4634936 ], [ 73.8243699, 15.4633643 ], [ 73.8238817, 15.46369 ], [ 73.8237637, 15.4642174 ], [ 73.8236082, 15.4642381 ], [ 73.823458, 15.4640261 ], [ 73.8230985, 15.4641967 ], [ 73.8230342, 15.4649102 ], [ 73.822546, 15.4651015 ], [ 73.821854, 15.4652824 ], [ 73.8217521, 15.4650343 ], [ 73.8206577, 15.4655513 ] ] ] } },
{ "type": "Feature", "properties": { "osm_id": "1020910000", "code": 7229, "fclass": "farmland", "name": null }, "geometry": { "type": "Polygon", "coordinates": [ [ [ 73.8239166, 15.4759147 ], [ 73.8239595, 15.4761059 ], [ 73.8241875, 15.4760672 ], [ 73.8246462, 15.4760103 ], [ 73.825196, 15.4759689 ], [ 73.8251665, 15.4756148 ], [ 73.8261831, 15.4752762 ], [ 73.8265103, 15.4757725 ], [ 73.8259846, 15.4760206 ], [ 73.8264835, 15.4773441 ], [ 73.826918, 15.4772149 ], [ 73.8273472, 15.4765687 ], [ 73.8271862, 15.4765376 ], [ 73.8274276, 15.4753434 ], [ 73.8271004, 15.4754209 ], [ 73.8269234, 15.4750694 ], [ 73.8272291, 15.4748626 ], [ 73.8268161, 15.474418 ], [ 73.8265961, 15.474511 ], [ 73.8262635, 15.4741078 ], [ 73.8261563, 15.4741284 ], [ 73.8252604, 15.4730634 ], [ 73.8249063, 15.4731513 ], [ 73.8253248, 15.4739527 ], [ 73.8254589, 15.4752503 ], [ 73.8249198, 15.4752736 ], [ 73.8249198, 15.4755993 ], [ 73.8246301, 15.4757001 ], [ 73.8242653, 15.4758216 ], [ 73.8239166, 15.4759147 ] ] ] } },
{ "type": "Feature", "properties": { "osm_id": "1020910001", "code": 7229, "fclass": "farmland", "name": null }, "geometry": { "type": "Polygon", "coordinates": [ [ [ 73.8230073, 15.4797119 ], [ 73.8232273, 15.4805443 ], [ 73.8236403, 15.4804977 ], [ 73.8240534, 15.4802496 ], [ 73.8246757, 15.4799239 ], [ 73.8249063, 15.480079 ], [ 73.8264191, 15.4797481 ], [ 73.8269824, 15.48072 ], [ 73.8274491, 15.4811646 ], [ 73.8278675, 15.4811595 ], [ 73.8276368, 15.4791588 ], [ 73.82658, 15.4793397 ], [ 73.826521, 15.4791174 ], [ 73.8252336, 15.4790709 ], [ 73.8249707, 15.4785952 ], [ 73.8232326, 15.4789623 ], [ 73.8232434, 15.4796396 ], [ 73.8230073, 15.4797119 ] ] ] } },
{ "type": "Feature", "properties": { "osm_id": "1020910002", "code": 7229, "fclass": "farmland", "name": null }, "geometry": { "type": "Polygon", "coordinates": [ [ [ 73.809151, 15.4683742 ], [ 73.8092047, 15.4686224 ], [ 73.8096553, 15.4685345 ], [ 73.8098323, 15.4690566 ], [ 73.8092905, 15.4693513 ], [ 73.8094354, 15.4697339 ], [ 73.8096499, 15.4696977 ], [ 73.8097787, 15.4699873 ], [ 73.8096714, 15.4700441 ], [ 73.8098216, 15.4704164 ], [ 73.8101542, 15.4706387 ], [ 73.8103849, 15.4705043 ], [ 73.8104707, 15.4703698 ], [ 73.8106853, 15.470344 ], [ 73.8109964, 15.471135 ], [ 73.81127, 15.4710575 ], [ 73.8111681, 15.4706697 ], [ 73.8117367, 15.4704371 ], [ 73.8115704, 15.4701269 ], [ 73.8110071, 15.4703026 ], [ 73.8108569, 15.4699769 ], [ 73.8113987, 15.4697856 ], [ 73.8113397, 15.4696202 ], [ 73.8112646, 15.469341 ], [ 73.8110715, 15.4693307 ], [ 73.8111252, 15.469584 ], [ 73.8106263, 15.4697805 ], [ 73.8103151, 15.4692531 ], [ 73.8110876, 15.4688809 ], [ 73.8107818, 15.468276 ], [ 73.8108677, 15.4681881 ], [ 73.8100308, 15.4668593 ], [ 73.8091564, 15.4671747 ], [ 73.8096124, 15.4682036 ], [ 73.809151, 15.4683742 ] ] ] } },
{ "type": "Feature", "properties": { "osm_id": "1020910003", "code": 7229, "fclass": "farmland", "name": null }, "geometry": { "type": "Polygon", "coordinates": [ [ [ 73.8109267, 15.4657167 ], [ 73.8112056, 15.4670868 ], [ 73.8109267, 15.4671592 ], [ 73.8118654, 15.4689791 ], [ 73.8121015, 15.4688757 ], [ 73.8126272, 15.4700907 ], [ 73.8131261, 15.4699252 ], [ 73.8138503, 15.4712022 ], [ 73.814832, 15.4707576 ], [ 73.8145852, 15.4701579 ], [ 73.8154381, 15.4698218 ], [ 73.8153523, 15.4695892 ], [ 73.8157976, 15.4694392 ], [ 73.8162643, 15.4691911 ], [ 73.8168544, 15.4697649 ], [ 73.8180023, 15.469098 ], [ 73.8178521, 15.4689222 ], [ 73.8181955, 15.4686947 ], [ 73.8178736, 15.4680743 ], [ 73.8175893, 15.4681932 ], [ 73.8173908, 15.4676607 ], [ 73.8168061, 15.4676607 ], [ 73.8167202, 15.4678262 ], [ 73.8160551, 15.4678055 ], [ 73.815996, 15.4679089 ], [ 73.8154435, 15.4678624 ], [ 73.8154221, 15.4681209 ], [ 73.8147622, 15.4680795 ], [ 73.813743, 15.4681312 ], [ 73.8137001, 15.4674849 ], [ 73.8128847, 15.4672213 ], [ 73.8129061, 15.4676607 ], [ 73.8126111, 15.4676607 ], [ 73.8125253, 15.4678468 ], [ 73.8127184, 15.4681105 ], [ 73.8125414, 15.4682449 ], [ 73.8124287, 15.4684311 ], [ 73.8121766, 15.4684776 ], [ 73.8118923, 15.4678313 ], [ 73.8123751, 15.4676969 ], [ 73.8117045, 15.4668593 ], [ 73.8116294, 15.4664406 ], [ 73.8117957, 15.4663423 ], [ 73.8117152, 15.4659959 ], [ 73.8109267, 15.4657167 ] ] ] } },
{ "type": "Feature", "properties": { "osm_id": "1067525691", "code": 7229, "fclass": "farmland", "name": null }, "geometry": { "type": "Polygon", "coordinates": [ [ [ 73.7640742, 15.5549673 ], [ 73.7640742, 15.5567219 ], [ 73.7647409, 15.5568316 ], [ 73.7647897, 15.5572232 ], [ 73.7657492, 15.5572545 ], [ 73.7674404, 15.5571762 ], [ 73.7682698, 15.5571605 ], [ 73.7680421, 15.5562832 ], [ 73.7686926, 15.5559229 ], [ 73.7676355, 15.5552649 ], [ 73.7667249, 15.554419 ], [ 73.7660907, 15.554419 ], [ 73.7647247, 15.5545286 ], [ 73.7645133, 15.554043 ], [ 73.7640742, 15.5549673 ] ] ] } },
{ "type": "Feature", "properties": { "osm_id": "1077784037", "code": 7229, "fclass": "farmland", "name": null }, "geometry": { "type": "Polygon", "coordinates": [ [ [ 73.8712183, 15.4394621 ], [ 73.8712791, 15.4401073 ], [ 73.8725397, 15.4401616 ], [ 73.8724139, 15.4391111 ], [ 73.8712183, 15.4394621 ] ] ] } },
{ "type": "Feature", "properties": { "osm_id": "1077784040", "code": 7229, "fclass": "farmland", "name": null }, "geometry": { "type": "Polygon", "coordinates": [ [ [ 73.8764584, 15.4382872 ], [ 73.8768661, 15.438887 ], [ 73.8773489, 15.4401228 ], [ 73.8781924, 15.4396965 ], [ 73.8780248, 15.4393265 ], [ 73.8789421, 15.4387163 ], [ 73.8790387, 15.4388301 ], [ 73.8802934, 15.4379416 ], [ 73.8805263, 15.4374649 ], [ 73.8799598, 15.4367782 ], [ 73.8789899, 15.4374483 ], [ 73.877864, 15.4380924 ], [ 73.877196, 15.438317 ], [ 73.8769815, 15.437953 ], [ 73.8764584, 15.4382872 ] ] ] } },
{ "type": "Feature", "properties": { "osm_id": "1077784044", "code": 7228, "fclass": "farmyard", "name": null }, "geometry": { "type": "Polygon", "coordinates": [ [ [ 73.8739181, 15.4408319 ], [ 73.8739855, 15.4409738 ], [ 73.8740361, 15.4409519 ], [ 73.8739975, 15.4408226 ], [ 73.8739181, 15.4408319 ] ] ] } },
{ "type": "Feature", "properties": { "osm_id": "1127535545", "code": 7229, "fclass": "farmland", "name": null }, "geometry": { "type": "Polygon", "coordinates": [ [ [ 73.8043284, 15.5647535 ], [ 73.8044089, 15.5663503 ], [ 73.8044947, 15.5664072 ], [ 73.8048381, 15.5664434 ], [ 73.8062704, 15.5665519 ], [ 73.8065279, 15.5666061 ], [ 73.8069248, 15.5666139 ], [ 73.8075042, 15.5665209 ], [ 73.8081506, 15.5655959 ], [ 73.8081774, 15.565508 ], [ 73.8081372, 15.5654098 ], [ 73.8081144, 15.5653943 ], [ 73.8080218, 15.5654615 ], [ 73.8079119, 15.5654098 ], [ 73.8079789, 15.5652871 ], [ 73.8053369, 15.563968 ], [ 73.8049829, 15.5643815 ], [ 73.8046932, 15.5643918 ], [ 73.8046181, 15.5647329 ], [ 73.8043284, 15.5647535 ] ] ] } },
{ "type": "Feature", "properties": { "osm_id": "1127535546", "code": 7229, "fclass": "farmland", "name": null }, "geometry": { "type": "Polygon", "coordinates": [ [ [ 73.782388, 15.5569398 ], [ 73.7861752, 15.5567745 ], [ 73.7862074, 15.5582525 ], [ 73.7880528, 15.5581595 ], [ 73.7882141, 15.5603525 ], [ 73.7883425, 15.5620973 ], [ 73.7862825, 15.562087 ], [ 73.7858426, 15.5625934 ], [ 73.7854135, 15.5626658 ], [ 73.7842333, 15.5640301 ], [ 73.7844157, 15.5640817 ], [ 73.7850916, 15.5636786 ], [ 73.7873232, 15.563751 ], [ 73.7881386, 15.5640094 ], [ 73.7887287, 15.5641334 ], [ 73.7898552, 15.5637303 ], [ 73.7904024, 15.5639164 ], [ 73.7890828, 15.5528055 ], [ 73.787756, 15.5529505 ], [ 73.7870014, 15.5530329 ], [ 73.7859607, 15.5528572 ], [ 73.7858212, 15.5519889 ], [ 73.7840302, 15.5518756 ], [ 73.783949, 15.5537719 ], [ 73.783949, 15.5540871 ], [ 73.7845123, 15.5541285 ], [ 73.7845069, 15.5544024 ], [ 73.7840348, 15.5544127 ], [ 73.7840348, 15.5545109 ], [ 73.7849146, 15.5544954 ], [ 73.7849575, 15.5543404 ], [ 73.7851024, 15.5543455 ], [ 73.7850916, 15.555374 ], [ 73.7845069, 15.5555135 ], [ 73.7845015, 15.5552137 ], [ 73.7844747, 15.5549553 ], [ 73.7838685, 15.554945 ], [ 73.78389, 15.554423 ], [ 73.7837291, 15.5544179 ], [ 73.7837398, 15.5542215 ], [ 73.7839007, 15.5542215 ], [ 73.7838525, 15.5538597 ], [ 73.78394, 15.5518661 ], [ 73.7834877, 15.5518391 ], [ 73.7833965, 15.5528262 ], [ 73.7827098, 15.5530329 ], [ 73.7826133, 15.5556375 ], [ 73.7832463, 15.5557099 ], [ 73.783257, 15.5563507 ], [ 73.7824631, 15.5563714 ], [ 73.782388, 15.5569398 ] ] ] } },
{ "type": "Feature", "properties": { "osm_id": "1127535547", "code": 7229, "fclass": "farmland", "name": null }, "geometry": { "type": "Polygon", "coordinates": [ [ [ 73.8062274, 15.5465521 ], [ 73.8062811, 15.5491052 ], [ 73.8078582, 15.5491052 ], [ 73.8076436, 15.5512551 ], [ 73.808577, 15.550821 ], [ 73.8086307, 15.5517512 ], [ 73.8106263, 15.5515962 ], [ 73.8104224, 15.5499527 ], [ 73.8096821, 15.5482679 ], [ 73.809886, 15.5471206 ], [ 73.8089418, 15.5470586 ], [ 73.8088775, 15.5474824 ], [ 73.8083088, 15.5474514 ], [ 73.8084376, 15.546211 ], [ 73.8076329, 15.54618 ], [ 73.8068068, 15.5462524 ], [ 73.8062274, 15.5465521 ] ] ] } },
{ "type": "Feature", "properties": { "osm_id": "1127535548", "code": 7229, "fclass": "farmland", "name": null }, "geometry": { "type": "Polygon", "coordinates": [ [ [ 73.8065386, 15.5535652 ], [ 73.8066298, 15.5552706 ], [ 73.8081264, 15.5552189 ], [ 73.8081533, 15.5530742 ], [ 73.8071072, 15.5530587 ], [ 73.8071126, 15.5535548 ], [ 73.8065386, 15.5535652 ] ] ] } },
{ "type": "Feature", "properties": { "osm_id": "1127535549", "code": 7229, "fclass": "farmland", "name": null }, "geometry": { "type": "Polygon", "coordinates": [ [ [ 73.805455, 15.5564075 ], [ 73.8058627, 15.5564592 ], [ 73.8059056, 15.5560613 ], [ 73.8063776, 15.5560975 ], [ 73.8063776, 15.5558132 ], [ 73.8058895, 15.5557409 ], [ 73.8059163, 15.5553378 ], [ 73.8064635, 15.5553533 ], [ 73.8064045, 15.5545833 ], [ 73.8056266, 15.5545936 ], [ 73.8055799, 15.5555326 ], [ 73.805455, 15.5564075 ] ] ] } },
{ "type": "Feature", "properties": { "osm_id": "1127535550", "code": 7229, "fclass": "farmland", "name": null }, "geometry": { "type": "Polygon", "coordinates": [ [ [ 73.802408, 15.555007 ], [ 73.8024294, 15.5560251 ], [ 73.8035828, 15.5559941 ], [ 73.8035077, 15.5549864 ], [ 73.802408, 15.555007 ] ] ] } },
{ "type": "Feature", "properties": { "osm_id": "1127535551", "code": 7229, "fclass": "farmland", "name": null }, "geometry": { "type": "Polygon", "coordinates": [ [ [ 73.8036418, 15.5597511 ], [ 73.8044786, 15.5602369 ], [ 73.8050902, 15.5622627 ], [ 73.8054764, 15.5622627 ], [ 73.8058734, 15.5583868 ], [ 73.8038456, 15.5579941 ], [ 73.8036418, 15.5597511 ] ] ] } },
{ "type": "Feature", "properties": { "osm_id": "1127535552", "code": 7229, "fclass": "farmland", "name": null }, "geometry": { "type": "Polygon", "coordinates": [ [ [ 73.7891149, 15.5511724 ], [ 73.7899089, 15.5571052 ], [ 73.7903595, 15.56064 ], [ 73.7911963, 15.5606814 ], [ 73.7917971, 15.5606814 ], [ 73.7914324, 15.562273 ], [ 73.7915182, 15.5630379 ], [ 73.7916684, 15.5633686 ], [ 73.7915182, 15.5637613 ], [ 73.7910676, 15.5643401 ], [ 73.7907886, 15.5643815 ], [ 73.7908745, 15.565167 ], [ 73.7912232, 15.5651928 ], [ 73.7936211, 15.5650791 ], [ 73.7940663, 15.5649706 ], [ 73.7948495, 15.5648776 ], [ 73.7950963, 15.5647484 ], [ 73.7963837, 15.564676 ], [ 73.7976122, 15.5646708 ], [ 73.7975746, 15.5643711 ], [ 73.7971884, 15.5641024 ], [ 73.797124, 15.5635495 ], [ 73.796668, 15.562025 ], [ 73.7967539, 15.5615909 ], [ 73.7955308, 15.5614462 ], [ 73.7954986, 15.5606503 ], [ 73.7972152, 15.5605728 ], [ 73.7974191, 15.560056 ], [ 73.7966198, 15.5600974 ], [ 73.7966198, 15.5598752 ], [ 73.7972152, 15.559808 ], [ 73.7972474, 15.5588571 ], [ 73.7985134, 15.5589243 ], [ 73.798449, 15.5596684 ], [ 73.7994361, 15.5593377 ], [ 73.8019037, 15.5592757 ], [ 73.8021827, 15.5572706 ], [ 73.8022524, 15.5549347 ], [ 73.8022041, 15.5541285 ], [ 73.8019084, 15.5541361 ], [ 73.7997848, 15.5541905 ], [ 73.7997794, 15.5539889 ], [ 73.8015979, 15.5539631 ], [ 73.8015765, 15.5536324 ], [ 73.8021558, 15.553622 ], [ 73.8020968, 15.5525833 ], [ 73.8022846, 15.5516944 ], [ 73.8024428, 15.5506969 ], [ 73.8008684, 15.5505936 ], [ 73.800863, 15.5507693 ], [ 73.8011956, 15.5507744 ], [ 73.8011795, 15.5518029 ], [ 73.8008684, 15.5517925 ], [ 73.8002515, 15.5517357 ], [ 73.800289, 15.5510122 ], [ 73.7997419, 15.550976 ], [ 73.7997204, 15.550547 ], [ 73.79942, 15.5505367 ], [ 73.7993663, 15.5509915 ], [ 73.7991518, 15.5509812 ], [ 73.7992001, 15.5505264 ], [ 73.7982291, 15.550454 ], [ 73.7981808, 15.5505367 ], [ 73.7972474, 15.5504695 ], [ 73.7972581, 15.5503765 ], [ 73.7958258, 15.5501956 ], [ 73.794297, 15.5501078 ], [ 73.7940878, 15.5514566 ], [ 73.7939912, 15.552976 ], [ 73.7929022, 15.552976 ], [ 73.7929451, 15.5518494 ], [ 73.7939268, 15.5519321 ], [ 73.7941575, 15.5501078 ], [ 73.7927788, 15.5500613 ], [ 73.7899518, 15.5502421 ], [ 73.7899303, 15.5510897 ], [ 73.7891149, 15.5511724 ] ] ] } },
{ "type": "Feature", "properties": { "osm_id": "1127535553", "code": 7229, "fclass": "farmland", "name": null }, "geometry": { "type": "Polygon", "coordinates": [ [ [ 73.808738, 15.5533843 ], [ 73.8094246, 15.5541285 ], [ 73.8101005, 15.5543145 ], [ 73.810094, 15.5552576 ], [ 73.8100898, 15.5558701 ], [ 73.8100684, 15.5560173 ], [ 73.8100442, 15.5560923 ], [ 73.8099691, 15.5563869 ], [ 73.8098082, 15.5564825 ], [ 73.8095239, 15.5565238 ], [ 73.8095319, 15.5567848 ], [ 73.8096553, 15.5567796 ], [ 73.8091001, 15.5576633 ], [ 73.8090733, 15.5578494 ], [ 73.8091242, 15.5584876 ], [ 73.8090625, 15.5589605 ], [ 73.8090384, 15.5593584 ], [ 73.809084, 15.5597072 ], [ 73.8090759, 15.5598958 ], [ 73.8101971, 15.5598287 ], [ 73.8109159, 15.5598235 ], [ 73.8111681, 15.5594669 ], [ 73.811785, 15.559255 ], [ 73.8119835, 15.5595031 ], [ 73.8123161, 15.5594359 ], [ 73.8125396, 15.5594295 ], [ 73.8143976, 15.556797 ], [ 73.8138583, 15.5567925 ], [ 73.8138583, 15.5566194 ], [ 73.8143304, 15.5566194 ], [ 73.8143277, 15.5555755 ], [ 73.815253, 15.5555833 ], [ 73.8164627, 15.5538081 ], [ 73.8154542, 15.5538494 ], [ 73.8154542, 15.5536634 ], [ 73.8166344, 15.5536013 ], [ 73.8167202, 15.5528675 ], [ 73.8151324, 15.5530639 ], [ 73.8151431, 15.5537047 ], [ 73.8144565, 15.5537461 ], [ 73.8141131, 15.5539424 ], [ 73.8134801, 15.5539631 ], [ 73.8130617, 15.5532809 ], [ 73.8116455, 15.5531259 ], [ 73.8087487, 15.5531052 ], [ 73.808738, 15.5533843 ] ] ] } },
{ "type": "Feature", "properties": { "osm_id": "1153323479", "code": 7229, "fclass": "farmland", "name": null }, "geometry": { "type": "Polygon", "coordinates": [ [ [ 73.7629902, 15.5933082 ], [ 73.7644815, 15.5933961 ], [ 73.7656564, 15.5936854 ], [ 73.7660882, 15.5934813 ], [ 73.766064, 15.5930989 ], [ 73.7664637, 15.5932204 ], [ 73.7668526, 15.5925383 ], [ 73.766976, 15.5919054 ], [ 73.7653398, 15.5916186 ], [ 73.7655678, 15.5910347 ], [ 73.7661767, 15.5911174 ], [ 73.7664074, 15.5903475 ], [ 73.7664342, 15.5902338 ], [ 73.7656027, 15.5900866 ], [ 73.7654905, 15.5904481 ], [ 73.7654225, 15.5906672 ], [ 73.7653613, 15.5908642 ], [ 73.7650609, 15.5907299 ], [ 73.7650958, 15.5905904 ], [ 73.7649107, 15.5905568 ], [ 73.7649695, 15.5903385 ], [ 73.7650394, 15.5900788 ], [ 73.7647766, 15.5901331 ], [ 73.764731, 15.5901951 ], [ 73.7647015, 15.5903992 ], [ 73.7647659, 15.5905077 ], [ 73.7647473, 15.5905417 ], [ 73.7647068, 15.5906033 ], [ 73.7647068, 15.590965 ], [ 73.7644976, 15.5909366 ], [ 73.7645325, 15.5906782 ], [ 73.7639585, 15.590766 ], [ 73.7638003, 15.5913861 ], [ 73.763575, 15.5913499 ], [ 73.7634516, 15.5916909 ], [ 73.7632155, 15.5925538 ], [ 73.7637681, 15.592683 ], [ 73.7637359, 15.5929465 ], [ 73.7630975, 15.592869 ], [ 73.7629902, 15.5933082 ] ] ] } },
{ "type": "Feature", "properties": { "osm_id": "1153323480", "code": 7229, "fclass": "farmland", "name": null }, "geometry": { "type": "Polygon", "coordinates": [ [ [ 73.7660265, 15.5937629 ], [ 73.7668955, 15.5940109 ], [ 73.7675393, 15.5943519 ], [ 73.7682581, 15.5944553 ], [ 73.7692237, 15.5942796 ], [ 73.7704253, 15.5946723 ], [ 73.7711012, 15.5950547 ], [ 73.7715089, 15.5950443 ], [ 73.7721956, 15.594848 ], [ 73.7719703, 15.5938146 ], [ 73.7718282, 15.5931059 ], [ 73.7701716, 15.5927219 ], [ 73.7701027, 15.5926773 ], [ 73.7699409, 15.5926233 ], [ 73.7697601, 15.5933289 ], [ 73.7694919, 15.5932462 ], [ 73.7697065, 15.5923472 ], [ 73.7691915, 15.5922128 ], [ 73.7689447, 15.5931532 ], [ 73.7674427, 15.5928019 ], [ 73.76652, 15.5934219 ], [ 73.7660265, 15.5937629 ] ] ] } },
{ "type": "Feature", "properties": { "osm_id": "1153323481", "code": 7229, "fclass": "farmland", "name": null }, "geometry": { "type": "Polygon", "coordinates": [ [ [ 73.7611341, 15.5976278 ], [ 73.7612092, 15.5979791 ], [ 73.7615955, 15.5979274 ], [ 73.7615996, 15.5979836 ], [ 73.7616083, 15.5981026 ], [ 73.7616384, 15.5985165 ], [ 73.7631619, 15.5985475 ], [ 73.7631726, 15.5988368 ], [ 73.7639022, 15.5986818 ], [ 73.7638271, 15.5992708 ], [ 73.7653291, 15.5988161 ], [ 73.7653077, 15.5982478 ], [ 73.765533, 15.5982168 ], [ 73.7656295, 15.5976898 ], [ 73.7665415, 15.5975038 ], [ 73.7666058, 15.5979378 ], [ 73.7676251, 15.5977724 ], [ 73.7676895, 15.5973591 ], [ 73.768301, 15.5971937 ], [ 73.7690091, 15.5971731 ], [ 73.7695241, 15.5971731 ], [ 73.7695241, 15.5974934 ], [ 73.7699318, 15.5973591 ], [ 73.7708974, 15.5973901 ], [ 73.7708759, 15.5975244 ], [ 73.7717235, 15.5975244 ], [ 73.771745, 15.5972454 ], [ 73.7720668, 15.5972454 ], [ 73.7721097, 15.5970594 ], [ 73.7724531, 15.5969354 ], [ 73.7723672, 15.595685 ], [ 73.7719488, 15.5956747 ], [ 73.7718952, 15.5954473 ], [ 73.7709081, 15.595251 ], [ 73.7690198, 15.594476 ], [ 73.7682688, 15.5946103 ], [ 73.7674534, 15.5945276 ], [ 73.7666273, 15.5941349 ], [ 73.765879, 15.5939463 ], [ 73.7644681, 15.5935769 ], [ 73.7631404, 15.5934813 ], [ 73.7630975, 15.5935769 ], [ 73.763119, 15.5940109 ], [ 73.7635052, 15.594414 ], [ 73.7635696, 15.594755 ], [ 73.7640846, 15.594848 ], [ 73.764106, 15.5951373 ], [ 73.7632477, 15.595251 ], [ 73.7631297, 15.5950547 ], [ 73.7629795, 15.5950753 ], [ 73.7626576, 15.5952613 ], [ 73.7622489, 15.5953508 ], [ 73.7618315, 15.5954422 ], [ 73.7620327, 15.5963386 ], [ 73.7616062, 15.5964161 ], [ 73.761574, 15.5966461 ], [ 73.7617779, 15.5974418 ], [ 73.7611341, 15.5976278 ] ] ] } },
{ "type": "Feature", "properties": { "osm_id": "1153323482", "code": 7229, "fclass": "farmland", "name": null }, "geometry": { "type": "Polygon", "coordinates": [ [ [ 73.7719703, 15.5925564 ], [ 73.7719864, 15.5930912 ], [ 73.772217, 15.5942899 ], [ 73.772496, 15.5952045 ], [ 73.7732899, 15.5956488 ], [ 73.7740892, 15.5958452 ], [ 73.7745023, 15.5957883 ], [ 73.7751621, 15.595995 ], [ 73.7753016, 15.5961035 ], [ 73.7761438, 15.5967287 ], [ 73.776986, 15.5973384 ], [ 73.7769538, 15.5975348 ], [ 73.7780213, 15.5978861 ], [ 73.7785524, 15.5980463 ], [ 73.7786436, 15.5976794 ], [ 73.7782144, 15.5974314 ], [ 73.7776458, 15.5974366 ], [ 73.7771255, 15.5972712 ], [ 73.7772918, 15.5967184 ], [ 73.7770718, 15.5965117 ], [ 73.7771684, 15.5962844 ], [ 73.7764925, 15.5959124 ], [ 73.77653, 15.5957883 ], [ 73.7760472, 15.5955042 ], [ 73.7755215, 15.5953337 ], [ 73.7752747, 15.5950701 ], [ 73.7742448, 15.5947446 ], [ 73.7742823, 15.5945716 ], [ 73.7738961, 15.5944552 ], [ 73.7739552, 15.5939877 ], [ 73.7733194, 15.5937371 ], [ 73.7731102, 15.5937396 ], [ 73.7731327, 15.5933986 ], [ 73.7731477, 15.5932229 ], [ 73.7730351, 15.59321 ], [ 73.7730472, 15.5930578 ], [ 73.7727994, 15.5930236 ], [ 73.7726086, 15.592993 ], [ 73.7726033, 15.592621 ], [ 73.7724748, 15.5926079 ], [ 73.7719703, 15.5925564 ] ] ] } },
{ "type": "Feature", "properties": { "osm_id": "1153323483", "code": 7229, "fclass": "farmland", "name": null }, "geometry": { "type": "Polygon", "coordinates": [ [ [ 73.772496, 15.595468 ], [ 73.7727213, 15.5972351 ], [ 73.7734508, 15.5972092 ], [ 73.7734348, 15.5969199 ], [ 73.7747276, 15.5968011 ], [ 73.7749743, 15.5966822 ], [ 73.7754893, 15.5966977 ], [ 73.7755215, 15.5965169 ], [ 73.7751299, 15.5962017 ], [ 73.7745345, 15.5960054 ], [ 73.7740517, 15.5960364 ], [ 73.7731022, 15.5958452 ], [ 73.772496, 15.595468 ] ] ] } },
{ "type": "Feature", "properties": { "osm_id": "1153514194", "code": 7229, "fclass": "farmland", "name": null }, "geometry": { "type": "Polygon", "coordinates": [ [ [ 73.8157332, 15.6018154 ], [ 73.8163555, 15.6025982 ], [ 73.816672, 15.6027687 ], [ 73.816942, 15.6028723 ], [ 73.8174883, 15.6026155 ], [ 73.8174337, 15.6023916 ], [ 73.818469, 15.6023967 ], [ 73.8184529, 15.6028514 ], [ 73.8199067, 15.6035282 ], [ 73.8199228, 15.6032286 ], [ 73.8206255, 15.6031872 ], [ 73.8206148, 15.6029082 ], [ 73.821001, 15.6029031 ], [ 73.8211513, 15.6024329 ], [ 73.8209313, 15.6023812 ], [ 73.8209581, 15.6020971 ], [ 73.8211018, 15.6016329 ], [ 73.8211566, 15.601477 ], [ 73.821753, 15.6016539 ], [ 73.8217521, 15.601477 ], [ 73.8226345, 15.6017405 ], [ 73.8226533, 15.6012885 ], [ 73.8237771, 15.6012859 ], [ 73.8237718, 15.6008725 ], [ 73.8230985, 15.6008415 ], [ 73.8224472, 15.6008177 ], [ 73.8222154, 15.6008087 ], [ 73.8222241, 15.6005315 ], [ 73.8231616, 15.6005816 ], [ 73.8231648, 15.6007766 ], [ 73.8237422, 15.6008131 ], [ 73.8237557, 15.6005005 ], [ 73.8237396, 15.6003274 ], [ 73.8236674, 15.6001102 ], [ 73.8234472, 15.599803 ], [ 73.8221665, 15.599732 ], [ 73.8221626, 15.5996837 ], [ 73.82209, 15.5988497 ], [ 73.8212899, 15.5989625 ], [ 73.8210842, 15.5989918 ], [ 73.821162, 15.5991675 ], [ 73.8210064, 15.599214 ], [ 73.8210279, 15.5993535 ], [ 73.8202205, 15.5994465 ], [ 73.8202313, 15.5996247 ], [ 73.8200704, 15.5995989 ], [ 73.8200783, 15.5993574 ], [ 73.8193689, 15.5994672 ], [ 73.8194104, 15.599679 ], [ 73.819021, 15.5997537 ], [ 73.8186112, 15.5998844 ], [ 73.8175142, 15.6003248 ], [ 73.8170958, 15.6005703 ], [ 73.8167988, 15.6007522 ], [ 73.8164701, 15.6009735 ], [ 73.8158834, 15.6013685 ], [ 73.8158914, 15.6016785 ], [ 73.8157332, 15.6018154 ] ] ] } },
{ "type": "Feature", "properties": { "osm_id": "1155605625", "code": 7229, "fclass": "farmland", "name": null }, "geometry": { "type": "Polygon", "coordinates": [ [ [ 73.7761384, 15.6180927 ], [ 73.7764978, 15.6192655 ], [ 73.7766319, 15.6194824 ], [ 73.777088, 15.6198312 ], [ 73.7771952, 15.6201179 ], [ 73.7770021, 15.620526 ], [ 73.7770611, 15.6206397 ], [ 73.7772059, 15.6206655 ], [ 73.7776565, 15.6201024 ], [ 73.7779248, 15.6191415 ], [ 73.7778819, 15.6189555 ], [ 73.7781715, 15.6178034 ], [ 73.7785095, 15.6176174 ], [ 73.7785631, 15.6174779 ], [ 73.7781715, 15.6171421 ], [ 73.7780052, 15.6171369 ], [ 73.777957, 15.6172506 ], [ 73.777713, 15.6172898 ], [ 73.7765622, 15.6174262 ], [ 73.7761923, 15.6175124 ], [ 73.7761384, 15.6180927 ] ] ] } },
{ "type": "Feature", "properties": { "osm_id": "1155613079", "code": 7215, "fclass": "orchard", "name": "Government Agricultural Farm" }, "geometry": { "type": "Polygon", "coordinates": [ [ [ 73.8150868, 15.5955713 ], [ 73.8155018, 15.5979735 ], [ 73.8165667, 15.597803 ], [ 73.8166918, 15.5969628 ], [ 73.8167172, 15.596722 ], [ 73.8168233, 15.5956903 ], [ 73.816275, 15.595623 ], [ 73.8156201, 15.5955938 ], [ 73.8150868, 15.5955713 ] ] ] } },
{ "type": "Feature", "properties": { "osm_id": "1156762015", "code": 7229, "fclass": "farmland", "name": null }, "geometry": { "type": "Polygon", "coordinates": [ [ [ 73.8372499, 15.4766927 ], [ 73.8372874, 15.4767961 ], [ 73.8374162, 15.4769047 ], [ 73.8373464, 15.4772769 ], [ 73.8374054, 15.4774165 ], [ 73.8375986, 15.4774837 ], [ 73.837679, 15.4775509 ], [ 73.8377541, 15.4776362 ], [ 73.8392124, 15.4776364 ], [ 73.8392445, 15.477593 ], [ 73.8393688, 15.4773338 ], [ 73.8394976, 15.4764911 ], [ 73.8396478, 15.4742991 ], [ 73.8395727, 15.4730169 ], [ 73.8394546, 15.4730066 ], [ 73.8392347, 15.4716107 ], [ 73.8386822, 15.4716055 ], [ 73.8386607, 15.4713677 ], [ 73.8378006, 15.4712206 ], [ 73.8377327, 15.4712953 ], [ 73.8378078, 15.4714711 ], [ 73.8379043, 15.4715796 ], [ 73.8380277, 15.4719777 ], [ 73.8380867, 15.4723758 ], [ 73.8380814, 15.472655 ], [ 73.8380384, 15.4728876 ], [ 73.8377327, 15.4738958 ], [ 73.8377863, 15.4740767 ], [ 73.8378882, 15.4742008 ], [ 73.8378614, 15.4744128 ], [ 73.8379687, 15.4746816 ], [ 73.8380599, 15.4749867 ], [ 73.8381725, 15.4752865 ], [ 73.8382208, 15.4754106 ], [ 73.8381082, 15.4754933 ], [ 73.8378507, 15.4751624 ], [ 73.8378453, 15.4754054 ], [ 73.8379043, 15.4755088 ], [ 73.8378721, 15.4756226 ], [ 73.8376737, 15.4755967 ], [ 73.8373603, 15.4756587 ], [ 73.8372532, 15.4758695 ], [ 73.8373089, 15.4761396 ], [ 73.8374484, 15.4762068 ], [ 73.8375181, 15.476124 ], [ 73.8375449, 15.4759586 ], [ 73.83762, 15.4757828 ], [ 73.8377112, 15.4757828 ], [ 73.8377005, 15.4758759 ], [ 73.8376576, 15.476062 ], [ 73.8375878, 15.4762274 ], [ 73.8374698, 15.4765531 ], [ 73.8373303, 15.4765997 ], [ 73.8372499, 15.4766927 ] ] ] } },
{ "type": "Feature", "properties": { "osm_id": "1167078705", "code": 7215, "fclass": "orchard", "name": null }, "geometry": { "type": "Polygon", "coordinates": [ [ [ 73.8578761, 15.3941492 ], [ 73.8585091, 15.3946457 ], [ 73.8583857, 15.3950077 ], [ 73.8582355, 15.3952974 ], [ 73.8583964, 15.3954939 ], [ 73.8590884, 15.3954008 ], [ 73.8590401, 15.3952405 ], [ 73.8592333, 15.3952146 ], [ 73.8591206, 15.3948371 ], [ 73.8590348, 15.3948319 ], [ 73.8587934, 15.394444 ], [ 73.8579297, 15.393932 ], [ 73.8578761, 15.3941492 ] ] ] } },
{ "type": "Feature", "properties": { "osm_id": "1167078706", "code": 7215, "fclass": "orchard", "name": null }, "geometry": { "type": "Polygon", "coordinates": [ [ [ 73.8566744, 15.3938854 ], [ 73.8566905, 15.3942061 ], [ 73.8568407, 15.3942113 ], [ 73.8568729, 15.3947336 ], [ 73.8573021, 15.3956491 ], [ 73.8574898, 15.3957422 ], [ 73.8578117, 15.396249 ], [ 73.8581014, 15.3966007 ], [ 73.8585573, 15.3965386 ], [ 73.858214, 15.3955663 ], [ 73.857978, 15.3952508 ], [ 73.8575542, 15.3948216 ], [ 73.8573879, 15.3941544 ], [ 73.8575971, 15.3934406 ], [ 73.8569802, 15.393301 ], [ 73.8569051, 15.3933579 ], [ 73.8568729, 15.3933993 ], [ 73.8568461, 15.3938647 ], [ 73.8566744, 15.3938854 ] ] ] } },
{ "type": "Feature", "properties": { "osm_id": "1167078711", "code": 7215, "fclass": "orchard", "name": null }, "geometry": { "type": "Polygon", "coordinates": [ [ [ 73.8360965, 15.3993211 ], [ 73.8363218, 15.3995796 ], [ 73.8368475, 15.4000555 ], [ 73.8371104, 15.400283 ], [ 73.8374698, 15.4003864 ], [ 73.83762, 15.4003968 ], [ 73.8377863, 15.4003089 ], [ 73.837958, 15.400133 ], [ 73.8380505, 15.4000529 ], [ 73.8382705, 15.4001098 ], [ 73.8383402, 15.4002197 ], [ 73.838367, 15.4002598 ], [ 73.8384126, 15.4002779 ], [ 73.8385266, 15.4002702 ], [ 73.8386178, 15.4000762 ], [ 73.838776, 15.4000193 ], [ 73.8389719, 15.4000503 ], [ 73.8391998, 15.4000322 ], [ 73.8396531, 15.4000555 ], [ 73.8400313, 15.4000426 ], [ 73.8402808, 15.3999831 ], [ 73.8403156, 15.399771 ], [ 73.84027, 15.3996004 ], [ 73.8395459, 15.3993004 ], [ 73.8385212, 15.3988039 ], [ 73.8383898, 15.3990522 ], [ 73.8380653, 15.3988918 ], [ 73.8381645, 15.398685 ], [ 73.8377112, 15.3984858 ], [ 73.8368288, 15.3981186 ], [ 73.8365042, 15.3981341 ], [ 73.8363084, 15.3982143 ], [ 73.8362172, 15.3984315 ], [ 73.836287, 15.398566 ], [ 73.8361448, 15.3989539 ], [ 73.8360965, 15.3993211 ] ] ] } },
{ "type": "Feature", "properties": { "osm_id": "1178549879", "code": 7228, "fclass": "farmyard", "name": "Edricias Farm" }, "geometry": { "type": "Polygon", "coordinates": [ [ [ 73.7730966, 15.6208462 ], [ 73.773248, 15.6208436 ], [ 73.7732514, 15.6213128 ], [ 73.7741211, 15.6213014 ], [ 73.7741081, 15.6202717 ], [ 73.7731125, 15.620272 ], [ 73.7730989, 15.6208056 ], [ 73.7730966, 15.6208462 ] ] ] } },
{ "type": "Feature", "properties": { "osm_id": "1179798565", "code": 7229, "fclass": "farmland", "name": null }, "geometry": { "type": "Polygon", "coordinates": [ [ [ 73.7595838, 15.5912362 ], [ 73.7600613, 15.5914688 ], [ 73.7600613, 15.592032 ], [ 73.7606513, 15.5921766 ], [ 73.7606513, 15.5926262 ], [ 73.7612146, 15.5925383 ], [ 73.7617993, 15.5923498 ], [ 73.7618637, 15.5920216 ], [ 73.7623626, 15.5918511 ], [ 73.7616974, 15.5906059 ], [ 73.7613916, 15.5902287 ], [ 73.7606782, 15.5899497 ], [ 73.7606406, 15.5903579 ], [ 73.7600103, 15.5901383 ], [ 73.7595838, 15.5912362 ] ] ] } },
{ "type": "Feature", "properties": { "osm_id": "1179798566", "code": 7229, "fclass": "farmland", "name": null }, "geometry": { "type": "Polygon", "coordinates": [ [ [ 73.7600103, 15.5936518 ], [ 73.7600941, 15.5942412 ], [ 73.7600774, 15.5943158 ], [ 73.7602812, 15.5947136 ], [ 73.7604797, 15.5949255 ], [ 73.7606674, 15.595251 ], [ 73.7609249, 15.5952148 ], [ 73.7609249, 15.5954008 ], [ 73.7612897, 15.595313 ], [ 73.7612897, 15.5952252 ], [ 73.7619227, 15.595158 ], [ 73.7619281, 15.5952562 ], [ 73.7625664, 15.5951063 ], [ 73.7626415, 15.5938973 ], [ 73.7618154, 15.5939179 ], [ 73.7617618, 15.5937319 ], [ 73.7626094, 15.5937061 ], [ 73.7623733, 15.5931532 ], [ 73.7622446, 15.5931532 ], [ 73.7621748, 15.5929259 ], [ 73.7623197, 15.5929104 ], [ 73.7622929, 15.5927864 ], [ 73.7620246, 15.5924195 ], [ 73.7611556, 15.5926882 ], [ 73.7605119, 15.5928019 ], [ 73.7605816, 15.5936183 ], [ 73.7600103, 15.5936518 ] ] ] } },
{ "type": "Feature", "properties": { "osm_id": "1179798567", "code": 7229, "fclass": "farmland", "name": null }, "geometry": { "type": "Polygon", "coordinates": [ [ [ 73.7573549, 15.5934658 ], [ 73.7573871, 15.5935304 ], [ 73.7576553, 15.5937216 ], [ 73.757709, 15.593812 ], [ 73.7577251, 15.5940109 ], [ 73.7578458, 15.5941711 ], [ 73.7580201, 15.5944501 ], [ 73.7584278, 15.5944088 ], [ 73.7584439, 15.5945224 ], [ 73.7587011, 15.5944932 ], [ 73.7587953, 15.5949978 ], [ 73.7585753, 15.5950133 ], [ 73.7589616, 15.5958452 ], [ 73.7590259, 15.5959847 ], [ 73.7588328, 15.596057 ], [ 73.7590777, 15.5965203 ], [ 73.7594068, 15.5970077 ], [ 73.7595785, 15.5970542 ], [ 73.7596589, 15.5971834 ], [ 73.7598628, 15.5971317 ], [ 73.7598306, 15.5968166 ], [ 73.7608445, 15.5966254 ], [ 73.7605548, 15.5955558 ], [ 73.7603402, 15.5955093 ], [ 73.760249, 15.5955093 ], [ 73.7602445, 15.5954779 ], [ 73.7601417, 15.5947653 ], [ 73.7600975, 15.5947136 ], [ 73.7597997, 15.5947472 ], [ 73.7597716, 15.5946322 ], [ 73.7600344, 15.5945948 ], [ 73.7599097, 15.5944333 ], [ 73.7597984, 15.594246 ], [ 73.759447, 15.5942693 ], [ 73.7594303, 15.5941292 ], [ 73.7593102, 15.5931248 ], [ 73.7595275, 15.5930783 ], [ 73.7595302, 15.5929155 ], [ 73.7573898, 15.5933289 ], [ 73.7573549, 15.5934658 ] ] ] } },
{ "type": "Feature", "properties": { "osm_id": "1179798569", "code": 7229, "fclass": "farmland", "name": null }, "geometry": { "type": "Polygon", "coordinates": [ [ [ 73.7511134, 15.5875935 ], [ 73.7515211, 15.5888646 ], [ 73.7515747, 15.5894226 ], [ 73.7511617, 15.5895208 ], [ 73.7513226, 15.5899393 ], [ 73.7516981, 15.5905129 ], [ 73.7520575, 15.5905387 ], [ 73.7520468, 15.5911174 ], [ 73.752106, 15.5911188 ], [ 73.7528086, 15.5912259 ], [ 73.7535247, 15.5912983 ], [ 73.7537661, 15.591275 ], [ 73.7538868, 15.5898566 ], [ 73.7540585, 15.5890325 ], [ 73.7539137, 15.5886965 ], [ 73.7537956, 15.5887819 ], [ 73.7536642, 15.5888129 ], [ 73.753581, 15.5887793 ], [ 73.7534898, 15.5886941 ], [ 73.7533611, 15.5884667 ], [ 73.7532283, 15.5880985 ], [ 73.753231, 15.5879926 ], [ 73.7532873, 15.587888 ], [ 73.7534778, 15.5877226 ], [ 73.7535301, 15.5876361 ], [ 73.7535448, 15.5875327 ], [ 73.7534067, 15.5871775 ], [ 73.7534054, 15.587069 ], [ 73.7534228, 15.5869786 ], [ 73.7534764, 15.5868662 ], [ 73.7535368, 15.5868223 ], [ 73.7536254, 15.5868129 ], [ 73.7535784, 15.5867305 ], [ 73.7511581, 15.5867593 ], [ 73.7511134, 15.5875935 ] ] ] } },
{ "type": "Feature", "properties": { "osm_id": "1179844252", "code": 7229, "fclass": "farmland", "name": null }, "geometry": { "type": "Polygon", "coordinates": [ [ [ 73.7546432, 15.6243697 ], [ 73.7546911, 15.6252044 ], [ 73.7549723, 15.6252109 ], [ 73.7553005, 15.6251464 ], [ 73.7555148, 15.6251915 ], [ 73.7558497, 15.625256 ], [ 73.7565998, 15.6253528 ], [ 73.7569078, 15.6253076 ], [ 73.7569614, 15.6251851 ], [ 73.7570016, 15.6248304 ], [ 73.7570083, 15.6245208 ], [ 73.7569279, 15.6243402 ], [ 73.7570619, 15.6242821 ], [ 73.7572226, 15.6241273 ], [ 73.7572427, 15.6237726 ], [ 73.7570953, 15.6233211 ], [ 73.7568409, 15.6229019 ], [ 73.7568141, 15.6226568 ], [ 73.75673, 15.6227475 ], [ 73.7564832, 15.6229748 ], [ 73.7562633, 15.6230523 ], [ 73.7559897, 15.6230523 ], [ 73.7557429, 15.623414 ], [ 73.7554157, 15.6236619 ], [ 73.7551475, 15.6238583 ], [ 73.7546432, 15.6243697 ] ] ] } },
{ "type": "Feature", "properties": { "osm_id": "1179844253", "code": 7229, "fclass": "farmland", "name": null }, "geometry": { "type": "Polygon", "coordinates": [ [ [ 73.7583222, 15.6270313 ], [ 73.7584197, 15.6278517 ], [ 73.7585995, 15.6278543 ], [ 73.7587148, 15.6280609 ], [ 73.7588221, 15.6282185 ], [ 73.758983, 15.6284329 ], [ 73.7589562, 15.628686 ], [ 73.7586558, 15.6293705 ], [ 73.7587309, 15.6295048 ], [ 73.7590313, 15.6295462 ], [ 73.7590849, 15.629386 ], [ 73.7593746, 15.6292672 ], [ 73.7593532, 15.6281617 ], [ 73.7593585, 15.627769 ], [ 73.7592673, 15.6273764 ], [ 73.7591493, 15.626989 ], [ 73.7583222, 15.6270313 ] ] ] } },
{ "type": "Feature", "properties": { "osm_id": "1179844254", "code": 7229, "fclass": "farmland", "name": null }, "geometry": { "type": "Polygon", "coordinates": [ [ [ 73.7581837, 15.6255889 ], [ 73.7590096, 15.6255392 ], [ 73.7605141, 15.6254292 ], [ 73.7604954, 15.6252729 ], [ 73.7597287, 15.6252376 ], [ 73.7592137, 15.6252066 ], [ 73.75916, 15.6246694 ], [ 73.7584149, 15.6246855 ], [ 73.7582052, 15.62469 ], [ 73.7581837, 15.6255889 ] ] ] } },
{ "type": "Feature", "properties": { "osm_id": "1179844255", "code": 7229, "fclass": "farmland", "name": null }, "geometry": { "type": "Polygon", "coordinates": [ [ [ 73.7590356, 15.6206639 ], [ 73.7590527, 15.6210323 ], [ 73.7593853, 15.6210323 ], [ 73.759439, 15.6212493 ], [ 73.7595355, 15.621394 ], [ 73.7597072, 15.6214353 ], [ 73.7597412, 15.6223448 ], [ 73.7597474, 15.6225099 ], [ 73.7596375, 15.6227785 ], [ 73.7593371, 15.6230368 ], [ 73.7592244, 15.6233158 ], [ 73.7592244, 15.6237704 ], [ 73.7594175, 15.6237704 ], [ 73.759439, 15.6235328 ], [ 73.760249, 15.6235534 ], [ 73.760131, 15.6247262 ], [ 73.7606406, 15.6246074 ], [ 73.7610624, 15.6245149 ], [ 73.7612392, 15.6241324 ], [ 73.7616676, 15.6239814 ], [ 73.761735, 15.6236155 ], [ 73.7612736, 15.623649 ], [ 73.7612817, 15.6235509 ], [ 73.7617832, 15.6235147 ], [ 73.7617886, 15.6233778 ], [ 73.7609947, 15.6209031 ], [ 73.7599003, 15.6210117 ], [ 73.7596106, 15.620805 ], [ 73.7590356, 15.6206639 ] ] ] } },
{ "type": "Feature", "properties": { "osm_id": "1179844256", "code": 7229, "fclass": "farmland", "name": null }, "geometry": { "type": "Polygon", "coordinates": [ [ [ 73.7570035, 15.6227734 ], [ 73.7571698, 15.6231298 ], [ 73.7577921, 15.6232177 ], [ 73.7577707, 15.6234553 ], [ 73.7577814, 15.6236516 ], [ 73.7579852, 15.6238118 ], [ 73.7582213, 15.6238841 ], [ 73.7582219, 15.6238271 ], [ 73.7582266, 15.6233778 ], [ 73.7587241, 15.6233469 ], [ 73.7592244, 15.6233158 ], [ 73.7593371, 15.6230368 ], [ 73.7596375, 15.6227785 ], [ 73.7597474, 15.6225099 ], [ 73.7583904, 15.6225745 ], [ 73.7583876, 15.6226804 ], [ 73.7581676, 15.6227992 ], [ 73.7577546, 15.6227837 ], [ 73.7570357, 15.622639 ], [ 73.7570035, 15.6227734 ] ] ] } },
{ "type": "Feature", "properties": { "osm_id": "1179844257", "code": 7229, "fclass": "farmland", "name": null }, "geometry": { "type": "Polygon", "coordinates": [ [ [ 73.7537869, 15.6263396 ], [ 73.7539544, 15.6265331 ], [ 73.7542423, 15.626733 ], [ 73.7546107, 15.6268556 ], [ 73.7549255, 15.6269588 ], [ 73.7554077, 15.6271651 ], [ 73.755709, 15.6273715 ], [ 73.7561778, 15.6273264 ], [ 73.7565596, 15.6271845 ], [ 73.7569145, 15.6270426 ], [ 73.7571489, 15.6270748 ], [ 73.7573632, 15.6270684 ], [ 73.7576043, 15.626991 ], [ 73.7577457, 15.6269433 ], [ 73.7579906, 15.6268598 ], [ 73.757953, 15.6267513 ], [ 73.7581837, 15.6255889 ], [ 73.7582052, 15.62469 ], [ 73.7580797, 15.6245452 ], [ 73.7580415, 15.624276 ], [ 73.758222, 15.6242093 ], [ 73.7582152, 15.624076 ], [ 73.7580442, 15.6240752 ], [ 73.7575453, 15.6239719 ], [ 73.7572986, 15.6244937 ], [ 73.7573415, 15.624969 ], [ 73.7572557, 15.6252273 ], [ 73.7570304, 15.6254856 ], [ 73.7568212, 15.6255683 ], [ 73.7561452, 15.6255993 ], [ 73.755877, 15.6258007 ], [ 73.755776, 15.6257849 ], [ 73.7558497, 15.6256301 ], [ 73.7558564, 15.6255076 ], [ 73.7556086, 15.6254495 ], [ 73.7554746, 15.6254173 ], [ 73.7553273, 15.6253076 ], [ 73.7550862, 15.6253076 ], [ 73.7549188, 15.6254237 ], [ 73.7546576, 15.6254882 ], [ 73.7542959, 15.6257075 ], [ 73.7539209, 15.6260622 ], [ 73.7537869, 15.6263396 ] ] ] } },
{ "type": "Feature", "properties": { "osm_id": "1180040293", "code": 7229, "fclass": "farmland", "name": null }, "geometry": { "type": "Polygon", "coordinates": [ [ [ 73.7462532, 15.5878415 ], [ 73.7464195, 15.5880068 ], [ 73.7466943, 15.5879589 ], [ 73.7467012, 15.5878389 ], [ 73.7469801, 15.5876968 ], [ 73.7472618, 15.5876606 ], [ 73.7475809, 15.5875831 ], [ 73.7479833, 15.5874979 ], [ 73.7482649, 15.5881567 ], [ 73.7489086, 15.5879448 ], [ 73.7492332, 15.587857 ], [ 73.7491098, 15.5869321 ], [ 73.749117, 15.5868017 ], [ 73.7492359, 15.5867977 ], [ 73.7492788, 15.5872059 ], [ 73.7493861, 15.5872059 ], [ 73.7494558, 15.5877898 ], [ 73.749944, 15.5877226 ], [ 73.7499007, 15.5871777 ], [ 73.7504214, 15.5871594 ], [ 73.7504268, 15.5873041 ], [ 73.7509096, 15.5872473 ], [ 73.7509847, 15.5868442 ], [ 73.7502122, 15.5868442 ], [ 73.7498689, 15.5867771 ], [ 73.7494612, 15.5865652 ], [ 73.7482059, 15.585661 ], [ 73.7480503, 15.5859038 ], [ 73.7484097, 15.5861518 ], [ 73.7483239, 15.5865936 ], [ 73.7474093, 15.5865652 ], [ 73.7472135, 15.5868158 ], [ 73.7470445, 15.5869579 ], [ 73.7468004, 15.5871646 ], [ 73.7464303, 15.5875263 ], [ 73.7463873, 15.5876029 ], [ 73.7462532, 15.5878415 ] ] ] } },
{ "type": "Feature", "properties": { "osm_id": "1180040294", "code": 7229, "fclass": "farmland", "name": null }, "geometry": { "type": "Polygon", "coordinates": [ [ [ 73.7485736, 15.5855311 ], [ 73.7486839, 15.5855794 ], [ 73.7495335, 15.585772 ], [ 73.7501424, 15.585896 ], [ 73.7502229, 15.5865704 ], [ 73.7504616, 15.5865885 ], [ 73.7505126, 15.5867745 ], [ 73.7508103, 15.5867822 ], [ 73.7507862, 15.5862293 ], [ 73.7511831, 15.5862242 ], [ 73.7516767, 15.5857643 ], [ 73.751269, 15.585723 ], [ 73.7513548, 15.5849841 ], [ 73.7511671, 15.584935 ], [ 73.7510112, 15.5848992 ], [ 73.7504026, 15.5848303 ], [ 73.7504618, 15.5843229 ], [ 73.7504885, 15.5841276 ], [ 73.7502015, 15.584116 ], [ 73.7500888, 15.5845035 ], [ 73.7496436, 15.5844983 ], [ 73.7495148, 15.5851804 ], [ 73.7488496, 15.5851649 ], [ 73.7488389, 15.5852682 ], [ 73.7487052, 15.585268 ], [ 73.7485736, 15.5855311 ] ] ] } },
{ "type": "Feature", "properties": { "osm_id": "1180040295", "code": 7229, "fclass": "farmland", "name": null }, "geometry": { "type": "Polygon", "coordinates": [ [ [ 73.7484258, 15.588229 ], [ 73.748517, 15.5884202 ], [ 73.7489462, 15.5883479 ], [ 73.7491286, 15.588477 ], [ 73.7491286, 15.5887561 ], [ 73.7492788, 15.5887509 ], [ 73.7493485, 15.5891126 ], [ 73.7498581, 15.5888852 ], [ 73.7498957, 15.5887251 ], [ 73.7505341, 15.5885959 ], [ 73.7507164, 15.5878467 ], [ 73.7492895, 15.5880843 ], [ 73.7492466, 15.5879293 ], [ 73.748619, 15.5881205 ], [ 73.7484258, 15.588229 ] ] ] } },
{ "type": "Feature", "properties": { "osm_id": "1180641960", "code": 7215, "fclass": "orchard", "name": null }, "geometry": { "type": "Polygon", "coordinates": [ [ [ 73.742128, 15.5974004 ], [ 73.742364, 15.5975038 ], [ 73.7425438, 15.5975399 ], [ 73.7430212, 15.5975012 ], [ 73.7430992, 15.5973411 ], [ 73.7430909, 15.5969318 ], [ 73.7430292, 15.595977 ], [ 73.7429363, 15.5959449 ], [ 73.7426403, 15.5958633 ], [ 73.7424365, 15.595809 ], [ 73.7422785, 15.5967031 ], [ 73.742128, 15.5974004 ] ] ] } },
{ "type": "Feature", "properties": { "osm_id": "1180920775", "code": 7229, "fclass": "farmland", "name": null }, "geometry": { "type": "Polygon", "coordinates": [ [ [ 73.7546915, 15.5845603 ], [ 73.7549704, 15.5846689 ], [ 73.7549544, 15.5848303 ], [ 73.7560594, 15.5850022 ], [ 73.7561291, 15.5846637 ], [ 73.7562391, 15.5841108 ], [ 73.7562847, 15.5838163 ], [ 73.7567192, 15.5831652 ], [ 73.7568909, 15.5824883 ], [ 73.7564617, 15.5823229 ], [ 73.7563866, 15.5825865 ], [ 73.7561721, 15.5829947 ], [ 73.7556302, 15.5836251 ], [ 73.7553298, 15.5842813 ], [ 73.7550992, 15.5844105 ], [ 73.7547129, 15.5843382 ], [ 73.7546915, 15.5845603 ] ] ] } },
{ "type": "Feature", "properties": { "osm_id": "1180920776", "code": 7229, "fclass": "farmland", "name": null }, "geometry": { "type": "Polygon", "coordinates": [ [ [ 73.7540128, 15.5845939 ], [ 73.7540585, 15.5846043 ], [ 73.7542422, 15.5846676 ], [ 73.7542342, 15.5845849 ], [ 73.7542878, 15.5844673 ], [ 73.7543683, 15.5843084 ], [ 73.7544461, 15.5842361 ], [ 73.7546499, 15.5841741 ], [ 73.7550563, 15.5842658 ], [ 73.7552118, 15.5841573 ], [ 73.7554157, 15.5837129 ], [ 73.7560379, 15.5829327 ], [ 73.7561291, 15.5827983 ], [ 73.7563491, 15.5822609 ], [ 73.7562954, 15.5820646 ], [ 73.7562472, 15.5818062 ], [ 73.7560809, 15.581863 ], [ 73.7559736, 15.581863 ], [ 73.7557375, 15.5816254 ], [ 73.7557805, 15.581584 ], [ 73.7558931, 15.5816202 ], [ 73.7562257, 15.581429 ], [ 73.756333, 15.581491 ], [ 73.7565529, 15.5813257 ], [ 73.7565744, 15.5812171 ], [ 73.7565207, 15.5810208 ], [ 73.7559628, 15.5804575 ], [ 73.7556839, 15.5805454 ], [ 73.7549812, 15.5806591 ], [ 73.7545305, 15.5812068 ], [ 73.7540692, 15.5812688 ], [ 73.7540692, 15.5814135 ], [ 73.7543857, 15.5814342 ], [ 73.7545949, 15.5819871 ], [ 73.7546915, 15.5826588 ], [ 73.7545359, 15.582819 ], [ 73.7540612, 15.5844053 ], [ 73.7540128, 15.5845939 ] ] ] } },
{ "type": "Feature", "properties": { "osm_id": "1180920777", "code": 7229, "fclass": "farmland", "name": null }, "geometry": { "type": "Polygon", "coordinates": [ [ [ 73.7557697, 15.5792639 ], [ 73.7561828, 15.5794086 ], [ 73.7564832, 15.5785611 ], [ 73.7566227, 15.5784836 ], [ 73.7568051, 15.5782098 ], [ 73.7565207, 15.5780599 ], [ 73.7563282, 15.5781016 ], [ 73.7563115, 15.5782718 ], [ 73.7562901, 15.5786386 ], [ 73.755936, 15.5786593 ], [ 73.755818, 15.5787833 ], [ 73.7557697, 15.5792639 ] ] ] } },
{ "type": "Feature", "properties": { "osm_id": "1180920778", "code": 7229, "fclass": "farmland", "name": null }, "geometry": { "type": "Polygon", "coordinates": [ [ [ 73.7417632, 15.5759257 ], [ 73.7422701, 15.5759755 ], [ 73.7422656, 15.5762545 ], [ 73.7424284, 15.5762513 ], [ 73.7424713, 15.5756881 ], [ 73.7432224, 15.5756312 ], [ 73.7431902, 15.5764012 ], [ 73.7434369, 15.5764012 ], [ 73.7434477, 15.5762668 ], [ 73.7439144, 15.5762048 ], [ 73.7439305, 15.5756777 ], [ 73.7441021, 15.5756674 ], [ 73.7441021, 15.5753935 ], [ 73.7442952, 15.5753935 ], [ 73.7443221, 15.575099 ], [ 73.7445849, 15.5750887 ], [ 73.7446332, 15.5744892 ], [ 73.7448424, 15.5744892 ], [ 73.7448692, 15.5742257 ], [ 73.7445366, 15.574205 ], [ 73.744542, 15.574081 ], [ 73.7448853, 15.5740965 ], [ 73.7449336, 15.5737503 ], [ 73.7447083, 15.5737296 ], [ 73.7447673, 15.5733576 ], [ 73.7449551, 15.5733679 ], [ 73.7449819, 15.5730682 ], [ 73.7449878, 15.5729242 ], [ 73.7447039, 15.5728359 ], [ 73.7438983, 15.5728925 ], [ 73.7434101, 15.5727891 ], [ 73.7434852, 15.5724067 ], [ 73.7429023, 15.5724416 ], [ 73.7426575, 15.5723528 ], [ 73.7424982, 15.5726961 ], [ 73.7424928, 15.5728046 ], [ 73.7427986, 15.5729028 ], [ 73.7424982, 15.5736831 ], [ 73.7431419, 15.573802 ], [ 73.7428951, 15.5748251 ], [ 73.7423694, 15.5747011 ], [ 73.7423319, 15.5749543 ], [ 73.742069, 15.5749285 ], [ 73.7420422, 15.575099 ], [ 73.7427556, 15.5752385 ], [ 73.7427181, 15.5755847 ], [ 73.7418544, 15.5755382 ], [ 73.7417632, 15.5759257 ] ] ] } },
{ "type": "Feature", "properties": { "osm_id": "1180920781", "code": 7229, "fclass": "farmland", "name": null }, "geometry": { "type": "Polygon", "coordinates": [ [ [ 73.7434477, 15.5820181 ], [ 73.7445259, 15.5819509 ], [ 73.7445581, 15.5811758 ], [ 73.7446761, 15.5811758 ], [ 73.7447137, 15.5819251 ], [ 73.7449765, 15.5819044 ], [ 73.7450623, 15.5804886 ], [ 73.7454808, 15.5805092 ], [ 73.7455176, 15.5803469 ], [ 73.7458417, 15.5789173 ], [ 73.7461635, 15.5788866 ], [ 73.7466234, 15.5787678 ], [ 73.7466019, 15.578556 ], [ 73.7455881, 15.5787058 ], [ 73.7451214, 15.5788557 ], [ 73.7449282, 15.5790107 ], [ 73.7447512, 15.5791399 ], [ 73.7443542, 15.5794499 ], [ 73.7442523, 15.5796411 ], [ 73.7442416, 15.5798168 ], [ 73.7441504, 15.5798788 ], [ 73.7438017, 15.5799046 ], [ 73.7435657, 15.5799718 ], [ 73.7435496, 15.5801992 ], [ 73.7434584, 15.5813412 ], [ 73.7434477, 15.5820181 ] ] ] } },
{ "type": "Feature", "properties": { "osm_id": "1180920784", "code": 7229, "fclass": "farmland", "name": null }, "geometry": { "type": "Polygon", "coordinates": [ [ [ 73.739934, 15.5798788 ], [ 73.7402183, 15.58038 ], [ 73.7403095, 15.5806539 ], [ 73.7408191, 15.5809381 ], [ 73.740921, 15.581212 ], [ 73.7409264, 15.581677 ], [ 73.7410579, 15.581708 ], [ 73.7411785, 15.5817287 ], [ 73.7414843, 15.5817649 ], [ 73.7423694, 15.5818062 ], [ 73.742297, 15.5822402 ], [ 73.7432009, 15.5819871 ], [ 73.7433565, 15.5796256 ], [ 73.7435013, 15.5788815 ], [ 73.7434155, 15.5787575 ], [ 73.7434423, 15.5782924 ], [ 73.74385, 15.5782149 ], [ 73.7444025, 15.5783183 ], [ 73.7447727, 15.5783493 ], [ 73.7447566, 15.5787058 ], [ 73.7437051, 15.5787317 ], [ 73.7435603, 15.5796204 ], [ 73.7436354, 15.5796773 ], [ 73.744086, 15.5797238 ], [ 73.7443489, 15.5792897 ], [ 73.7447727, 15.5789694 ], [ 73.7449443, 15.5788247 ], [ 73.7455022, 15.5786231 ], [ 73.7460601, 15.5785663 ], [ 73.7464678, 15.5784113 ], [ 73.745867, 15.5780857 ], [ 73.7457865, 15.5778222 ], [ 73.7455505, 15.5771401 ], [ 73.7453628, 15.5770058 ], [ 73.7453198, 15.5767371 ], [ 73.7450623, 15.5767474 ], [ 73.7450838, 15.577197 ], [ 73.7445849, 15.5772021 ], [ 73.7445152, 15.5763805 ], [ 73.7434369, 15.5765149 ], [ 73.7427585, 15.5764788 ], [ 73.7425625, 15.5764684 ], [ 73.7425733, 15.5772176 ], [ 73.7421334, 15.5772176 ], [ 73.7421226, 15.5764477 ], [ 73.7417471, 15.5764425 ], [ 73.7416559, 15.5777292 ], [ 73.7407601, 15.5776879 ], [ 73.7405294, 15.5780186 ], [ 73.7403309, 15.5786231 ], [ 73.7403256, 15.5788402 ], [ 73.7401646, 15.5788505 ], [ 73.7401539, 15.5789849 ], [ 73.7407601, 15.5790107 ], [ 73.7407547, 15.5791037 ], [ 73.7400734, 15.5790727 ], [ 73.7400072, 15.5793197 ], [ 73.7399501, 15.5795326 ], [ 73.739934, 15.5798788 ] ] ] } },
{ "type": "Feature", "properties": { "osm_id": "1182204909", "code": 7215, "fclass": "orchard", "name": null }, "geometry": { "type": "Polygon", "coordinates": [ [ [ 73.8059565, 15.6045512 ], [ 73.8062774, 15.6053861 ], [ 73.8077471, 15.6047539 ], [ 73.807754, 15.6047641 ], [ 73.8088808, 15.604797 ], [ 73.8090992, 15.6047708 ], [ 73.8093234, 15.6042183 ], [ 73.8096787, 15.6036789 ], [ 73.8096806, 15.6035695 ], [ 73.8099101, 15.6033087 ], [ 73.8098932, 15.6030971 ], [ 73.8096285, 15.6028441 ], [ 73.8095556, 15.6024839 ], [ 73.8089308, 15.6016484 ], [ 73.806675, 15.602275 ], [ 73.8069114, 15.6031924 ], [ 73.8070942, 15.6037644 ], [ 73.8070428, 15.6037969 ], [ 73.8070241, 15.6039028 ], [ 73.8070536, 15.6039752 ], [ 73.8071654, 15.6040231 ], [ 73.8059565, 15.6045512 ] ] ] } },
{ "type": "Feature", "properties": { "osm_id": "1183343951", "code": 7229, "fclass": "farmland", "name": null }, "geometry": { "type": "Polygon", "coordinates": [ [ [ 73.7769806, 15.6210272 ], [ 73.7770182, 15.6211202 ], [ 73.7772489, 15.6210995 ], [ 73.7777585, 15.620774 ], [ 73.778429, 15.6205777 ], [ 73.7787509, 15.620774 ], [ 73.7789708, 15.6208412 ], [ 73.7799203, 15.62034 ], [ 73.7801027, 15.6207843 ], [ 73.7803844, 15.6206991 ], [ 73.7804809, 15.6209832 ], [ 73.7809128, 15.6209497 ], [ 73.7808645, 15.6204227 ], [ 73.7816182, 15.6203762 ], [ 73.782168, 15.6207353 ], [ 73.7829512, 15.6206965 ], [ 73.7829486, 15.6205932 ], [ 73.783102, 15.6205986 ], [ 73.7835945, 15.620616 ], [ 73.7835467, 15.6202161 ], [ 73.7835252, 15.6201386 ], [ 73.7835011, 15.6199061 ], [ 73.7832811, 15.6199448 ], [ 73.7831229, 15.6199655 ], [ 73.783021, 15.6199836 ], [ 73.7829566, 15.6198182 ], [ 73.7826481, 15.6197795 ], [ 73.7821653, 15.6197149 ], [ 73.7820152, 15.6196659 ], [ 73.7819695, 15.6196013 ], [ 73.7819085, 15.6191511 ], [ 73.781759, 15.6191583 ], [ 73.7812909, 15.6192861 ], [ 73.7808846, 15.6193584 ], [ 73.780725, 15.6193455 ], [ 73.7802422, 15.6194282 ], [ 73.7799498, 15.6194566 ], [ 73.7797272, 15.6194889 ], [ 73.7795475, 15.6194656 ], [ 73.779282, 15.6194308 ], [ 73.7790325, 15.6194011 ], [ 73.77872, 15.6193739 ], [ 73.7785697, 15.6193113 ], [ 73.778425, 15.6192396 ], [ 73.778252, 15.619219 ], [ 73.7778658, 15.6201696 ], [ 73.7772489, 15.6209238 ], [ 73.7769806, 15.6210272 ] ] ] } },
{ "type": "Feature", "properties": { "osm_id": "1183381302", "code": 7229, "fclass": "farmland", "name": null }, "geometry": { "type": "Polygon", "coordinates": [ [ [ 73.8067746, 15.6448113 ], [ 73.8068658, 15.6450799 ], [ 73.8074613, 15.6451368 ], [ 73.8079762, 15.6453434 ], [ 73.8088024, 15.645891 ], [ 73.809092, 15.6462422 ], [ 73.8092637, 15.6468724 ], [ 73.8092744, 15.647358 ], [ 73.8089633, 15.6481638 ], [ 73.8096928, 15.6483704 ], [ 73.8100576, 15.6486597 ], [ 73.8108516, 15.6487424 ], [ 73.8109481, 15.648825 ], [ 73.8110232, 15.649042 ], [ 73.8111412, 15.6491659 ], [ 73.8116133, 15.6491556 ], [ 73.8116375, 15.6491143 ], [ 73.8116187, 15.6490755 ], [ 73.8115838, 15.6490497 ], [ 73.8115892, 15.6489981 ], [ 73.8116321, 15.6489851 ], [ 73.811734, 15.6489877 ], [ 73.811954, 15.6488431 ], [ 73.8122249, 15.6484195 ], [ 73.8122866, 15.64828 ], [ 73.8125038, 15.6480941 ], [ 73.8128337, 15.6478745 ], [ 73.8130483, 15.6476447 ], [ 73.8130724, 15.6475594 ], [ 73.8130724, 15.6475155 ], [ 73.813051, 15.6474303 ], [ 73.8129973, 15.6473606 ], [ 73.8128901, 15.6472728 ], [ 73.8127774, 15.6472082 ], [ 73.8125977, 15.6471565 ], [ 73.8121685, 15.6469215 ], [ 73.8119486, 15.6466606 ], [ 73.8118896, 15.6465108 ], [ 73.8118869, 15.6462396 ], [ 73.811962, 15.6460588 ], [ 73.8120612, 15.6459555 ], [ 73.8122436, 15.6458522 ], [ 73.8124609, 15.6457954 ], [ 73.8127586, 15.6457825 ], [ 73.8129464, 15.6458186 ], [ 73.8133487, 15.6459968 ], [ 73.8134614, 15.6460149 ], [ 73.8135579, 15.6460098 ], [ 73.813684, 15.6459452 ], [ 73.813743, 15.645878 ], [ 73.8137591, 15.6458367 ], [ 73.813794, 15.6456611 ], [ 73.8137886, 15.6455733 ], [ 73.8137779, 15.6455293 ], [ 73.8137484, 15.6454493 ], [ 73.8137189, 15.6454131 ], [ 73.813684, 15.6453795 ], [ 73.8136142, 15.645346 ], [ 73.8134962, 15.6453201 ], [ 73.8133594, 15.6453227 ], [ 73.8132173, 15.6453511 ], [ 73.8129866, 15.6454441 ], [ 73.8129437, 15.6454519 ], [ 73.8125387, 15.6455862 ], [ 73.8122088, 15.6456378 ], [ 73.8119352, 15.6456223 ], [ 73.811844, 15.6456017 ], [ 73.8116884, 15.645519 ], [ 73.811447, 15.6451884 ], [ 73.811388, 15.6451264 ], [ 73.8109964, 15.6447648 ], [ 73.8108569, 15.6446564 ], [ 73.8107711, 15.6446254 ], [ 73.8106853, 15.6446409 ], [ 73.8106102, 15.6446925 ], [ 73.8105512, 15.6447545 ], [ 73.8105082, 15.644832 ], [ 73.8104117, 15.6449973 ], [ 73.8103312, 15.6450438 ], [ 73.8102347, 15.6450438 ], [ 73.8100147, 15.6448578 ], [ 73.8099343, 15.6448113 ], [ 73.8097626, 15.6447648 ], [ 73.809666, 15.6447597 ], [ 73.8095748, 15.6447803 ], [ 73.809489, 15.6448217 ], [ 73.8093978, 15.6448268 ], [ 73.8090652, 15.6447545 ], [ 73.8088936, 15.6446409 ], [ 73.8092369, 15.644739 ], [ 73.8094139, 15.6447287 ], [ 73.809768, 15.6446667 ], [ 73.8098538, 15.6446615 ], [ 73.809945, 15.6446718 ], [ 73.8100254, 15.6447028 ], [ 73.8100952, 15.6447597 ], [ 73.8102186, 15.6448836 ], [ 73.8103044, 15.6449146 ], [ 73.8103902, 15.6449095 ], [ 73.8104707, 15.6446822 ], [ 73.8105297, 15.6446202 ], [ 73.8105941, 15.6445634 ], [ 73.8106692, 15.6445117 ], [ 73.810755, 15.6444962 ], [ 73.8108462, 15.644522 ], [ 73.8110071, 15.6445892 ], [ 73.811093, 15.644615 ], [ 73.8111466, 15.644584 ], [ 73.8113612, 15.6441088 ], [ 73.8113129, 15.6442948 ], [ 73.8112003, 15.6446305 ], [ 73.8112217, 15.6447028 ], [ 73.8115436, 15.6450748 ], [ 73.8115972, 15.6451471 ], [ 73.8117796, 15.6453331 ], [ 73.8118547, 15.6453847 ], [ 73.8119352, 15.6454157 ], [ 73.8120264, 15.6454312 ], [ 73.8121229, 15.6454364 ], [ 73.8122785, 15.6454209 ], [ 73.8123536, 15.6453744 ], [ 73.8124126, 15.6451729 ], [ 73.8124233, 15.6450386 ], [ 73.812418, 15.644925 ], [ 73.8124555, 15.6450748 ], [ 73.8124341, 15.6452556 ], [ 73.8124126, 15.645364 ], [ 73.8124394, 15.6454157 ], [ 73.8125521, 15.6454209 ], [ 73.8130724, 15.6451213 ], [ 73.8133353, 15.6450593 ], [ 73.8135123, 15.6450438 ], [ 73.8138771, 15.6453124 ], [ 73.8139683, 15.6454519 ], [ 73.8139737, 15.6457153 ], [ 73.8138556, 15.6460511 ], [ 73.8137966, 15.6461182 ], [ 73.813743, 15.6461906 ], [ 73.8136786, 15.6462525 ], [ 73.8135821, 15.6463197 ], [ 73.8135982, 15.6464333 ], [ 73.8136411, 15.646516 ], [ 73.8137966, 15.6467278 ], [ 73.8139147, 15.6468569 ], [ 73.8140005, 15.6468879 ], [ 73.8143009, 15.6470222 ], [ 73.81414, 15.6469809 ], [ 73.813861, 15.6469861 ], [ 73.8137913, 15.6469292 ], [ 73.8137054, 15.6467743 ], [ 73.8136572, 15.646702 ], [ 73.8135982, 15.6466348 ], [ 73.8135284, 15.646578 ], [ 73.8134426, 15.6465367 ], [ 73.8133514, 15.6465367 ], [ 73.8132816, 15.6465986 ], [ 73.8132602, 15.6466916 ], [ 73.8132763, 15.6467794 ], [ 73.8133192, 15.6468569 ], [ 73.8133728, 15.6469292 ], [ 73.8134104, 15.6470067 ], [ 73.8134372, 15.6470894 ], [ 73.8134479, 15.6472133 ], [ 73.8134372, 15.6474923 ], [ 73.8134265, 15.6475801 ], [ 73.8133353, 15.6477299 ], [ 73.8133031, 15.6478126 ], [ 73.8132495, 15.64789 ], [ 73.8129437, 15.6480502 ], [ 73.8128632, 15.6480967 ], [ 73.8128042, 15.6481638 ], [ 73.8127398, 15.648231 ], [ 73.8126916, 15.6483033 ], [ 73.8126004, 15.6485254 ], [ 73.8131261, 15.6482775 ], [ 73.8134243, 15.6482329 ], [ 73.8137483, 15.6481845 ], [ 73.8147139, 15.6478642 ], [ 73.8154145, 15.6472166 ], [ 73.8155186, 15.6471204 ], [ 73.815632, 15.6468248 ], [ 73.815701, 15.6466451 ], [ 73.8157707, 15.6462164 ], [ 73.8158405, 15.6459943 ], [ 73.8157117, 15.645519 ], [ 73.8135767, 15.6436387 ], [ 73.8133085, 15.6431118 ], [ 73.8125038, 15.6426366 ], [ 73.8120961, 15.6425126 ], [ 73.810755, 15.6426986 ], [ 73.810637, 15.6427605 ], [ 73.8105941, 15.6429362 ], [ 73.8105082, 15.6431945 ], [ 73.8105887, 15.6435199 ], [ 73.8105029, 15.6437007 ], [ 73.8101274, 15.6438763 ], [ 73.8097572, 15.643804 ], [ 73.8094354, 15.6436904 ], [ 73.8088238, 15.643649 ], [ 73.8081801, 15.6438143 ], [ 73.8072359, 15.6441656 ], [ 73.8067961, 15.6445995 ], [ 73.8067746, 15.6448113 ] ] ] } },
{ "type": "Feature", "properties": { "osm_id": "1183433926", "code": 7229, "fclass": "farmland", "name": null }, "geometry": { "type": "Polygon", "coordinates": [ [ [ 73.8185119, 15.6240083 ], [ 73.8186461, 15.6248967 ], [ 73.8195312, 15.6247365 ], [ 73.8195902, 15.6244059 ], [ 73.8195741, 15.6242147 ], [ 73.8193917, 15.6240701 ], [ 73.8209474, 15.6238479 ], [ 73.8206738, 15.6231402 ], [ 73.8206845, 15.622856 ], [ 73.8208019, 15.6226542 ], [ 73.8212418, 15.6221428 ], [ 73.8219821, 15.621869 ], [ 73.8227849, 15.6218503 ], [ 73.8227707, 15.621311 ], [ 73.8221752, 15.6211353 ], [ 73.8221591, 15.6206704 ], [ 73.8221484, 15.6204947 ], [ 73.8220577, 15.6202369 ], [ 73.8218533, 15.6205412 ], [ 73.8217782, 15.6207427 ], [ 73.82173, 15.6209339 ], [ 73.8216661, 15.6210067 ], [ 73.8214998, 15.6210119 ], [ 73.8213496, 15.6211204 ], [ 73.8211345, 15.6213368 ], [ 73.8209253, 15.621497 ], [ 73.8206195, 15.6217398 ], [ 73.8203679, 15.6219831 ], [ 73.8201689, 15.6221583 ], [ 73.8199973, 15.6222874 ], [ 73.8198685, 15.6224321 ], [ 73.8196164, 15.6226956 ], [ 73.8192409, 15.6231863 ], [ 73.8189029, 15.6237908 ], [ 73.8185119, 15.6240083 ] ] ] } },
{ "type": "Feature", "properties": { "osm_id": "1183709066", "code": 7229, "fclass": "farmland", "name": null }, "geometry": { "type": "Polygon", "coordinates": [ [ [ 73.8064259, 15.5808864 ], [ 73.8064849, 15.5814755 ], [ 73.8065493, 15.5817442 ], [ 73.8068497, 15.5825296 ], [ 73.8070804, 15.5827105 ], [ 73.8076007, 15.5824883 ], [ 73.8077724, 15.5823333 ], [ 73.8093549, 15.5820594 ], [ 73.8093764, 15.5818992 ], [ 73.8100415, 15.581212 ], [ 73.8100094, 15.5810983 ], [ 73.8098216, 15.5808709 ], [ 73.8098162, 15.5807056 ], [ 73.8099021, 15.5804937 ], [ 73.8100147, 15.5804782 ], [ 73.8102668, 15.5805041 ], [ 73.8103151, 15.5802095 ], [ 73.8104224, 15.5789487 ], [ 73.8102722, 15.5785146 ], [ 73.8100415, 15.5785198 ], [ 73.809489, 15.5769283 ], [ 73.8082194, 15.5756398 ], [ 73.8078969, 15.5756572 ], [ 73.8079119, 15.5757346 ], [ 73.8071877, 15.5758173 ], [ 73.8071662, 15.5761169 ], [ 73.8074666, 15.576374 ], [ 73.8076115, 15.576458 ], [ 73.8076879, 15.5765549 ], [ 73.8078207, 15.5768688 ], [ 73.8079709, 15.5768249 ], [ 73.8079601, 15.5763598 ], [ 73.8086843, 15.5762823 ], [ 73.8088506, 15.5772228 ], [ 73.8080835, 15.577352 ], [ 73.8083947, 15.5778739 ], [ 73.8091135, 15.5777809 ], [ 73.8093603, 15.5785663 ], [ 73.809135, 15.5786335 ], [ 73.8088506, 15.5787368 ], [ 73.8089365, 15.5791089 ], [ 73.8094139, 15.5790365 ], [ 73.8095319, 15.5793931 ], [ 73.8076383, 15.5798013 ], [ 73.8077187, 15.5803129 ], [ 73.8074452, 15.5803542 ], [ 73.8074559, 15.5805402 ], [ 73.8069731, 15.5805971 ], [ 73.8069838, 15.5807779 ], [ 73.8064259, 15.5808864 ] ] ] } },
{ "type": "Feature", "properties": { "osm_id": "1183709068", "code": 7229, "fclass": "farmland", "name": null }, "geometry": { "type": "Polygon", "coordinates": [ [ [ 73.7984759, 15.5776672 ], [ 73.7985295, 15.5778274 ], [ 73.7990498, 15.5777964 ], [ 73.799125, 15.5782769 ], [ 73.7990284, 15.5783028 ], [ 73.7990338, 15.578432 ], [ 73.7989318, 15.578432 ], [ 73.7988567, 15.5780806 ], [ 73.7986475, 15.5781219 ], [ 73.7988675, 15.5790365 ], [ 73.7989157, 15.5791606 ], [ 73.7994254, 15.579114 ], [ 73.7994415, 15.5792639 ], [ 73.7990123, 15.5793672 ], [ 73.7993556, 15.5802405 ], [ 73.7997955, 15.5802199 ], [ 73.7998009, 15.5803077 ], [ 73.7996882, 15.5804214 ], [ 73.7997955, 15.5807159 ], [ 73.7998652, 15.5807366 ], [ 73.8003963, 15.5807469 ], [ 73.8004017, 15.5809329 ], [ 73.8000423, 15.5809588 ], [ 73.8009435, 15.5817442 ], [ 73.801201, 15.5817235 ], [ 73.8012332, 15.5819871 ], [ 73.8013726, 15.5821111 ], [ 73.801657, 15.5817132 ], [ 73.801775, 15.581615 ], [ 73.8024777, 15.5814807 ], [ 73.8028264, 15.581429 ], [ 73.8040173, 15.5819561 ], [ 73.8042211, 15.5821576 ], [ 73.8045216, 15.5822403 ], [ 73.8046557, 15.5823849 ], [ 73.8048381, 15.5824676 ], [ 73.8050848, 15.5824366 ], [ 73.805353, 15.5823694 ], [ 73.805514, 15.5824366 ], [ 73.8061523, 15.5828035 ], [ 73.8062918, 15.5828397 ], [ 73.8064259, 15.5829895 ], [ 73.8065493, 15.5830463 ], [ 73.8068497, 15.5829637 ], [ 73.8064581, 15.5818475 ], [ 73.8063884, 15.581553 ], [ 73.8063133, 15.5809949 ], [ 73.8052189, 15.581057 ], [ 73.8050741, 15.5802715 ], [ 73.8045323, 15.5803439 ], [ 73.8045376, 15.5805764 ], [ 73.8040173, 15.5805712 ], [ 73.803792, 15.5805144 ], [ 73.803336, 15.5792226 ], [ 73.8032287, 15.5787885 ], [ 73.8031429, 15.5787885 ], [ 73.8030732, 15.5783544 ], [ 73.8031161, 15.5782408 ], [ 73.8032287, 15.5781426 ], [ 73.8033038, 15.5781271 ], [ 73.8032448, 15.5776827 ], [ 73.8030302, 15.5777085 ], [ 73.8030571, 15.5779566 ], [ 73.8020593, 15.5781167 ], [ 73.8020056, 15.5781581 ], [ 73.8019681, 15.5790985 ], [ 73.8010454, 15.5794499 ], [ 73.8009167, 15.5793982 ], [ 73.8004929, 15.5779462 ], [ 73.8003749, 15.5777654 ], [ 73.8000637, 15.577786 ], [ 73.8000369, 15.5775897 ], [ 73.8001549, 15.5775742 ], [ 73.8000905, 15.5772848 ], [ 73.7994146, 15.5774192 ], [ 73.7984759, 15.5776672 ] ] ] } },
{ "type": "Feature", "properties": { "osm_id": "1183709069", "code": 7229, "fclass": "farmland", "name": null }, "geometry": { "type": "Polygon", "coordinates": [ [ [ 73.801555, 15.5822609 ], [ 73.8051814, 15.5855008 ], [ 73.8051814, 15.5852011 ], [ 73.8051063, 15.5850564 ], [ 73.8051814, 15.5849634 ], [ 73.8052726, 15.5848084 ], [ 73.8057125, 15.5839661 ], [ 73.80575, 15.5837026 ], [ 73.80575, 15.5834597 ], [ 73.8060021, 15.5828345 ], [ 73.8053369, 15.582509 ], [ 73.8050634, 15.5825813 ], [ 73.8048488, 15.5825916 ], [ 73.8041836, 15.5823333 ], [ 73.8040388, 15.5821989 ], [ 73.8039476, 15.5820749 ], [ 73.8027781, 15.581584 ], [ 73.8026011, 15.581615 ], [ 73.8018554, 15.5817597 ], [ 73.8017321, 15.5818372 ], [ 73.8016301, 15.5821834 ], [ 73.801555, 15.5822609 ] ] ] } },
{ "type": "Feature", "properties": { "osm_id": "1184938181", "code": 7229, "fclass": "farmland", "name": null }, "geometry": { "type": "Polygon", "coordinates": [ [ [ 73.8417148, 15.5357652 ], [ 73.8417338, 15.5358634 ], [ 73.8418701, 15.5360507 ], [ 73.8419485, 15.5361836 ], [ 73.8419836, 15.5364732 ], [ 73.8420966, 15.5366008 ], [ 73.8420876, 15.5366891 ], [ 73.8424855, 15.536996 ], [ 73.8427913, 15.5371148 ], [ 73.8430005, 15.5371045 ], [ 73.8438803, 15.536045 ], [ 73.8437408, 15.5359054 ], [ 73.8437408, 15.5358279 ], [ 73.8435692, 15.5356625 ], [ 73.8437033, 15.5352749 ], [ 73.8442773, 15.5356419 ], [ 73.8440359, 15.5359261 ], [ 73.8440841, 15.5360088 ], [ 73.8436711, 15.536474 ], [ 73.8434243, 15.5368513 ], [ 73.8434029, 15.5371562 ], [ 73.8436764, 15.537425 ], [ 73.8436657, 15.5375076 ], [ 73.8435638, 15.5376627 ], [ 73.843435, 15.5375645 ], [ 73.8434565, 15.5374715 ], [ 73.8435316, 15.5373991 ], [ 73.8433653, 15.5372906 ], [ 73.8432902, 15.5373681 ], [ 73.8432634, 15.5374456 ], [ 73.8431936, 15.5374146 ], [ 73.842904, 15.5372182 ], [ 73.8427752, 15.5372182 ], [ 73.8422656, 15.5370063 ], [ 73.8420744, 15.5373487 ], [ 73.8424239, 15.5376834 ], [ 73.8425875, 15.5374818 ], [ 73.8427377, 15.5375774 ], [ 73.8426867, 15.5377454 ], [ 73.842566, 15.5376885 ], [ 73.8425311, 15.537903 ], [ 73.8427324, 15.538074 ], [ 73.8431454, 15.5382394 ], [ 73.8433842, 15.5380688 ], [ 73.8434593, 15.5380559 ], [ 73.8436872, 15.5377432 ], [ 73.8439421, 15.5375158 ], [ 73.844111, 15.5375158 ], [ 73.8442076, 15.5373194 ], [ 73.8446394, 15.536756 ], [ 73.8445241, 15.5365881 ], [ 73.8446072, 15.5364899 ], [ 73.8447977, 15.5364614 ], [ 73.8455246, 15.5358231 ], [ 73.8463614, 15.5351564 ], [ 73.8470615, 15.5344638 ], [ 73.8472465, 15.5341951 ], [ 73.847268, 15.534084 ], [ 73.8475764, 15.5335645 ], [ 73.8475523, 15.5335077 ], [ 73.8476811, 15.5331511 ], [ 73.8477481, 15.5331175 ], [ 73.8478795, 15.5331769 ], [ 73.8481078, 15.5328523 ], [ 73.8477105, 15.5328354 ], [ 73.8464338, 15.5331093 ], [ 73.8445616, 15.5323444 ], [ 73.844288, 15.5324632 ], [ 73.8441981, 15.5324385 ], [ 73.8439016, 15.5332758 ], [ 73.8430809, 15.5342629 ], [ 73.8431722, 15.5343652 ], [ 73.8431507, 15.5344903 ], [ 73.8437086, 15.5345772 ], [ 73.8442182, 15.5349079 ], [ 73.8440251, 15.535125 ], [ 73.8435209, 15.5347736 ], [ 73.8428824, 15.5345989 ], [ 73.8426303, 15.5344697 ], [ 73.8424157, 15.5344904 ], [ 73.8419951, 15.535004 ], [ 73.841811, 15.5354316 ], [ 73.8417148, 15.5357652 ] ] ] } },
{ "type": "Feature", "properties": { "osm_id": "1184938182", "code": 7229, "fclass": "farmland", "name": null }, "geometry": { "type": "Polygon", "coordinates": [ [ [ 73.8447198, 15.5322875 ], [ 73.8447708, 15.5323134 ], [ 73.8464606, 15.5330059 ], [ 73.8478768, 15.5327217 ], [ 73.8473296, 15.5318895 ], [ 73.8472276, 15.5314823 ], [ 73.8454735, 15.5321066 ], [ 73.8454843, 15.532303 ], [ 73.8454467, 15.532365 ], [ 73.845157, 15.5322979 ], [ 73.8451114, 15.5322204 ], [ 73.8447775, 15.5322578 ], [ 73.8447198, 15.5322875 ] ] ] } },
{ "type": "Feature", "properties": { "osm_id": "1184938183", "code": 7229, "fclass": "farmland", "name": null }, "geometry": { "type": "Polygon", "coordinates": [ [ [ 73.8428743, 15.5386085 ], [ 73.8445535, 15.5396267 ], [ 73.8446507, 15.539632 ], [ 73.8447332, 15.5383656 ], [ 73.8457847, 15.5371252 ], [ 73.8484669, 15.5358951 ], [ 73.8485858, 15.535851 ], [ 73.8489599, 15.5357121 ], [ 73.8496363, 15.535461 ], [ 73.8520288, 15.5363913 ], [ 73.8523829, 15.535616 ], [ 73.8525867, 15.5356884 ], [ 73.8531768, 15.5344479 ], [ 73.8528764, 15.5343239 ], [ 73.8496202, 15.53313 ], [ 73.8492769, 15.5329336 ], [ 73.8485849, 15.5329388 ], [ 73.8484051, 15.5329034 ], [ 73.8479592, 15.5337423 ], [ 73.8480795, 15.5338036 ], [ 73.8479203, 15.5342094 ], [ 73.8477468, 15.5341412 ], [ 73.8473929, 15.5347039 ], [ 73.8466745, 15.5350755 ], [ 73.8466639, 15.535171 ], [ 73.8460622, 15.5356382 ], [ 73.8453544, 15.5361599 ], [ 73.8450075, 15.5365316 ], [ 73.8450075, 15.5365895 ], [ 73.8449226, 15.5366918 ], [ 73.8447633, 15.5365554 ], [ 73.8447456, 15.5366134 ], [ 73.8448978, 15.536743 ], [ 73.8441192, 15.5378102 ], [ 73.8433618, 15.538407 ], [ 73.8428743, 15.5386085 ] ] ] } },
{ "type": "Feature", "properties": { "osm_id": "1184938187", "code": 7229, "fclass": "farmland", "name": null }, "geometry": { "type": "Polygon", "coordinates": [ [ [ 73.8387495, 15.5423924 ], [ 73.8388238, 15.542659 ], [ 73.8389742, 15.5427889 ], [ 73.8390525, 15.5429527 ], [ 73.838999, 15.5436443 ], [ 73.8390936, 15.5436857 ], [ 73.8406551, 15.5443402 ], [ 73.8408708, 15.5439784 ], [ 73.8419115, 15.5445572 ], [ 73.8426626, 15.5439784 ], [ 73.8431239, 15.5441127 ], [ 73.8438535, 15.5427793 ], [ 73.8442397, 15.5414873 ], [ 73.8444543, 15.5401745 ], [ 73.8446386, 15.5398166 ], [ 73.8430756, 15.5389083 ], [ 73.8426002, 15.5384949 ], [ 73.8423673, 15.5388312 ], [ 73.8423007, 15.5390924 ], [ 73.8423807, 15.5394208 ], [ 73.8423804, 15.5395039 ], [ 73.8423164, 15.5396008 ], [ 73.8421459, 15.5395216 ], [ 73.8420455, 15.5396429 ], [ 73.8421987, 15.5397695 ], [ 73.8419158, 15.5401021 ], [ 73.8417887, 15.5400392 ], [ 73.8414494, 15.5403974 ], [ 73.8414355, 15.5406022 ], [ 73.8410003, 15.5410523 ], [ 73.8405694, 15.5414189 ], [ 73.8401629, 15.5415681 ], [ 73.8399632, 15.5415949 ], [ 73.8397323, 15.5415742 ], [ 73.8395603, 15.5415435 ], [ 73.8392105, 15.5417314 ], [ 73.8388913, 15.5420256 ], [ 73.8387495, 15.5423924 ] ] ] } },
{ "type": "Feature", "properties": { "osm_id": "1184938188", "code": 7229, "fclass": "farmland", "name": null }, "geometry": { "type": "Polygon", "coordinates": [ [ [ 73.8373789, 15.5429312 ], [ 73.8381779, 15.5433117 ], [ 73.8386654, 15.5435494 ], [ 73.8385937, 15.5424155 ], [ 73.8385936, 15.5423091 ], [ 73.838749, 15.5420197 ], [ 73.8390944, 15.5415579 ], [ 73.8394141, 15.5413064 ], [ 73.8399191, 15.5411171 ], [ 73.8404235, 15.5407728 ], [ 73.8411956, 15.5397842 ], [ 73.8415819, 15.5392337 ], [ 73.8416254, 15.5390263 ], [ 73.8415007, 15.5387208 ], [ 73.8413929, 15.5385328 ], [ 73.8413685, 15.5383545 ], [ 73.841447, 15.5381956 ], [ 73.8411934, 15.5378984 ], [ 73.8410071, 15.5376676 ], [ 73.8410028, 15.5376153 ], [ 73.8410224, 15.5375719 ], [ 73.8411006, 15.5375091 ], [ 73.8398437, 15.5369025 ], [ 73.8385105, 15.5386447 ], [ 73.8376093, 15.5425933 ], [ 73.8373789, 15.5429312 ] ] ] } },
{ "type": "Feature", "properties": { "osm_id": "1184938189", "code": 7229, "fclass": "farmland", "name": null }, "geometry": { "type": "Polygon", "coordinates": [ [ [ 73.8330638, 15.5485597 ], [ 73.8342727, 15.5488678 ], [ 73.8343635, 15.5488835 ], [ 73.8344028, 15.5487373 ], [ 73.8344516, 15.5485858 ], [ 73.8346034, 15.5478233 ], [ 73.8347931, 15.5463296 ], [ 73.8353298, 15.5464079 ], [ 73.8352268, 15.5467839 ], [ 73.8350913, 15.5467944 ], [ 73.8349828, 15.5469772 ], [ 73.8347823, 15.5478337 ], [ 73.8346389, 15.5487729 ], [ 73.8346154, 15.5489269 ], [ 73.8355141, 15.549082 ], [ 73.8358056, 15.5491515 ], [ 73.835839, 15.5491155 ], [ 73.8370085, 15.5488054 ], [ 73.837223, 15.5484436 ], [ 73.8386178, 15.5483196 ], [ 73.8407206, 15.5455805 ], [ 73.8412034, 15.544857 ], [ 73.8405812, 15.5444642 ], [ 73.8390577, 15.5437716 ], [ 73.8388485, 15.5442264 ], [ 73.8383174, 15.5446192 ], [ 73.8376147, 15.5443763 ], [ 73.83762, 15.5443143 ], [ 73.838017, 15.5444332 ], [ 73.8382637, 15.5444177 ], [ 73.8384193, 15.5443143 ], [ 73.838709, 15.543937 ], [ 73.83865, 15.5436011 ], [ 73.8378024, 15.5432703 ], [ 73.8373152, 15.5430246 ], [ 73.8366866, 15.543937 ], [ 73.834455, 15.5446192 ], [ 73.8338971, 15.546211 ], [ 73.8332264, 15.546105 ], [ 73.8331993, 15.5462878 ], [ 73.8331125, 15.5462773 ], [ 73.8331017, 15.5475935 ], [ 73.8332427, 15.54763 ], [ 73.8330638, 15.5485597 ] ] ] } },
{ "type": "Feature", "properties": { "osm_id": "1193391332", "code": 7229, "fclass": "farmland", "name": null }, "geometry": { "type": "Polygon", "coordinates": [ [ [ 73.8154167, 15.6039881 ], [ 73.8155642, 15.6046572 ], [ 73.8157386, 15.6052927 ], [ 73.8158673, 15.6054192 ], [ 73.8166177, 15.6054758 ], [ 73.8168805, 15.6057196 ], [ 73.8168752, 15.6062611 ], [ 73.8166445, 15.6067943 ], [ 73.8162529, 15.6073151 ], [ 73.8161939, 15.607683 ], [ 73.8162583, 15.6081583 ], [ 73.8163441, 15.6089023 ], [ 73.8171059, 15.6089436 ], [ 73.8177871, 15.6088599 ], [ 73.817879, 15.6091547 ], [ 73.8191074, 15.6088861 ], [ 73.8189787, 15.6080232 ], [ 73.8190538, 15.6075737 ], [ 73.8188499, 15.6067109 ], [ 73.8188714, 15.6064887 ], [ 73.8187909, 15.6061839 ], [ 73.8186783, 15.6060341 ], [ 73.8186783, 15.6058997 ], [ 73.8187265, 15.6058067 ], [ 73.8186997, 15.6056466 ], [ 73.8185978, 15.6055484 ], [ 73.8185602, 15.6052901 ], [ 73.8185801, 15.6048594 ], [ 73.818227, 15.6048144 ], [ 73.8178032, 15.6047483 ], [ 73.8173901, 15.6048351 ], [ 73.8167947, 15.604893 ], [ 73.8166666, 15.6046003 ], [ 73.8162777, 15.6043472 ], [ 73.8157171, 15.6041276 ], [ 73.815642, 15.603908 ], [ 73.8154167, 15.6039881 ] ] ] } },
{ "type": "Feature", "properties": { "osm_id": "1193391333", "code": 7229, "fclass": "farmland", "name": null }, "geometry": { "type": "Polygon", "coordinates": [ [ [ 73.8147133, 15.6114442 ], [ 73.8151156, 15.612089 ], [ 73.8152021, 15.6126266 ], [ 73.8150305, 15.6127765 ], [ 73.8152772, 15.6133396 ], [ 73.8157278, 15.6130916 ], [ 73.8160497, 15.6129005 ], [ 73.8163602, 15.6127296 ], [ 73.8167363, 15.6125853 ], [ 73.8173371, 15.6129366 ], [ 73.817879, 15.6132621 ], [ 73.8186085, 15.6132259 ], [ 73.8191557, 15.6132053 ], [ 73.8195741, 15.6129934 ], [ 73.8195741, 15.6123218 ], [ 73.8193273, 15.6115003 ], [ 73.8193193, 15.6114306 ], [ 73.8193729, 15.6113066 ], [ 73.8194346, 15.6112782 ], [ 73.8193669, 15.611018 ], [ 73.8193703, 15.6108132 ], [ 73.8195258, 15.6107667 ], [ 73.8193649, 15.6100899 ], [ 73.8184744, 15.6102397 ], [ 73.8180721, 15.6101467 ], [ 73.8171655, 15.6104154 ], [ 73.8167464, 15.6105804 ], [ 73.8161724, 15.6108242 ], [ 73.8158935, 15.6106382 ], [ 73.8154804, 15.610725 ], [ 73.8153517, 15.6111177 ], [ 73.8147133, 15.6114442 ] ] ] } },
{ "type": "Feature", "properties": { "osm_id": "1205537747", "code": 7215, "fclass": "orchard", "name": null }, "geometry": { "type": "Polygon", "coordinates": [ [ [ 73.7997043, 15.5615082 ], [ 73.7999403, 15.5616012 ], [ 73.7998938, 15.5618351 ], [ 73.8007772, 15.562211 ], [ 73.8014209, 15.5629552 ], [ 73.8017803, 15.5621025 ], [ 73.8006055, 15.5613842 ], [ 73.7997472, 15.5612033 ], [ 73.7997043, 15.5615082 ] ] ] } },
{ "type": "Feature", "properties": { "osm_id": "16354037", "code": 7229, "fclass": "farmland", "name": null }, "geometry": { "type": "Polygon", "coordinates": [ [ [ 73.8236457, 15.6471462 ], [ 73.8236672, 15.6474251 ], [ 73.8238442, 15.6475594 ], [ 73.8248151, 15.6477144 ], [ 73.8254964, 15.6477041 ], [ 73.8262367, 15.6476783 ], [ 73.8270467, 15.6478642 ], [ 73.8272989, 15.6478332 ], [ 73.8273223, 15.6477651 ], [ 73.8272345, 15.6477506 ], [ 73.8271299, 15.6477661 ], [ 73.8270521, 15.6477661 ], [ 73.8269421, 15.6477506 ], [ 73.8267866, 15.6476989 ], [ 73.8266981, 15.6476524 ], [ 73.8266525, 15.6476188 ], [ 73.8265908, 15.6475388 ], [ 73.8267007, 15.6475569 ], [ 73.826749, 15.6475827 ], [ 73.8269073, 15.6476343 ], [ 73.8269609, 15.6476369 ], [ 73.8270172, 15.6476214 ], [ 73.8270521, 15.6475801 ], [ 73.8271058, 15.6473916 ], [ 73.8271084, 15.6473089 ], [ 73.8270897, 15.6472547 ], [ 73.8270441, 15.6472108 ], [ 73.826977, 15.6471307 ], [ 73.8269448, 15.6470558 ], [ 73.8269663, 15.6469912 ], [ 73.8270119, 15.6469628 ], [ 73.8270065, 15.6469137 ], [ 73.827036, 15.6468104 ], [ 73.8270494, 15.6467045 ], [ 73.8270494, 15.6466193 ], [ 73.8270575, 15.6465754 ], [ 73.8270923, 15.6465315 ], [ 73.8271326, 15.6464953 ], [ 73.8272586, 15.6464617 ], [ 73.8274223, 15.6463972 ], [ 73.8274759, 15.6463868 ], [ 73.8275349, 15.6463843 ], [ 73.8277307, 15.6463559 ], [ 73.8278273, 15.6463016 ], [ 73.8278836, 15.6462913 ], [ 73.8279372, 15.6462964 ], [ 73.8279963, 15.6463068 ], [ 73.8280606, 15.6463352 ], [ 73.8280982, 15.6463739 ], [ 73.828176, 15.6465134 ], [ 73.828294, 15.6466193 ], [ 73.8284388, 15.6466994 ], [ 73.8284978, 15.6467045 ], [ 73.8285193, 15.6466555 ], [ 73.8284576, 15.646547 ], [ 73.8284415, 15.6464695 ], [ 73.8284388, 15.6460976 ], [ 73.82842, 15.6459349 ], [ 73.8284576, 15.6458419 ], [ 73.8285112, 15.6457618 ], [ 73.8286105, 15.6456946 ], [ 73.8288411, 15.6455655 ], [ 73.8288921, 15.6455423 ], [ 73.8289458, 15.645519 ], [ 73.8283181, 15.644801 ], [ 73.8281464, 15.6448372 ], [ 73.8277495, 15.6445789 ], [ 73.8271165, 15.6441036 ], [ 73.8263762, 15.643835 ], [ 73.8260436, 15.6439073 ], [ 73.825711, 15.6440003 ], [ 73.825711, 15.6446512 ], [ 73.8251316, 15.6445995 ], [ 73.8245737, 15.6460614 ], [ 73.8242626, 15.646392 ], [ 73.8238335, 15.6467123 ], [ 73.8236457, 15.6471462 ] ] ] } },
{ "type": "Feature", "properties": { "osm_id": "1209339872", "code": 7229, "fclass": "farmland", "name": null }, "geometry": { "type": "Polygon", "coordinates": [ [ [ 73.811329, 15.6261056 ], [ 73.8114524, 15.6261107 ], [ 73.8114577, 15.6262295 ], [ 73.8118279, 15.6262657 ], [ 73.8120103, 15.6256716 ], [ 73.811903, 15.6256406 ], [ 73.8119352, 15.6255063 ], [ 73.81208, 15.6254856 ], [ 73.8121659, 15.6250723 ], [ 73.8116777, 15.625093 ], [ 73.8116401, 15.6252996 ], [ 73.8115275, 15.6253048 ], [ 73.8115275, 15.6255218 ], [ 73.8114148, 15.6255734 ], [ 73.811329, 15.6261056 ] ] ] } },
{ "type": "Feature", "properties": { "osm_id": "1209469052", "code": 7229, "fclass": "farmland", "name": null }, "geometry": { "type": "Polygon", "coordinates": [ [ [ 73.7684888, 15.6230782 ], [ 73.7685424, 15.6233313 ], [ 73.7693256, 15.6233675 ], [ 73.7692559, 15.6239048 ], [ 73.7695831, 15.6239048 ], [ 73.7695509, 15.6244731 ], [ 73.7697762, 15.6244059 ], [ 73.7699211, 15.6243852 ], [ 73.7704924, 15.6244265 ], [ 73.7705594, 15.623135 ], [ 73.7695885, 15.6231393 ], [ 73.7693846, 15.6231402 ], [ 73.7687728, 15.6230694 ], [ 73.7684888, 15.6230782 ] ] ] } },
{ "type": "Feature", "properties": { "osm_id": "1209469053", "code": 7229, "fclass": "farmland", "name": null }, "geometry": { "type": "Polygon", "coordinates": [ [ [ 73.7708947, 15.632589 ], [ 73.771348, 15.632682 ], [ 73.7713319, 15.6328395 ], [ 73.7716538, 15.6329196 ], [ 73.7716538, 15.6329997 ], [ 73.7722304, 15.6331572 ], [ 73.7728554, 15.6332373 ], [ 73.7728581, 15.6322713 ], [ 73.7723699, 15.6322893 ], [ 73.7723833, 15.6318967 ], [ 73.7719917, 15.6319613 ], [ 73.7721017, 15.6325451 ], [ 73.7709483, 15.6323875 ], [ 73.7708947, 15.632589 ] ] ] } },
{ "type": "Feature", "properties": { "osm_id": "1209469054", "code": 7229, "fclass": "farmland", "name": null }, "geometry": { "type": "Polygon", "coordinates": [ [ [ 73.7733006, 15.6313078 ], [ 73.7734053, 15.6322428 ], [ 73.7734482, 15.6323048 ], [ 73.7734562, 15.6323591 ], [ 73.7735045, 15.6328628 ], [ 73.773475, 15.6331056 ], [ 73.7738827, 15.6331236 ], [ 73.7738827, 15.632855 ], [ 73.774057, 15.6328188 ], [ 73.7742143, 15.6327779 ], [ 73.7744701, 15.6316255 ], [ 73.7742501, 15.631455 ], [ 73.7739604, 15.6322325 ], [ 73.7737484, 15.6322504 ], [ 73.7736816, 15.6311761 ], [ 73.7733006, 15.6313078 ] ] ] } },
{ "type": "Feature", "properties": { "osm_id": "1209469055", "code": 7229, "fclass": "farmland", "name": null }, "geometry": { "type": "Polygon", "coordinates": [ [ [ 73.7734455, 15.6333716 ], [ 73.7734858, 15.6339941 ], [ 73.7739336, 15.6340251 ], [ 73.7739658, 15.6332295 ], [ 73.7736601, 15.6332321 ], [ 73.7736386, 15.6333768 ], [ 73.7734455, 15.6333716 ] ] ] } },
{ "type": "Feature", "properties": { "osm_id": "1209469056", "code": 7229, "fclass": "farmland", "name": null }, "geometry": { "type": "Polygon", "coordinates": [ [ [ 73.7730568, 15.6349335 ], [ 73.7731448, 15.6349557 ], [ 73.773593, 15.6350686 ], [ 73.7738129, 15.6342343 ], [ 73.773416, 15.6341723 ], [ 73.7730568, 15.6349335 ] ] ] } },
{ "type": "Feature", "properties": { "osm_id": "1209469057", "code": 7229, "fclass": "farmland", "name": null }, "geometry": { "type": "Polygon", "coordinates": [ [ [ 73.7745854, 15.6315945 ], [ 73.7754679, 15.6318192 ], [ 73.7758595, 15.631096 ], [ 73.7760338, 15.6305071 ], [ 73.775441, 15.6303882 ], [ 73.7749743, 15.6302281 ], [ 73.7749153, 15.630272 ], [ 73.7748772, 15.6304249 ], [ 73.7745854, 15.6315945 ] ] ] } },
{ "type": "Feature", "properties": { "osm_id": "1209667558", "code": 7215, "fclass": "orchard", "name": null }, "geometry": { "type": "Polygon", "coordinates": [ [ [ 73.8247998, 15.6388214 ], [ 73.8262621, 15.6389648 ], [ 73.8262743, 15.6388087 ], [ 73.826313, 15.6387176 ], [ 73.8248441, 15.6385985 ], [ 73.8247998, 15.6388214 ] ] ] } },
{ "type": "Feature", "properties": { "osm_id": "1210336634", "code": 7229, "fclass": "farmland", "name": null }, "geometry": { "type": "Polygon", "coordinates": [ [ [ 73.7791693, 15.576272 ], [ 73.7792498, 15.5765872 ], [ 73.7798291, 15.5765304 ], [ 73.7799686, 15.5762255 ], [ 73.7800813, 15.5755951 ], [ 73.7804675, 15.5755434 ], [ 73.7809235, 15.5745254 ], [ 73.7809557, 15.5743239 ], [ 73.7805211, 15.5742774 ], [ 73.7805319, 15.5741223 ], [ 73.7801295, 15.57405 ], [ 73.7801081, 15.5742102 ], [ 73.7797809, 15.5742257 ], [ 73.7797433, 15.5743652 ], [ 73.7793946, 15.5744272 ], [ 73.7792989, 15.5749941 ], [ 73.7792719, 15.5751542 ], [ 73.77918, 15.5756984 ], [ 73.7793732, 15.5757087 ], [ 73.7793858, 15.5760135 ], [ 73.7793946, 15.5762255 ], [ 73.7791693, 15.576272 ] ] ] } },
{ "type": "Feature", "properties": { "osm_id": "1210336635", "code": 7229, "fclass": "farmland", "name": null }, "geometry": { "type": "Polygon", "coordinates": [ [ [ 73.7798184, 15.5665777 ], [ 73.7800705, 15.5673167 ], [ 73.7801886, 15.5675182 ], [ 73.7805533, 15.5679523 ], [ 73.7810093, 15.5678851 ], [ 73.7810254, 15.5681125 ], [ 73.7811702, 15.5681848 ], [ 73.7815779, 15.5681435 ], [ 73.7818032, 15.5682003 ], [ 73.7820661, 15.5681383 ], [ 73.7824416, 15.5680143 ], [ 73.7823906, 15.5677443 ], [ 73.7820446, 15.5677301 ], [ 73.7818944, 15.5673219 ], [ 73.781535, 15.5673529 ], [ 73.7813687, 15.5673994 ], [ 73.7814009, 15.5675286 ], [ 73.7811702, 15.5675854 ], [ 73.7811542, 15.5677043 ], [ 73.7805855, 15.5677456 ], [ 73.7805158, 15.5672392 ], [ 73.7814224, 15.5669911 ], [ 73.7813848, 15.5668206 ], [ 73.7809771, 15.5668929 ], [ 73.7809128, 15.5667069 ], [ 73.7805533, 15.5667586 ], [ 73.7804085, 15.5664744 ], [ 73.7802261, 15.5665157 ], [ 73.7801939, 15.5664175 ], [ 73.7798184, 15.5665777 ] ] ] } },
{ "type": "Feature", "properties": { "osm_id": "1210336636", "code": 7229, "fclass": "farmland", "name": null }, "geometry": { "type": "Polygon", "coordinates": [ [ [ 73.778075, 15.5660144 ], [ 73.7782627, 15.5670221 ], [ 73.7786275, 15.56788 ], [ 73.7788421, 15.5679936 ], [ 73.7791532, 15.5691822 ], [ 73.7793302, 15.5691977 ], [ 73.7794751, 15.5700348 ], [ 73.7794805, 15.5705568 ], [ 73.779623, 15.5712054 ], [ 73.779695, 15.5715334 ], [ 73.7797219, 15.5716885 ], [ 73.7798345, 15.5716885 ], [ 73.7798506, 15.5721484 ], [ 73.7796736, 15.5721587 ], [ 73.7796736, 15.5723551 ], [ 73.7801456, 15.5723292 ], [ 73.7801671, 15.5725101 ], [ 73.7797433, 15.5725979 ], [ 73.7797433, 15.5730992 ], [ 73.7795931, 15.5731095 ], [ 73.7795824, 15.5733214 ], [ 73.7801832, 15.5734816 ], [ 73.7800974, 15.5739311 ], [ 73.7809074, 15.5740345 ], [ 73.7809074, 15.5739777 ], [ 73.7811273, 15.574019 ], [ 73.7811971, 15.5738123 ], [ 73.7809288, 15.5737296 ], [ 73.7809396, 15.5734557 ], [ 73.7810308, 15.5734557 ], [ 73.78102, 15.5733059 ], [ 73.7814385, 15.573311 ], [ 73.7814546, 15.57297 ], [ 73.7804514, 15.5729028 ], [ 73.7803119, 15.5720709 ], [ 73.7811542, 15.5720967 ], [ 73.78205, 15.5724119 ], [ 73.7818676, 15.5727065 ], [ 73.7821144, 15.5728201 ], [ 73.7826669, 15.5722931 ], [ 73.7821037, 15.5721587 ], [ 73.7817711, 15.5719675 ], [ 73.7819534, 15.5715696 ], [ 73.7817818, 15.5714404 ], [ 73.7813741, 15.5709598 ], [ 73.781358, 15.5708668 ], [ 73.7814867, 15.5705051 ], [ 73.7815028, 15.5703656 ], [ 73.7821412, 15.5702932 ], [ 73.7820446, 15.5697661 ], [ 73.7825382, 15.5696421 ], [ 73.7827206, 15.5693992 ], [ 73.7828225, 15.5691977 ], [ 73.7827375, 15.5690919 ], [ 73.7826025, 15.5689239 ], [ 73.7819159, 15.5690375 ], [ 73.7818783, 15.5687481 ], [ 73.782286, 15.5686396 ], [ 73.7822324, 15.5683657 ], [ 73.7818569, 15.5683657 ], [ 73.7811756, 15.5684071 ], [ 73.7813687, 15.5695698 ], [ 73.7810308, 15.5696008 ], [ 73.7808913, 15.5686448 ], [ 73.7805158, 15.5680867 ], [ 73.7799364, 15.5673684 ], [ 73.7797594, 15.5667999 ], [ 73.779459, 15.5658387 ], [ 73.7784398, 15.5658646 ], [ 73.778075, 15.5660144 ] ] ] } },
{ "type": "Feature", "properties": { "osm_id": "1210336637", "code": 7229, "fclass": "farmland", "name": null }, "geometry": { "type": "Polygon", "coordinates": [ [ [ 73.774116, 15.5625056 ], [ 73.7748939, 15.5629087 ], [ 73.7750065, 15.5631722 ], [ 73.7752801, 15.5634151 ], [ 73.7755376, 15.5637768 ], [ 73.7758541, 15.5639939 ], [ 73.7759989, 15.5639009 ], [ 73.7766963, 15.5645417 ], [ 73.7768358, 15.5646502 ], [ 73.7768787, 15.5648672 ], [ 73.7775171, 15.5654563 ], [ 73.7776351, 15.5656785 ], [ 73.7777692, 15.5659628 ], [ 73.7785953, 15.5656424 ], [ 73.7792069, 15.565632 ], [ 73.7792283, 15.5655287 ], [ 73.7798881, 15.5655132 ], [ 73.779974, 15.5654977 ], [ 73.7799516, 15.5653317 ], [ 73.7799364, 15.5652186 ], [ 73.7800491, 15.5651876 ], [ 73.7800115, 15.5649964 ], [ 73.7801993, 15.5649189 ], [ 73.7802154, 15.564397 ], [ 73.780902, 15.5644486 ], [ 73.7814921, 15.5644796 ], [ 73.7817496, 15.564831 ], [ 73.7823657, 15.5649738 ], [ 73.7828869, 15.5650946 ], [ 73.7835413, 15.5652703 ], [ 73.7840858, 15.5652393 ], [ 73.7839544, 15.5646347 ], [ 73.7836325, 15.5642884 ], [ 73.783198, 15.5640249 ], [ 73.7825704, 15.5639009 ], [ 73.7811863, 15.5638285 ], [ 73.7804836, 15.5636321 ], [ 73.779459, 15.5633531 ], [ 73.7788796, 15.5632652 ], [ 73.7779087, 15.5631825 ], [ 73.7774259, 15.5630947 ], [ 73.7767178, 15.5627898 ], [ 73.7763959, 15.5626968 ], [ 73.7759775, 15.5626554 ], [ 73.7754893, 15.5624436 ], [ 73.7752318, 15.5622523 ], [ 73.7750012, 15.5620766 ], [ 73.7746578, 15.5620766 ], [ 73.774395, 15.5620456 ], [ 73.774277, 15.5619785 ], [ 73.774116, 15.5625056 ] ] ] } },
{ "type": "Feature", "properties": { "osm_id": "1210336638", "code": 7229, "fclass": "farmland", "name": null }, "geometry": { "type": "Polygon", "coordinates": [ [ [ 73.785958, 15.5691589 ], [ 73.786025, 15.5697403 ], [ 73.7860385, 15.5699961 ], [ 73.7860706, 15.5702493 ], [ 73.786194, 15.5705077 ], [ 73.7862638, 15.5709857 ], [ 73.7880608, 15.5707686 ], [ 73.7879965, 15.5704224 ], [ 73.7877363, 15.5704612 ], [ 73.787688, 15.5702364 ], [ 73.7878463, 15.570208 ], [ 73.7877417, 15.5694406 ], [ 73.7873393, 15.5694716 ], [ 73.7872964, 15.5690892 ], [ 73.7870738, 15.5690427 ], [ 73.7870738, 15.5689083 ], [ 73.7866527, 15.5688256 ], [ 73.7864462, 15.5688282 ], [ 73.7863228, 15.5690659 ], [ 73.7861082, 15.5690659 ], [ 73.785958, 15.5691589 ] ] ] } },
{ "type": "Feature", "properties": { "osm_id": "1210336639", "code": 7229, "fclass": "farmland", "name": null }, "geometry": { "type": "Polygon", "coordinates": [ [ [ 73.7846571, 15.568637 ], [ 73.78469, 15.5691494 ], [ 73.7847095, 15.569316 ], [ 73.7847544, 15.5696702 ], [ 73.7847832, 15.5698256 ], [ 73.7855583, 15.5697196 ], [ 73.7859017, 15.5697351 ], [ 73.7857863, 15.5692209 ], [ 73.7856844, 15.5689548 ], [ 73.7856013, 15.5686861 ], [ 73.7846571, 15.568637 ] ] ] } },
{ "type": "Feature", "properties": { "osm_id": "1210336640", "code": 7229, "fclass": "farmland", "name": null }, "geometry": { "type": "Polygon", "coordinates": [ [ [ 73.7873876, 15.5712854 ], [ 73.7876129, 15.5715774 ], [ 73.7877103, 15.5722139 ], [ 73.7877738, 15.5726289 ], [ 73.7881976, 15.5724946 ], [ 73.7882432, 15.5726496 ], [ 73.7881963, 15.5729144 ], [ 73.788667, 15.5731173 ], [ 73.7887931, 15.5731302 ], [ 73.7890944, 15.573098 ], [ 73.7894493, 15.5730311 ], [ 73.7896997, 15.5729984 ], [ 73.7899786, 15.5729493 ], [ 73.7897847, 15.5723034 ], [ 73.789528, 15.5713629 ], [ 73.7900189, 15.5712725 ], [ 73.7900001, 15.5711717 ], [ 73.7893993, 15.5706756 ], [ 73.7891981, 15.5706679 ], [ 73.7885651, 15.5707816 ], [ 73.7885892, 15.5711019 ], [ 73.7877497, 15.5711536 ], [ 73.7873876, 15.5712854 ] ] ] } },
{ "type": "Feature", "properties": { "osm_id": "1210336646", "code": 7229, "fclass": "farmland", "name": null }, "geometry": { "type": "Polygon", "coordinates": [ [ [ 73.7949622, 15.5802354 ], [ 73.7950104, 15.5805351 ], [ 73.7956864, 15.5804886 ], [ 73.7956703, 15.5801165 ], [ 73.7963623, 15.5800442 ], [ 73.7963515, 15.5789022 ], [ 73.7958044, 15.5789332 ], [ 73.7950319, 15.5790262 ], [ 73.7951285, 15.5802147 ], [ 73.7949622, 15.5802354 ] ] ] } },
{ "type": "Feature", "properties": { "osm_id": "1210336647", "code": 7229, "fclass": "farmland", "name": null }, "geometry": { "type": "Polygon", "coordinates": [ [ [ 73.7921995, 15.5795119 ], [ 73.7922934, 15.5800622 ], [ 73.7923095, 15.5804368 ], [ 73.7924301, 15.5808451 ], [ 73.7940636, 15.5806694 ], [ 73.794018, 15.5803749 ], [ 73.7934494, 15.5804265 ], [ 73.793385, 15.5798788 ], [ 73.7931222, 15.579884 ], [ 73.7930793, 15.5794809 ], [ 73.7926233, 15.5794422 ], [ 73.7921995, 15.5795119 ] ] ] } },
{ "type": "Feature", "properties": { "osm_id": "1210336648", "code": 7229, "fclass": "farmland", "name": null }, "geometry": { "type": "Polygon", "coordinates": [ [ [ 73.7928271, 15.5780444 ], [ 73.793031, 15.5787833 ], [ 73.793444, 15.5787162 ], [ 73.7946349, 15.5785766 ], [ 73.7946832, 15.5787988 ], [ 73.7949353, 15.578804 ], [ 73.7949729, 15.5789177 ], [ 73.7957936, 15.5788143 ], [ 73.79574, 15.5786128 ], [ 73.7953591, 15.5786542 ], [ 73.7951606, 15.5780186 ], [ 73.79574, 15.5778274 ], [ 73.7957132, 15.5775897 ], [ 73.7960136, 15.5774553 ], [ 73.7958956, 15.5772435 ], [ 73.7955522, 15.5774037 ], [ 73.7954879, 15.5772951 ], [ 73.7958366, 15.5771453 ], [ 73.7955308, 15.5767526 ], [ 73.795284, 15.5768352 ], [ 73.7948602, 15.5768817 ], [ 73.7944794, 15.5769954 ], [ 73.7943453, 15.5770626 ], [ 73.7943238, 15.5772228 ], [ 73.7944364, 15.5774605 ], [ 73.7942916, 15.5776207 ], [ 73.7935942, 15.5776724 ], [ 73.7932026, 15.5778842 ], [ 73.7928271, 15.5780444 ] ] ] } },
{ "type": "Feature", "properties": { "osm_id": "1210336649", "code": 7229, "fclass": "farmland", "name": null }, "geometry": { "type": "Polygon", "coordinates": [ [ [ 73.7864515, 15.5789694 ], [ 73.7868243, 15.5798556 ], [ 73.7872884, 15.579791 ], [ 73.7876987, 15.5797625 ], [ 73.7878221, 15.5798323 ], [ 73.7881306, 15.5798323 ], [ 73.7883612, 15.5799356 ], [ 73.7885517, 15.5799021 ], [ 73.7888521, 15.5795378 ], [ 73.7892142, 15.5792613 ], [ 73.7893027, 15.5790908 ], [ 73.7892973, 15.5787988 ], [ 73.7878945, 15.5785172 ], [ 73.7876317, 15.5785224 ], [ 73.7868029, 15.5787911 ], [ 73.7864515, 15.5789694 ] ] ] } },
{ "type": "Feature", "properties": { "osm_id": "1210336650", "code": 7229, "fclass": "farmland", "name": null }, "geometry": { "type": "Polygon", "coordinates": [ [ [ 73.7797379, 15.5768559 ], [ 73.7799096, 15.5777085 ], [ 73.7801403, 15.5776775 ], [ 73.7802207, 15.5780651 ], [ 73.7819374, 15.5777964 ], [ 73.7841604, 15.5774605 ], [ 73.7839616, 15.5766054 ], [ 73.7844292, 15.5765001 ], [ 73.7846853, 15.5773709 ], [ 73.7847724, 15.5773545 ], [ 73.784708, 15.5771996 ], [ 73.7848877, 15.5771065 ], [ 73.7849442, 15.5772512 ], [ 73.7854146, 15.5769139 ], [ 73.7852311, 15.5764089 ], [ 73.7851962, 15.5761893 ], [ 73.7852311, 15.5758224 ], [ 73.7850916, 15.5749801 ], [ 73.7850809, 15.5745848 ], [ 73.7848663, 15.5739079 ], [ 73.7847054, 15.5737245 ], [ 73.7846357, 15.5735488 ], [ 73.7835574, 15.5734247 ], [ 73.7835789, 15.5732439 ], [ 73.7845498, 15.5733059 ], [ 73.7845284, 15.5731664 ], [ 73.7839866, 15.5718486 ], [ 73.783772, 15.5716213 ], [ 73.78389, 15.5720088 ], [ 73.7837559, 15.5720347 ], [ 73.7836379, 15.5717298 ], [ 73.7834877, 15.5716006 ], [ 73.7827527, 15.5723654 ], [ 73.7822807, 15.5728305 ], [ 73.7826562, 15.5728356 ], [ 73.7826079, 15.5731715 ], [ 73.7826133, 15.5741378 ], [ 73.7828761, 15.574143 ], [ 73.78286, 15.5750938 ], [ 73.7827367, 15.575099 ], [ 73.7826884, 15.5747063 ], [ 73.7810576, 15.5746443 ], [ 73.780784, 15.575192 ], [ 73.7804782, 15.5757294 ], [ 73.7797379, 15.5768559 ] ] ] } },
{ "type": "Feature", "properties": { "osm_id": "1210336651", "code": 7229, "fclass": "farmland", "name": null }, "geometry": { "type": "Polygon", "coordinates": [ [ [ 73.7797755, 15.5813101 ], [ 73.7798238, 15.581615 ], [ 73.7801188, 15.5822506 ], [ 73.7804943, 15.5822041 ], [ 73.7804729, 15.5820387 ], [ 73.7805963, 15.5820129 ], [ 73.7806445, 15.5823591 ], [ 73.7808484, 15.5823126 ], [ 73.7813955, 15.5821886 ], [ 73.781358, 15.5820232 ], [ 73.7814277, 15.5820026 ], [ 73.7812078, 15.5810673 ], [ 73.7816369, 15.5809639 ], [ 73.7820339, 15.5807572 ], [ 73.7821948, 15.581491 ], [ 73.7831229, 15.5808503 ], [ 73.7829888, 15.5802974 ], [ 73.7835628, 15.5799563 ], [ 73.7844801, 15.5796721 ], [ 73.784464, 15.5795016 ], [ 73.7854618, 15.5793001 ], [ 73.7854564, 15.5789125 ], [ 73.7862933, 15.5787988 ], [ 73.7862503, 15.5785301 ], [ 73.786819, 15.5784475 ], [ 73.7870443, 15.5783028 ], [ 73.7868029, 15.5777654 ], [ 73.7865561, 15.5769903 ], [ 73.7864059, 15.576396 ], [ 73.7854856, 15.5770151 ], [ 73.7855, 15.5771056 ], [ 73.7855811, 15.5770936 ], [ 73.7855966, 15.577191 ], [ 73.7854129, 15.5772181 ], [ 73.7853974, 15.5771207 ], [ 73.7853939, 15.5770768 ], [ 73.7851077, 15.5772693 ], [ 73.7848127, 15.5774347 ], [ 73.7845337, 15.5776103 ], [ 73.7842923, 15.5776362 ], [ 73.7841475, 15.5775948 ], [ 73.7806016, 15.5781633 ], [ 73.7802261, 15.5782408 ], [ 73.7803763, 15.5796514 ], [ 73.780269, 15.5796669 ], [ 73.7802851, 15.5804782 ], [ 73.7808859, 15.5804369 ], [ 73.7810737, 15.5803439 ], [ 73.7811434, 15.5801733 ], [ 73.7812024, 15.5801733 ], [ 73.7812024, 15.5804059 ], [ 73.7810254, 15.5804317 ], [ 73.7809932, 15.5806332 ], [ 73.7804407, 15.5806642 ], [ 73.7805051, 15.5811758 ], [ 73.7797755, 15.5813101 ] ] ] } },
{ "type": "Feature", "properties": { "osm_id": "1210336654", "code": 7229, "fclass": "farmland", "name": null }, "geometry": { "type": "Polygon", "coordinates": [ [ [ 73.7867707, 15.5803284 ], [ 73.7868512, 15.5812843 ], [ 73.78724, 15.5812314 ], [ 73.7871784, 15.5807572 ], [ 73.7879991, 15.5806487 ], [ 73.7880635, 15.5811706 ], [ 73.7897426, 15.5810415 ], [ 73.7897211, 15.5809123 ], [ 73.7897962, 15.5808968 ], [ 73.7898177, 15.5810363 ], [ 73.7901503, 15.5810104 ], [ 73.7901288, 15.5806022 ], [ 73.7903005, 15.5805764 ], [ 73.7903541, 15.5809794 ], [ 73.790499, 15.5809743 ], [ 73.7905955, 15.5795171 ], [ 73.7906706, 15.5791709 ], [ 73.7908691, 15.5788815 ], [ 73.790971, 15.5788092 ], [ 73.7909657, 15.5783338 ], [ 73.7905955, 15.5784216 ], [ 73.7899786, 15.5786025 ], [ 73.7898499, 15.5787007 ], [ 73.7897694, 15.5788092 ], [ 73.7895226, 15.5788867 ], [ 73.78941, 15.5794861 ], [ 73.7890559, 15.5796049 ], [ 73.7890238, 15.5798375 ], [ 73.7885141, 15.5801527 ], [ 73.7883693, 15.5801785 ], [ 73.7878811, 15.5802095 ], [ 73.7877524, 15.5801268 ], [ 73.7876022, 15.579977 ], [ 73.7871838, 15.580008 ], [ 73.7868833, 15.580101 ], [ 73.7867707, 15.5803284 ] ] ] } },
{ "type": "Feature", "properties": { "osm_id": "1210336663", "code": 7229, "fclass": "farmland", "name": null }, "geometry": { "type": "Polygon", "coordinates": [ [ [ 73.7811059, 15.5849479 ], [ 73.7815297, 15.5849892 ], [ 73.7815404, 15.5849065 ], [ 73.7816799, 15.5848549 ], [ 73.7824845, 15.5849685 ], [ 73.7834555, 15.5850926 ], [ 73.7838149, 15.5851804 ], [ 73.7841529, 15.5853819 ], [ 73.7843192, 15.5856093 ], [ 73.7845284, 15.5855989 ], [ 73.784641, 15.5856816 ], [ 73.7845874, 15.5866995 ], [ 73.7851828, 15.5867874 ], [ 73.7851882, 15.5862448 ], [ 73.7852794, 15.5862448 ], [ 73.7852955, 15.5867926 ], [ 73.7855637, 15.5868752 ], [ 73.7855637, 15.5867047 ], [ 73.7856334, 15.5867047 ], [ 73.7856495, 15.5869217 ], [ 73.7858051, 15.5868907 ], [ 73.7858051, 15.5867564 ], [ 73.7860626, 15.5867874 ], [ 73.7860519, 15.5863378 ], [ 73.7863952, 15.5863689 ], [ 73.7864113, 15.5864567 ], [ 73.787232, 15.5863172 ], [ 73.7872374, 15.5861053 ], [ 73.7875593, 15.5858056 ], [ 73.7879723, 15.5858315 ], [ 73.7882459, 15.5859761 ], [ 73.7900323, 15.5856196 ], [ 73.7900001, 15.5852992 ], [ 73.7901396, 15.5852424 ], [ 73.7903488, 15.5852889 ], [ 73.7905955, 15.5854749 ], [ 73.7906545, 15.5858625 ], [ 73.7918615, 15.5858935 ], [ 73.791942, 15.5853354 ], [ 73.7919903, 15.5846585 ], [ 73.7921673, 15.5845035 ], [ 73.7925267, 15.5844932 ], [ 73.792972, 15.5843898 ], [ 73.7930202, 15.5839248 ], [ 73.7933153, 15.5830825 ], [ 73.7932992, 15.5820646 ], [ 73.7934977, 15.5820026 ], [ 73.7938571, 15.5819664 ], [ 73.7937337, 15.5808348 ], [ 73.7936854, 15.5807883 ], [ 73.7933528, 15.5808296 ], [ 73.7933528, 15.5808968 ], [ 73.7928969, 15.5809381 ], [ 73.7928969, 15.5808709 ], [ 73.7926769, 15.5808916 ], [ 73.7926823, 15.5810621 ], [ 73.792575, 15.5810673 ], [ 73.7925911, 15.581181 ], [ 73.7925965, 15.581274 ], [ 73.7927896, 15.5813773 ], [ 73.7930202, 15.5818527 ], [ 73.7924033, 15.5820232 ], [ 73.7912285, 15.5823074 ], [ 73.7911963, 15.5822196 ], [ 73.7906599, 15.5819251 ], [ 73.7907994, 15.5825245 ], [ 73.7905472, 15.5825658 ], [ 73.7901664, 15.5811551 ], [ 73.7889647, 15.5812223 ], [ 73.787452, 15.5813567 ], [ 73.7874573, 15.5814342 ], [ 73.7873983, 15.5817752 ], [ 73.7867439, 15.5819871 ], [ 73.7865668, 15.581491 ], [ 73.7854886, 15.5817442 ], [ 73.7856817, 15.5825606 ], [ 73.7849468, 15.582726 ], [ 73.7849683, 15.5829378 ], [ 73.7844962, 15.5830308 ], [ 73.7843063, 15.5821687 ], [ 73.7842709, 15.5820077 ], [ 73.7840617, 15.5820491 ], [ 73.7840831, 15.5821938 ], [ 73.7838846, 15.5822351 ], [ 73.7838632, 15.5820956 ], [ 73.7833053, 15.5822196 ], [ 73.7834072, 15.582757 ], [ 73.7833214, 15.5827725 ], [ 73.7832141, 15.5822506 ], [ 73.7827635, 15.5823229 ], [ 73.7828171, 15.582664 ], [ 73.782683, 15.5827001 ], [ 73.7826133, 15.5823488 ], [ 73.7822217, 15.5824004 ], [ 73.7823772, 15.5834339 ], [ 73.7821627, 15.5834752 ], [ 73.7821841, 15.5836767 ], [ 73.7821948, 15.5839041 ], [ 73.7821841, 15.5840023 ], [ 73.7815136, 15.584023 ], [ 73.7815189, 15.5841986 ], [ 73.7812453, 15.5841986 ], [ 73.7811059, 15.5849479 ] ] ] } },
{ "type": "Feature", "properties": { "osm_id": "1210524080", "code": 7228, "fclass": "farmyard", "name": "Buffallo Dairy Farm" }, "geometry": { "type": "Polygon", "coordinates": [ [ [ 73.8130482, 15.6119756 ], [ 73.8130998, 15.6121066 ], [ 73.8131887, 15.6123322 ], [ 73.8133575, 15.6122739 ], [ 73.8132202, 15.6118798 ], [ 73.8131422, 15.6119233 ], [ 73.8130482, 15.6119756 ] ] ] } },
{ "type": "Feature", "properties": { "osm_id": "1211752226", "code": 7229, "fclass": "farmland", "name": null }, "geometry": { "type": "Polygon", "coordinates": [ [ [ 73.756618, 15.6310518 ], [ 73.757922, 15.631298 ], [ 73.7579396, 15.6310511 ], [ 73.7582009, 15.6309174 ], [ 73.7581819, 15.6305037 ], [ 73.758191, 15.6303795 ], [ 73.7575402, 15.6303033 ], [ 73.7572534, 15.6302919 ], [ 73.7570441, 15.630172 ], [ 73.7567745, 15.6301589 ], [ 73.7567367, 15.6302723 ], [ 73.7566708, 15.630645 ], [ 73.756618, 15.6310518 ] ] ] } },
{ "type": "Feature", "properties": { "osm_id": "16420781", "code": 7229, "fclass": "farmland", "name": null }, "geometry": { "type": "Polygon", "coordinates": [ [ [ 73.8649169, 15.6147707 ], [ 73.8649437, 15.614874 ], [ 73.8651314, 15.615091 ], [ 73.8652816, 15.6151763 ], [ 73.8654935, 15.6152641 ], [ 73.8657564, 15.6157988 ], [ 73.8662016, 15.6156283 ], [ 73.866663, 15.6155457 ], [ 73.8677949, 15.615401 ], [ 73.868444, 15.6153493 ], [ 73.8685781, 15.6154682 ], [ 73.8686049, 15.6155973 ], [ 73.8683313, 15.6160726 ], [ 73.8680309, 15.6160003 ], [ 73.8679558, 15.6164085 ], [ 73.8676232, 15.6164033 ], [ 73.8674623, 15.6165376 ], [ 73.8673818, 15.6171163 ], [ 73.8674837, 15.6174986 ], [ 73.8675857, 15.6175864 ], [ 73.8679558, 15.6179015 ], [ 73.8683635, 15.6180617 ], [ 73.86868, 15.61801 ], [ 73.8693023, 15.6179015 ], [ 73.8699406, 15.6178395 ], [ 73.8707453, 15.6178809 ], [ 73.8709706, 15.6177621 ], [ 73.8713139, 15.6175347 ], [ 73.8713461, 15.6172454 ], [ 73.8715124, 15.6168889 ], [ 73.8718718, 15.6161243 ], [ 73.87155, 15.6160468 ], [ 73.8715285, 15.6153752 ], [ 73.871448, 15.6154682 ], [ 73.8709545, 15.616083 ], [ 73.8708901, 15.6161191 ], [ 73.8707399, 15.6160778 ], [ 73.8707131, 15.6160055 ], [ 73.8703376, 15.6160675 ], [ 73.8702625, 15.6161191 ], [ 73.8698977, 15.6158712 ], [ 73.8689536, 15.6157007 ], [ 73.8688517, 15.6154217 ], [ 73.8689053, 15.6153752 ], [ 73.8689214, 15.6152925 ], [ 73.8689107, 15.6149877 ], [ 73.8677198, 15.6149231 ], [ 73.8671592, 15.6149438 ], [ 73.8670546, 15.6149128 ], [ 73.8667247, 15.6149154 ], [ 73.8667434, 15.61467 ], [ 73.8669741, 15.6146312 ], [ 73.8669929, 15.6142799 ], [ 73.8670734, 15.6140138 ], [ 73.8673255, 15.6136444 ], [ 73.8673657, 15.6134791 ], [ 73.8673657, 15.6129857 ], [ 73.8672987, 15.612779 ], [ 73.8672772, 15.6124975 ], [ 73.8672906, 15.6123709 ], [ 73.8672584, 15.6123915 ], [ 73.8671994, 15.6125982 ], [ 73.8671377, 15.6126757 ], [ 73.8669848, 15.6127661 ], [ 73.8659602, 15.6137219 ], [ 73.8652173, 15.6144091 ], [ 73.8650054, 15.6146855 ], [ 73.8649169, 15.6147707 ] ] ] } },
{ "type": "Feature", "properties": { "osm_id": "16420784", "code": 7229, "fclass": "farmland", "name": null }, "geometry": { "type": "Polygon", "coordinates": [ [ [ 73.861776, 15.6178447 ], [ 73.8617974, 15.6192138 ], [ 73.8640852, 15.6193175 ], [ 73.8642758, 15.6191001 ], [ 73.8647076, 15.6189787 ], [ 73.8647667, 15.6189193 ], [ 73.864882, 15.6189426 ], [ 73.8648874, 15.6189116 ], [ 73.8648605, 15.6188909 ], [ 73.8648149, 15.6187617 ], [ 73.8644931, 15.6182709 ], [ 73.8643295, 15.6179119 ], [ 73.8638869, 15.6174262 ], [ 73.8637984, 15.6174185 ], [ 73.8636106, 15.617062 ], [ 73.8635892, 15.6167184 ], [ 73.8636509, 15.616721 ], [ 73.8640237, 15.616486 ], [ 73.8639834, 15.6163775 ], [ 73.8643751, 15.6162251 ], [ 73.8646218, 15.6162302 ], [ 73.8647398, 15.6159047 ], [ 73.8647372, 15.6157497 ], [ 73.864764, 15.6157007 ], [ 73.8648176, 15.6157007 ], [ 73.864831, 15.6157342 ], [ 73.8650007, 15.6157713 ], [ 73.8650241, 15.6156852 ], [ 73.8650054, 15.6154863 ], [ 73.8649249, 15.6152563 ], [ 73.8645977, 15.6150032 ], [ 73.8645065, 15.614998 ], [ 73.8618806, 15.6173875 ], [ 73.861776, 15.6178447 ] ] ] } },
{ "type": "Feature", "properties": { "osm_id": "16420786", "code": 7229, "fclass": "farmland", "name": null }, "geometry": { "type": "Polygon", "coordinates": [ [ [ 73.8653567, 15.6189684 ], [ 73.8656062, 15.619733 ], [ 73.8656357, 15.6197924 ], [ 73.8656464, 15.6202057 ], [ 73.8658905, 15.6202135 ], [ 73.8675541, 15.6203803 ], [ 73.8676044, 15.6201101 ], [ 73.8677117, 15.6197821 ], [ 73.8676903, 15.6195186 ], [ 73.8673604, 15.6189503 ], [ 73.8665208, 15.6192112 ], [ 73.8663867, 15.6192267 ], [ 73.8659254, 15.6191027 ], [ 73.8653567, 15.6189684 ] ] ] } },
{ "type": "Feature", "properties": { "osm_id": "16420785", "code": 7229, "fclass": "farmland", "name": null }, "geometry": { "type": "Polygon", "coordinates": [ [ [ 73.8664055, 15.6218822 ], [ 73.8665611, 15.6229413 ], [ 73.8667327, 15.6226959 ], [ 73.8668668, 15.6223988 ], [ 73.8670278, 15.6216316 ], [ 73.8671833, 15.621255 ], [ 73.8669875, 15.6212441 ], [ 73.8665691, 15.6212803 ], [ 73.8665637, 15.6216135 ], [ 73.8664591, 15.6216859 ], [ 73.8664055, 15.6218822 ] ] ] } },
{ "type": "Feature", "properties": { "osm_id": "16420782", "code": 7229, "fclass": "farmland", "name": null }, "geometry": { "type": "Polygon", "coordinates": [ [ [ 73.8672745, 15.6138614 ], [ 73.8672906, 15.6139105 ], [ 73.8675883, 15.6140707 ], [ 73.867591, 15.6141172 ], [ 73.8674918, 15.6143496 ], [ 73.8674971, 15.6144013 ], [ 73.8677654, 15.6146984 ], [ 73.86776, 15.6148353 ], [ 73.8678029, 15.6148353 ], [ 73.867811, 15.6146984 ], [ 73.8682723, 15.6146002 ], [ 73.8683608, 15.6146054 ], [ 73.8685298, 15.61467 ], [ 73.8685566, 15.6148301 ], [ 73.8690314, 15.6147578 ], [ 73.8690153, 15.6145718 ], [ 73.8690716, 15.614564 ], [ 73.869144, 15.6145873 ], [ 73.8692272, 15.614657 ], [ 73.8695303, 15.6147475 ], [ 73.8696054, 15.6147397 ], [ 73.8696671, 15.6147733 ], [ 73.8697341, 15.6149619 ], [ 73.8697314, 15.6150161 ], [ 73.8697019, 15.61506 ], [ 73.8696939, 15.6151117 ], [ 73.8698333, 15.6151608 ], [ 73.8710162, 15.6152796 ], [ 73.8711181, 15.6152409 ], [ 73.8714427, 15.6146622 ], [ 73.8714266, 15.614564 ], [ 73.871448, 15.6144995 ], [ 73.8716894, 15.6141533 ], [ 73.8720864, 15.6139518 ], [ 73.8720891, 15.613864 ], [ 73.8719764, 15.6135411 ], [ 73.8717699, 15.613306 ], [ 73.8715929, 15.613151 ], [ 73.870976, 15.6129005 ], [ 73.8707453, 15.6126576 ], [ 73.8705951, 15.6122391 ], [ 73.8689375, 15.6108907 ], [ 73.8688141, 15.6108803 ], [ 73.8676393, 15.6120376 ], [ 73.867414, 15.6122701 ], [ 73.8673201, 15.6123709 ], [ 73.8673255, 15.6125775 ], [ 73.867363, 15.6126809 ], [ 73.8673604, 15.612841 ], [ 73.8674301, 15.6130322 ], [ 73.8674274, 15.6133732 ], [ 73.8673872, 15.613616 ], [ 73.8672745, 15.6138614 ] ] ] } },
{ "type": "Feature", "properties": { "osm_id": "1212952204", "code": 7229, "fclass": "farmland", "name": null }, "geometry": { "type": "Polygon", "coordinates": [ [ [ 73.8405436, 15.623414 ], [ 73.8405885, 15.6235736 ], [ 73.8409406, 15.6234656 ], [ 73.842389, 15.6230937 ], [ 73.8420403, 15.6221534 ], [ 73.8420725, 15.6218331 ], [ 73.8416809, 15.6220501 ], [ 73.8418525, 15.6224221 ], [ 73.8415575, 15.6225925 ], [ 73.8413536, 15.6222671 ], [ 73.8409674, 15.6225047 ], [ 73.8408065, 15.6226287 ], [ 73.8409674, 15.6229748 ], [ 73.8407904, 15.6230627 ], [ 73.8408333, 15.6233158 ], [ 73.8405436, 15.623414 ] ] ] } },
{ "type": "Feature", "properties": { "osm_id": "1212952207", "code": 7229, "fclass": "farmland", "name": null }, "geometry": { "type": "Polygon", "coordinates": [ [ [ 73.8457686, 15.625186 ], [ 73.8457739, 15.6253513 ], [ 73.8460368, 15.6258524 ], [ 73.8462621, 15.6257904 ], [ 73.8463211, 15.6259816 ], [ 73.8464659, 15.6259402 ], [ 73.8464659, 15.626183 ], [ 73.8479304, 15.6265395 ], [ 73.8481597, 15.6258584 ], [ 73.8482523, 15.6253255 ], [ 73.8481718, 15.6253203 ], [ 73.84785, 15.6250878 ], [ 73.8473242, 15.6252376 ], [ 73.8467234, 15.625124 ], [ 73.846702, 15.625217 ], [ 73.846879, 15.6254598 ], [ 73.8468039, 15.6256613 ], [ 73.8464928, 15.6256096 ], [ 73.8457686, 15.625186 ] ] ] } },
{ "type": "Feature", "properties": { "osm_id": "1212952208", "code": 7229, "fclass": "farmland", "name": null }, "geometry": { "type": "Polygon", "coordinates": [ [ [ 73.8392293, 15.6244937 ], [ 73.8396907, 15.6254495 ], [ 73.8398516, 15.6258679 ], [ 73.840211, 15.6257801 ], [ 73.8403076, 15.6260074 ], [ 73.8400501, 15.6261107 ], [ 73.840211, 15.6263225 ], [ 73.8407367, 15.6262812 ], [ 73.8407689, 15.6264878 ], [ 73.8411927, 15.6264568 ], [ 73.8410962, 15.6256251 ], [ 73.8414073, 15.6255838 ], [ 73.8413751, 15.6252996 ], [ 73.8423192, 15.6251705 ], [ 73.841933, 15.6240339 ], [ 73.8429898, 15.6234811 ], [ 73.8434458, 15.6247262 ], [ 73.844111, 15.6242974 ], [ 73.8435209, 15.6228973 ], [ 73.8431185, 15.6230472 ], [ 73.8409513, 15.623538 ], [ 73.8406134, 15.6236619 ], [ 73.8406992, 15.6240081 ], [ 73.84049, 15.6240752 ], [ 73.8403451, 15.6237291 ], [ 73.8392669, 15.6241941 ], [ 73.8393635, 15.6244369 ], [ 73.8392293, 15.6244937 ] ] ] } },
{ "type": "Feature", "properties": { "osm_id": "1212959434", "code": 7215, "fclass": "orchard", "name": null }, "geometry": { "type": "Polygon", "coordinates": [ [ [ 73.8737547, 15.6184337 ], [ 73.8752568, 15.6190381 ], [ 73.8753962, 15.6187488 ], [ 73.875525, 15.6185887 ], [ 73.8757986, 15.618351 ], [ 73.8759112, 15.6182167 ], [ 73.8759488, 15.6180927 ], [ 73.8759005, 15.6175709 ], [ 73.8759273, 15.6169458 ], [ 73.8745487, 15.6163465 ], [ 73.8744199, 15.6167029 ], [ 73.8742268, 15.6166564 ], [ 73.8739479, 15.6173849 ], [ 73.8737547, 15.6184337 ] ] ] } },
{ "type": "Feature", "properties": { "osm_id": "1212963037", "code": 7215, "fclass": "orchard", "name": null }, "geometry": { "type": "Polygon", "coordinates": [ [ [ 73.8620549, 15.6116502 ], [ 73.8621408, 15.612637 ], [ 73.8624144, 15.6126525 ], [ 73.8624197, 15.6124251 ], [ 73.8629186, 15.6119343 ], [ 73.8634872, 15.6117018 ], [ 73.8636321, 15.611769 ], [ 73.8634604, 15.612482 ], [ 73.8634443, 15.6126318 ], [ 73.8639861, 15.6126421 ], [ 73.8641363, 15.6117173 ], [ 73.8646889, 15.6117483 ], [ 73.8648176, 15.610808 ], [ 73.8641739, 15.6107977 ], [ 73.8640773, 15.6113453 ], [ 73.8637608, 15.6113402 ], [ 73.8636965, 15.611583 ], [ 73.8635423, 15.6115792 ], [ 73.8635731, 15.6115107 ], [ 73.8635945, 15.6111387 ], [ 73.8637876, 15.6109475 ], [ 73.8643455, 15.6104567 ], [ 73.8645548, 15.6101932 ], [ 73.864544, 15.6099762 ], [ 73.8642222, 15.6097695 ], [ 73.8639861, 15.609599 ], [ 73.8638037, 15.609568 ], [ 73.8638735, 15.6102345 ], [ 73.8634711, 15.6102397 ], [ 73.8631386, 15.6107977 ], [ 73.8626236, 15.6112368 ], [ 73.8629562, 15.6115158 ], [ 73.8627684, 15.6117793 ], [ 73.8622802, 15.6114745 ], [ 73.8620549, 15.6116502 ] ] ] } },
{ "type": "Feature", "properties": { "osm_id": "1212978968", "code": 7229, "fclass": "farmland", "name": null }, "geometry": { "type": "Polygon", "coordinates": [ [ [ 73.859877, 15.6085192 ], [ 73.860113, 15.6098677 ], [ 73.8601881, 15.6111258 ], [ 73.860679, 15.6113944 ], [ 73.8607728, 15.6114745 ], [ 73.8613307, 15.6109475 ], [ 73.8617974, 15.6106324 ], [ 73.8620174, 15.6103689 ], [ 73.8623071, 15.6094027 ], [ 73.8621891, 15.6081498 ], [ 73.86154, 15.6082867 ], [ 73.8610518, 15.6083177 ], [ 73.8606924, 15.6083539 ], [ 73.859877, 15.6085192 ] ] ] } },
{ "type": "Feature", "properties": { "osm_id": "1213244186", "code": 7215, "fclass": "orchard", "name": null }, "geometry": { "type": "Polygon", "coordinates": [ [ [ 73.8288143, 15.6168786 ], [ 73.8294178, 15.6168838 ], [ 73.8294232, 15.616548 ], [ 73.8295627, 15.616548 ], [ 73.8295627, 15.616393 ], [ 73.8296401, 15.6163953 ], [ 73.8296297, 15.6159797 ], [ 73.8288224, 15.6159797 ], [ 73.8288143, 15.6168786 ] ] ] } },
{ "type": "Feature", "properties": { "osm_id": "1220587912", "code": 7215, "fclass": "orchard", "name": null }, "geometry": { "type": "Polygon", "coordinates": [ [ [ 73.8466936, 15.5949939 ], [ 73.8468307, 15.5950082 ], [ 73.8471579, 15.5950081 ], [ 73.8473833, 15.5949513 ], [ 73.847394, 15.594724 ], [ 73.84763, 15.5946206 ], [ 73.84785, 15.594662 ], [ 73.8478714, 15.5943416 ], [ 73.8477427, 15.5938094 ], [ 73.8473333, 15.5936966 ], [ 73.8468254, 15.5947343 ], [ 73.8466936, 15.5949939 ] ] ] } },
{ "type": "Feature", "properties": { "osm_id": "1220587913", "code": 7229, "fclass": "farmland", "name": null }, "geometry": { "type": "Polygon", "coordinates": [ [ [ 73.8428986, 15.5978293 ], [ 73.8433438, 15.5985061 ], [ 73.8439768, 15.5987955 ], [ 73.8439071, 15.5997772 ], [ 73.8442182, 15.5999787 ], [ 73.8445079, 15.5995447 ], [ 73.8447279, 15.5988626 ], [ 73.8452697, 15.598873 ], [ 73.8454843, 15.5980049 ], [ 73.8456076, 15.5980049 ], [ 73.8456237, 15.5976898 ], [ 73.8458383, 15.5976898 ], [ 73.8458061, 15.5974366 ], [ 73.8456613, 15.5974314 ], [ 73.8456613, 15.5970801 ], [ 73.8454091, 15.5970904 ], [ 73.8456184, 15.5955895 ], [ 73.8463694, 15.5956385 ], [ 73.8464364, 15.5953905 ], [ 73.8463211, 15.5953492 ], [ 73.8463855, 15.5951942 ], [ 73.846238, 15.5951476 ], [ 73.8462567, 15.5950805 ], [ 73.8442075, 15.594848 ], [ 73.8441485, 15.5952407 ], [ 73.8435852, 15.5952303 ], [ 73.8434511, 15.5959485 ], [ 73.843419, 15.5965789 ], [ 73.843832, 15.5972661 ], [ 73.8433546, 15.5976019 ], [ 73.8432634, 15.5975244 ], [ 73.8428986, 15.5978293 ] ] ] } },
{ "type": "Feature", "properties": { "osm_id": "1220587914", "code": 7215, "fclass": "orchard", "name": null }, "geometry": { "type": "Polygon", "coordinates": [ [ [ 73.8383925, 15.5960002 ], [ 73.838768, 15.5971472 ], [ 73.8393259, 15.5968941 ], [ 73.8395566, 15.5974624 ], [ 73.8397872, 15.5974108 ], [ 73.8394278, 15.5964497 ], [ 73.8395351, 15.5964135 ], [ 73.8394117, 15.5956385 ], [ 73.8387734, 15.5957263 ], [ 73.83865, 15.5958659 ], [ 73.8383925, 15.5960002 ] ] ] } },
{ "type": "Feature", "properties": { "osm_id": "1220587915", "code": 7229, "fclass": "farmland", "name": null }, "geometry": { "type": "Polygon", "coordinates": [ [ [ 73.8373357, 15.5967856 ], [ 73.8373733, 15.5970439 ], [ 73.8375342, 15.5977311 ], [ 73.8378131, 15.5983925 ], [ 73.8380384, 15.598656 ], [ 73.8388592, 15.5983615 ], [ 73.8392347, 15.5982064 ], [ 73.8395244, 15.5979119 ], [ 73.8398033, 15.5974934 ], [ 73.8397872, 15.5974108 ], [ 73.8395566, 15.5974624 ], [ 73.8393259, 15.5968941 ], [ 73.838768, 15.5971472 ], [ 73.8383925, 15.5960002 ], [ 73.837502, 15.596336 ], [ 73.8373572, 15.5966564 ], [ 73.8373357, 15.5967856 ] ] ] } },
{ "type": "Feature", "properties": { "osm_id": "1220594885", "code": 7215, "fclass": "orchard", "name": null }, "geometry": { "type": "Polygon", "coordinates": [ [ [ 73.8377649, 15.5933806 ], [ 73.837899, 15.5936751 ], [ 73.837958, 15.5939128 ], [ 73.8381243, 15.5939903 ], [ 73.8382745, 15.5937061 ], [ 73.8382959, 15.5935769 ], [ 73.8386178, 15.5935356 ], [ 73.8388807, 15.5936751 ], [ 73.8390469, 15.5935097 ], [ 73.8388699, 15.593179 ], [ 73.8388646, 15.592962 ], [ 73.8392132, 15.5930034 ], [ 73.8397604, 15.592931 ], [ 73.8399106, 15.5926417 ], [ 73.8398409, 15.5923885 ], [ 73.8393635, 15.5920888 ], [ 73.839165, 15.5921405 ], [ 73.8390899, 15.5923937 ], [ 73.8389718, 15.5925332 ], [ 73.8386661, 15.5926417 ], [ 73.8383067, 15.5930189 ], [ 73.8378185, 15.5932255 ], [ 73.8377649, 15.5933806 ] ] ] } },
{ "type": "Feature", "properties": { "osm_id": "1221387455", "code": 7229, "fclass": "farmland", "name": null }, "geometry": { "type": "Polygon", "coordinates": [ [ [ 73.7689072, 15.5599734 ], [ 73.769052, 15.5610121 ], [ 73.7691647, 15.5613997 ], [ 73.7702912, 15.5610896 ], [ 73.7703663, 15.5605005 ], [ 73.7705004, 15.5602679 ], [ 73.7711012, 15.5603248 ], [ 73.7712407, 15.5604695 ], [ 73.7716269, 15.5606245 ], [ 73.7716343, 15.5603481 ], [ 73.7713936, 15.5602963 ], [ 73.7713918, 15.560164 ], [ 73.7711549, 15.5602007 ], [ 73.7711549, 15.5601129 ], [ 73.7714928, 15.5600302 ], [ 73.7719059, 15.5600276 ], [ 73.7719032, 15.5602834 ], [ 73.7717503, 15.5602783 ], [ 73.7717235, 15.5606142 ], [ 73.7719703, 15.5605315 ], [ 73.773188, 15.5600974 ], [ 73.773247, 15.559684 ], [ 73.7731934, 15.5595651 ], [ 73.7729841, 15.5595754 ], [ 73.7729949, 15.5593274 ], [ 73.7729841, 15.559007 ], [ 73.7723404, 15.558914 ], [ 73.7722331, 15.5586401 ], [ 73.7725711, 15.5571672 ], [ 73.772319, 15.5571155 ], [ 73.7715679, 15.5571052 ], [ 73.7715679, 15.5569967 ], [ 73.7721366, 15.5569812 ], [ 73.7721473, 15.556268 ], [ 73.7723833, 15.5561026 ], [ 73.772378, 15.5558442 ], [ 73.7724745, 15.5555548 ], [ 73.7721151, 15.5555652 ], [ 73.7720776, 15.5551259 ], [ 73.7725067, 15.5551156 ], [ 73.7725335, 15.5555187 ], [ 73.7728822, 15.5554773 ], [ 73.7738532, 15.5555342 ], [ 73.7738961, 15.5556944 ], [ 73.7742662, 15.5556375 ], [ 73.7737405, 15.5543404 ], [ 73.7730753, 15.5525626 ], [ 73.7728178, 15.5526349 ], [ 73.7727642, 15.5523714 ], [ 73.7725443, 15.5525006 ], [ 73.772319, 15.5527848 ], [ 73.7717825, 15.5531156 ], [ 73.7705219, 15.5536685 ], [ 73.7706506, 15.5544127 ], [ 73.7703234, 15.5544644 ], [ 73.7703556, 15.5548468 ], [ 73.7716913, 15.5547228 ], [ 73.7717074, 15.5555187 ], [ 73.770833, 15.5555238 ], [ 73.7709296, 15.5564385 ], [ 73.7707847, 15.5564747 ], [ 73.7708276, 15.5570225 ], [ 73.7703609, 15.5570845 ], [ 73.7701034, 15.5586194 ], [ 73.7712461, 15.5588933 ], [ 73.7714875, 15.5590431 ], [ 73.7717128, 15.5589966 ], [ 73.771702, 15.5595289 ], [ 73.7713051, 15.5595238 ], [ 73.7713212, 15.5590897 ], [ 73.7705487, 15.5588726 ], [ 73.7705487, 15.5598907 ], [ 73.7704199, 15.5600354 ], [ 73.769744, 15.5600354 ], [ 73.7695241, 15.5601387 ], [ 73.7692881, 15.5602472 ], [ 73.7691271, 15.5602576 ], [ 73.7689608, 15.5599579 ], [ 73.7689072, 15.5599734 ] ] ] } },
{ "type": "Feature", "properties": { "osm_id": "1221387456", "code": 7229, "fclass": "farmland", "name": null }, "geometry": { "type": "Polygon", "coordinates": [ [ [ 73.7693149, 15.54188 ], [ 73.7701249, 15.5437613 ], [ 73.770605, 15.5448995 ], [ 73.7714472, 15.5450766 ], [ 73.7714124, 15.5453557 ], [ 73.7707418, 15.5452239 ], [ 73.7717074, 15.5474049 ], [ 73.77204, 15.5465211 ], [ 73.7723082, 15.5465883 ], [ 73.772217, 15.5472756 ], [ 73.7723565, 15.5472808 ], [ 73.7724101, 15.5469966 ], [ 73.7725764, 15.5470379 ], [ 73.7724155, 15.5477511 ], [ 73.7728715, 15.5478907 ], [ 73.7729466, 15.5475857 ], [ 73.7731934, 15.5476374 ], [ 73.7731183, 15.5479165 ], [ 73.7732899, 15.5478441 ], [ 73.7736976, 15.547932 ], [ 73.7738478, 15.5474565 ], [ 73.7744164, 15.5475961 ], [ 73.7740141, 15.5488881 ], [ 73.774513, 15.5490483 ], [ 73.7744164, 15.5493326 ], [ 73.7738103, 15.5491413 ], [ 73.7736386, 15.5494669 ], [ 73.7741429, 15.5495961 ], [ 73.7738907, 15.5500147 ], [ 73.7734562, 15.5499062 ], [ 73.7734187, 15.5500613 ], [ 73.7729466, 15.5498649 ], [ 73.7729359, 15.5501594 ], [ 73.7734294, 15.5504592 ], [ 73.7732041, 15.5508468 ], [ 73.7729412, 15.5510277 ], [ 73.7730324, 15.5515031 ], [ 73.7730968, 15.5519217 ], [ 73.7738103, 15.551684 ], [ 73.7739229, 15.551622 ], [ 73.7740892, 15.5513946 ], [ 73.7741268, 15.5513481 ], [ 73.7748617, 15.5511207 ], [ 73.7751138, 15.5510225 ], [ 73.7755376, 15.5507641 ], [ 73.7757575, 15.5505212 ], [ 73.7762403, 15.5500561 ], [ 73.7764764, 15.549684 ], [ 73.7764442, 15.5493067 ], [ 73.7764549, 15.5491827 ], [ 73.7765676, 15.5490225 ], [ 73.7765729, 15.5482783 ], [ 73.7765461, 15.5471309 ], [ 73.7764978, 15.5469707 ], [ 73.7765729, 15.5467847 ], [ 73.776589, 15.5465366 ], [ 73.7764978, 15.5462317 ], [ 73.7764764, 15.546087 ], [ 73.7766963, 15.5453324 ], [ 73.7768304, 15.5453583 ], [ 73.776691, 15.5458389 ], [ 73.7766427, 15.5460663 ], [ 73.7767017, 15.5463247 ], [ 73.7767553, 15.5466813 ], [ 73.7766641, 15.547193 ], [ 73.7767124, 15.5482989 ], [ 73.7766534, 15.5491775 ], [ 73.7765944, 15.5492189 ], [ 73.7765461, 15.5493067 ], [ 73.7766588, 15.5496013 ], [ 73.7767017, 15.549746 ], [ 73.7765086, 15.5500096 ], [ 73.7759346, 15.5505884 ], [ 73.775661, 15.550883 ], [ 73.7752694, 15.5511465 ], [ 73.7742501, 15.5514825 ], [ 73.7739766, 15.5517667 ], [ 73.7732792, 15.5519889 ], [ 73.7731933, 15.552113 ], [ 73.7740409, 15.5543765 ], [ 73.7748939, 15.5543042 ], [ 73.7749582, 15.5545471 ], [ 73.7748349, 15.5545626 ], [ 73.7749046, 15.5548882 ], [ 73.7751299, 15.5548675 ], [ 73.7751621, 15.555069 ], [ 73.7750387, 15.5551207 ], [ 73.7750924, 15.555467 ], [ 73.7754196, 15.5554308 ], [ 73.7754679, 15.5556013 ], [ 73.775382, 15.5556272 ], [ 73.7754089, 15.5558029 ], [ 73.7756717, 15.5558029 ], [ 73.7756771, 15.5556168 ], [ 73.7758487, 15.5556117 ], [ 73.7758648, 15.5557357 ], [ 73.776117, 15.5557357 ], [ 73.7762243, 15.5550587 ], [ 73.7767017, 15.5549812 ], [ 73.7767714, 15.5547693 ], [ 73.7764603, 15.5546453 ], [ 73.7759292, 15.5546091 ], [ 73.7758434, 15.5532137 ], [ 73.776589, 15.5530019 ], [ 73.7776244, 15.5528778 ], [ 73.7776673, 15.5523869 ], [ 73.7777692, 15.5521233 ], [ 73.7780428, 15.5521336 ], [ 73.778134, 15.5514256 ], [ 73.7785309, 15.5509398 ], [ 73.7786812, 15.5509502 ], [ 73.7788206, 15.5504127 ], [ 73.7790835, 15.550423 ], [ 73.7795234, 15.5492034 ], [ 73.7800276, 15.5491878 ], [ 73.7807786, 15.549317 ], [ 73.7808323, 15.5485108 ], [ 73.7809288, 15.547808 ], [ 73.7801081, 15.5475444 ], [ 73.7800866, 15.546826 ], [ 73.7809986, 15.5468932 ], [ 73.7810737, 15.5463144 ], [ 73.7813204, 15.5458647 ], [ 73.7817389, 15.5459009 ], [ 73.781991, 15.5459061 ], [ 73.782447, 15.5458234 ], [ 73.7835038, 15.5458234 ], [ 73.783536, 15.5457252 ], [ 73.7828761, 15.5454926 ], [ 73.781476, 15.5448673 ], [ 73.7801188, 15.5441592 ], [ 73.7801081, 15.5443401 ], [ 73.7796253, 15.5443505 ], [ 73.7796092, 15.5446864 ], [ 73.7791908, 15.5446967 ], [ 73.7792069, 15.5443608 ], [ 73.778547, 15.5442161 ], [ 73.7784666, 15.5445572 ], [ 73.7783003, 15.5445158 ], [ 73.7783915, 15.5440662 ], [ 73.7781286, 15.5439887 ], [ 73.7782037, 15.5436786 ], [ 73.7768197, 15.5431566 ], [ 73.7768197, 15.5428258 ], [ 73.7750494, 15.5420713 ], [ 73.774969, 15.5423193 ], [ 73.7742019, 15.5437923 ], [ 73.7748295, 15.5441489 ], [ 73.7747598, 15.5443453 ], [ 73.7747705, 15.5447743 ], [ 73.7745988, 15.54495 ], [ 73.7745023, 15.5452291 ], [ 73.7746149, 15.5452807 ], [ 73.7746954, 15.5459371 ], [ 73.7735957, 15.545751 ], [ 73.7736118, 15.5456787 ], [ 73.7730485, 15.5455753 ], [ 73.7721902, 15.5452084 ], [ 73.7722385, 15.5448518 ], [ 73.7717932, 15.5446864 ], [ 73.7717986, 15.5438647 ], [ 73.7713426, 15.543844 ], [ 73.771348, 15.5434409 ], [ 73.7715089, 15.5433272 ], [ 73.7718952, 15.5431824 ], [ 73.7731183, 15.5429809 ], [ 73.7732685, 15.5432238 ], [ 73.7734562, 15.5435907 ], [ 73.7738854, 15.543937 ], [ 73.774057, 15.5436786 ], [ 73.7739712, 15.5433633 ], [ 73.7737834, 15.5432031 ], [ 73.7736976, 15.5430067 ], [ 73.7734294, 15.5426398 ], [ 73.7733811, 15.5424382 ], [ 73.773306, 15.5422987 ], [ 73.7730324, 15.5421385 ], [ 73.7728661, 15.5419369 ], [ 73.7726194, 15.5417508 ], [ 73.7693524, 15.541787 ], [ 73.7693149, 15.54188 ] ] ] } },
{ "type": "Feature", "properties": { "osm_id": "1221387477", "code": 7229, "fclass": "farmland", "name": null }, "geometry": { "type": "Polygon", "coordinates": [ [ [ 73.7704199, 15.5215471 ], [ 73.7716162, 15.5219141 ], [ 73.772099, 15.5212576 ], [ 73.7724209, 15.5210509 ], [ 73.7725067, 15.5208906 ], [ 73.7726515, 15.5206167 ], [ 73.7732416, 15.5199137 ], [ 73.7740892, 15.519309 ], [ 73.773821, 15.5185233 ], [ 73.7719649, 15.5188593 ], [ 73.7713855, 15.5190971 ], [ 73.7712622, 15.5192108 ], [ 73.7709529, 15.5199464 ], [ 73.7708319, 15.5202765 ], [ 73.7704199, 15.5215471 ] ] ] } },
{ "type": "Feature", "properties": { "osm_id": "1223187258", "code": 7229, "fclass": "farmland", "name": null }, "geometry": { "type": "Polygon", "coordinates": [ [ [ 73.8358498, 15.6377291 ], [ 73.8363433, 15.6377807 ], [ 73.8363433, 15.637915 ], [ 73.8373518, 15.6379564 ], [ 73.8370192, 15.6370265 ], [ 73.8369816, 15.6364169 ], [ 73.8368207, 15.6361483 ], [ 73.8365632, 15.6360915 ], [ 73.8361716, 15.6361018 ], [ 73.8360161, 15.6364531 ], [ 73.8360536, 15.6367217 ], [ 73.8360751, 15.6369645 ], [ 73.836118, 15.6372331 ], [ 73.8359288, 15.6374018 ], [ 73.8358498, 15.6377291 ] ] ] } },
{ "type": "Feature", "properties": { "osm_id": "1223187259", "code": 7229, "fclass": "farmland", "name": null }, "geometry": { "type": "Polygon", "coordinates": [ [ [ 73.8377488, 15.6368509 ], [ 73.8379741, 15.6374398 ], [ 73.8379741, 15.6381423 ], [ 73.8382637, 15.6381113 ], [ 73.8383925, 15.6386899 ], [ 73.838886, 15.6389895 ], [ 73.8390845, 15.6389482 ], [ 73.8402003, 15.6386176 ], [ 73.8403773, 15.6386641 ], [ 73.8405651, 15.6386073 ], [ 73.8418364, 15.6373674 ], [ 73.84202, 15.6370166 ], [ 73.8421798, 15.6367114 ], [ 73.8424051, 15.6364996 ], [ 73.8429791, 15.6362155 ], [ 73.8428396, 15.6354716 ], [ 73.8423192, 15.6354251 ], [ 73.8420242, 15.6352649 ], [ 73.8417989, 15.6351926 ], [ 73.8415038, 15.6353941 ], [ 73.8408279, 15.6357764 ], [ 73.8393044, 15.6362103 ], [ 73.8377488, 15.6368509 ] ] ] } },
{ "type": "Feature", "properties": { "osm_id": "1223198066", "code": 7215, "fclass": "orchard", "name": null }, "geometry": { "type": "Polygon", "coordinates": [ [ [ 73.7840053, 15.61599 ], [ 73.7840079, 15.6162211 ], [ 73.7843197, 15.6163263 ], [ 73.7843892, 15.6164725 ], [ 73.7846268, 15.6173715 ], [ 73.7848395, 15.6173281 ], [ 73.7845445, 15.6161579 ], [ 73.7845096, 15.6159745 ], [ 73.7840053, 15.61599 ] ] ] } },
{ "type": "Feature", "properties": { "osm_id": "1223198068", "code": 7215, "fclass": "orchard", "name": null }, "geometry": { "type": "Polygon", "coordinates": [ [ [ 73.7821627, 15.61964 ], [ 73.7821653, 15.6197149 ], [ 73.7826481, 15.6197795 ], [ 73.7829566, 15.6198182 ], [ 73.783021, 15.6199836 ], [ 73.7831229, 15.6199655 ], [ 73.7830532, 15.6194359 ], [ 73.7828547, 15.6194127 ], [ 73.7827957, 15.619312 ], [ 73.7826213, 15.6193145 ], [ 73.7826508, 15.6196839 ], [ 73.7821627, 15.61964 ] ] ] } },
{ "type": "Feature", "properties": { "osm_id": "1223198075", "code": 7229, "fclass": "farmland", "name": null }, "geometry": { "type": "Polygon", "coordinates": [ [ [ 73.7758058, 15.6213823 ], [ 73.7758823, 15.6222994 ], [ 73.7758741, 15.6227672 ], [ 73.7769211, 15.6226281 ], [ 73.7768697, 15.6222624 ], [ 73.776779, 15.6218963 ], [ 73.7782484, 15.6217319 ], [ 73.7786624, 15.6215102 ], [ 73.7789275, 15.6216027 ], [ 73.7789333, 15.6217814 ], [ 73.7798532, 15.6215409 ], [ 73.7798157, 15.621394 ], [ 73.7799633, 15.6213345 ], [ 73.7797943, 15.6206061 ], [ 73.7797525, 15.6205114 ], [ 73.7788903, 15.6210113 ], [ 73.7785788, 15.6208845 ], [ 73.7784398, 15.620743 ], [ 73.7780911, 15.6207637 ], [ 73.7777102, 15.6209445 ], [ 73.7771577, 15.6212286 ], [ 73.7769645, 15.6212441 ], [ 73.7768496, 15.6211121 ], [ 73.7768508, 15.6211701 ], [ 73.7768114, 15.6212558 ], [ 73.7767765, 15.6212627 ], [ 73.7758058, 15.6213823 ] ] ] } },
{ "type": "Feature", "properties": { "osm_id": "1223561686", "code": 7229, "fclass": "farmland", "name": null }, "geometry": { "type": "Polygon", "coordinates": [ [ [ 73.7693202, 15.6266454 ], [ 73.7699559, 15.6267022 ], [ 73.7700149, 15.6263019 ], [ 73.769398, 15.6262528 ], [ 73.7693202, 15.6266454 ] ] ] } },
{ "type": "Feature", "properties": { "osm_id": "1223561687", "code": 7229, "fclass": "farmland", "name": null }, "geometry": { "type": "Polygon", "coordinates": [ [ [ 73.7706064, 15.6244446 ], [ 73.7708746, 15.6244679 ], [ 73.7714446, 15.6243542 ], [ 73.7714499, 15.6237937 ], [ 73.7706426, 15.6238738 ], [ 73.7706064, 15.6244446 ] ] ] } },
{ "type": "Feature", "properties": { "osm_id": "1223561698", "code": 7229, "fclass": "farmland", "name": null }, "geometry": { "type": "Polygon", "coordinates": [ [ [ 73.7735043, 15.6237185 ], [ 73.7735831, 15.6242788 ], [ 73.7735915, 15.6243386 ], [ 73.7735994, 15.6243949 ], [ 73.7737637, 15.6243769 ], [ 73.7741699, 15.6243323 ], [ 73.7741125, 15.6235722 ], [ 73.7735043, 15.6237185 ] ] ] } },
{ "type": "Feature", "properties": { "osm_id": "1224055185", "code": 7229, "fclass": "farmland", "name": null }, "geometry": { "type": "Polygon", "coordinates": [ [ [ 73.7580415, 15.624276 ], [ 73.7580797, 15.6245452 ], [ 73.7582052, 15.62469 ], [ 73.7584149, 15.6246855 ], [ 73.7586504, 15.6245815 ], [ 73.7589937, 15.624473 ], [ 73.7592061, 15.6242851 ], [ 73.7593907, 15.6241217 ], [ 73.7594175, 15.6237704 ], [ 73.7592244, 15.6237704 ], [ 73.7592244, 15.6233158 ], [ 73.7587241, 15.6233469 ], [ 73.7587255, 15.6234605 ], [ 73.7587041, 15.6237188 ], [ 73.7585807, 15.6238273 ], [ 73.7582219, 15.6238271 ], [ 73.7582213, 15.6238841 ], [ 73.7582152, 15.624076 ], [ 73.758222, 15.6242093 ], [ 73.7580415, 15.624276 ] ] ] } },
{ "type": "Feature", "properties": { "osm_id": "1224055188", "code": 7215, "fclass": "orchard", "name": null }, "geometry": { "type": "Polygon", "coordinates": [ [ [ 73.7485278, 15.6229103 ], [ 73.7497938, 15.6246461 ], [ 73.7499601, 15.6244989 ], [ 73.7500526, 15.6244679 ], [ 73.7501062, 15.6244498 ], [ 73.7501476, 15.624436 ], [ 73.7502282, 15.6244223 ], [ 73.7502149, 15.6240184 ], [ 73.7498286, 15.6240262 ], [ 73.7498018, 15.6239409 ], [ 73.7496114, 15.6236929 ], [ 73.7490992, 15.6228487 ], [ 73.7490562, 15.6228457 ], [ 73.7489676, 15.6228121 ], [ 73.7487584, 15.6228948 ], [ 73.7486565, 15.6228767 ], [ 73.7486051, 15.6227917 ], [ 73.7485278, 15.6229103 ] ] ] } },
{ "type": "Feature", "properties": { "osm_id": "1224055189", "code": 7229, "fclass": "farmland", "name": null }, "geometry": { "type": "Polygon", "coordinates": [ [ [ 73.7485488, 15.6224188 ], [ 73.7486051, 15.6227917 ], [ 73.7486565, 15.6228767 ], [ 73.7487584, 15.6228948 ], [ 73.7489676, 15.6228121 ], [ 73.7490562, 15.6228457 ], [ 73.7494267, 15.6223181 ], [ 73.7492064, 15.6221534 ], [ 73.7490372, 15.6220458 ], [ 73.7489918, 15.6220336 ], [ 73.7485952, 15.6222519 ], [ 73.7485488, 15.6224188 ] ] ] } },
{ "type": "Feature", "properties": { "osm_id": "1224055190", "code": 7229, "fclass": "farmland", "name": null }, "geometry": { "type": "Polygon", "coordinates": [ [ [ 73.7489266, 15.6216789 ], [ 73.7489542, 15.6217503 ], [ 73.749016, 15.6218293 ], [ 73.7491034, 15.6218427 ], [ 73.749261, 15.6217963 ], [ 73.7498069, 15.6213901 ], [ 73.7498152, 15.6214146 ], [ 73.7492551, 15.6218562 ], [ 73.7490351, 15.6219152 ], [ 73.7490256, 15.6219561 ], [ 73.7491098, 15.6219958 ], [ 73.7494505, 15.6222804 ], [ 73.7495227, 15.6222107 ], [ 73.7499011, 15.6218069 ], [ 73.7504152, 15.621342 ], [ 73.7504294, 15.6213475 ], [ 73.7499101, 15.6218322 ], [ 73.7495365, 15.6222568 ], [ 73.7495604, 15.6223032 ], [ 73.7497378, 15.6223744 ], [ 73.7503863, 15.6225547 ], [ 73.7504481, 15.6225367 ], [ 73.7505467, 15.6222194 ], [ 73.7506399, 15.6218356 ], [ 73.7508784, 15.6213657 ], [ 73.7509976, 15.6211609 ], [ 73.7511108, 15.6209067 ], [ 73.7511615, 15.6207569 ], [ 73.7505501, 15.6211744 ], [ 73.7503785, 15.6210737 ], [ 73.7503195, 15.6208748 ], [ 73.7499198, 15.6210065 ], [ 73.7493297, 15.6213707 ], [ 73.7490535, 15.6214224 ], [ 73.7489462, 15.6215128 ], [ 73.7489266, 15.6216789 ] ] ] } },
{ "type": "Feature", "properties": { "osm_id": "1224055191", "code": 7229, "fclass": "farmland", "name": null }, "geometry": { "type": "Polygon", "coordinates": [ [ [ 73.7505407, 15.622577 ], [ 73.7516105, 15.6228816 ], [ 73.7516184, 15.6224761 ], [ 73.7516273, 15.6222435 ], [ 73.7516178, 15.622054 ], [ 73.7516085, 15.6219737 ], [ 73.7515828, 15.6219465 ], [ 73.750921, 15.6219845 ], [ 73.7506863, 15.622015 ], [ 73.7505424, 15.6225155 ], [ 73.7505407, 15.622577 ] ] ] } },
{ "type": "Feature", "properties": { "osm_id": "1224055192", "code": 7229, "fclass": "farmland", "name": null }, "geometry": { "type": "Polygon", "coordinates": [ [ [ 73.7505192, 15.6253167 ], [ 73.7505612, 15.6254893 ], [ 73.7512643, 15.6262225 ], [ 73.7514644, 15.6264002 ], [ 73.7514962, 15.6264199 ], [ 73.7515622, 15.6263315 ], [ 73.7516245, 15.6261156 ], [ 73.7516935, 15.6260025 ], [ 73.751874, 15.6256451 ], [ 73.7519068, 15.6255283 ], [ 73.7519329, 15.625436 ], [ 73.7519324, 15.6253437 ], [ 73.7519427, 15.6252755 ], [ 73.7520334, 15.6251111 ], [ 73.75221, 15.6248185 ], [ 73.7522721, 15.6247753 ], [ 73.7524582, 15.6243168 ], [ 73.7525251, 15.624145 ], [ 73.7525238, 15.623883 ], [ 73.7526449, 15.6234622 ], [ 73.7526679, 15.6232731 ], [ 73.7524208, 15.623198 ], [ 73.7519862, 15.6230801 ], [ 73.7518367, 15.623034 ], [ 73.751509, 15.6237344 ], [ 73.7514944, 15.6237725 ], [ 73.7514432, 15.6237871 ], [ 73.7512695, 15.6239187 ], [ 73.7512501, 15.6239371 ], [ 73.7512261, 15.6239893 ], [ 73.7508096, 15.6246121 ], [ 73.7507659, 15.6246804 ], [ 73.7507019, 15.6247083 ], [ 73.7506315, 15.6248365 ], [ 73.7506117, 15.624901 ], [ 73.750571, 15.6250341 ], [ 73.7505485, 15.625133 ], [ 73.7505192, 15.6253167 ] ] ] } },
{ "type": "Feature", "properties": { "osm_id": "1224055193", "code": 7229, "fclass": "farmland", "name": null }, "geometry": { "type": "Polygon", "coordinates": [ [ [ 73.7502741, 15.62412 ], [ 73.7502861, 15.6244121 ], [ 73.7502889, 15.6245383 ], [ 73.7503971, 15.6247345 ], [ 73.750442, 15.6247417 ], [ 73.7505493, 15.6247758 ], [ 73.7508383, 15.624531 ], [ 73.7509496, 15.6243434 ], [ 73.751098, 15.6241662 ], [ 73.7511375, 15.6240976 ], [ 73.7512331, 15.623913 ], [ 73.7513851, 15.6238039 ], [ 73.7514551, 15.6237612 ], [ 73.7514613, 15.6237398 ], [ 73.7515038, 15.6236518 ], [ 73.7518054, 15.6230265 ], [ 73.7509607, 15.6227712 ], [ 73.7505372, 15.6226622 ], [ 73.7505295, 15.6227237 ], [ 73.7504131, 15.6233416 ], [ 73.7503312, 15.6237321 ], [ 73.7502973, 15.6239789 ], [ 73.7502741, 15.62412 ] ] ] } },
{ "type": "Feature", "properties": { "osm_id": "1224055194", "code": 7229, "fclass": "farmland", "name": null }, "geometry": { "type": "Polygon", "coordinates": [ [ [ 73.7519342, 15.6265602 ], [ 73.7524384, 15.6266842 ], [ 73.7529212, 15.6256354 ], [ 73.7525296, 15.6255063 ], [ 73.7527227, 15.6251033 ], [ 73.7526262, 15.6250155 ], [ 73.7530875, 15.6243646 ], [ 73.753404, 15.624566 ], [ 73.7538519, 15.6241217 ], [ 73.7540826, 15.6238118 ], [ 73.7540826, 15.6237498 ], [ 73.7540236, 15.6236723 ], [ 73.7536696, 15.6235509 ], [ 73.7527428, 15.6232829 ], [ 73.7526929, 15.6233096 ], [ 73.7525599, 15.6238768 ], [ 73.7525733, 15.6240018 ], [ 73.7525765, 15.6240959 ], [ 73.7525591, 15.6242199 ], [ 73.7523861, 15.6246498 ], [ 73.7523103, 15.6248061 ], [ 73.7522673, 15.624918 ], [ 73.752211, 15.6249542 ], [ 73.752114, 15.6250956 ], [ 73.752078, 15.6251889 ], [ 73.7521434, 15.6252066 ], [ 73.7520415, 15.6257801 ], [ 73.7519342, 15.6265602 ] ] ] } },
{ "type": "Feature", "properties": { "osm_id": "1224055195", "code": 7229, "fclass": "farmland", "name": null }, "geometry": { "type": "Polygon", "coordinates": [ [ [ 73.7540477, 15.6235121 ], [ 73.7542731, 15.6236671 ], [ 73.7547854, 15.6231867 ], [ 73.7550321, 15.6227992 ], [ 73.7552196, 15.6225389 ], [ 73.7555122, 15.6221327 ], [ 73.7559897, 15.6212855 ], [ 73.7559038, 15.6212493 ], [ 73.7555873, 15.6215283 ], [ 73.755464, 15.6215438 ], [ 73.7554425, 15.6214405 ], [ 73.7556785, 15.621239 ], [ 73.7555262, 15.6211711 ], [ 73.7553191, 15.6210788 ], [ 73.7552977, 15.621208 ], [ 73.7550455, 15.6216884 ], [ 73.7544769, 15.6229283 ], [ 73.7540477, 15.6235121 ] ] ] } },
{ "type": "Feature", "properties": { "osm_id": "1224055196", "code": 7229, "fclass": "farmland", "name": null }, "geometry": { "type": "Polygon", "coordinates": [ [ [ 73.7507079, 15.6218793 ], [ 73.7507331, 15.6219289 ], [ 73.7510082, 15.6219037 ], [ 73.7512475, 15.6219183 ], [ 73.7515952, 15.6218892 ], [ 73.7516317, 15.6218661 ], [ 73.7517118, 15.6213253 ], [ 73.7517276, 15.6213255 ], [ 73.7516767, 15.6216896 ], [ 73.75164, 15.621939 ], [ 73.7516657, 15.6219591 ], [ 73.7526584, 15.6221457 ], [ 73.7527147, 15.6221069 ], [ 73.7527496, 15.6210659 ], [ 73.7528381, 15.6206604 ], [ 73.7528756, 15.6204718 ], [ 73.7529078, 15.6204821 ], [ 73.7528676, 15.6206836 ], [ 73.7527817, 15.6211279 ], [ 73.7527791, 15.6212571 ], [ 73.7527415, 15.6221147 ], [ 73.7527308, 15.6221844 ], [ 73.7527044, 15.6221793 ], [ 73.751704, 15.6219949 ], [ 73.7516507, 15.6220001 ], [ 73.7516454, 15.6224296 ], [ 73.7525457, 15.6226029 ], [ 73.7524009, 15.6230988 ], [ 73.7537634, 15.6234398 ], [ 73.7540746, 15.622949 ], [ 73.7538117, 15.6228147 ], [ 73.75386, 15.6226442 ], [ 73.7541872, 15.622732 ], [ 73.7545091, 15.6218796 ], [ 73.7545359, 15.6216471 ], [ 73.7544608, 15.6204692 ], [ 73.7541389, 15.6203865 ], [ 73.7541175, 15.6201489 ], [ 73.7541711, 15.6198338 ], [ 73.7538814, 15.6196994 ], [ 73.7535435, 15.6195858 ], [ 73.7532538, 15.6197614 ], [ 73.7530231, 15.6196426 ], [ 73.7529588, 15.6197046 ], [ 73.752535, 15.6194049 ], [ 73.752256, 15.6196116 ], [ 73.7518001, 15.6199053 ], [ 73.7519314, 15.6200766 ], [ 73.7515679, 15.6203498 ], [ 73.751269, 15.620557 ], [ 73.7512855, 15.6206608 ], [ 73.7516063, 15.6207266 ], [ 73.7519048, 15.6207319 ], [ 73.7519577, 15.6207112 ], [ 73.7521112, 15.620464 ], [ 73.7521729, 15.6204201 ], [ 73.7522471, 15.6204091 ], [ 73.7525275, 15.620389 ], [ 73.7525983, 15.6200083 ], [ 73.7526208, 15.6200068 ], [ 73.7525585, 15.620381 ], [ 73.7525976, 15.6204007 ], [ 73.7527148, 15.6203946 ], [ 73.7527741, 15.6203743 ], [ 73.7529051, 15.6202729 ], [ 73.7529641, 15.6202212 ], [ 73.7532485, 15.6200585 ], [ 73.7533772, 15.6199732 ], [ 73.7535998, 15.6200766 ], [ 73.753573, 15.6201153 ], [ 73.7533665, 15.6200146 ], [ 73.7532806, 15.6200714 ], [ 73.752945, 15.6202878 ], [ 73.7528381, 15.6203814 ], [ 73.7527388, 15.6204175 ], [ 73.7525457, 15.6204201 ], [ 73.7522587, 15.6204382 ], [ 73.7521567, 15.6204671 ], [ 73.7520665, 15.6206002 ], [ 73.7519915, 15.6207587 ], [ 73.7517156, 15.6212571 ], [ 73.7517041, 15.6212551 ], [ 73.7519563, 15.6207612 ], [ 73.7515992, 15.6207535 ], [ 73.7513067, 15.620689 ], [ 73.7512332, 15.6207504 ], [ 73.7512079, 15.6207893 ], [ 73.7511687, 15.6208495 ], [ 73.7510886, 15.621128 ], [ 73.7511139, 15.6211474 ], [ 73.7516566, 15.6212687 ], [ 73.7516489, 15.6212831 ], [ 73.7513312, 15.6212381 ], [ 73.7511563, 15.6211976 ], [ 73.751078, 15.6212034 ], [ 73.7508592, 15.6215093 ], [ 73.7508502, 15.6215683 ], [ 73.7507574, 15.6217078 ], [ 73.7507079, 15.6218793 ] ] ] } },
{ "type": "Feature", "properties": { "osm_id": "1224055197", "code": 7215, "fclass": "orchard", "name": null }, "geometry": { "type": "Polygon", "coordinates": [ [ [ 73.7516397, 15.622885 ], [ 73.7524009, 15.6230988 ], [ 73.7525457, 15.6226029 ], [ 73.7516454, 15.6224296 ], [ 73.7516397, 15.622885 ] ] ] } },
{ "type": "Feature", "properties": { "osm_id": "1224113892", "code": 7229, "fclass": "farmland", "name": null }, "geometry": { "type": "Polygon", "coordinates": [ [ [ 73.7603368, 15.631062 ], [ 73.7605137, 15.6310793 ], [ 73.7605248, 15.6309724 ], [ 73.7605946, 15.6309598 ], [ 73.7606645, 15.6309944 ], [ 73.7606691, 15.6310855 ], [ 73.7608246, 15.6310918 ], [ 73.760925, 15.6310761 ], [ 73.7609368, 15.6306055 ], [ 73.7609331, 15.6305231 ], [ 73.7604811, 15.6305065 ], [ 73.7604105, 15.6304975 ], [ 73.7603984, 15.6305752 ], [ 73.7603501, 15.6308321 ], [ 73.7603368, 15.631062 ] ] ] } },
{ "type": "Feature", "properties": { "osm_id": "1224723894", "code": 7215, "fclass": "orchard", "name": null }, "geometry": { "type": "Polygon", "coordinates": [ [ [ 73.7692076, 15.6190433 ], [ 73.7696207, 15.619002 ], [ 73.7696475, 15.6193016 ], [ 73.7699532, 15.6193016 ], [ 73.769964, 15.6198079 ], [ 73.7694436, 15.6198234 ], [ 73.7694222, 15.6202729 ], [ 73.7692237, 15.6202677 ], [ 73.769229, 15.6204485 ], [ 73.7694651, 15.6204537 ], [ 73.7694597, 15.6212596 ], [ 73.7697065, 15.6212648 ], [ 73.7697205, 15.6206346 ], [ 73.7702954, 15.6206136 ], [ 73.7702697, 15.6199267 ], [ 73.7701839, 15.6196736 ], [ 73.7701839, 15.6183717 ], [ 73.7697601, 15.6183562 ], [ 73.7697494, 15.6185783 ], [ 73.7693685, 15.6185887 ], [ 73.7692076, 15.6190433 ] ] ] } },
{ "type": "Feature", "properties": { "osm_id": "1224723895", "code": 7215, "fclass": "orchard", "name": null }, "geometry": { "type": "Polygon", "coordinates": [ [ [ 73.7583017, 15.626865 ], [ 73.7583222, 15.6270313 ], [ 73.7591493, 15.626989 ], [ 73.7594497, 15.6269528 ], [ 73.7594336, 15.6259919 ], [ 73.7597609, 15.6259867 ], [ 73.7597448, 15.6255889 ], [ 73.7599379, 15.6255683 ], [ 73.7599432, 15.6258007 ], [ 73.7603778, 15.6257698 ], [ 73.7603617, 15.6255218 ], [ 73.7607372, 15.6254959 ], [ 73.760734, 15.6254523 ], [ 73.7607157, 15.6252015 ], [ 73.7599486, 15.625217 ], [ 73.7599218, 15.6247365 ], [ 73.760131, 15.6247262 ], [ 73.760249, 15.6235534 ], [ 73.759439, 15.6235328 ], [ 73.7594175, 15.6237704 ], [ 73.7593907, 15.6241217 ], [ 73.7592061, 15.6242851 ], [ 73.75916, 15.6246694 ], [ 73.7592137, 15.6252066 ], [ 73.7597287, 15.6252376 ], [ 73.7604954, 15.6252729 ], [ 73.7605141, 15.6254292 ], [ 73.7590096, 15.6255392 ], [ 73.7590474, 15.6264517 ], [ 73.7583286, 15.626493 ], [ 73.7583017, 15.626865 ] ] ] } },
{ "type": "Feature", "properties": { "osm_id": "1224723896", "code": 7215, "fclass": "orchard", "name": null }, "geometry": { "type": "Polygon", "coordinates": [ [ [ 73.7656885, 15.6217969 ], [ 73.7674588, 15.6217918 ], [ 73.7673461, 15.6204899 ], [ 73.7682313, 15.620433 ], [ 73.7682259, 15.6201644 ], [ 73.7670511, 15.6202212 ], [ 73.7670457, 15.6199267 ], [ 73.7668151, 15.6199474 ], [ 73.7668097, 15.6197459 ], [ 73.7676251, 15.6196426 ], [ 73.767609, 15.6194669 ], [ 73.7663966, 15.6195806 ], [ 73.7664396, 15.6200714 ], [ 73.7661767, 15.6200972 ], [ 73.7662679, 15.6206914 ], [ 73.7660533, 15.6206965 ], [ 73.7659997, 15.621332 ], [ 73.7658119, 15.6213578 ], [ 73.7656885, 15.6217969 ] ] ] } },
{ "type": "Feature", "properties": { "osm_id": "1224953983", "code": 7215, "fclass": "orchard", "name": null }, "geometry": { "type": "Polygon", "coordinates": [ [ [ 73.7861806, 15.6162793 ], [ 73.7866044, 15.6165273 ], [ 73.7871194, 15.6167184 ], [ 73.7876558, 15.6168373 ], [ 73.7881494, 15.6167133 ], [ 73.7887555, 15.6167959 ], [ 73.7887287, 15.6170233 ], [ 73.7886456, 15.6175502 ], [ 73.7886187, 15.6178912 ], [ 73.7882942, 15.6178499 ], [ 73.7882566, 15.617979 ], [ 73.7887207, 15.6180514 ], [ 73.7887019, 15.6182167 ], [ 73.7889004, 15.618227 ], [ 73.788946, 15.618103 ], [ 73.7890935, 15.618134 ], [ 73.7891686, 15.6178628 ], [ 73.7889326, 15.6178189 ], [ 73.7889272, 15.6176742 ], [ 73.7889513, 15.6174443 ], [ 73.7890398, 15.617217 ], [ 73.7892678, 15.6170439 ], [ 73.789587, 15.6169768 ], [ 73.7897031, 15.6169605 ], [ 73.7896836, 15.6167262 ], [ 73.7894127, 15.6167365 ], [ 73.7889513, 15.6167804 ], [ 73.788954, 15.6166022 ], [ 73.7885892, 15.6165944 ], [ 73.7876719, 15.6165454 ], [ 73.7876746, 15.6164782 ], [ 73.787334, 15.616411 ], [ 73.7865299, 15.6163192 ], [ 73.7861806, 15.6162793 ] ] ] } },
{ "type": "Feature", "properties": { "osm_id": "1224953985", "code": 7229, "fclass": "farmland", "name": null }, "geometry": { "type": "Polygon", "coordinates": [ [ [ 73.779915, 15.6162328 ], [ 73.7804621, 15.6162483 ], [ 73.7804621, 15.6163258 ], [ 73.7806177, 15.6163465 ], [ 73.7806847, 15.6156335 ], [ 73.780495, 15.6155719 ], [ 73.7799592, 15.6153719 ], [ 73.779915, 15.6162328 ] ] ] } },
{ "type": "Feature", "properties": { "osm_id": "16712151", "code": 7229, "fclass": "farmland", "name": null }, "geometry": { "type": "Polygon", "coordinates": [ [ [ 73.778421, 15.6188806 ], [ 73.778421, 15.6190485 ], [ 73.7784747, 15.6191473 ], [ 73.7787744, 15.6192989 ], [ 73.7789762, 15.6193068 ], [ 73.7793276, 15.6193688 ], [ 73.7795261, 15.6193843 ], [ 73.7797353, 15.6194334 ], [ 73.7799284, 15.6193998 ], [ 73.7801832, 15.619392 ], [ 73.7807813, 15.6192887 ], [ 73.7808377, 15.6192965 ], [ 73.780894, 15.6193042 ], [ 73.7812695, 15.619237 ], [ 73.7817523, 15.6191001 ], [ 73.7818904, 15.6190627 ], [ 73.7819923, 15.6189813 ], [ 73.7821358, 15.6185783 ], [ 73.7821653, 15.6184802 ], [ 73.7821707, 15.6182451 ], [ 73.7821037, 15.6181159 ], [ 73.7818247, 15.6180152 ], [ 73.7816933, 15.6180979 ], [ 73.7814116, 15.6183768 ], [ 73.7812749, 15.6184078 ], [ 73.7809262, 15.6182322 ], [ 73.7807867, 15.6182735 ], [ 73.7804487, 15.6184337 ], [ 73.7803736, 15.6184104 ], [ 73.7801617, 15.6179584 ], [ 73.780033, 15.6178912 ], [ 73.7795153, 15.6177853 ], [ 73.7792981, 15.617589 ], [ 73.7792341, 15.6175665 ], [ 73.7790285, 15.6176716 ], [ 73.7789789, 15.6177724 ], [ 73.7789735, 15.6179377 ], [ 73.7787911, 15.6180565 ], [ 73.778657, 15.6181366 ], [ 73.7784263, 15.6185163 ], [ 73.7784263, 15.6187204 ], [ 73.778421, 15.6188806 ] ] ] } },
{ "type": "Feature", "properties": { "osm_id": "1224953996", "code": 7215, "fclass": "orchard", "name": null }, "geometry": { "type": "Polygon", "coordinates": [ [ [ 73.7757004, 15.6150612 ], [ 73.7760518, 15.6150948 ], [ 73.7760714, 15.614905 ], [ 73.77572, 15.6148715 ], [ 73.7757004, 15.6150612 ] ] ] } },
{ "type": "Feature", "properties": { "osm_id": "1224953998", "code": 7215, "fclass": "orchard", "name": null }, "geometry": { "type": "Polygon", "coordinates": [ [ [ 73.7726145, 15.6160378 ], [ 73.7726161, 15.6162336 ], [ 73.7727253, 15.6162293 ], [ 73.7728476, 15.6164714 ], [ 73.772995, 15.6167008 ], [ 73.7730797, 15.6168036 ], [ 73.7732924, 15.6170419 ], [ 73.7734643, 15.6169122 ], [ 73.7737674, 15.6167933 ], [ 73.7739832, 15.6166913 ], [ 73.7740083, 15.6166851 ], [ 73.7742931, 15.616752 ], [ 73.7747397, 15.616907 ], [ 73.7747562, 15.6168462 ], [ 73.7749149, 15.6164762 ], [ 73.7738559, 15.616287 ], [ 73.7739068, 15.6159151 ], [ 73.7740606, 15.6156558 ], [ 73.7741106, 15.6153199 ], [ 73.7743627, 15.6142011 ], [ 73.7746686, 15.6132518 ], [ 73.7758086, 15.6134739 ], [ 73.7770317, 15.614237 ], [ 73.7774966, 15.6144831 ], [ 73.7776252, 15.6146459 ], [ 73.777718, 15.6148578 ], [ 73.7777907, 15.6149154 ], [ 73.778311, 15.6150859 ], [ 73.7790003, 15.6157291 ], [ 73.7791586, 15.615711 ], [ 73.7792498, 15.6156103 ], [ 73.7790567, 15.6152821 ], [ 73.7791559, 15.6150471 ], [ 73.779636, 15.6152512 ], [ 73.7799592, 15.6153719 ], [ 73.780495, 15.6155719 ], [ 73.7805399, 15.6154294 ], [ 73.7804948, 15.6154129 ], [ 73.7800679, 15.6152563 ], [ 73.7792149, 15.6148973 ], [ 73.7792551, 15.614546 ], [ 73.7789547, 15.6145382 ], [ 73.778834, 15.6150574 ], [ 73.7779221, 15.6147836 ], [ 73.7779865, 15.6145563 ], [ 73.7773025, 15.6142954 ], [ 73.7765488, 15.6138278 ], [ 73.7766105, 15.6136573 ], [ 73.7759453, 15.6133112 ], [ 73.7760177, 15.6131355 ], [ 73.7755081, 15.6129728 ], [ 73.7754732, 15.6130942 ], [ 73.7748215, 15.6129211 ], [ 73.774859, 15.612544 ], [ 73.7747598, 15.6125336 ], [ 73.774741, 15.6126705 ], [ 73.7744847, 15.6126168 ], [ 73.7740439, 15.614534 ], [ 73.7738666, 15.6153054 ], [ 73.7737378, 15.6154708 ], [ 73.7736601, 15.6159357 ], [ 73.7733114, 15.6161269 ], [ 73.7728876, 15.6161398 ], [ 73.7728044, 15.6160261 ], [ 73.7726891, 15.6160106 ], [ 73.7726145, 15.6160378 ] ] ] } },
{ "type": "Feature", "properties": { "osm_id": "1227291020", "code": 7229, "fclass": "farmland", "name": null }, "geometry": { "type": "Polygon", "coordinates": [ [ [ 73.7602597, 15.5895363 ], [ 73.7609518, 15.589929 ], [ 73.761456, 15.5900633 ], [ 73.7616008, 15.590208 ], [ 73.7621695, 15.5910967 ], [ 73.7624967, 15.5917116 ], [ 73.762958, 15.5917478 ], [ 73.7633014, 15.5915411 ], [ 73.7636604, 15.5906832 ], [ 73.7636984, 15.5903476 ], [ 73.7629661, 15.590146 ], [ 73.7630304, 15.5894665 ], [ 73.7627381, 15.5892159 ], [ 73.7624913, 15.5888904 ], [ 73.761574, 15.588601 ], [ 73.76062, 15.5885803 ], [ 73.7603831, 15.5885752 ], [ 73.7603295, 15.5892728 ], [ 73.7602597, 15.5895363 ] ] ] } },
{ "type": "Feature", "properties": { "osm_id": "1227291025", "code": 7229, "fclass": "farmland", "name": null }, "geometry": { "type": "Polygon", "coordinates": [ [ [ 73.7548068, 15.5887018 ], [ 73.7552306, 15.5890092 ], [ 73.7557161, 15.5893684 ], [ 73.7561667, 15.5896655 ], [ 73.7565368, 15.5898463 ], [ 73.7566227, 15.5900117 ], [ 73.7567246, 15.590053 ], [ 73.7567782, 15.5899703 ], [ 73.7567514, 15.5892728 ], [ 73.7568372, 15.5889576 ], [ 73.7569338, 15.5888646 ], [ 73.7571645, 15.5888801 ], [ 73.75732, 15.5890351 ], [ 73.7575507, 15.5890558 ], [ 73.7584788, 15.5892418 ], [ 73.7587309, 15.5891643 ], [ 73.759042, 15.5891591 ], [ 73.7590903, 15.5890196 ], [ 73.7593156, 15.5890299 ], [ 73.7594169, 15.5885733 ], [ 73.7594658, 15.588353 ], [ 73.7593457, 15.5883343 ], [ 73.7589669, 15.5882755 ], [ 73.7588811, 15.5886786 ], [ 73.7586401, 15.5886324 ], [ 73.7570619, 15.58833 ], [ 73.7564295, 15.5881412 ], [ 73.7552533, 15.5879064 ], [ 73.7548068, 15.5887018 ] ] ] } },
{ "type": "Feature", "properties": { "osm_id": "1227291026", "code": 7215, "fclass": "orchard", "name": null }, "geometry": { "type": "Polygon", "coordinates": [ [ [ 73.7540933, 15.5883634 ], [ 73.7542786, 15.5885322 ], [ 73.7545412, 15.5885933 ], [ 73.7548068, 15.5887018 ], [ 73.7552533, 15.5879064 ], [ 73.7553245, 15.5877588 ], [ 73.7542301, 15.5876555 ], [ 73.7540933, 15.5883634 ] ] ] } },
{ "type": "Feature", "properties": { "osm_id": "1259468971", "code": 7229, "fclass": "farmland", "name": null }, "geometry": { "type": "Polygon", "coordinates": [ [ [ 73.8472921, 15.6482516 ], [ 73.8479304, 15.6482981 ], [ 73.8479787, 15.6477557 ], [ 73.848322, 15.6476473 ], [ 73.848381, 15.6467226 ], [ 73.8482684, 15.646702 ], [ 73.8482416, 15.6471979 ], [ 73.847807, 15.6471617 ], [ 73.847748, 15.6477661 ], [ 73.8477319, 15.6478332 ], [ 73.8473511, 15.6478074 ], [ 73.8472921, 15.6482516 ] ] ] } },
{ "type": "Feature", "properties": { "osm_id": "1259468972", "code": 7229, "fclass": "farmland", "name": null }, "geometry": { "type": "Polygon", "coordinates": [ [ [ 73.84844, 15.6476214 ], [ 73.8489765, 15.6474355 ], [ 73.8495451, 15.6472908 ], [ 73.850162, 15.6472857 ], [ 73.8502639, 15.6463249 ], [ 73.8496578, 15.6465728 ], [ 73.8490891, 15.6466865 ], [ 73.8484722, 15.6467226 ], [ 73.84844, 15.6476214 ] ] ] } },
{ "type": "Feature", "properties": { "osm_id": "1266914024", "code": 7229, "fclass": "farmland", "name": null }, "geometry": { "type": "Polygon", "coordinates": [ [ [ 73.7649965, 15.589712 ], [ 73.7650941, 15.5898017 ], [ 73.7653937, 15.5899378 ], [ 73.7657207, 15.5895182 ], [ 73.7658173, 15.5891074 ], [ 73.7657272, 15.5890944 ], [ 73.7651011, 15.5890041 ], [ 73.7649965, 15.589712 ] ] ] } },
{ "type": "Feature", "properties": { "osm_id": "1268997073", "code": 7229, "fclass": "farmland", "name": null }, "geometry": { "type": "Polygon", "coordinates": [ [ [ 73.8083517, 15.5660661 ], [ 73.8094515, 15.5665002 ], [ 73.8092637, 15.5674562 ], [ 73.8096285, 15.5675079 ], [ 73.8097572, 15.566955 ], [ 73.8103312, 15.566955 ], [ 73.8104868, 15.5663607 ], [ 73.8087058, 15.5656734 ], [ 73.8083517, 15.5660661 ] ] ] } },
{ "type": "Feature", "properties": { "osm_id": "1274985486", "code": 7229, "fclass": "farmland", "name": null }, "geometry": { "type": "Polygon", "coordinates": [ [ [ 73.7983498, 15.6223523 ], [ 73.7985295, 15.6225047 ], [ 73.7985429, 15.6229361 ], [ 73.798508, 15.6231376 ], [ 73.7986931, 15.6232461 ], [ 73.7996909, 15.6228457 ], [ 73.7996346, 15.622515 ], [ 73.7988004, 15.6221637 ], [ 73.7983793, 15.6218925 ], [ 73.7983498, 15.6223523 ] ] ] } },
{ "type": "Feature", "properties": { "osm_id": "1275539243", "code": 7229, "fclass": "farmland", "name": null }, "geometry": { "type": "Polygon", "coordinates": [ [ [ 73.7624672, 15.5923136 ], [ 73.7624699, 15.5924479 ], [ 73.7625423, 15.5931041 ], [ 73.7626201, 15.5932746 ], [ 73.7629017, 15.5933418 ], [ 73.7629876, 15.5927657 ], [ 73.7632906, 15.5917478 ], [ 73.7626201, 15.5921069 ], [ 73.7626469, 15.5923007 ], [ 73.7624672, 15.5923136 ] ] ] } },
{ "type": "Feature", "properties": { "osm_id": "1275813377", "code": 7229, "fclass": "farmland", "name": null }, "geometry": { "type": "Polygon", "coordinates": [ [ [ 73.7965071, 15.624597 ], [ 73.7973654, 15.624566 ], [ 73.7975905, 15.6246475 ], [ 73.7981648, 15.6248553 ], [ 73.7983149, 15.6239874 ], [ 73.7982436, 15.6239792 ], [ 73.7980467, 15.6239566 ], [ 73.7979555, 15.6239461 ], [ 73.7979501, 15.6237394 ], [ 73.7976873, 15.6237033 ], [ 73.7976873, 15.6234863 ], [ 73.7971401, 15.623476 ], [ 73.7970811, 15.6237446 ], [ 73.7969202, 15.6241889 ], [ 73.7965071, 15.624597 ] ] ] } },
{ "type": "Feature", "properties": { "osm_id": "1301952059", "code": 7229, "fclass": "farmland", "name": null }, "geometry": { "type": "Polygon", "coordinates": [ [ [ 73.8184905, 15.5802199 ], [ 73.8185817, 15.5802405 ], [ 73.8186139, 15.5806332 ], [ 73.8190377, 15.5807417 ], [ 73.8189894, 15.5810415 ], [ 73.8194936, 15.581181 ], [ 73.8195527, 15.5809949 ], [ 73.8201374, 15.5812275 ], [ 73.8201052, 15.5814083 ], [ 73.8203841, 15.5814755 ], [ 73.8204271, 15.581243 ], [ 73.8206094, 15.5812895 ], [ 73.8206675, 15.5808249 ], [ 73.8207369, 15.5804803 ], [ 73.8208984, 15.5799575 ], [ 73.8205236, 15.5798426 ], [ 73.8205719, 15.5795739 ], [ 73.8195097, 15.5791606 ], [ 73.8193864, 15.5794654 ], [ 73.8190162, 15.5793569 ], [ 73.8190269, 15.5792432 ], [ 73.8186943, 15.5791606 ], [ 73.8185173, 15.579915 ], [ 73.8184905, 15.5802199 ] ] ] } },
{ "type": "Feature", "properties": { "osm_id": "1301952060", "code": 7229, "fclass": "farmland", "name": null }, "geometry": { "type": "Polygon", "coordinates": [ [ [ 73.819719, 15.58625 ], [ 73.820588, 15.5869217 ], [ 73.8217789, 15.5857436 ], [ 73.8245845, 15.5828913 ], [ 73.8238764, 15.582695 ], [ 73.8239354, 15.5824883 ], [ 73.8234365, 15.5824211 ], [ 73.8223958, 15.5822609 ], [ 73.8223197, 15.5826189 ], [ 73.8219862, 15.5825697 ], [ 73.8220124, 15.5823746 ], [ 73.8217475, 15.582327 ], [ 73.8213383, 15.5822615 ], [ 73.8212264, 15.5828603 ], [ 73.821103, 15.5837853 ], [ 73.8207221, 15.5836974 ], [ 73.8208723, 15.5828913 ], [ 73.8204217, 15.5827828 ], [ 73.8201106, 15.584333 ], [ 73.8206041, 15.5844518 ], [ 73.8205987, 15.5846172 ], [ 73.8200676, 15.5844932 ], [ 73.819837, 15.5855938 ], [ 73.820352, 15.5856558 ], [ 73.8207757, 15.5857281 ], [ 73.8207757, 15.5859296 ], [ 73.820529, 15.5859296 ], [ 73.8204914, 15.5860898 ], [ 73.8197565, 15.586064 ], [ 73.819719, 15.58625 ] ] ] } },
{ "type": "Feature", "properties": { "osm_id": "1301952061", "code": 7229, "fclass": "farmland", "name": null }, "geometry": { "type": "Polygon", "coordinates": [ [ [ 73.8210493, 15.586715 ], [ 73.8210547, 15.5868184 ], [ 73.825373, 15.5892056 ], [ 73.8255858, 15.588537 ], [ 73.8259236, 15.5886477 ], [ 73.826409, 15.5888017 ], [ 73.8269509, 15.5889761 ], [ 73.8266801, 15.5894707 ], [ 73.8270555, 15.5895529 ], [ 73.8275993, 15.5895363 ], [ 73.8275691, 15.5900217 ], [ 73.828994, 15.5903372 ], [ 73.829155, 15.589433 ], [ 73.8305819, 15.5890919 ], [ 73.8305604, 15.5887406 ], [ 73.8310432, 15.5881308 ], [ 73.8311827, 15.5873041 ], [ 73.8309145, 15.5869837 ], [ 73.8296699, 15.5879655 ], [ 73.8278353, 15.586405 ], [ 73.8281143, 15.5855163 ], [ 73.8301849, 15.5855473 ], [ 73.8304424, 15.58455 ], [ 73.8304827, 15.5844518 ], [ 73.8304961, 15.5840565 ], [ 73.8299087, 15.583948 ], [ 73.8299221, 15.5837181 ], [ 73.8296968, 15.5836044 ], [ 73.8297477, 15.5834442 ], [ 73.8292327, 15.5832246 ], [ 73.8291711, 15.5833667 ], [ 73.8287419, 15.583253 ], [ 73.828758, 15.5830515 ], [ 73.8283449, 15.5829172 ], [ 73.8275332, 15.5829779 ], [ 73.8274343, 15.5846226 ], [ 73.8270806, 15.5845765 ], [ 73.8270511, 15.5848179 ], [ 73.82697, 15.5848001 ], [ 73.8264836, 15.5846652 ], [ 73.8265463, 15.584179 ], [ 73.8268263, 15.5843422 ], [ 73.8269737, 15.5844842 ], [ 73.8271469, 15.5834478 ], [ 73.8271356, 15.5829918 ], [ 73.8260651, 15.5828448 ], [ 73.8259792, 15.583098 ], [ 73.8253999, 15.5829947 ], [ 73.8252658, 15.5834391 ], [ 73.8246381, 15.5833564 ], [ 73.8246864, 15.5832169 ], [ 73.8243806, 15.5832944 ], [ 73.8210493, 15.586715 ] ] ] } },
{ "type": "Feature", "properties": { "osm_id": "1301952065", "code": 7229, "fclass": "farmland", "name": null }, "geometry": { "type": "Polygon", "coordinates": [ [ [ 73.7942702, 15.5733886 ], [ 73.7946671, 15.5738536 ], [ 73.7949783, 15.5748044 ], [ 73.7954289, 15.57513 ], [ 73.7962443, 15.5749956 ], [ 73.7969953, 15.5744427 ], [ 73.7971777, 15.5739105 ], [ 73.7971455, 15.5736056 ], [ 73.7976658, 15.5731405 ], [ 73.7978858, 15.5729442 ], [ 73.7986636, 15.5723602 ], [ 73.7985466, 15.5719995 ], [ 73.7984759, 15.5717815 ], [ 73.7975746, 15.5720398 ], [ 73.7972957, 15.5714404 ], [ 73.7965125, 15.5717556 ], [ 73.7963515, 15.5726289 ], [ 73.7962764, 15.5727375 ], [ 73.794812, 15.5730268 ], [ 73.7946671, 15.5732284 ], [ 73.7942702, 15.5733886 ] ] ] } },
{ "type": "Feature", "properties": { "osm_id": "1301952066", "code": 7229, "fclass": "farmland", "name": null }, "geometry": { "type": "Polygon", "coordinates": [ [ [ 73.7845659, 15.5486659 ], [ 73.7845659, 15.5488623 ], [ 73.784861, 15.5488571 ], [ 73.784979, 15.5498494 ], [ 73.7853545, 15.5497253 ], [ 73.7854135, 15.5491052 ], [ 73.7858695, 15.5491 ], [ 73.7858802, 15.5489294 ], [ 73.786127, 15.5489553 ], [ 73.7877738, 15.549007 ], [ 73.7877738, 15.5492137 ], [ 73.7885678, 15.5491775 ], [ 73.788439, 15.5473377 ], [ 73.7888414, 15.5473015 ], [ 73.7888575, 15.5471723 ], [ 73.7890023, 15.5471516 ], [ 73.7889916, 15.546671 ], [ 73.7888063, 15.5466665 ], [ 73.7885718, 15.546662 ], [ 73.7885732, 15.5462924 ], [ 73.7874788, 15.5462989 ], [ 73.78654, 15.5462679 ], [ 73.785966, 15.54618 ], [ 73.7859875, 15.5469294 ], [ 73.7860465, 15.5475754 ], [ 73.7854457, 15.5475961 ], [ 73.7854618, 15.5481956 ], [ 73.7854296, 15.5486245 ], [ 73.7845659, 15.5486659 ] ] ] } },
{ "type": "Feature", "properties": { "osm_id": "1301952068", "code": 7229, "fclass": "farmland", "name": null }, "geometry": { "type": "Polygon", "coordinates": [ [ [ 73.7927413, 15.5479682 ], [ 73.7927768, 15.5499481 ], [ 73.7942004, 15.5500147 ], [ 73.7960029, 15.5501284 ], [ 73.7972099, 15.5502835 ], [ 73.7981325, 15.5503765 ], [ 73.8004661, 15.5504799 ], [ 73.8024642, 15.5505788 ], [ 73.8026762, 15.5497408 ], [ 73.8024697, 15.5497408 ], [ 73.8024697, 15.5495651 ], [ 73.8020888, 15.5495755 ], [ 73.8020834, 15.5493661 ], [ 73.8024589, 15.5493532 ], [ 73.8024616, 15.5491232 ], [ 73.8026816, 15.5491155 ], [ 73.8026842, 15.5489346 ], [ 73.8028371, 15.5483144 ], [ 73.8027942, 15.5473299 ], [ 73.8023329, 15.5473894 ], [ 73.8007879, 15.5477821 ], [ 73.7995648, 15.5476168 ], [ 73.7993717, 15.5472033 ], [ 73.798728, 15.5471206 ], [ 73.7986851, 15.5480095 ], [ 73.7959707, 15.5478648 ], [ 73.7959814, 15.5477925 ], [ 73.7961852, 15.5477873 ], [ 73.7962013, 15.547503 ], [ 73.7965554, 15.5474927 ], [ 73.7965769, 15.5471103 ], [ 73.7965822, 15.546671 ], [ 73.7962228, 15.5466761 ], [ 73.7959385, 15.546671 ], [ 73.7959224, 15.5468467 ], [ 73.7955362, 15.5468467 ], [ 73.795563, 15.5478648 ], [ 73.7948173, 15.5478751 ], [ 73.7948495, 15.5463144 ], [ 73.7936801, 15.5462472 ], [ 73.7936103, 15.5466813 ], [ 73.7928325, 15.5466865 ], [ 73.7927413, 15.5479682 ] ] ] } },
{ "type": "Feature", "properties": { "osm_id": "1301952069", "code": 7229, "fclass": "farmland", "name": null }, "geometry": { "type": "Polygon", "coordinates": [ [ [ 73.7910354, 15.5663374 ], [ 73.7911642, 15.5671565 ], [ 73.7912661, 15.5679497 ], [ 73.7915275, 15.5678991 ], [ 73.7917864, 15.5678489 ], [ 73.7919742, 15.5688825 ], [ 73.7917542, 15.568929 ], [ 73.7917972, 15.5691693 ], [ 73.7918509, 15.5693062 ], [ 73.7919252, 15.5694954 ], [ 73.7920681, 15.5698591 ], [ 73.7921888, 15.5699392 ], [ 73.7923497, 15.5705335 ], [ 73.7942433, 15.5705413 ], [ 73.7953162, 15.5708307 ], [ 73.7966251, 15.5706446 ], [ 73.7964964, 15.5695698 ], [ 73.7972045, 15.5694251 ], [ 73.7969255, 15.5673374 ], [ 73.7987065, 15.5671307 ], [ 73.7985961, 15.565839 ], [ 73.7985563, 15.5653737 ], [ 73.7983952, 15.5653041 ], [ 73.797934, 15.5651049 ], [ 73.7978858, 15.564769 ], [ 73.7976122, 15.5647845 ], [ 73.796432, 15.5647897 ], [ 73.7950909, 15.564862 ], [ 73.7949192, 15.5650119 ], [ 73.7940609, 15.5650791 ], [ 73.793664, 15.5651773 ], [ 73.7916899, 15.5652548 ], [ 73.7912285, 15.5652729 ], [ 73.7912017, 15.5663374 ], [ 73.7910354, 15.5663374 ] ] ] } },
{ "type": "Feature", "properties": { "osm_id": "1301952073", "code": 7215, "fclass": "orchard", "name": null }, "geometry": { "type": "Polygon", "coordinates": [ [ [ 73.7997794, 15.5539889 ], [ 73.7997848, 15.5541905 ], [ 73.8019084, 15.5541361 ], [ 73.8018984, 15.5539683 ], [ 73.8015979, 15.5539631 ], [ 73.7997794, 15.5539889 ] ] ] } },
{ "type": "Feature", "properties": { "osm_id": "1301952074", "code": 7229, "fclass": "farmland", "name": null }, "geometry": { "type": "Polygon", "coordinates": [ [ [ 73.8025528, 15.5505936 ], [ 73.8043123, 15.5506866 ], [ 73.8062113, 15.5506297 ], [ 73.8060504, 15.5471775 ], [ 73.8058841, 15.5470999 ], [ 73.8046772, 15.5472009 ], [ 73.8028885, 15.5473507 ], [ 73.802923, 15.5483222 ], [ 73.8028184, 15.5487046 ], [ 73.8027674, 15.5489294 ], [ 73.8028371, 15.5496013 ], [ 73.8025528, 15.5505936 ] ] ] } },
{ "type": "Feature", "properties": { "osm_id": "1301952078", "code": 7229, "fclass": "farmland", "name": null }, "geometry": { "type": "Polygon", "coordinates": [ [ [ 73.8023758, 15.5594411 ], [ 73.8028902, 15.5596101 ], [ 73.8030678, 15.5596685 ], [ 73.8031751, 15.559069 ], [ 73.8032985, 15.5590897 ], [ 73.8032126, 15.5597046 ], [ 73.8034648, 15.5597821 ], [ 73.8035935, 15.5587848 ], [ 73.803454, 15.5587382 ], [ 73.8034916, 15.5584127 ], [ 73.8036418, 15.558423 ], [ 73.8036993, 15.5579171 ], [ 73.8025206, 15.5576168 ], [ 73.8023812, 15.5583765 ], [ 73.8026011, 15.5584282 ], [ 73.8023758, 15.5594411 ] ] ] } },
{ "type": "Feature", "properties": { "osm_id": "1304489203", "code": 7229, "fclass": "farmland", "name": null }, "geometry": { "type": "Polygon", "coordinates": [ [ [ 73.8500735, 15.5871723 ], [ 73.8502693, 15.5878131 ], [ 73.8504785, 15.5884667 ], [ 73.8507119, 15.5890868 ], [ 73.8508487, 15.5891901 ], [ 73.8510203, 15.5890609 ], [ 73.8514066, 15.5892986 ], [ 73.8523371, 15.5886228 ], [ 73.8524097, 15.58857 ], [ 73.8529603, 15.5880209 ], [ 73.8530159, 15.5879655 ], [ 73.8539118, 15.5871181 ], [ 73.8540995, 15.5867306 ], [ 73.854239, 15.5860795 ], [ 73.8535416, 15.5859141 ], [ 73.8533968, 15.5858625 ], [ 73.8529837, 15.5867409 ], [ 73.8527369, 15.5869631 ], [ 73.8524204, 15.5870354 ], [ 73.8506395, 15.5870354 ], [ 73.8500735, 15.5871723 ] ] ] } },
{ "type": "Feature", "properties": { "osm_id": "1304489204", "code": 7229, "fclass": "farmland", "name": null }, "geometry": { "type": "Polygon", "coordinates": [ [ [ 73.8568032, 15.5909314 ], [ 73.857066, 15.5911329 ], [ 73.857227, 15.5908746 ], [ 73.857758, 15.5911381 ], [ 73.8578975, 15.5909107 ], [ 73.8573664, 15.5906472 ], [ 73.8579458, 15.5895156 ], [ 73.8586271, 15.5897791 ], [ 73.8586861, 15.5895621 ], [ 73.8588417, 15.5891281 ], [ 73.8576347, 15.5885339 ], [ 73.857598, 15.5886673 ], [ 73.85756, 15.5888059 ], [ 73.8572431, 15.58996 ], [ 73.8571036, 15.5904147 ], [ 73.8568032, 15.5909314 ] ] ] } },
{ "type": "Feature", "properties": { "osm_id": "1304489206", "code": 7229, "fclass": "farmland", "name": null }, "geometry": { "type": "Polygon", "coordinates": [ [ [ 73.8593674, 15.5882859 ], [ 73.8596892, 15.588291 ], [ 73.8597, 15.588136 ], [ 73.8600379, 15.5881567 ], [ 73.8601828, 15.5872163 ], [ 73.8603383, 15.5872214 ], [ 73.86029, 15.5877123 ], [ 73.8606387, 15.5877588 ], [ 73.8606334, 15.5880327 ], [ 73.8613951, 15.5875883 ], [ 73.8614005, 15.5867926 ], [ 73.8617277, 15.5867926 ], [ 73.8616955, 15.5874746 ], [ 73.8620228, 15.5873299 ], [ 73.8624519, 15.5869372 ], [ 73.862409, 15.5868546 ], [ 73.8620549, 15.5865549 ], [ 73.8619423, 15.5864154 ], [ 73.8612127, 15.5864205 ], [ 73.861202, 15.5861622 ], [ 73.8609016, 15.5861622 ], [ 73.8608801, 15.5862655 ], [ 73.8605314, 15.5862035 ], [ 73.860392, 15.5857953 ], [ 73.8603651, 15.5856299 ], [ 73.8599414, 15.5856041 ], [ 73.8598126, 15.5864567 ], [ 73.8598287, 15.5870716 ], [ 73.8595551, 15.5870819 ], [ 73.8593674, 15.5882859 ] ] ] } },
{ "type": "Feature", "properties": { "osm_id": "1304489215", "code": 7229, "fclass": "farmland", "name": null }, "geometry": { "type": "Polygon", "coordinates": [ [ [ 73.8646191, 15.5818114 ], [ 73.8655311, 15.5820232 ], [ 73.866207, 15.5824418 ], [ 73.866502, 15.5818785 ], [ 73.8664323, 15.5817132 ], [ 73.8660246, 15.5812585 ], [ 73.8655847, 15.5805402 ], [ 73.865177, 15.5807676 ], [ 73.8648766, 15.5811603 ], [ 73.8646191, 15.5818114 ] ] ] } },
{ "type": "Feature", "properties": { "osm_id": "1304489216", "code": 7229, "fclass": "farmland", "name": null }, "geometry": { "type": "Polygon", "coordinates": [ [ [ 73.8597804, 15.5801733 ], [ 73.8600916, 15.5805816 ], [ 73.8606924, 15.58007 ], [ 73.8609499, 15.5799667 ], [ 73.861202, 15.5799822 ], [ 73.8614058, 15.5801113 ], [ 73.8615936, 15.5804782 ], [ 73.8620174, 15.5820749 ], [ 73.8620496, 15.5822454 ], [ 73.8622963, 15.5828345 ], [ 73.8630313, 15.5825141 ], [ 73.8632673, 15.5828138 ], [ 73.8635892, 15.5826588 ], [ 73.8634229, 15.5823023 ], [ 73.8636911, 15.5821834 ], [ 73.8632297, 15.5809588 ], [ 73.862983, 15.5809123 ], [ 73.8630259, 15.5802509 ], [ 73.8629186, 15.5795946 ], [ 73.8627952, 15.5790469 ], [ 73.8627899, 15.5789022 ], [ 73.8626718, 15.5785973 ], [ 73.8625109, 15.578432 ], [ 73.8624519, 15.5783338 ], [ 73.8602257, 15.579083 ], [ 73.8601613, 15.5791295 ], [ 73.8597804, 15.5801733 ] ] ] } },
{ "type": "Feature", "properties": { "osm_id": "17886804", "code": 7229, "fclass": "farmland", "name": null }, "geometry": { "type": "Polygon", "coordinates": [ [ [ 73.8427173, 15.5890755 ], [ 73.8428771, 15.5893916 ], [ 73.8432326, 15.5899581 ], [ 73.843729, 15.590749 ], [ 73.8441056, 15.5905413 ], [ 73.8442558, 15.5901822 ], [ 73.8444141, 15.5897843 ], [ 73.8445455, 15.5895673 ], [ 73.8447225, 15.5892831 ], [ 73.8447225, 15.5891384 ], [ 73.8446528, 15.5889266 ], [ 73.8444704, 15.5887716 ], [ 73.8443202, 15.5885235 ], [ 73.8442129, 15.5884357 ], [ 73.8437194, 15.5888336 ], [ 73.8435906, 15.5885959 ], [ 73.8432312, 15.5887457 ], [ 73.8427173, 15.5890755 ] ] ] } },
{ "type": "Feature", "properties": { "osm_id": "1304494612", "code": 7229, "fclass": "farmland", "name": null }, "geometry": { "type": "Polygon", "coordinates": [ [ [ 73.8358203, 15.5800338 ], [ 73.8358229, 15.580703 ], [ 73.8362011, 15.5807727 ], [ 73.8364238, 15.5807598 ], [ 73.8364397, 15.5802701 ], [ 73.8363621, 15.5802715 ], [ 73.8363594, 15.5801837 ], [ 73.8361824, 15.5801863 ], [ 73.8361816, 15.5800493 ], [ 73.8358203, 15.5800338 ] ] ] } },
{ "type": "Feature", "properties": { "osm_id": "1304494614", "code": 7229, "fclass": "farmland", "name": null }, "geometry": { "type": "Polygon", "coordinates": [ [ [ 73.8394794, 15.5799864 ], [ 73.8399619, 15.5799795 ], [ 73.8400233, 15.5795894 ], [ 73.8396156, 15.5795688 ], [ 73.8394815, 15.5795946 ], [ 73.8394794, 15.5799864 ] ] ] } },
{ "type": "Feature", "properties": { "osm_id": "1304494615", "code": 7229, "fclass": "farmland", "name": null }, "geometry": { "type": "Polygon", "coordinates": [ [ [ 73.8391972, 15.5795326 ], [ 73.8395458, 15.5794654 ], [ 73.8403398, 15.5794913 ], [ 73.840372, 15.5791812 ], [ 73.8393313, 15.5783079 ], [ 73.8391972, 15.5795326 ] ] ] } },
{ "type": "Feature", "properties": { "osm_id": "1304496306", "code": 7229, "fclass": "farmland", "name": null }, "geometry": { "type": "Polygon", "coordinates": [ [ [ 73.8441549, 15.594687 ], [ 73.8450175, 15.5947963 ], [ 73.8466936, 15.5949939 ], [ 73.8468254, 15.5947343 ], [ 73.8473333, 15.5936966 ], [ 73.8447434, 15.5931711 ], [ 73.8446099, 15.5938146 ], [ 73.8441549, 15.594687 ] ] ] } },
{ "type": "Feature", "properties": { "osm_id": "1304496307", "code": 7215, "fclass": "orchard", "name": null }, "geometry": { "type": "Polygon", "coordinates": [ [ [ 73.8436389, 15.5946051 ], [ 73.8437784, 15.5946413 ], [ 73.8441549, 15.594687 ], [ 73.8446099, 15.5938146 ], [ 73.8447434, 15.5931711 ], [ 73.8444742, 15.5931165 ], [ 73.8442129, 15.5935252 ], [ 73.8439876, 15.5940988 ], [ 73.8437784, 15.5943261 ], [ 73.8436389, 15.5946051 ] ] ] } },
{ "type": "Feature", "properties": { "osm_id": "1304498683", "code": 7215, "fclass": "orchard", "name": null }, "geometry": { "type": "Polygon", "coordinates": [ [ [ 73.8497195, 15.5862707 ], [ 73.8500735, 15.5871723 ], [ 73.8506395, 15.5870354 ], [ 73.8524204, 15.5870354 ], [ 73.8527369, 15.5869631 ], [ 73.8529837, 15.5867409 ], [ 73.8533968, 15.5858625 ], [ 73.8532412, 15.5858005 ], [ 73.8531715, 15.5859296 ], [ 73.8528389, 15.5857798 ], [ 73.852458, 15.5861053 ], [ 73.8523024, 15.5862087 ], [ 73.852399, 15.5865704 ], [ 73.8520557, 15.5866737 ], [ 73.8520127, 15.58656 ], [ 73.8515836, 15.5866014 ], [ 73.8515085, 15.5861363 ], [ 73.8511223, 15.5860175 ], [ 73.8512027, 15.5865032 ], [ 73.8509238, 15.5865394 ], [ 73.8507038, 15.5855886 ], [ 73.8505188, 15.5855938 ], [ 73.8506234, 15.5862345 ], [ 73.8501352, 15.5862345 ], [ 73.8500547, 15.5858625 ], [ 73.8498777, 15.586002 ], [ 73.8497382, 15.5861467 ], [ 73.8497195, 15.5862707 ] ] ] } },
{ "type": "Feature", "properties": { "osm_id": "1304498684", "code": 7215, "fclass": "orchard", "name": null }, "geometry": { "type": "Polygon", "coordinates": [ [ [ 73.8467878, 15.5987283 ], [ 73.8481182, 15.5988213 ], [ 73.8481557, 15.5984493 ], [ 73.8486546, 15.59847 ], [ 73.8487083, 15.5980618 ], [ 73.8483596, 15.5979739 ], [ 73.8486278, 15.5970026 ], [ 73.847791, 15.5967081 ], [ 73.8475335, 15.5969302 ], [ 73.847689, 15.5969974 ], [ 73.8475174, 15.5978086 ], [ 73.8469166, 15.5977621 ], [ 73.8468254, 15.5978964 ], [ 73.8467878, 15.5987283 ] ] ] } },
{ "type": "Feature", "properties": { "osm_id": "1304498685", "code": 7215, "fclass": "orchard", "name": null }, "geometry": { "type": "Polygon", "coordinates": [ [ [ 73.8440385, 15.600361 ], [ 73.8441297, 15.6004049 ], [ 73.8445079, 15.6004747 ], [ 73.8447306, 15.6000768 ], [ 73.8449612, 15.5998495 ], [ 73.8450283, 15.5999632 ], [ 73.8454199, 15.599772 ], [ 73.8454172, 15.5996015 ], [ 73.845495, 15.5995808 ], [ 73.8455164, 15.5993225 ], [ 73.8462138, 15.5993173 ], [ 73.8463962, 15.5992295 ], [ 73.846702, 15.599028 ], [ 73.8466805, 15.5987567 ], [ 73.8467208, 15.5978835 ], [ 73.8467422, 15.5977776 ], [ 73.8465652, 15.5971653 ], [ 73.8462406, 15.5971343 ], [ 73.846238, 15.5969147 ], [ 73.8463747, 15.5969121 ], [ 73.846195, 15.596274 ], [ 73.8463694, 15.5956385 ], [ 73.8456184, 15.5955895 ], [ 73.8454091, 15.5970904 ], [ 73.8456613, 15.5970801 ], [ 73.8456613, 15.5974314 ], [ 73.8458061, 15.5974366 ], [ 73.8458383, 15.5976898 ], [ 73.8456237, 15.5976898 ], [ 73.8456076, 15.5980049 ], [ 73.8454843, 15.5980049 ], [ 73.8452697, 15.598873 ], [ 73.8447279, 15.5988626 ], [ 73.8445079, 15.5995447 ], [ 73.8442182, 15.5999787 ], [ 73.8440385, 15.600361 ] ] ] } },
{ "type": "Feature", "properties": { "osm_id": "1304498686", "code": 7229, "fclass": "farmland", "name": null }, "geometry": { "type": "Polygon", "coordinates": [ [ [ 73.8466108, 15.5930654 ], [ 73.8472277, 15.5934736 ], [ 73.8475986, 15.5933381 ], [ 73.8476729, 15.5931584 ], [ 73.8474208, 15.5930085 ], [ 73.8475871, 15.5927088 ], [ 73.8469434, 15.592497 ], [ 73.8466108, 15.5930654 ] ] ] } },
{ "type": "Feature", "properties": { "osm_id": "1304498687", "code": 7215, "fclass": "orchard", "name": null }, "geometry": { "type": "Polygon", "coordinates": [ [ [ 73.8474208, 15.5930085 ], [ 73.8476729, 15.5931584 ], [ 73.8475986, 15.5933381 ], [ 73.8476729, 15.5933702 ], [ 73.8479412, 15.5934787 ], [ 73.8481396, 15.5936027 ], [ 73.848542, 15.5935252 ], [ 73.8486332, 15.5933702 ], [ 73.848955, 15.5935201 ], [ 73.8493252, 15.5929 ], [ 73.8491964, 15.5924557 ], [ 73.8492957, 15.5920268 ], [ 73.849057, 15.5919493 ], [ 73.8480377, 15.5918253 ], [ 73.8475871, 15.5927088 ], [ 73.8474208, 15.5930085 ] ] ] } },
{ "type": "Feature", "properties": { "osm_id": "1304502014", "code": 7215, "fclass": "orchard", "name": null }, "geometry": { "type": "Polygon", "coordinates": [ [ [ 73.8427645, 15.5904199 ], [ 73.8428289, 15.5906575 ], [ 73.8430273, 15.5906214 ], [ 73.8432419, 15.5910244 ], [ 73.8430703, 15.5911432 ], [ 73.8434458, 15.5914119 ], [ 73.843655, 15.5912259 ], [ 73.8437194, 15.5912983 ], [ 73.8439685, 15.5911693 ], [ 73.843729, 15.590749 ], [ 73.8432326, 15.5899581 ], [ 73.8428342, 15.590053 ], [ 73.8429254, 15.5903113 ], [ 73.8427645, 15.5904199 ] ] ] } },
{ "type": "Feature", "properties": { "osm_id": "1304502015", "code": 7215, "fclass": "orchard", "name": null }, "geometry": { "type": "Polygon", "coordinates": [ [ [ 73.8413376, 15.5930395 ], [ 73.8420296, 15.5933134 ], [ 73.8421476, 15.5931067 ], [ 73.8420349, 15.5930602 ], [ 73.8420618, 15.5928639 ], [ 73.8419491, 15.5928329 ], [ 73.8413429, 15.5929052 ], [ 73.8413376, 15.5930395 ] ] ] } },
{ "type": "Feature", "properties": { "osm_id": "1304502016", "code": 7215, "fclass": "orchard", "name": null }, "geometry": { "type": "Polygon", "coordinates": [ [ [ 73.8425016, 15.5911691 ], [ 73.8425285, 15.5912983 ], [ 73.8427913, 15.5916548 ], [ 73.8428879, 15.592063 ], [ 73.843317, 15.592063 ], [ 73.8434029, 15.5921663 ], [ 73.8434941, 15.592404 ], [ 73.8432151, 15.5925228 ], [ 73.8432956, 15.592745 ], [ 73.8433009, 15.593179 ], [ 73.8439929, 15.5932772 ], [ 73.8440251, 15.5930292 ], [ 73.8436282, 15.592993 ], [ 73.8436282, 15.592838 ], [ 73.8438266, 15.5928277 ], [ 73.8437408, 15.5922645 ], [ 73.8433707, 15.5917478 ], [ 73.8434136, 15.5915928 ], [ 73.8427591, 15.5911691 ], [ 73.8425016, 15.5911691 ] ] ] } },
{ "type": "Feature", "properties": { "osm_id": "1304502017", "code": 7215, "fclass": "orchard", "name": null }, "geometry": { "type": "Polygon", "coordinates": [ [ [ 73.8422871, 15.5938146 ], [ 73.8425392, 15.5939283 ], [ 73.8429952, 15.5940213 ], [ 73.8433009, 15.5940109 ], [ 73.843596, 15.5935717 ], [ 73.842507, 15.5932875 ], [ 73.8422871, 15.5938146 ] ] ] } },
{ "type": "Feature", "properties": { "osm_id": "1304503555", "code": 7215, "fclass": "orchard", "name": null }, "geometry": { "type": "Polygon", "coordinates": [ [ [ 73.8493037, 15.5933496 ], [ 73.849706, 15.5936337 ], [ 73.8501084, 15.5930602 ], [ 73.8504302, 15.593272 ], [ 73.8508916, 15.5934322 ], [ 73.8509774, 15.59321 ], [ 73.8508433, 15.5926623 ], [ 73.8504839, 15.5925383 ], [ 73.8505912, 15.5921715 ], [ 73.8504785, 15.5921353 ], [ 73.8497812, 15.5920165 ], [ 73.8496846, 15.592063 ], [ 73.8496363, 15.5922386 ], [ 73.849647, 15.592528 ], [ 73.8495183, 15.5925745 ], [ 73.8495666, 15.5928587 ], [ 73.8493037, 15.5933496 ] ] ] } },
{ "type": "Feature", "properties": { "osm_id": "1304503558", "code": 7215, "fclass": "orchard", "name": null }, "geometry": { "type": "Polygon", "coordinates": [ [ [ 73.8508755, 15.5938456 ], [ 73.851133, 15.5939024 ], [ 73.8514388, 15.5937164 ], [ 73.8515353, 15.5932669 ], [ 73.8517445, 15.593117 ], [ 73.8519484, 15.5934012 ], [ 73.8520664, 15.5933599 ], [ 73.8520825, 15.5931584 ], [ 73.8523936, 15.5930757 ], [ 73.8523722, 15.5929414 ], [ 73.852517, 15.5928639 ], [ 73.8526511, 15.5920836 ], [ 73.8527262, 15.5914274 ], [ 73.852399, 15.5906627 ], [ 73.8522327, 15.5908281 ], [ 73.8522917, 15.5909417 ], [ 73.8521361, 15.5910916 ], [ 73.8519752, 15.5909882 ], [ 73.8514441, 15.5915256 ], [ 73.8511008, 15.5917219 ], [ 73.8510418, 15.5919493 ], [ 73.8509881, 15.5923937 ], [ 73.8511169, 15.5923988 ], [ 73.8512081, 15.5929 ], [ 73.8510793, 15.5929517 ], [ 73.8511062, 15.5932824 ], [ 73.8508755, 15.5938456 ] ] ] } },
{ "type": "Feature", "properties": { "osm_id": "1304503561", "code": 7215, "fclass": "orchard", "name": null }, "geometry": { "type": "Polygon", "coordinates": [ [ [ 73.8492876, 15.5918821 ], [ 73.8492957, 15.5920268 ], [ 73.8494083, 15.5920216 ], [ 73.8494271, 15.5918175 ], [ 73.8497007, 15.5918563 ], [ 73.8497061, 15.5917142 ], [ 73.8494942, 15.5916651 ], [ 73.8495907, 15.5912182 ], [ 73.8496765, 15.5910347 ], [ 73.849749, 15.5910528 ], [ 73.8499314, 15.5907299 ], [ 73.8501272, 15.5908229 ], [ 73.8502237, 15.5906679 ], [ 73.8500601, 15.5905516 ], [ 73.8505268, 15.5899393 ], [ 73.8506931, 15.590053 ], [ 73.8510284, 15.5897042 ], [ 73.8511384, 15.5895182 ], [ 73.8507307, 15.5892934 ], [ 73.8504785, 15.5894484 ], [ 73.8504195, 15.5893374 ], [ 73.8500333, 15.5894355 ], [ 73.8500183, 15.5896112 ], [ 73.8503122, 15.5897016 ], [ 73.8493466, 15.5910089 ], [ 73.8492876, 15.5918821 ] ] ] } },
{ "type": "Feature", "properties": { "osm_id": "1304507377", "code": 7215, "fclass": "orchard", "name": null }, "geometry": { "type": "Polygon", "coordinates": [ [ [ 73.8422068, 15.5962486 ], [ 73.8424088, 15.5962564 ], [ 73.8426067, 15.5955677 ], [ 73.8434142, 15.5955953 ], [ 73.8434186, 15.5954666 ], [ 73.8435761, 15.5950153 ], [ 73.8437013, 15.5948091 ], [ 73.8428733, 15.5946846 ], [ 73.842643, 15.5953693 ], [ 73.8424693, 15.5953577 ], [ 73.842336, 15.5957662 ], [ 73.8422068, 15.5962486 ] ] ] } },
{ "type": "Feature", "properties": { "osm_id": "1304507378", "code": 7215, "fclass": "orchard", "name": null }, "geometry": { "type": "Polygon", "coordinates": [ [ [ 73.8417665, 15.5904166 ], [ 73.8418796, 15.5907434 ], [ 73.8421785, 15.5906423 ], [ 73.8420816, 15.5902999 ], [ 73.8417665, 15.5904166 ] ] ] } },
{ "type": "Feature", "properties": { "osm_id": "1304507379", "code": 7215, "fclass": "orchard", "name": null }, "geometry": { "type": "Polygon", "coordinates": [ [ [ 73.8408658, 15.591078 ], [ 73.8410152, 15.5915176 ], [ 73.8415282, 15.5913893 ], [ 73.8414878, 15.5911714 ], [ 73.8417786, 15.5911014 ], [ 73.84171, 15.5908913 ], [ 73.8408658, 15.591078 ] ] ] } },
{ "type": "Feature", "properties": { "osm_id": "1304507381", "code": 7215, "fclass": "orchard", "name": null }, "geometry": { "type": "Polygon", "coordinates": [ [ [ 73.8293175, 15.5824406 ], [ 73.8303395, 15.5828764 ], [ 73.8307191, 15.5829892 ], [ 73.8309615, 15.5832927 ], [ 73.831325, 15.5832305 ], [ 73.8316886, 15.5829892 ], [ 73.8318421, 15.5825651 ], [ 73.8318057, 15.5817714 ], [ 73.8317613, 15.5816897 ], [ 73.8315755, 15.5817014 ], [ 73.8313937, 15.5813784 ], [ 73.8306868, 15.5813745 ], [ 73.8302506, 15.5813045 ], [ 73.82998, 15.5813512 ], [ 73.8300567, 15.5815419 ], [ 73.8296245, 15.5816897 ], [ 73.8295478, 15.5819971 ], [ 73.8293862, 15.5819854 ], [ 73.8293175, 15.5824406 ] ] ] } },
{ "type": "Feature", "properties": { "osm_id": "1304507382", "code": 7215, "fclass": "orchard", "name": null }, "geometry": { "type": "Polygon", "coordinates": [ [ [ 73.8267405, 15.5902104 ], [ 73.8272774, 15.5907092 ], [ 73.8272774, 15.5904147 ], [ 73.8273793, 15.5900375 ], [ 73.8271888, 15.5900431 ], [ 73.8270636, 15.5899653 ], [ 73.8267688, 15.5899575 ], [ 73.8267405, 15.5902104 ] ] ] } },
{ "type": "Feature", "properties": { "osm_id": "1304508063", "code": 7215, "fclass": "orchard", "name": null }, "geometry": { "type": "Polygon", "coordinates": [ [ [ 73.8513476, 15.5894089 ], [ 73.8514446, 15.5894906 ], [ 73.8520505, 15.5899653 ], [ 73.8528381, 15.5895451 ], [ 73.852931, 15.5896618 ], [ 73.8533107, 15.5894089 ], [ 73.8523371, 15.5886228 ], [ 73.8514066, 15.5892986 ], [ 73.8513476, 15.5894089 ] ] ] } },
{ "type": "Feature", "properties": { "osm_id": "1304508064", "code": 7215, "fclass": "orchard", "name": null }, "geometry": { "type": "Polygon", "coordinates": [ [ [ 73.8529603, 15.5880209 ], [ 73.8534682, 15.5884363 ], [ 73.8534036, 15.5885802 ], [ 73.85365, 15.5888642 ], [ 73.85386, 15.5887786 ], [ 73.8542559, 15.5884674 ], [ 73.8547042, 15.5889887 ], [ 73.8552253, 15.5886152 ], [ 73.8556575, 15.5879188 ], [ 73.8558635, 15.5877165 ], [ 73.8558756, 15.5875647 ], [ 73.855189, 15.5875453 ], [ 73.854882, 15.5879966 ], [ 73.8545063, 15.5883234 ], [ 73.8541589, 15.5879966 ], [ 73.854373, 15.5877671 ], [ 73.8545548, 15.5878877 ], [ 73.8547083, 15.5877593 ], [ 73.8544215, 15.5875453 ], [ 73.8545306, 15.5874091 ], [ 73.8550476, 15.5874597 ], [ 73.8552374, 15.5873157 ], [ 73.8552576, 15.5870239 ], [ 73.8558191, 15.5869889 ], [ 73.8557262, 15.5867321 ], [ 73.8548699, 15.5867905 ], [ 73.8548658, 15.5866076 ], [ 73.855605, 15.5865415 ], [ 73.8553788, 15.5862497 ], [ 73.8547487, 15.5861835 ], [ 73.8547042, 15.5863936 ], [ 73.8545023, 15.5863936 ], [ 73.8545144, 15.586168 ], [ 73.854239, 15.5860795 ], [ 73.8540995, 15.5867306 ], [ 73.8539118, 15.5871181 ], [ 73.8530159, 15.5879655 ], [ 73.8529603, 15.5880209 ] ] ] } },
{ "type": "Feature", "properties": { "osm_id": "1304508065", "code": 7215, "fclass": "orchard", "name": null }, "geometry": { "type": "Polygon", "coordinates": [ [ [ 73.855807, 15.5889109 ], [ 73.8558514, 15.5895373 ], [ 73.855916, 15.5899731 ], [ 73.8563119, 15.589903 ], [ 73.8563805, 15.5901676 ], [ 73.8559887, 15.5902999 ], [ 73.8561543, 15.5909185 ], [ 73.8563361, 15.5907512 ], [ 73.8566027, 15.5910352 ], [ 73.8569864, 15.5904477 ], [ 73.8570268, 15.590331 ], [ 73.8571803, 15.5897552 ], [ 73.8570228, 15.5897085 ], [ 73.8572207, 15.588693 ], [ 73.8575156, 15.5887903 ], [ 73.85756, 15.5888059 ], [ 73.857598, 15.5886673 ], [ 73.8572974, 15.5885374 ], [ 73.8573621, 15.5883312 ], [ 73.857358, 15.5881328 ], [ 73.85756, 15.5880705 ], [ 73.8571884, 15.5876309 ], [ 73.8570672, 15.5873196 ], [ 73.8563846, 15.5872457 ], [ 73.8563321, 15.5875608 ], [ 73.8560897, 15.587557 ], [ 73.8558716, 15.5882417 ], [ 73.855807, 15.5889109 ] ] ] } },
{ "type": "Feature", "properties": { "osm_id": "1304518970", "code": 7229, "fclass": "farmland", "name": null }, "geometry": { "type": "Polygon", "coordinates": [ [ [ 73.8169102, 15.5836394 ], [ 73.817883, 15.5846049 ], [ 73.8188706, 15.5856413 ], [ 73.818959, 15.5852793 ], [ 73.819217, 15.5849173 ], [ 73.8195928, 15.5851586 ], [ 73.819696, 15.5851018 ], [ 73.8194528, 15.5849527 ], [ 73.8194528, 15.5847611 ], [ 73.8190917, 15.5845765 ], [ 73.8191285, 15.5843351 ], [ 73.8199171, 15.5844913 ], [ 73.8199613, 15.5843067 ], [ 73.8196886, 15.5842429 ], [ 73.8197771, 15.5838879 ], [ 73.8200203, 15.5839518 ], [ 73.8200498, 15.583682 ], [ 73.8192464, 15.583533 ], [ 73.819158, 15.5838524 ], [ 73.8177577, 15.5835614 ], [ 73.8176988, 15.5838666 ], [ 73.8169102, 15.5836394 ] ] ] } },
{ "type": "Feature", "properties": { "osm_id": "1304518973", "code": 7215, "fclass": "orchard", "name": null }, "geometry": { "type": "Polygon", "coordinates": [ [ [ 73.8270806, 15.5845765 ], [ 73.8274343, 15.5846226 ], [ 73.8275332, 15.5829779 ], [ 73.8272399, 15.5829998 ], [ 73.8272354, 15.5832632 ], [ 73.8270806, 15.5845765 ] ] ] } },
{ "type": "Feature", "properties": { "osm_id": "1304518974", "code": 7215, "fclass": "orchard", "name": null }, "geometry": { "type": "Polygon", "coordinates": [ [ [ 73.8264836, 15.5846652 ], [ 73.82697, 15.5848001 ], [ 73.8269995, 15.5845694 ], [ 73.8269737, 15.5844842 ], [ 73.8268263, 15.5843422 ], [ 73.8265463, 15.584179 ], [ 73.8264836, 15.5846652 ] ] ] } },
{ "type": "Feature", "properties": { "osm_id": "1304518982", "code": 7215, "fclass": "orchard", "name": null }, "geometry": { "type": "Polygon", "coordinates": [ [ [ 73.8316744, 15.5805166 ], [ 73.831937, 15.5805186 ], [ 73.8319228, 15.5809582 ], [ 73.8333628, 15.5810944 ], [ 73.8332962, 15.5815438 ], [ 73.832458, 15.5815127 ], [ 73.8323752, 15.582071 ], [ 73.8322601, 15.5825963 ], [ 73.8322157, 15.5828025 ], [ 73.8330112, 15.5830315 ], [ 73.8332507, 15.5827518 ], [ 73.8332695, 15.5823203 ], [ 73.8333848, 15.5818243 ], [ 73.8337657, 15.5810983 ], [ 73.8339347, 15.5804989 ], [ 73.8335446, 15.5804563 ], [ 73.8335264, 15.580538 ], [ 73.8332053, 15.5805108 ], [ 73.8332134, 15.5804213 ], [ 73.8325106, 15.5803435 ], [ 73.8324722, 15.5806139 ], [ 73.8322096, 15.5805847 ], [ 73.8322197, 15.580324 ], [ 73.8319127, 15.5803299 ], [ 73.831731, 15.5803688 ], [ 73.8316744, 15.5805166 ] ] ] } },
{ "type": "Feature", "properties": { "osm_id": "1304669923", "code": 7229, "fclass": "farmland", "name": null }, "geometry": { "type": "Polygon", "coordinates": [ [ [ 73.8106977, 15.5772877 ], [ 73.8131383, 15.5798043 ], [ 73.8135706, 15.5796879 ], [ 73.8135334, 15.5795222 ], [ 73.8136868, 15.5794685 ], [ 73.812943, 15.577543 ], [ 73.8128268, 15.5774176 ], [ 73.8112184, 15.5771848 ], [ 73.8106977, 15.5772877 ] ] ] } },
{ "type": "Feature", "properties": { "osm_id": "1304669924", "code": 7229, "fclass": "farmland", "name": null }, "geometry": { "type": "Polygon", "coordinates": [ [ [ 73.807532, 15.5730113 ], [ 73.807955, 15.5730516 ], [ 73.8097773, 15.5736024 ], [ 73.8111208, 15.573974 ], [ 73.8115252, 15.5740591 ], [ 73.8115856, 15.5735083 ], [ 73.812097, 15.5729575 ], [ 73.8126409, 15.5725814 ], [ 73.8138542, 15.5722231 ], [ 73.8137566, 15.5719634 ], [ 73.8135567, 15.5716858 ], [ 73.8133056, 15.5712066 ], [ 73.8131429, 15.5710141 ], [ 73.8129245, 15.5709514 ], [ 73.8128733, 15.5710454 ], [ 73.8129105, 15.5713365 ], [ 73.8129152, 15.5715828 ], [ 73.8128501, 15.571735 ], [ 73.8122643, 15.5718962 ], [ 73.8116926, 15.5719724 ], [ 73.8107954, 15.5718918 ], [ 73.8105908, 15.5717798 ], [ 73.8103816, 15.5716096 ], [ 73.8103026, 15.5714753 ], [ 73.8104188, 15.5710544 ], [ 73.8104374, 15.5709334 ], [ 73.8103351, 15.5708484 ], [ 73.8101352, 15.5708305 ], [ 73.8099168, 15.5709782 ], [ 73.8092892, 15.5715828 ], [ 73.8086895, 15.5723619 ], [ 73.8084245, 15.5726038 ], [ 73.8081224, 15.5726933 ], [ 73.8077505, 15.5727291 ], [ 73.8075831, 15.5728411 ], [ 73.807532, 15.5730113 ] ] ] } },
{ "type": "Feature", "properties": { "osm_id": "1304669925", "code": 7229, "fclass": "farmland", "name": null }, "geometry": { "type": "Polygon", "coordinates": [ [ [ 73.8075273, 15.5731322 ], [ 73.8076064, 15.5733023 ], [ 73.8078295, 15.5736651 ], [ 73.8082293, 15.5740412 ], [ 73.8087081, 15.5743233 ], [ 73.809066, 15.5746099 ], [ 73.8096471, 15.575004 ], [ 73.8098703, 15.5752189 ], [ 73.8100934, 15.5757205 ], [ 73.8102189, 15.5759175 ], [ 73.8105164, 15.5760518 ], [ 73.8109069, 15.5761369 ], [ 73.8112137, 15.5762086 ], [ 73.8116833, 15.5762354 ], [ 73.8119854, 15.5763295 ], [ 73.8121016, 15.5760563 ], [ 73.8117948, 15.575613 ], [ 73.8115577, 15.574995 ], [ 73.8115577, 15.5742203 ], [ 73.8111858, 15.5740949 ], [ 73.8089219, 15.5734367 ], [ 73.8079643, 15.5731456 ], [ 73.8075273, 15.5731322 ] ] ] } },
{ "type": "Feature", "properties": { "osm_id": "1304669926", "code": 7229, "fclass": "farmland", "name": null }, "geometry": { "type": "Polygon", "coordinates": [ [ [ 73.8137523, 15.577717 ], [ 73.8138503, 15.578202 ], [ 73.81403, 15.5786593 ], [ 73.8144082, 15.5794163 ], [ 73.8145271, 15.5797971 ], [ 73.8149124, 15.5810311 ], [ 73.8153335, 15.5818992 ], [ 73.815355, 15.5820646 ], [ 73.8165597, 15.5832971 ], [ 73.816927, 15.5828851 ], [ 73.8164435, 15.5823254 ], [ 73.8160716, 15.5813223 ], [ 73.8172384, 15.5814701 ], [ 73.8171501, 15.5819403 ], [ 73.8173965, 15.5819761 ], [ 73.8174988, 15.5814164 ], [ 73.8171827, 15.5813761 ], [ 73.8172152, 15.581179 ], [ 73.8175778, 15.5812417 ], [ 73.8175731, 15.5813716 ], [ 73.8178428, 15.5813895 ], [ 73.8179264, 15.5813402 ], [ 73.8180194, 15.5809372 ], [ 73.8173268, 15.5807357 ], [ 73.8170943, 15.5805656 ], [ 73.8170339, 15.5810134 ], [ 73.8166945, 15.580982 ], [ 73.8167317, 15.5804088 ], [ 73.8160856, 15.5801312 ], [ 73.8161274, 15.5800282 ], [ 73.8156951, 15.5798715 ], [ 73.8158159, 15.5795536 ], [ 73.8150094, 15.57922 ], [ 73.815365, 15.5781632 ], [ 73.8148211, 15.5777445 ], [ 73.8140332, 15.5774937 ], [ 73.8139518, 15.5777378 ], [ 73.8137523, 15.577717 ] ] ] } },
{ "type": "Feature", "properties": { "osm_id": "1304669930", "code": 7229, "fclass": "farmland", "name": null }, "geometry": { "type": "Polygon", "coordinates": [ [ [ 73.8207641, 15.5808403 ], [ 73.8208777, 15.5808606 ], [ 73.820824, 15.5816667 ], [ 73.8219076, 15.5820232 ], [ 73.8219913, 15.5819111 ], [ 73.8224652, 15.5803528 ], [ 73.8222456, 15.5803025 ], [ 73.8209957, 15.5799873 ], [ 73.8207983, 15.5806043 ], [ 73.8207641, 15.5808403 ] ] ] } },
{ "type": "Feature", "properties": { "osm_id": "1304669931", "code": 7229, "fclass": "farmland", "name": null }, "geometry": { "type": "Polygon", "coordinates": [ [ [ 73.8220481, 15.5820607 ], [ 73.8222563, 15.5821162 ], [ 73.8229387, 15.5822519 ], [ 73.823989, 15.5823849 ], [ 73.8242626, 15.5824056 ], [ 73.8244396, 15.5819767 ], [ 73.8236082, 15.5817132 ], [ 73.823753, 15.5813515 ], [ 73.823297, 15.5811551 ], [ 73.8233185, 15.581057 ], [ 73.8231415, 15.5809433 ], [ 73.823415, 15.5803542 ], [ 73.8232166, 15.5802457 ], [ 73.8229859, 15.5805402 ], [ 73.8225836, 15.58038 ], [ 73.8220556, 15.5819816 ], [ 73.8220481, 15.5820607 ] ] ] } },
{ "type": "Feature", "properties": { "osm_id": "1305288064", "code": 7215, "fclass": "orchard", "name": null }, "geometry": { "type": "Polygon", "coordinates": [ [ [ 73.9061988, 15.4986378 ], [ 73.9072019, 15.4988962 ], [ 73.9075452, 15.4992012 ], [ 73.9083633, 15.499514 ], [ 73.9085913, 15.4993176 ], [ 73.908779, 15.4993408 ], [ 73.9093423, 15.4992323 ], [ 73.909564, 15.4985069 ], [ 73.9098304, 15.4982191 ], [ 73.9102596, 15.4979709 ], [ 73.9101148, 15.497697 ], [ 73.9104044, 15.4976349 ], [ 73.9100504, 15.4971025 ], [ 73.9093745, 15.4971697 ], [ 73.9091331, 15.4967406 ], [ 73.9086073, 15.4968699 ], [ 73.9084893, 15.4965597 ], [ 73.9079905, 15.4966062 ], [ 73.9075559, 15.4971904 ], [ 73.9072984, 15.4970973 ], [ 73.9065359, 15.4982826 ], [ 73.906365, 15.4984258 ], [ 73.9062704, 15.4984459 ], [ 73.9061988, 15.4986378 ] ] ] } },
{ "type": "Feature", "properties": { "osm_id": "17927510", "code": 7229, "fclass": "farmland", "name": null }, "geometry": { "type": "Polygon", "coordinates": [ [ [ 73.8842046, 15.5632704 ], [ 73.8846552, 15.5646037 ], [ 73.8847411, 15.5646037 ], [ 73.8847625, 15.5646812 ], [ 73.8847625, 15.5649086 ], [ 73.8848269, 15.5651256 ], [ 73.8849127, 15.5652445 ], [ 73.8848644, 15.5653116 ], [ 73.8848484, 15.5653685 ], [ 73.8849074, 15.5654047 ], [ 73.885358, 15.5653581 ], [ 73.8858354, 15.565291 ], [ 73.885991, 15.5652703 ], [ 73.8865113, 15.5649189 ], [ 73.8866079, 15.5648207 ], [ 73.8866186, 15.5647019 ], [ 73.8870048, 15.5643504 ], [ 73.887375, 15.5639474 ], [ 73.8875145, 15.5640559 ], [ 73.8875788, 15.5640662 ], [ 73.8879651, 15.5637872 ], [ 73.8887644, 15.5638182 ], [ 73.8896012, 15.5637717 ], [ 73.8899285, 15.5634203 ], [ 73.8903844, 15.5629035 ], [ 73.8904434, 15.5627329 ], [ 73.890422, 15.5622007 ], [ 73.8901806, 15.5611878 ], [ 73.8900518, 15.5603041 ], [ 73.8899392, 15.560056 ], [ 73.8886571, 15.5613428 ], [ 73.8875842, 15.5627071 ], [ 73.8869619, 15.5630999 ], [ 73.8862109, 15.5632652 ], [ 73.885417, 15.5630068 ], [ 73.8849127, 15.5626141 ], [ 73.8847652, 15.5622523 ], [ 73.8846338, 15.5623376 ], [ 73.8844353, 15.5624229 ], [ 73.8845158, 15.5626503 ], [ 73.8845158, 15.5627795 ], [ 73.8843334, 15.563012 ], [ 73.8842261, 15.5631567 ], [ 73.8842046, 15.5632704 ] ] ] } },
{ "type": "Feature", "properties": { "osm_id": "17927512", "code": 7229, "fclass": "farmland", "name": null }, "geometry": { "type": "Polygon", "coordinates": [ [ [ 73.8794786, 15.5614617 ], [ 73.8795108, 15.5617149 ], [ 73.8798755, 15.5619423 ], [ 73.8805193, 15.56218 ], [ 73.8805568, 15.5620715 ], [ 73.8806802, 15.5620766 ], [ 73.8808036, 15.5619268 ], [ 73.8817477, 15.5622007 ], [ 73.8823324, 15.5625262 ], [ 73.8826087, 15.562826 ], [ 73.8828313, 15.5631851 ], [ 73.8829654, 15.5631722 ], [ 73.8837379, 15.562919 ], [ 73.8839686, 15.5627381 ], [ 73.8840598, 15.562671 ], [ 73.8838667, 15.5625056 ], [ 73.8837111, 15.5618906 ], [ 73.8837647, 15.5618131 ], [ 73.8836843, 15.5617097 ], [ 73.8835716, 15.5615547 ], [ 73.8834429, 15.5615599 ], [ 73.883357, 15.5616839 ], [ 73.8831156, 15.561627 ], [ 73.882944, 15.5616064 ], [ 73.8827401, 15.561348 ], [ 73.8826328, 15.5612911 ], [ 73.8824773, 15.5610017 ], [ 73.8821018, 15.5610793 ], [ 73.8811201, 15.5612188 ], [ 73.8810182, 15.5611878 ], [ 73.8809109, 15.5606917 ], [ 73.8818657, 15.560516 ], [ 73.8826543, 15.5602162 ], [ 73.882783, 15.5601181 ], [ 73.8830513, 15.5602317 ], [ 73.8832068, 15.560423 ], [ 73.8832337, 15.5609139 ], [ 73.8832873, 15.5610121 ], [ 73.8833731, 15.5610431 ], [ 73.8836145, 15.5609862 ], [ 73.8838184, 15.5611826 ], [ 73.8841563, 15.5619319 ], [ 73.8844353, 15.5623376 ], [ 73.8846713, 15.5622239 ], [ 73.884744, 15.5621629 ], [ 73.8846713, 15.561857 ], [ 73.8848349, 15.5607098 ], [ 73.8849127, 15.5605056 ], [ 73.8844353, 15.5603971 ], [ 73.8832766, 15.5592705 ], [ 73.8827079, 15.558516 ], [ 73.8825202, 15.558423 ], [ 73.8818067, 15.5584799 ], [ 73.8812756, 15.5587589 ], [ 73.8809591, 15.5591258 ], [ 73.8806856, 15.5597253 ], [ 73.8808411, 15.559839 ], [ 73.880251, 15.5605108 ], [ 73.8799882, 15.5605108 ], [ 73.8795215, 15.560423 ], [ 73.8795912, 15.5612033 ], [ 73.8794786, 15.5614617 ] ] ] } },
{ "type": "Feature", "properties": { "osm_id": "17927514", "code": 7229, "fclass": "farmland", "name": null }, "geometry": { "type": "Polygon", "coordinates": [ [ [ 73.8710672, 15.5588623 ], [ 73.8710672, 15.5591207 ], [ 73.8711476, 15.5593842 ], [ 73.8712227, 15.5596478 ], [ 73.8712871, 15.5602472 ], [ 73.8714212, 15.5604281 ], [ 73.8717163, 15.5604488 ], [ 73.8719201, 15.5606555 ], [ 73.8720649, 15.5608105 ], [ 73.8721883, 15.5608312 ], [ 73.8724834, 15.5608209 ], [ 73.8727033, 15.5609759 ], [ 73.872875, 15.5612188 ], [ 73.8730037, 15.561224 ], [ 73.8736421, 15.5611464 ], [ 73.8741785, 15.5609191 ], [ 73.8745862, 15.5607434 ], [ 73.8748115, 15.5608209 ], [ 73.8750797, 15.5611775 ], [ 73.8751924, 15.5616219 ], [ 73.8753426, 15.5617562 ], [ 73.8760078, 15.5620921 ], [ 73.8761848, 15.5623454 ], [ 73.876496, 15.5625676 ], [ 73.8766462, 15.5625831 ], [ 73.8766783, 15.5624487 ], [ 73.876732, 15.5621025 ], [ 73.8770968, 15.5615185 ], [ 73.8773704, 15.5610173 ], [ 73.8773543, 15.5609036 ], [ 73.8773006, 15.5608312 ], [ 73.8773704, 15.560733 ], [ 73.8775045, 15.5605987 ], [ 73.8773274, 15.560423 ], [ 73.8771611, 15.5601439 ], [ 73.877145, 15.5599734 ], [ 73.8770646, 15.5598493 ], [ 73.8765979, 15.5594669 ], [ 73.876555, 15.5593015 ], [ 73.8766676, 15.5592033 ], [ 73.8768178, 15.5592085 ], [ 73.8775045, 15.559653 ], [ 73.8777834, 15.560025 ], [ 73.8781321, 15.5600509 ], [ 73.8786096, 15.560224 ], [ 73.878741, 15.5601 ], [ 73.8778076, 15.5592395 ], [ 73.8770485, 15.5582525 ], [ 73.8768098, 15.5578209 ], [ 73.8766703, 15.5581491 ], [ 73.8761204, 15.5575858 ], [ 73.8763458, 15.5573868 ], [ 73.8761768, 15.5569579 ], [ 73.8758388, 15.5569011 ], [ 73.8754955, 15.5569321 ], [ 73.8744414, 15.5570509 ], [ 73.8742509, 15.5569993 ], [ 73.8737789, 15.5568391 ], [ 73.8733605, 15.5567925 ], [ 73.8730654, 15.5568106 ], [ 73.8724405, 15.5568701 ], [ 73.8716277, 15.5569088 ], [ 73.8715178, 15.5569243 ], [ 73.8717538, 15.5570277 ], [ 73.8719362, 15.5572189 ], [ 73.8718986, 15.5573791 ], [ 73.8715124, 15.5582835 ], [ 73.8712335, 15.5586866 ], [ 73.8711047, 15.5587176 ], [ 73.8710672, 15.5588623 ] ] ] } },
{ "type": "Feature", "properties": { "osm_id": "1309926827", "code": 7229, "fclass": "farmland", "name": null }, "geometry": { "type": "Polygon", "coordinates": [ [ [ 73.8911837, 15.5210302 ], [ 73.8918918, 15.5220123 ], [ 73.8934046, 15.5228806 ], [ 73.8936943, 15.5233872 ], [ 73.8940912, 15.5231029 ], [ 73.8936675, 15.5225808 ], [ 73.8941663, 15.5220174 ], [ 73.8940322, 15.5218365 ], [ 73.894574, 15.5216453 ], [ 73.8946652, 15.5213868 ], [ 73.8960922, 15.5204306 ], [ 73.8964274, 15.5203763 ], [ 73.8960922, 15.5200016 ], [ 73.8958293, 15.5195674 ], [ 73.8950944, 15.5186681 ], [ 73.8943058, 15.5179909 ], [ 73.8937211, 15.5181512 ], [ 73.8934314, 15.5184148 ], [ 73.8934153, 15.5187301 ], [ 73.8941824, 15.5198414 ], [ 73.8936442, 15.5200774 ], [ 73.8932276, 15.5202601 ], [ 73.8924015, 15.5206736 ], [ 73.8916397, 15.5202911 ], [ 73.891232, 15.520503 ], [ 73.8914305, 15.5208441 ], [ 73.8911837, 15.5210302 ] ] ] } },
{ "type": "Feature", "properties": { "osm_id": "1309926828", "code": 7229, "fclass": "farmland", "name": null }, "geometry": { "type": "Polygon", "coordinates": [ [ [ 73.8885927, 15.5158924 ], [ 73.8893759, 15.5163369 ], [ 73.8890058, 15.5168796 ], [ 73.8894135, 15.5170812 ], [ 73.8897031, 15.5167142 ], [ 73.890245, 15.5170037 ], [ 73.8912588, 15.5172259 ], [ 73.8919133, 15.5176705 ], [ 73.8920581, 15.5176136 ], [ 73.892954, 15.5181563 ], [ 73.8935036, 15.5173577 ], [ 73.8917309, 15.5160474 ], [ 73.8905775, 15.5151894 ], [ 73.8903093, 15.5149309 ], [ 73.8899553, 15.5142331 ], [ 73.8889307, 15.5151532 ], [ 73.8885927, 15.5158924 ] ] ] } },
{ "type": "Feature", "properties": { "osm_id": "1309926834", "code": 7229, "fclass": "farmland", "name": null }, "geometry": { "type": "Polygon", "coordinates": [ [ [ 73.8937211, 15.523935 ], [ 73.8952017, 15.5257079 ], [ 73.8954538, 15.5265349 ], [ 73.8963121, 15.5274911 ], [ 73.8965106, 15.5273102 ], [ 73.8970792, 15.5279356 ], [ 73.897047, 15.5283904 ], [ 73.8978222, 15.5294422 ], [ 73.8985839, 15.528946 ], [ 73.8982835, 15.5286618 ], [ 73.8982809, 15.5283051 ], [ 73.8981789, 15.5281397 ], [ 73.8982701, 15.5280545 ], [ 73.8978517, 15.5275454 ], [ 73.8976827, 15.5276875 ], [ 73.8975084, 15.5276255 ], [ 73.8973528, 15.5271138 ], [ 73.8975835, 15.5269277 ], [ 73.8972107, 15.526292 ], [ 73.8966018, 15.5258526 ], [ 73.8969129, 15.5255296 ], [ 73.8965535, 15.5252867 ], [ 73.8961887, 15.5256614 ], [ 73.8960144, 15.5254521 ], [ 73.8962075, 15.5251006 ], [ 73.8959393, 15.5248447 ], [ 73.8960493, 15.5247 ], [ 73.8958535, 15.5244778 ], [ 73.895604, 15.5244881 ], [ 73.895553, 15.5241857 ], [ 73.8953975, 15.5239919 ], [ 73.8955048, 15.5238937 ], [ 73.8947806, 15.523015 ], [ 73.8943702, 15.5234027 ], [ 73.8937211, 15.523935 ] ] ] } },
{ "type": "Feature", "properties": { "osm_id": "1309929861", "code": 7229, "fclass": "farmland", "name": null }, "geometry": { "type": "Polygon", "coordinates": [ [ [ 73.8905293, 15.5149671 ], [ 73.8906527, 15.5151429 ], [ 73.8912365, 15.5155712 ], [ 73.8914123, 15.5150062 ], [ 73.8920174, 15.5151762 ], [ 73.8917877, 15.5159688 ], [ 73.8932973, 15.517045 ], [ 73.8940966, 15.5176653 ], [ 73.8941234, 15.5175257 ], [ 73.8943005, 15.5175412 ], [ 73.8944882, 15.5170864 ], [ 73.8952553, 15.5144554 ], [ 73.8934421, 15.5139695 ], [ 73.8928735, 15.5137886 ], [ 73.8930023, 15.5135767 ], [ 73.8924122, 15.5133906 ], [ 73.892439, 15.5132614 ], [ 73.8916665, 15.5129461 ], [ 73.8912588, 15.5139282 ], [ 73.890937, 15.5138248 ], [ 73.8905293, 15.5149671 ] ] ] } },
{ "type": "Feature", "properties": { "osm_id": "1311080760", "code": 7229, "fclass": "farmland", "name": null }, "geometry": { "type": "Polygon", "coordinates": [ [ [ 73.9034146, 15.5155822 ], [ 73.9039725, 15.5158613 ], [ 73.9039671, 15.5175412 ], [ 73.9051205, 15.5173293 ], [ 73.9053726, 15.5185233 ], [ 73.9057159, 15.5198827 ], [ 73.9065367, 15.5204358 ], [ 73.906644, 15.5202239 ], [ 73.9064294, 15.520105 ], [ 73.9064401, 15.5198672 ], [ 73.9068478, 15.5198879 ], [ 73.9069712, 15.5195674 ], [ 73.9068961, 15.5189006 ], [ 73.9069498, 15.5185285 ], [ 73.9068854, 15.5184716 ], [ 73.9066869, 15.5185337 ], [ 73.9063919, 15.5184716 ], [ 73.9065152, 15.5180323 ], [ 73.906703, 15.5175206 ], [ 73.9059842, 15.5171536 ], [ 73.9065152, 15.5160061 ], [ 73.9069283, 15.5161611 ], [ 73.9073896, 15.515117 ], [ 73.906483, 15.5147294 ], [ 73.9059627, 15.515789 ], [ 73.9040476, 15.5148896 ], [ 73.9040154, 15.5153393 ], [ 73.9036506, 15.5151325 ], [ 73.9034146, 15.5155822 ] ] ] } },
{ "type": "Feature", "properties": { "osm_id": "17973548", "code": 7229, "fclass": "farmland", "name": null }, "geometry": { "type": "Polygon", "coordinates": [ [ [ 73.8974494, 15.5201722 ], [ 73.8978302, 15.5201102 ], [ 73.8988548, 15.5201929 ], [ 73.8998043, 15.5205702 ], [ 73.8996756, 15.5209733 ], [ 73.8999438, 15.5211232 ], [ 73.9011669, 15.5217487 ], [ 73.9013815, 15.5213558 ], [ 73.9018482, 15.5215884 ], [ 73.9017463, 15.5217538 ], [ 73.9023042, 15.5222035 ], [ 73.9030176, 15.5226584 ], [ 73.9033127, 15.5226067 ], [ 73.9034468, 15.5227928 ], [ 73.9033771, 15.522891 ], [ 73.9038598, 15.5231907 ], [ 73.9040959, 15.5229582 ], [ 73.9040369, 15.5226015 ], [ 73.9044714, 15.5225033 ], [ 73.9044875, 15.5229788 ], [ 73.9042032, 15.5230512 ], [ 73.9039832, 15.5232631 ], [ 73.9048094, 15.5240332 ], [ 73.9050937, 15.523904 ], [ 73.9050722, 15.5235577 ], [ 73.90504, 15.5228083 ], [ 73.9053512, 15.5217538 ], [ 73.9049864, 15.521821 ], [ 73.9049703, 15.5214851 ], [ 73.9047503, 15.5215057 ], [ 73.9046967, 15.5211387 ], [ 73.903833, 15.5212421 ], [ 73.9036077, 15.5200326 ], [ 73.9028192, 15.5201102 ], [ 73.9024705, 15.5205805 ], [ 73.9018696, 15.5203738 ], [ 73.9017302, 15.5206942 ], [ 73.9011455, 15.520441 ], [ 73.9014673, 15.5194899 ], [ 73.9001155, 15.518973 ], [ 73.9002764, 15.5185233 ], [ 73.8993484, 15.5181873 ], [ 73.8988924, 15.5195623 ], [ 73.8975942, 15.5191539 ], [ 73.8974494, 15.5201722 ] ] ] } },
{ "type": "Feature", "properties": { "osm_id": "17973549", "code": 7229, "fclass": "farmland", "name": null }, "geometry": { "type": "Polygon", "coordinates": [ [ [ 73.9049596, 15.5256976 ], [ 73.9050347, 15.525987 ], [ 73.9053458, 15.5260542 ], [ 73.9050668, 15.5265866 ], [ 73.9052761, 15.5266538 ], [ 73.9054477, 15.5266073 ], [ 73.9059573, 15.5267882 ], [ 73.9065099, 15.526907 ], [ 73.9067513, 15.5264625 ], [ 73.9072126, 15.5266486 ], [ 73.9071482, 15.5267313 ], [ 73.9106405, 15.5280751 ], [ 73.9111716, 15.5286928 ], [ 73.9115256, 15.5279847 ], [ 73.9125556, 15.528468 ], [ 73.9129847, 15.5275996 ], [ 73.9131671, 15.5272533 ], [ 73.9136285, 15.5261834 ], [ 73.9139718, 15.5250773 ], [ 73.9141703, 15.5241625 ], [ 73.9142936, 15.5237541 ], [ 73.9151466, 15.5219813 ], [ 73.9143366, 15.5215884 ], [ 73.9141971, 15.520839 ], [ 73.9144438, 15.5206632 ], [ 73.9146852, 15.520658 ], [ 73.9146423, 15.5203428 ], [ 73.9144814, 15.5199292 ], [ 73.9144117, 15.5198465 ], [ 73.9143687, 15.5197483 ], [ 73.9143634, 15.5195312 ], [ 73.9142829, 15.5190971 ], [ 73.9142132, 15.5188851 ], [ 73.9141542, 15.5186784 ], [ 73.9141059, 15.5185802 ], [ 73.9140469, 15.5184923 ], [ 73.9140147, 15.5183941 ], [ 73.9139074, 15.5183838 ], [ 73.913843, 15.5184665 ], [ 73.9135909, 15.5186887 ], [ 73.9129633, 15.5191539 ], [ 73.912797, 15.5192986 ], [ 73.9127219, 15.5193814 ], [ 73.9126253, 15.5194279 ], [ 73.912518, 15.5194124 ], [ 73.9124161, 15.519433 ], [ 73.9122283, 15.5195364 ], [ 73.9120352, 15.5196243 ], [ 73.9119279, 15.5196398 ], [ 73.9116222, 15.5195364 ], [ 73.9115149, 15.5195416 ], [ 73.9114666, 15.5196346 ], [ 73.9113861, 15.5197018 ], [ 73.9111716, 15.5196811 ], [ 73.9110964, 15.5196036 ], [ 73.9110374, 15.5195157 ], [ 73.9109355, 15.5194796 ], [ 73.9108282, 15.5194589 ], [ 73.9107209, 15.5194537 ], [ 73.9106834, 15.5195002 ], [ 73.9105654, 15.5206219 ], [ 73.9105439, 15.5207201 ], [ 73.9103025, 15.5211439 ], [ 73.9103293, 15.5212473 ], [ 73.9104205, 15.5213041 ], [ 73.9104044, 15.5216039 ], [ 73.9103723, 15.5217021 ], [ 73.9103132, 15.5217848 ], [ 73.910206, 15.5218055 ], [ 73.9100772, 15.5217642 ], [ 73.9098573, 15.5224206 ], [ 73.9099592, 15.5224671 ], [ 73.9099538, 15.5225705 ], [ 73.9097017, 15.5230874 ], [ 73.9095569, 15.5231907 ], [ 73.9092886, 15.5240022 ], [ 73.9091599, 15.524178 ], [ 73.9090043, 15.5243227 ], [ 73.9088649, 15.5244726 ], [ 73.9088595, 15.5245811 ], [ 73.9088756, 15.5246845 ], [ 73.9088541, 15.5247879 ], [ 73.9087468, 15.5249429 ], [ 73.908484, 15.5251497 ], [ 73.9084464, 15.5252479 ], [ 73.9085269, 15.5253254 ], [ 73.9086181, 15.5253874 ], [ 73.9086664, 15.5254857 ], [ 73.9086771, 15.525589 ], [ 73.9086771, 15.5258061 ], [ 73.90872, 15.5259715 ], [ 73.9087897, 15.5260542 ], [ 73.9088327, 15.5261524 ], [ 73.9087951, 15.5262506 ], [ 73.90872, 15.526323 ], [ 73.9086181, 15.5263643 ], [ 73.9085108, 15.5263902 ], [ 73.9084142, 15.526447 ], [ 73.9083499, 15.5265349 ], [ 73.9082533, 15.5268553 ], [ 73.9081621, 15.5268243 ], [ 73.9081728, 15.5266796 ], [ 73.9082158, 15.5265142 ], [ 73.9086556, 15.5261834 ], [ 73.9086342, 15.52608 ], [ 73.9084947, 15.5259198 ], [ 73.9084303, 15.5258268 ], [ 73.9083928, 15.5257286 ], [ 73.9083713, 15.5256252 ], [ 73.9083016, 15.5255477 ], [ 73.9081997, 15.5255115 ], [ 73.9081246, 15.5255322 ], [ 73.9079958, 15.525465 ], [ 73.908425, 15.5247982 ], [ 73.9084893, 15.5247103 ], [ 73.9085698, 15.5245036 ], [ 73.9085913, 15.5244002 ], [ 73.9088327, 15.5240591 ], [ 73.9089078, 15.5239764 ], [ 73.9090472, 15.5238058 ], [ 73.9092082, 15.5236559 ], [ 73.909294, 15.523475 ], [ 73.9092886, 15.522679 ], [ 73.9092189, 15.5225963 ], [ 73.9090419, 15.5224775 ], [ 73.9088434, 15.5223948 ], [ 73.9087468, 15.5223431 ], [ 73.9086986, 15.52225 ], [ 73.9086825, 15.5220381 ], [ 73.9086825, 15.5219244 ], [ 73.9087629, 15.521759 ], [ 73.9085591, 15.521759 ], [ 73.908484, 15.5218469 ], [ 73.9084625, 15.5219502 ], [ 73.9084142, 15.5220381 ], [ 73.9082587, 15.5221828 ], [ 73.9077383, 15.5223224 ], [ 73.9076257, 15.5223224 ], [ 73.9075184, 15.5223431 ], [ 73.9072341, 15.5229788 ], [ 73.9071697, 15.5230667 ], [ 73.9070892, 15.5231391 ], [ 73.9069819, 15.5231701 ], [ 73.9067674, 15.5231649 ], [ 73.9066601, 15.5231959 ], [ 73.9060861, 15.5239299 ], [ 73.9060056, 15.5239919 ], [ 73.9059797, 15.5239284 ], [ 73.9059466, 15.5238472 ], [ 73.9065099, 15.5230719 ], [ 73.9066815, 15.5229323 ], [ 73.9068532, 15.5228703 ], [ 73.9074808, 15.5221363 ], [ 73.9077651, 15.522064 ], [ 73.9077866, 15.5220019 ], [ 73.9073735, 15.52179 ], [ 73.9072716, 15.5217642 ], [ 73.9071751, 15.5218003 ], [ 73.9070892, 15.5218675 ], [ 73.906998, 15.5219141 ], [ 73.9068961, 15.5218779 ], [ 73.9068317, 15.5217952 ], [ 73.9065313, 15.5215678 ], [ 73.9063221, 15.5214644 ], [ 73.9062497, 15.5215225 ], [ 73.9051956, 15.5243537 ], [ 73.9053672, 15.5244416 ], [ 73.9051795, 15.5249068 ], [ 73.9052761, 15.5249274 ], [ 73.905201, 15.5251342 ], [ 73.9050347, 15.5251032 ], [ 73.9049596, 15.5256976 ] ] ] } },
{ "type": "Feature", "properties": { "osm_id": "1311170953", "code": 7229, "fclass": "farmland", "name": null }, "geometry": { "type": "Polygon", "coordinates": [ [ [ 73.9008343, 15.5319412 ], [ 73.9009416, 15.5324943 ], [ 73.9013976, 15.532272 ], [ 73.9019099, 15.5320937 ], [ 73.901956, 15.5320586 ], [ 73.9017677, 15.5316983 ], [ 73.901759, 15.5316243 ], [ 73.9016828, 15.5309786 ], [ 73.9009738, 15.5309592 ], [ 73.9008719, 15.5314864 ], [ 73.9008343, 15.5319412 ] ] ] } },
{ "type": "Feature", "properties": { "osm_id": "1311170969", "code": 7229, "fclass": "farmland", "name": null }, "geometry": { "type": "Polygon", "coordinates": [ [ [ 73.9072126, 15.5192935 ], [ 73.9076418, 15.5191849 ], [ 73.9077759, 15.5201618 ], [ 73.908146, 15.5201257 ], [ 73.9080441, 15.5192263 ], [ 73.9086288, 15.5191436 ], [ 73.9087576, 15.5200585 ], [ 73.9084792, 15.5200891 ], [ 73.9085644, 15.5208441 ], [ 73.9089453, 15.5207252 ], [ 73.9091867, 15.5202911 ], [ 73.9088434, 15.5188438 ], [ 73.9085595, 15.5186813 ], [ 73.9077866, 15.518239 ], [ 73.9072126, 15.5192935 ] ] ] } },
{ "type": "Feature", "properties": { "osm_id": "1311170970", "code": 7229, "fclass": "farmland", "name": null }, "geometry": { "type": "Polygon", "coordinates": [ [ [ 73.9065099, 15.520963 ], [ 73.9067191, 15.5211284 ], [ 73.9075935, 15.5213868 ], [ 73.9085913, 15.5213455 ], [ 73.9085644, 15.5208441 ], [ 73.9084792, 15.5200891 ], [ 73.908146, 15.5201257 ], [ 73.9077759, 15.5201618 ], [ 73.9071053, 15.5202859 ], [ 73.9067942, 15.5202911 ], [ 73.9065099, 15.520963 ] ] ] } },
{ "type": "Feature", "properties": { "osm_id": "1311177657", "code": 7229, "fclass": "farmland", "name": null }, "geometry": { "type": "Polygon", "coordinates": [ [ [ 73.912223, 15.5293156 ], [ 73.9131215, 15.5288582 ], [ 73.9130867, 15.5281449 ], [ 73.9132422, 15.5277624 ], [ 73.9137143, 15.5266796 ], [ 73.9139047, 15.5264031 ], [ 73.9140898, 15.5264935 ], [ 73.9146128, 15.5262687 ], [ 73.914586, 15.5261007 ], [ 73.9138296, 15.5260206 ], [ 73.9137545, 15.526062 ], [ 73.9135507, 15.5265375 ], [ 73.9122847, 15.5291709 ], [ 73.912223, 15.5293156 ] ] ] } },
{ "type": "Feature", "properties": { "osm_id": "1311207637", "code": 7215, "fclass": "orchard", "name": null }, "geometry": { "type": "Polygon", "coordinates": [ [ [ 73.918215, 15.5276358 ], [ 73.9186174, 15.5280338 ], [ 73.919031, 15.5281625 ], [ 73.9187622, 15.5291244 ], [ 73.9190036, 15.5291812 ], [ 73.9192396, 15.5283801 ], [ 73.9196098, 15.5273309 ], [ 73.9199048, 15.5265969 ], [ 73.9202642, 15.5258733 ], [ 73.9201194, 15.5258578 ], [ 73.9200658, 15.5257958 ], [ 73.9193255, 15.5273257 ], [ 73.9191833, 15.527672 ], [ 73.9187729, 15.5273386 ], [ 73.9185805, 15.5271551 ], [ 73.918215, 15.5276358 ] ] ] } },
{ "type": "Feature", "properties": { "osm_id": "1311207639", "code": 7215, "fclass": "orchard", "name": null }, "geometry": { "type": "Polygon", "coordinates": [ [ [ 73.9188212, 15.5321221 ], [ 73.9190197, 15.532179 ], [ 73.9191377, 15.5307266 ], [ 73.9189017, 15.5306982 ], [ 73.9188212, 15.5321221 ] ] ] } },
{ "type": "Feature", "properties": { "osm_id": "1311207642", "code": 7215, "fclass": "orchard", "name": null }, "geometry": { "type": "Polygon", "coordinates": [ [ [ 73.9191431, 15.5291916 ], [ 73.9192826, 15.5292432 ], [ 73.9195293, 15.528499 ], [ 73.9207417, 15.5288608 ], [ 73.9205325, 15.5296826 ], [ 73.9210957, 15.530034 ], [ 73.9217073, 15.5301477 ], [ 73.9224368, 15.529941 ], [ 73.9227533, 15.5297756 ], [ 73.9228445, 15.5296412 ], [ 73.9228123, 15.529145 ], [ 73.922866, 15.5288866 ], [ 73.9229304, 15.5287367 ], [ 73.9229304, 15.5285558 ], [ 73.9225978, 15.5286282 ], [ 73.9223349, 15.5288814 ], [ 73.9218253, 15.5290313 ], [ 73.9213318, 15.5289073 ], [ 73.9212352, 15.5287987 ], [ 73.9209294, 15.5286954 ], [ 73.921026, 15.5283542 ], [ 73.91976, 15.5278839 ], [ 73.9207014, 15.5259353 ], [ 73.9205298, 15.5257441 ], [ 73.9203447, 15.5260232 ], [ 73.9200336, 15.5266899 ], [ 73.9195079, 15.528039 ], [ 73.9191431, 15.5291916 ] ] ] } },
{ "type": "Feature", "properties": { "osm_id": "1311207643", "code": 7215, "fclass": "orchard", "name": null }, "geometry": { "type": "Polygon", "coordinates": [ [ [ 73.9184296, 15.5384431 ], [ 73.9184618, 15.5386188 ], [ 73.9188319, 15.5388979 ], [ 73.9192021, 15.5391357 ], [ 73.9196688, 15.5392029 ], [ 73.91976, 15.5390788 ], [ 73.9199209, 15.5390943 ], [ 73.9200926, 15.5392184 ], [ 73.9201838, 15.5394406 ], [ 73.9203447, 15.5398334 ], [ 73.9205432, 15.53973 ], [ 73.9200818, 15.5386654 ], [ 73.9196044, 15.5373061 ], [ 73.9193147, 15.536443 ], [ 73.919068, 15.5356057 ], [ 73.9189231, 15.5348201 ], [ 73.9187998, 15.5339776 ], [ 73.91873, 15.5333471 ], [ 73.9186764, 15.5321997 ], [ 73.9184564, 15.5321428 ], [ 73.9184833, 15.533285 ], [ 73.9186388, 15.5346702 ], [ 73.9187622, 15.5352284 ], [ 73.9189231, 15.5360088 ], [ 73.9193523, 15.5372337 ], [ 73.919363, 15.5374353 ], [ 73.919304, 15.5377402 ], [ 73.9190787, 15.5377247 ], [ 73.9189714, 15.5380607 ], [ 73.9186871, 15.5379883 ], [ 73.9186227, 15.5382002 ], [ 73.9184618, 15.5383191 ], [ 73.9184296, 15.5384431 ] ] ] } },
{ "type": "Feature", "properties": { "osm_id": "1311207644", "code": 7215, "fclass": "orchard", "name": null }, "geometry": { "type": "Polygon", "coordinates": [ [ [ 73.918789, 15.5322203 ], [ 73.9187998, 15.5328044 ], [ 73.918848, 15.5336107 ], [ 73.9189768, 15.5345306 ], [ 73.9192128, 15.5357039 ], [ 73.9196581, 15.5370993 ], [ 73.9200711, 15.538164 ], [ 73.920688, 15.5395802 ], [ 73.9208168, 15.5394251 ], [ 73.920916, 15.5393579 ], [ 73.9209697, 15.5392261 ], [ 73.920967, 15.5391719 ], [ 73.9208865, 15.5391331 ], [ 73.9207041, 15.5388256 ], [ 73.9204574, 15.5383165 ], [ 73.9204064, 15.5382932 ], [ 73.9203528, 15.53827 ], [ 73.9203474, 15.5381847 ], [ 73.9203474, 15.5379831 ], [ 73.9201462, 15.5378229 ], [ 73.9199853, 15.5374663 ], [ 73.9199907, 15.5373526 ], [ 73.9200711, 15.5373061 ], [ 73.9199209, 15.5370425 ], [ 73.9197224, 15.5366962 ], [ 73.9194167, 15.5356315 ], [ 73.9192074, 15.5346599 ], [ 73.919186, 15.5345927 ], [ 73.9191565, 15.5345384 ], [ 73.9191779, 15.5344893 ], [ 73.9191216, 15.5338536 ], [ 73.9189929, 15.5326493 ], [ 73.9189982, 15.532272 ], [ 73.918789, 15.5322203 ] ] ] } },
{ "type": "Feature", "properties": { "osm_id": "1311207646", "code": 7215, "fclass": "orchard", "name": null }, "geometry": { "type": "Polygon", "coordinates": [ [ [ 73.9183116, 15.5320136 ], [ 73.9186764, 15.5320859 ], [ 73.9187461, 15.5310264 ], [ 73.9187815, 15.5307126 ], [ 73.9184967, 15.5306775 ], [ 73.9183116, 15.5320136 ] ] ] } },
{ "type": "Feature", "properties": { "osm_id": "1311207647", "code": 7215, "fclass": "orchard", "name": null }, "geometry": { "type": "Polygon", "coordinates": [ [ [ 73.9167291, 15.5302408 ], [ 73.917692, 15.5301297 ], [ 73.9184153, 15.5302374 ], [ 73.9185423, 15.5294603 ], [ 73.9184457, 15.5293931 ], [ 73.918274, 15.5293363 ], [ 73.918274, 15.5292743 ], [ 73.9181473, 15.5292361 ], [ 73.9179166, 15.5291844 ], [ 73.9170027, 15.5289977 ], [ 73.9169544, 15.5294241 ], [ 73.9167694, 15.5294055 ], [ 73.9167291, 15.5302408 ] ] ] } },
{ "type": "Feature", "properties": { "osm_id": "1311207648", "code": 7215, "fclass": "orchard", "name": null }, "geometry": { "type": "Polygon", "coordinates": [ [ [ 73.919502, 15.5307694 ], [ 73.9201945, 15.5308507 ], [ 73.9209723, 15.5310212 ], [ 73.9210306, 15.5307557 ], [ 73.9207309, 15.5306904 ], [ 73.9206612, 15.5308868 ], [ 73.9203447, 15.530799 ], [ 73.9205008, 15.5301162 ], [ 73.9203179, 15.530034 ], [ 73.9196795, 15.5297343 ], [ 73.9196151, 15.5299384 ], [ 73.9195749, 15.5302149 ], [ 73.919502, 15.5307694 ] ] ] } },
{ "type": "Feature", "properties": { "osm_id": "1311207670", "code": 7229, "fclass": "farmland", "name": null }, "geometry": { "type": "Polygon", "coordinates": [ [ [ 73.8941315, 15.521865 ], [ 73.8943085, 15.5220976 ], [ 73.8943756, 15.522356 ], [ 73.8944507, 15.5224904 ], [ 73.8952553, 15.522294 ], [ 73.895309, 15.521759 ], [ 73.8946679, 15.5216324 ], [ 73.8946465, 15.5217176 ], [ 73.8941315, 15.521865 ] ] ] } },
{ "type": "Feature", "properties": { "osm_id": "1311295572", "code": 7215, "fclass": "orchard", "name": null }, "geometry": { "type": "Polygon", "coordinates": [ [ [ 73.9032832, 15.5295249 ], [ 73.9035809, 15.5295844 ], [ 73.903664, 15.5292381 ], [ 73.9037123, 15.5290339 ], [ 73.9033583, 15.5289538 ], [ 73.9032832, 15.5295249 ] ] ] } },
{ "type": "Feature", "properties": { "osm_id": "1311295573", "code": 7229, "fclass": "farmland", "name": null }, "geometry": { "type": "Polygon", "coordinates": [ [ [ 73.901462, 15.5291657 ], [ 73.9015243, 15.5298029 ], [ 73.9024061, 15.5295637 ], [ 73.9024168, 15.5290985 ], [ 73.901462, 15.5291657 ] ] ] } },
{ "type": "Feature", "properties": { "osm_id": "1311295578", "code": 7215, "fclass": "orchard", "name": null }, "geometry": { "type": "Polygon", "coordinates": [ [ [ 73.9003547, 15.5290501 ], [ 73.9009148, 15.5291761 ], [ 73.901462, 15.5291657 ], [ 73.9024168, 15.5290985 ], [ 73.9024061, 15.5295637 ], [ 73.9015243, 15.5298029 ], [ 73.9015692, 15.5302754 ], [ 73.9017382, 15.5303752 ], [ 73.9019045, 15.5304424 ], [ 73.9019126, 15.5302718 ], [ 73.9024973, 15.5302821 ], [ 73.902728, 15.5290003 ], [ 73.9027494, 15.5284809 ], [ 73.901242, 15.5285507 ], [ 73.9005232, 15.5284964 ], [ 73.9003547, 15.5290501 ] ] ] } },
{ "type": "Feature", "properties": { "osm_id": "1311295579", "code": 7215, "fclass": "orchard", "name": null }, "geometry": { "type": "Polygon", "coordinates": [ [ [ 73.8987744, 15.5272223 ], [ 73.8996354, 15.527964 ], [ 73.8997212, 15.5278968 ], [ 73.899917, 15.5280441 ], [ 73.8995469, 15.5286773 ], [ 73.9000297, 15.528928 ], [ 73.9002603, 15.5284111 ], [ 73.9004427, 15.5284731 ], [ 73.9006144, 15.5277469 ], [ 73.9004154, 15.5276759 ], [ 73.9002898, 15.5279278 ], [ 73.8997319, 15.5274988 ], [ 73.8992196, 15.5269587 ], [ 73.8987744, 15.5272223 ] ] ] } },
{ "type": "Feature", "properties": { "osm_id": "1311295580", "code": 7215, "fclass": "orchard", "name": null }, "geometry": { "type": "Polygon", "coordinates": [ [ [ 73.903597, 15.5338949 ], [ 73.9037847, 15.5345668 ], [ 73.9038766, 15.5348129 ], [ 73.9044928, 15.5344634 ], [ 73.9049703, 15.5347994 ], [ 73.9047773, 15.5355476 ], [ 73.9050186, 15.535647 ], [ 73.9049971, 15.5360398 ], [ 73.9051419, 15.5363603 ], [ 73.9053243, 15.5364843 ], [ 73.9056516, 15.536536 ], [ 73.9058286, 15.5365928 ], [ 73.9056998, 15.5370011 ], [ 73.9058798, 15.5371498 ], [ 73.9062631, 15.536598 ], [ 73.9062953, 15.5364791 ], [ 73.9059144, 15.5354351 ], [ 73.905952, 15.5353214 ], [ 73.9065206, 15.5348743 ], [ 73.9063758, 15.5346754 ], [ 73.9068371, 15.534081 ], [ 73.9074916, 15.533223 ], [ 73.9067647, 15.5330809 ], [ 73.9067298, 15.5333186 ], [ 73.9064911, 15.5332644 ], [ 73.9064938, 15.5330369 ], [ 73.9061424, 15.5329491 ], [ 73.9059091, 15.5339569 ], [ 73.9062148, 15.5342309 ], [ 73.9059252, 15.5345616 ], [ 73.9058366, 15.5341818 ], [ 73.9057267, 15.5341533 ], [ 73.9058983, 15.5334711 ], [ 73.9058018, 15.5334298 ], [ 73.9053297, 15.5332799 ], [ 73.9054263, 15.5328974 ], [ 73.9041817, 15.5326493 ], [ 73.9040851, 15.5331558 ], [ 73.9037216, 15.5335139 ], [ 73.9037472, 15.5338174 ], [ 73.903597, 15.5338949 ] ] ] } },
{ "type": "Feature", "properties": { "osm_id": "1311295581", "code": 7215, "fclass": "orchard", "name": null }, "geometry": { "type": "Polygon", "coordinates": [ [ [ 73.9077008, 15.5336623 ], [ 73.9080334, 15.5339466 ], [ 73.9078724, 15.534174 ], [ 73.9087415, 15.5349803 ], [ 73.9088863, 15.5347787 ], [ 73.9090955, 15.5348769 ], [ 73.9096534, 15.5340448 ], [ 73.9082104, 15.5330938 ], [ 73.9077008, 15.5336623 ] ] ] } },
{ "type": "Feature", "properties": { "osm_id": "1311295590", "code": 7215, "fclass": "orchard", "name": null }, "geometry": { "type": "Polygon", "coordinates": [ [ [ 73.9061022, 15.5303545 ], [ 73.9061183, 15.5304217 ], [ 73.906357, 15.5306103 ], [ 73.9068881, 15.5301813 ], [ 73.9061473, 15.5300122 ], [ 73.9061022, 15.5303545 ] ] ] } },
{ "type": "Feature", "properties": { "osm_id": "1311295593", "code": 7215, "fclass": "orchard", "name": null }, "geometry": { "type": "Polygon", "coordinates": [ [ [ 73.9069498, 15.5304837 ], [ 73.906998, 15.5305406 ], [ 73.9072233, 15.5306155 ], [ 73.9078832, 15.5307628 ], [ 73.9080119, 15.5305406 ], [ 73.9082388, 15.5306326 ], [ 73.9086556, 15.5300693 ], [ 73.9084357, 15.5299152 ], [ 73.9087897, 15.5292588 ], [ 73.9084049, 15.5291877 ], [ 73.9082734, 15.529534 ], [ 73.9075559, 15.5293427 ], [ 73.9073494, 15.5301374 ], [ 73.9070141, 15.5304088 ], [ 73.9069498, 15.5304837 ] ] ] } },
{ "type": "Feature", "properties": { "osm_id": "1311295594", "code": 7215, "fclass": "orchard", "name": null }, "geometry": { "type": "Polygon", "coordinates": [ [ [ 73.9063275, 15.5322849 ], [ 73.907167, 15.5324452 ], [ 73.9074433, 15.5325046 ], [ 73.907403, 15.5327398 ], [ 73.9078242, 15.5327708 ], [ 73.9084357, 15.5319593 ], [ 73.9079529, 15.5316854 ], [ 73.908366, 15.5310083 ], [ 73.9077625, 15.5308713 ], [ 73.9076498, 15.5310936 ], [ 73.9070731, 15.5309334 ], [ 73.9069444, 15.5312926 ], [ 73.9066681, 15.5311944 ], [ 73.9063275, 15.5322849 ] ] ] } },
{ "type": "Feature", "properties": { "osm_id": "1311583756", "code": 7229, "fclass": "farmland", "name": null }, "geometry": { "type": "Polygon", "coordinates": [ [ [ 73.8707775, 15.4898135 ], [ 73.8711959, 15.4927498 ], [ 73.872714, 15.4926878 ], [ 73.8729393, 15.4916332 ], [ 73.8732558, 15.491628 ], [ 73.8732558, 15.4915557 ], [ 73.8731271, 15.4906303 ], [ 73.8725853, 15.4895757 ], [ 73.8729286, 15.4894051 ], [ 73.8729286, 15.4889812 ], [ 73.8728106, 15.4886659 ], [ 73.8721991, 15.4889605 ], [ 73.8708097, 15.4890949 ], [ 73.8708472, 15.489431 ], [ 73.8707775, 15.4898135 ] ] ] } },
{ "type": "Feature", "properties": { "osm_id": "1311583757", "code": 7229, "fclass": "farmland", "name": null }, "geometry": { "type": "Polygon", "coordinates": [ [ [ 73.8705683, 15.4873993 ], [ 73.8707507, 15.4889192 ], [ 73.872124, 15.4887589 ], [ 73.8723761, 15.4885935 ], [ 73.8717967, 15.4872804 ], [ 73.8714749, 15.4872235 ], [ 73.8705683, 15.4873993 ] ] ] } },
{ "type": "Feature", "properties": { "osm_id": "17980440", "code": 7229, "fclass": "farmland", "name": null }, "geometry": { "type": "Polygon", "coordinates": [ [ [ 73.8665391, 15.4952929 ], [ 73.8671592, 15.4961229 ], [ 73.8679853, 15.4956602 ], [ 73.8677037, 15.4951795 ], [ 73.8678539, 15.4950709 ], [ 73.8679719, 15.4952622 ], [ 73.8681221, 15.4951278 ], [ 73.8678968, 15.4946884 ], [ 73.8679665, 15.4946367 ], [ 73.8683581, 15.4952622 ], [ 73.8685244, 15.4950399 ], [ 73.8690394, 15.4946367 ], [ 73.8689697, 15.4943007 ], [ 73.8689536, 15.4940732 ], [ 73.8689804, 15.4939569 ], [ 73.8690233, 15.4937966 ], [ 73.8691252, 15.4936571 ], [ 73.8696697, 15.4929773 ], [ 73.8698548, 15.4928765 ], [ 73.8700855, 15.4928093 ], [ 73.8698977, 15.4924448 ], [ 73.8691145, 15.4920054 ], [ 73.8687819, 15.4921088 ], [ 73.868503, 15.4924293 ], [ 73.868385, 15.4930393 ], [ 73.8683796, 15.493701 ], [ 73.8683233, 15.4941042 ], [ 73.8682133, 15.4942128 ], [ 73.8677976, 15.4946858 ], [ 73.8675293, 15.4950037 ], [ 73.8670546, 15.4954948 ], [ 73.8667166, 15.4951123 ], [ 73.8665391, 15.4952929 ] ] ] } },
{ "type": "Feature", "properties": { "osm_id": "17980441", "code": 7229, "fclass": "farmland", "name": null }, "geometry": { "type": "Polygon", "coordinates": [ [ [ 73.8654721, 15.4963994 ], [ 73.8657939, 15.496751 ], [ 73.8662875, 15.4963891 ], [ 73.8668185, 15.4957998 ], [ 73.8664779, 15.4953552 ], [ 73.8665391, 15.4952929 ], [ 73.8667166, 15.4951123 ], [ 73.8670546, 15.4954948 ], [ 73.8675293, 15.4950037 ], [ 73.8677976, 15.4946858 ], [ 73.8682133, 15.4942128 ], [ 73.8683233, 15.4941042 ], [ 73.8683796, 15.493701 ], [ 73.868385, 15.4930393 ], [ 73.868503, 15.4924293 ], [ 73.8687819, 15.4921088 ], [ 73.8691145, 15.4920054 ], [ 73.8698977, 15.4924448 ], [ 73.8700855, 15.4928093 ], [ 73.8703752, 15.4927757 ], [ 73.870748, 15.4927834 ], [ 73.8710028, 15.4927627 ], [ 73.8706729, 15.4897903 ], [ 73.8706997, 15.4894103 ], [ 73.8706648, 15.4891105 ], [ 73.870461, 15.4891337 ], [ 73.8707533, 15.4916797 ], [ 73.8707185, 15.4916875 ], [ 73.870402, 15.4891311 ], [ 73.8689429, 15.4892707 ], [ 73.8685298, 15.4893689 ], [ 73.8682079, 15.4895964 ], [ 73.8678056, 15.4899376 ], [ 73.8677302, 15.489846 ], [ 73.8677841, 15.4898032 ], [ 73.8684922, 15.4892449 ], [ 73.8688034, 15.4891415 ], [ 73.8706326, 15.4889399 ], [ 73.8704449, 15.487482 ], [ 73.8702357, 15.487451 ], [ 73.8690501, 15.4875854 ], [ 73.8670224, 15.4872287 ], [ 73.8669527, 15.4878181 ], [ 73.8669044, 15.4880972 ], [ 73.8667113, 15.4884229 ], [ 73.866663, 15.4885418 ], [ 73.8666952, 15.4887072 ], [ 73.8666308, 15.4888933 ], [ 73.8666362, 15.4904701 ], [ 73.867178, 15.4900927 ], [ 73.8675106, 15.4900203 ], [ 73.8675266, 15.490072 ], [ 73.8672155, 15.4901599 ], [ 73.8660619, 15.4909658 ], [ 73.8662982, 15.4909767 ], [ 73.8671941, 15.4903925 ], [ 73.8673496, 15.4904287 ], [ 73.8674891, 15.4907957 ], [ 73.8676822, 15.4909146 ], [ 73.86787, 15.4909508 ], [ 73.8680577, 15.4910904 ], [ 73.8681167, 15.4913075 ], [ 73.8679236, 15.491535 ], [ 73.8679022, 15.4917056 ], [ 73.868047, 15.4921553 ], [ 73.868165, 15.4930807 ], [ 73.868106, 15.4932823 ], [ 73.8681704, 15.4935563 ], [ 73.868047, 15.4938147 ], [ 73.8678431, 15.4940629 ], [ 73.8676339, 15.4942645 ], [ 73.8665932, 15.4946987 ], [ 73.8663518, 15.4949468 ], [ 73.8663089, 15.4952829 ], [ 73.8660729, 15.4958463 ], [ 73.8656276, 15.4962754 ], [ 73.8654721, 15.4963994 ] ] ] } },
{ "type": "Feature", "properties": { "osm_id": "1312974177", "code": 7229, "fclass": "farmland", "name": null }, "geometry": { "type": "Polygon", "coordinates": [ [ [ 73.7492554, 15.5791344 ], [ 73.7492761, 15.5792045 ], [ 73.7494048, 15.5793104 ], [ 73.7495738, 15.5797393 ], [ 73.7496787, 15.5800992 ], [ 73.7497951, 15.5804511 ], [ 73.7502685, 15.5803619 ], [ 73.7503691, 15.5807043 ], [ 73.7506936, 15.5807947 ], [ 73.7508103, 15.5812262 ], [ 73.7510853, 15.5811564 ], [ 73.7512609, 15.5810466 ], [ 73.7511818, 15.5807314 ], [ 73.7514192, 15.5806746 ], [ 73.7514138, 15.5805015 ], [ 73.7518674, 15.5804093 ], [ 73.7526906, 15.580225 ], [ 73.7525403, 15.5798504 ], [ 73.7521461, 15.5788815 ], [ 73.7520602, 15.5785482 ], [ 73.7518671, 15.5785586 ], [ 73.7517947, 15.5785999 ], [ 73.7517545, 15.5786722 ], [ 73.7516123, 15.5789771 ], [ 73.7514541, 15.5790624 ], [ 73.7512153, 15.5790882 ], [ 73.7494183, 15.5791425 ], [ 73.7492554, 15.5791344 ] ] ] } },
{ "type": "Feature", "properties": { "osm_id": "1312974178", "code": 7229, "fclass": "farmland", "name": null }, "geometry": { "type": "Polygon", "coordinates": [ [ [ 73.7521461, 15.5786102 ], [ 73.7526422, 15.5798556 ], [ 73.7533077, 15.5797685 ], [ 73.7533427, 15.5798512 ], [ 73.7538547, 15.5797675 ], [ 73.7538574, 15.5794083 ], [ 73.7540209, 15.5792689 ], [ 73.7543833, 15.5789727 ], [ 73.7546728, 15.5786979 ], [ 73.7549812, 15.5785118 ], [ 73.7554696, 15.5783269 ], [ 73.7553967, 15.5781449 ], [ 73.7552926, 15.5779858 ], [ 73.7548926, 15.5780909 ], [ 73.7547022, 15.5781245 ], [ 73.7543133, 15.5781245 ], [ 73.7542436, 15.5780806 ], [ 73.754198, 15.5779411 ], [ 73.7541202, 15.5779101 ], [ 73.7540129, 15.5779101 ], [ 73.7534416, 15.5781658 ], [ 73.7533021, 15.5782873 ], [ 73.7522936, 15.5785766 ], [ 73.7521461, 15.5786102 ] ] ] } },
{ "type": "Feature", "properties": { "osm_id": "1312974179", "code": 7229, "fclass": "farmland", "name": null }, "geometry": { "type": "Polygon", "coordinates": [ [ [ 73.7520978, 15.5783286 ], [ 73.7521434, 15.5785017 ], [ 73.7525135, 15.5784371 ], [ 73.7533155, 15.5781943 ], [ 73.7534228, 15.5780961 ], [ 73.7540343, 15.5778196 ], [ 73.7541014, 15.5778067 ], [ 73.7542221, 15.5778403 ], [ 73.7543803, 15.5779901 ], [ 73.7545198, 15.578016 ], [ 73.754957, 15.5779566 ], [ 73.7551904, 15.5778532 ], [ 73.7556222, 15.5776103 ], [ 73.7557726, 15.5775313 ], [ 73.7558049, 15.577314 ], [ 73.7558317, 15.5767301 ], [ 73.7556976, 15.5766578 ], [ 73.755483, 15.5766061 ], [ 73.7554133, 15.5766888 ], [ 73.7553221, 15.5767611 ], [ 73.7551504, 15.5767146 ], [ 73.7549681, 15.5765906 ], [ 73.7549412, 15.5764149 ], [ 73.754791, 15.5763581 ], [ 73.7545872, 15.5763529 ], [ 73.7541792, 15.5763054 ], [ 73.753686, 15.5763116 ], [ 73.753289, 15.5764046 ], [ 73.7532941, 15.5768893 ], [ 73.7532514, 15.5770453 ], [ 73.7530959, 15.577252 ], [ 73.7528059, 15.5773647 ], [ 73.7523741, 15.5773184 ], [ 73.7523311, 15.5775406 ], [ 73.7521139, 15.5782511 ], [ 73.7520978, 15.5783286 ] ] ] } },
{ "type": "Feature", "properties": { "osm_id": "1312974180", "code": 7229, "fclass": "farmland", "name": null }, "geometry": { "type": "Polygon", "coordinates": [ [ [ 73.7506011, 15.5765691 ], [ 73.7506548, 15.5767551 ], [ 73.751159, 15.5771685 ], [ 73.751328, 15.5775819 ], [ 73.7515885, 15.5782494 ], [ 73.7519798, 15.578264 ], [ 73.7520415, 15.5782149 ], [ 73.752256, 15.5774889 ], [ 73.7522818, 15.5773156 ], [ 73.7522107, 15.5773089 ], [ 73.7521249, 15.5772417 ], [ 73.7520713, 15.5770092 ], [ 73.7520015, 15.5768283 ], [ 73.7518644, 15.5763779 ], [ 73.7506011, 15.5765691 ] ] ] } },
{ "type": "Feature", "properties": { "osm_id": "1312974181", "code": 7229, "fclass": "farmland", "name": null }, "geometry": { "type": "Polygon", "coordinates": [ [ [ 73.7474254, 15.5764451 ], [ 73.7474871, 15.5768637 ], [ 73.7475866, 15.5769626 ], [ 73.7477794, 15.5773391 ], [ 73.7478012, 15.5779289 ], [ 73.7477956, 15.5780623 ], [ 73.7477636, 15.5781563 ], [ 73.7478331, 15.5785715 ], [ 73.7479782, 15.5785387 ], [ 73.7482139, 15.5785766 ], [ 73.7484178, 15.5786128 ], [ 73.7485358, 15.5787162 ], [ 73.7486538, 15.5788944 ], [ 73.7487772, 15.5789487 ], [ 73.7489274, 15.5789513 ], [ 73.7491393, 15.5789616 ], [ 73.7492868, 15.5790546 ], [ 73.7504241, 15.5790107 ], [ 73.7510893, 15.5790133 ], [ 73.7513468, 15.5789797 ], [ 73.7515694, 15.5789048 ], [ 73.7517276, 15.5785844 ], [ 73.7518403, 15.5784965 ], [ 73.7520495, 15.5784888 ], [ 73.752028, 15.5784061 ], [ 73.7519395, 15.5783389 ], [ 73.7514594, 15.5783338 ], [ 73.7513752, 15.5783144 ], [ 73.7512824, 15.5784188 ], [ 73.7511969, 15.5784767 ], [ 73.7510035, 15.5785067 ], [ 73.7507299, 15.5785118 ], [ 73.7504351, 15.5784664 ], [ 73.7501613, 15.5783206 ], [ 73.7499523, 15.578115 ], [ 73.7496302, 15.5778866 ], [ 73.7492279, 15.5777729 ], [ 73.7487346, 15.5778049 ], [ 73.7486324, 15.5770161 ], [ 73.7483105, 15.5770805 ], [ 73.7481013, 15.576303 ], [ 73.7474254, 15.5764451 ] ] ] } },
{ "type": "Feature", "properties": { "osm_id": "1312974194", "code": 7229, "fclass": "farmland", "name": null }, "geometry": { "type": "Polygon", "coordinates": [ [ [ 73.74488, 15.5752178 ], [ 73.7449443, 15.5762177 ], [ 73.7450891, 15.5762306 ], [ 73.7451214, 15.5758095 ], [ 73.7451911, 15.5755563 ], [ 73.7454352, 15.5755821 ], [ 73.7454593, 15.5754271 ], [ 73.7456015, 15.5754426 ], [ 73.7456229, 15.5753031 ], [ 73.7454057, 15.5752747 ], [ 73.7455049, 15.5744479 ], [ 73.7461004, 15.5745176 ], [ 73.7460816, 15.5752643 ], [ 73.7464598, 15.5752953 ], [ 73.7465295, 15.5747192 ], [ 73.746787, 15.5747502 ], [ 73.7469265, 15.5741533 ], [ 73.7464169, 15.5740681 ], [ 73.7465, 15.5732878 ], [ 73.7460574, 15.5731896 ], [ 73.7460467, 15.5732852 ], [ 73.7457383, 15.5732671 ], [ 73.7457168, 15.5736624 ], [ 73.7450543, 15.5735901 ], [ 73.7449953, 15.573926 ], [ 73.7448987, 15.5747373 ], [ 73.7450141, 15.574745 ], [ 73.7450007, 15.5748794 ], [ 73.744888, 15.574882 ], [ 73.74488, 15.5752178 ] ] ] } },
{ "type": "Feature", "properties": { "osm_id": "1313069949", "code": 7229, "fclass": "farmland", "name": null }, "geometry": { "type": "Polygon", "coordinates": [ [ [ 73.7988889, 15.5808089 ], [ 73.7989452, 15.5816796 ], [ 73.7994763, 15.5819871 ], [ 73.7991974, 15.5829766 ], [ 73.7997472, 15.5831781 ], [ 73.7997204, 15.5833331 ], [ 73.8007852, 15.5836432 ], [ 73.8009945, 15.5837077 ], [ 73.8013887, 15.5836199 ], [ 73.8014799, 15.583762 ], [ 73.8015336, 15.5840385 ], [ 73.8022229, 15.5839842 ], [ 73.8028505, 15.5839403 ], [ 73.8029659, 15.5839196 ], [ 73.8028184, 15.5837491 ], [ 73.802357, 15.5833486 ], [ 73.8020942, 15.5833564 ], [ 73.802062, 15.5831523 ], [ 73.8019413, 15.5830128 ], [ 73.801319, 15.5831006 ], [ 73.8013378, 15.5824056 ], [ 73.8008657, 15.5819819 ], [ 73.8008608, 15.5823514 ], [ 73.8008603, 15.5823927 ], [ 73.8004982, 15.5823824 ], [ 73.8004956, 15.581801 ], [ 73.7999859, 15.581814 ], [ 73.7999752, 15.5812275 ], [ 73.7997848, 15.581044 ], [ 73.7997767, 15.5813101 ], [ 73.7993851, 15.5813205 ], [ 73.7993476, 15.5807857 ], [ 73.7988889, 15.5808089 ] ] ] } },
{ "type": "Feature", "properties": { "osm_id": "1313069952", "code": 7229, "fclass": "farmland", "name": null }, "geometry": { "type": "Polygon", "coordinates": [ [ [ 73.800922, 15.5732387 ], [ 73.8009596, 15.573957 ], [ 73.8009542, 15.5743032 ], [ 73.8016248, 15.5743652 ], [ 73.8022095, 15.5740397 ], [ 73.8024831, 15.573988 ], [ 73.8029927, 15.573833 ], [ 73.8031644, 15.5737968 ], [ 73.8036954, 15.5737916 ], [ 73.8044572, 15.5736159 ], [ 73.8044572, 15.5733317 ], [ 73.8036364, 15.5735746 ], [ 73.8035399, 15.5732232 ], [ 73.8043553, 15.5729493 ], [ 73.8041782, 15.5724946 ], [ 73.8035291, 15.5728253 ], [ 73.8027298, 15.573094 ], [ 73.800922, 15.5732387 ] ] ] } },
{ "type": "Feature", "properties": { "osm_id": "1313069956", "code": 7229, "fclass": "farmland", "name": null }, "geometry": { "type": "Polygon", "coordinates": [ [ [ 73.804417, 15.5702415 ], [ 73.8045859, 15.5704457 ], [ 73.8046718, 15.5704457 ], [ 73.8055257, 15.5704491 ], [ 73.8054709, 15.569772 ], [ 73.8051063, 15.5698101 ], [ 73.8050607, 15.5694716 ], [ 73.8045645, 15.5698152 ], [ 73.8045618, 15.5699315 ], [ 73.8044652, 15.5700323 ], [ 73.804417, 15.5702415 ] ] ] } },
{ "type": "Feature", "properties": { "osm_id": "1313069963", "code": 7229, "fclass": "farmland", "name": null }, "geometry": { "type": "Polygon", "coordinates": [ [ [ 73.8022497, 15.5741818 ], [ 73.8023356, 15.5746856 ], [ 73.8026467, 15.5746494 ], [ 73.8027593, 15.5750137 ], [ 73.8030276, 15.5750008 ], [ 73.8031241, 15.57544 ], [ 73.8031536, 15.5755408 ], [ 73.8032958, 15.5754943 ], [ 73.8034111, 15.5753987 ], [ 73.8039181, 15.5749801 ], [ 73.8040012, 15.5749465 ], [ 73.8041943, 15.5748975 ], [ 73.804197, 15.5747373 ], [ 73.8043821, 15.5747347 ], [ 73.8044289, 15.5741241 ], [ 73.8043553, 15.5741198 ], [ 73.8043504, 15.5738133 ], [ 73.8043499, 15.5737813 ], [ 73.803851, 15.5739156 ], [ 73.8035855, 15.5739337 ], [ 73.8032609, 15.5739208 ], [ 73.8030705, 15.5739441 ], [ 73.8026038, 15.5741017 ], [ 73.8022497, 15.5741818 ] ] ] } },
{ "type": "Feature", "properties": { "osm_id": "1313069964", "code": 7229, "fclass": "farmland", "name": null }, "geometry": { "type": "Polygon", "coordinates": [ [ [ 73.8034058, 15.5755305 ], [ 73.8035855, 15.5767267 ], [ 73.8036606, 15.577277 ], [ 73.8042533, 15.577197 ], [ 73.8043258, 15.5763417 ], [ 73.8040441, 15.5763521 ], [ 73.8037276, 15.5763702 ], [ 73.8036901, 15.5760395 ], [ 73.8043311, 15.5759594 ], [ 73.8043848, 15.5749801 ], [ 73.8043338, 15.5749362 ], [ 73.8039932, 15.5750111 ], [ 73.8039073, 15.5750628 ], [ 73.803615, 15.5753522 ], [ 73.8034058, 15.5755305 ] ] ] } },
{ "type": "Feature", "properties": { "osm_id": "1313069965", "code": 7229, "fclass": "farmland", "name": null }, "geometry": { "type": "Polygon", "coordinates": [ [ [ 73.8074398, 15.5749595 ], [ 73.8076168, 15.5754452 ], [ 73.8078529, 15.5754297 ], [ 73.8078931, 15.575577 ], [ 73.8081378, 15.5755535 ], [ 73.8075685, 15.5749336 ], [ 73.8074398, 15.5749595 ] ] ] } },
{ "type": "Feature", "properties": { "osm_id": "1313069967", "code": 7229, "fclass": "farmland", "name": null }, "geometry": { "type": "Polygon", "coordinates": [ [ [ 73.8064796, 15.5753677 ], [ 73.806501, 15.5754426 ], [ 73.8067746, 15.5756907 ], [ 73.8069919, 15.5749414 ], [ 73.8069946, 15.5748535 ], [ 73.8065654, 15.5749414 ], [ 73.8064796, 15.5753677 ] ] ] } },
{ "type": "Feature", "properties": { "osm_id": "1313069975", "code": 7229, "fclass": "farmland", "name": null }, "geometry": { "type": "Polygon", "coordinates": [ [ [ 73.8062221, 15.5773106 ], [ 73.8065064, 15.5772951 ], [ 73.8065171, 15.5774192 ], [ 73.8063401, 15.5774398 ], [ 73.806383, 15.5778894 ], [ 73.8070482, 15.5778222 ], [ 73.806957, 15.5773675 ], [ 73.8079119, 15.577321 ], [ 73.8078113, 15.5770639 ], [ 73.8076423, 15.5765911 ], [ 73.8075739, 15.5764851 ], [ 73.8074492, 15.5764231 ], [ 73.806493, 15.5755679 ], [ 73.8064487, 15.5755796 ], [ 73.8062221, 15.5773106 ] ] ] } },
{ "type": "Feature", "properties": { "osm_id": "1313069976", "code": 7229, "fclass": "farmland", "name": null }, "geometry": { "type": "Polygon", "coordinates": [ [ [ 73.8043821, 15.5766079 ], [ 73.8055676, 15.5766285 ], [ 73.8055569, 15.5771091 ], [ 73.8061094, 15.5771246 ], [ 73.8063589, 15.5755305 ], [ 73.8063428, 15.5754659 ], [ 73.8063079, 15.5754013 ], [ 73.8060343, 15.5751558 ], [ 73.8059646, 15.5752075 ], [ 73.8054389, 15.575192 ], [ 73.805455, 15.5750215 ], [ 73.8057232, 15.5750215 ], [ 73.8057232, 15.5748871 ], [ 73.8054925, 15.5747063 ], [ 73.8051921, 15.5746753 ], [ 73.8051921, 15.5745151 ], [ 73.8051385, 15.5744892 ], [ 73.8045698, 15.5744737 ], [ 73.8045108, 15.5744944 ], [ 73.8043821, 15.5766079 ] ] ] } },
{ "type": "Feature", "properties": { "osm_id": "1313069977", "code": 7229, "fclass": "farmland", "name": null }, "geometry": { "type": "Polygon", "coordinates": [ [ [ 73.8045162, 15.5743807 ], [ 73.8052618, 15.5744169 ], [ 73.8060933, 15.5750835 ], [ 73.8063884, 15.5750473 ], [ 73.8063991, 15.5746649 ], [ 73.8062328, 15.5743652 ], [ 73.8063133, 15.573895 ], [ 73.8063186, 15.5735953 ], [ 73.8060343, 15.5733886 ], [ 73.8045859, 15.5737606 ], [ 73.8045162, 15.5743807 ] ] ] } },
{ "type": "Feature", "properties": { "osm_id": "1313148934", "code": 7229, "fclass": "farmland", "name": null }, "geometry": { "type": "Polygon", "coordinates": [ [ [ 73.7891096, 15.5677973 ], [ 73.7891096, 15.5679549 ], [ 73.7894374, 15.5678952 ], [ 73.7895836, 15.5678686 ], [ 73.789933, 15.567805 ], [ 73.7904882, 15.5676733 ], [ 73.7905419, 15.5678592 ], [ 73.7908492, 15.5677782 ], [ 73.791022, 15.5677327 ], [ 73.7907538, 15.5654305 ], [ 73.7906948, 15.5654202 ], [ 73.790338, 15.5658181 ], [ 73.7903595, 15.5663038 ], [ 73.7900966, 15.5663348 ], [ 73.7900779, 15.5666785 ], [ 73.7895061, 15.5667068 ], [ 73.7892222, 15.5673089 ], [ 73.7891203, 15.5675389 ], [ 73.7894234, 15.5675156 ], [ 73.7894341, 15.5677043 ], [ 73.7891096, 15.5677973 ] ] ] } },
{ "type": "Feature", "properties": { "osm_id": "1313148938", "code": 7229, "fclass": "farmland", "name": null }, "geometry": { "type": "Polygon", "coordinates": [ [ [ 73.7904239, 15.5710632 ], [ 73.79044, 15.5713267 ], [ 73.7910273, 15.5718176 ], [ 73.791381, 15.5717382 ], [ 73.7915451, 15.571704 ], [ 73.7914566, 15.5709159 ], [ 73.7912473, 15.5709536 ], [ 73.7911266, 15.5709753 ], [ 73.7904239, 15.5710632 ] ] ] } },
{ "type": "Feature", "properties": { "osm_id": "1313148939", "code": 7229, "fclass": "farmland", "name": null }, "geometry": { "type": "Polygon", "coordinates": [ [ [ 73.7898633, 15.5714042 ], [ 73.7900028, 15.5719649 ], [ 73.7908047, 15.571828 ], [ 73.7901959, 15.5713422 ], [ 73.7898633, 15.5714042 ] ] ] } },
{ "type": "Feature", "properties": { "osm_id": "1313148940", "code": 7229, "fclass": "farmland", "name": null }, "geometry": { "type": "Polygon", "coordinates": [ [ [ 73.7862369, 15.5711019 ], [ 73.7862866, 15.5713009 ], [ 73.7863677, 15.571458 ], [ 73.7869102, 15.5713526 ], [ 73.7869343, 15.5714197 ], [ 73.7873394, 15.5712997 ], [ 73.7872951, 15.5711161 ], [ 73.787743, 15.571005 ], [ 73.7877269, 15.5708952 ], [ 73.7862369, 15.5711019 ] ] ] } },
{ "type": "Feature", "properties": { "osm_id": "1313148946", "code": 7229, "fclass": "farmland", "name": null }, "geometry": { "type": "Polygon", "coordinates": [ [ [ 73.7841636, 15.5645416 ], [ 73.7844479, 15.5648181 ], [ 73.7846571, 15.5650222 ], [ 73.7847725, 15.5647303 ], [ 73.7851211, 15.5647122 ], [ 73.7857729, 15.5646993 ], [ 73.7858319, 15.5646915 ], [ 73.7858239, 15.5653168 ], [ 73.7868243, 15.5653659 ], [ 73.7868056, 15.5655416 ], [ 73.7863925, 15.5655416 ], [ 73.7863898, 15.5656424 ], [ 73.7858614, 15.565632 ], [ 73.7861833, 15.5661617 ], [ 73.7873071, 15.5661385 ], [ 73.7873742, 15.5663943 ], [ 73.7870142, 15.5664128 ], [ 73.7869933, 15.5668154 ], [ 73.7869906, 15.5670376 ], [ 73.7872857, 15.5670609 ], [ 73.7873232, 15.5677301 ], [ 73.7879977, 15.5676893 ], [ 73.7879616, 15.5673012 ], [ 73.788439, 15.5672288 ], [ 73.7884551, 15.567048 ], [ 73.7885785, 15.5670531 ], [ 73.7887126, 15.5655183 ], [ 73.7895897, 15.5655158 ], [ 73.7899035, 15.565508 ], [ 73.7899035, 15.5661333 ], [ 73.7899518, 15.5660945 ], [ 73.7906572, 15.5653065 ], [ 73.7907189, 15.5651876 ], [ 73.7905821, 15.5643453 ], [ 73.7899035, 15.5639835 ], [ 73.7896863, 15.563981 ], [ 73.7890238, 15.5642833 ], [ 73.7886268, 15.5643711 ], [ 73.7882352, 15.5643479 ], [ 73.7876397, 15.5640197 ], [ 73.7873018, 15.5640068 ], [ 73.7857649, 15.5639706 ], [ 73.7850299, 15.5639448 ], [ 73.7846786, 15.5641799 ], [ 73.7841636, 15.5645416 ] ] ] } },
{ "type": "Feature", "properties": { "osm_id": "1313187053", "code": 7229, "fclass": "farmland", "name": null }, "geometry": { "type": "Polygon", "coordinates": [ [ [ 73.7856603, 15.5456218 ], [ 73.7856817, 15.5458854 ], [ 73.7864596, 15.5460198 ], [ 73.7889111, 15.5460921 ], [ 73.7889755, 15.546056 ], [ 73.7890023, 15.5459526 ], [ 73.7889379, 15.5452032 ], [ 73.7877256, 15.5450947 ], [ 73.7858427, 15.5452187 ], [ 73.7858373, 15.5453324 ], [ 73.785671, 15.5453789 ], [ 73.7856603, 15.5456218 ] ] ] } },
{ "type": "Feature", "properties": { "osm_id": "1313206774", "code": 7229, "fclass": "farmland", "name": null }, "geometry": { "type": "Polygon", "coordinates": [ [ [ 73.7938034, 15.5808348 ], [ 73.7939429, 15.5818682 ], [ 73.7946671, 15.5817959 ], [ 73.7945598, 15.5807004 ], [ 73.7938464, 15.5807831 ], [ 73.7938034, 15.5808348 ] ] ] } },
{ "type": "Feature", "properties": { "osm_id": "1313272680", "code": 7229, "fclass": "farmland", "name": null }, "geometry": { "type": "Polygon", "coordinates": [ [ [ 73.8114463, 15.5822594 ], [ 73.8118493, 15.5824986 ], [ 73.8116884, 15.582819 ], [ 73.8118172, 15.5833254 ], [ 73.8125896, 15.5838524 ], [ 73.8129759, 15.5844828 ], [ 73.8136196, 15.585847 ], [ 73.8136714, 15.5859132 ], [ 73.813774, 15.586202 ], [ 73.8135847, 15.5862655 ], [ 73.8136383, 15.5864386 ], [ 73.8139376, 15.5864002 ], [ 73.814038, 15.5863068 ], [ 73.814088, 15.5864768 ], [ 73.8142633, 15.5864412 ], [ 73.8146979, 15.5863172 ], [ 73.8150144, 15.5862035 ], [ 73.8152826, 15.5860433 ], [ 73.8153201, 15.5859865 ], [ 73.8152021, 15.5858883 ], [ 73.8150305, 15.585785 ], [ 73.8144833, 15.5845242 ], [ 73.8139307, 15.5823798 ], [ 73.8135338, 15.5818062 ], [ 73.8132441, 15.5817184 ], [ 73.811903, 15.5819664 ], [ 73.8114463, 15.5822594 ] ] ] } },
{ "type": "Feature", "properties": { "osm_id": "1315876553", "code": 7229, "fclass": "farmland", "name": null }, "geometry": { "type": "Polygon", "coordinates": [ [ [ 73.7544487, 15.5847967 ], [ 73.7544782, 15.5850745 ], [ 73.7547907, 15.5851132 ], [ 73.7547263, 15.5854052 ], [ 73.7547639, 15.5854233 ], [ 73.7547237, 15.585555 ], [ 73.7556758, 15.5860226 ], [ 73.7557375, 15.5858426 ], [ 73.7555766, 15.5857436 ], [ 73.7552842, 15.5854517 ], [ 73.7549597, 15.5849195 ], [ 73.7547827, 15.5847593 ], [ 73.7546754, 15.5847154 ], [ 73.7544487, 15.5847967 ] ] ] } },
{ "type": "Feature", "properties": { "osm_id": "1315962464", "code": 7215, "fclass": "orchard", "name": null }, "geometry": { "type": "Polygon", "coordinates": [ [ [ 73.7484929, 15.5856403 ], [ 73.7485304, 15.5858134 ], [ 73.7496757, 15.5865704 ], [ 73.750121, 15.5867305 ], [ 73.7505126, 15.5867745 ], [ 73.7504616, 15.5865885 ], [ 73.7502229, 15.5865704 ], [ 73.7501424, 15.585896 ], [ 73.7495335, 15.585772 ], [ 73.7486839, 15.5855794 ], [ 73.7485736, 15.5855311 ], [ 73.7484929, 15.5856403 ] ] ] } },
{ "type": "Feature", "properties": { "osm_id": "1315962467", "code": 7229, "fclass": "farmland", "name": null }, "geometry": { "type": "Polygon", "coordinates": [ [ [ 73.7538224, 15.5856842 ], [ 73.7553057, 15.5859296 ], [ 73.7546191, 15.5856093 ], [ 73.7543374, 15.5854749 ], [ 73.7541497, 15.5853768 ], [ 73.7540317, 15.5853768 ], [ 73.7538707, 15.5854388 ], [ 73.7538439, 15.5855163 ], [ 73.7538224, 15.5856842 ] ] ] } },
{ "type": "Feature", "properties": { "osm_id": "1315962468", "code": 7229, "fclass": "farmland", "name": null }, "geometry": { "type": "Polygon", "coordinates": [ [ [ 73.752995, 15.5856338 ], [ 73.7537366, 15.585772 ], [ 73.7537192, 15.5856777 ], [ 73.7537152, 15.585617 ], [ 73.7537527, 15.5854853 ], [ 73.7538224, 15.5853768 ], [ 73.7539351, 15.5853251 ], [ 73.7541121, 15.5853096 ], [ 73.7537232, 15.5848781 ], [ 73.7536454, 15.5849014 ], [ 73.7534067, 15.5851907 ], [ 73.752995, 15.5856338 ] ] ] } },
{ "type": "Feature", "properties": { "osm_id": "1315962474", "code": 7229, "fclass": "farmland", "name": null }, "geometry": { "type": "Polygon", "coordinates": [ [ [ 73.7515667, 15.5905619 ], [ 73.7517437, 15.5908125 ], [ 73.7518403, 15.5913138 ], [ 73.7518054, 15.591368 ], [ 73.7521166, 15.5912802 ], [ 73.752106, 15.5911188 ], [ 73.7520468, 15.5911174 ], [ 73.7520575, 15.5905387 ], [ 73.7516981, 15.5905129 ], [ 73.7515667, 15.5905619 ] ] ] } },
{ "type": "Feature", "properties": { "osm_id": "1315962481", "code": 7229, "fclass": "farmland", "name": null }, "geometry": { "type": "Polygon", "coordinates": [ [ [ 73.7552533, 15.5879064 ], [ 73.7564295, 15.5881412 ], [ 73.756406, 15.5877982 ], [ 73.7563299, 15.5866892 ], [ 73.756311, 15.5864135 ], [ 73.7563062, 15.586343 ], [ 73.7557054, 15.5862345 ], [ 73.7555069, 15.5868055 ], [ 73.7553915, 15.5872447 ], [ 73.7553848, 15.5872962 ], [ 73.7553245, 15.5877588 ], [ 73.7552533, 15.5879064 ] ] ] } },
{ "type": "Feature", "properties": { "osm_id": "1315962482", "code": 7215, "fclass": "orchard", "name": null }, "geometry": { "type": "Polygon", "coordinates": [ [ [ 73.7544333, 15.5871615 ], [ 73.7553218, 15.5872266 ], [ 73.7553486, 15.5871982 ], [ 73.7553647, 15.5870587 ], [ 73.7544449, 15.5869764 ], [ 73.7544333, 15.5871615 ] ] ] } },
{ "type": "Feature", "properties": { "osm_id": "1315962484", "code": 7229, "fclass": "farmland", "name": null }, "geometry": { "type": "Polygon", "coordinates": [ [ [ 73.7533075, 15.5880714 ], [ 73.7533155, 15.5881877 ], [ 73.753417, 15.5884609 ], [ 73.7535864, 15.5886786 ], [ 73.7536508, 15.5887276 ], [ 73.7537661, 15.5887121 ], [ 73.754096, 15.5885287 ], [ 73.7541684, 15.588508 ], [ 73.7542786, 15.5885322 ], [ 73.7540933, 15.5883634 ], [ 73.7542301, 15.5876555 ], [ 73.7542328, 15.5874255 ], [ 73.7540424, 15.58741 ], [ 73.7540531, 15.5871827 ], [ 73.7542194, 15.5871801 ], [ 73.7542382, 15.5869579 ], [ 73.7544449, 15.5869764 ], [ 73.7553647, 15.5870587 ], [ 73.755413, 15.5868649 ], [ 73.7556276, 15.5861337 ], [ 73.7556088, 15.5860666 ], [ 73.7553057, 15.5859296 ], [ 73.7538224, 15.5856842 ], [ 73.7538385, 15.5857953 ], [ 73.7539405, 15.5859684 ], [ 73.7541577, 15.5862939 ], [ 73.7541765, 15.5864386 ], [ 73.7540799, 15.5866556 ], [ 73.7539767, 15.5867835 ], [ 73.75386, 15.5868584 ], [ 73.7536803, 15.586883 ], [ 73.7535878, 15.5868959 ], [ 73.7535194, 15.5869657 ], [ 73.7534979, 15.5870483 ], [ 73.7534872, 15.587184 ], [ 73.7535301, 15.5873054 ], [ 73.7535904, 15.5874824 ], [ 73.7536159, 15.5875896 ], [ 73.7536052, 15.5876942 ], [ 73.753565, 15.5877846 ], [ 73.7534188, 15.5878854 ], [ 73.7533436, 15.5879591 ], [ 73.7533075, 15.5880714 ] ] ] } },
{ "type": "Feature", "properties": { "osm_id": "1315962492", "code": 7215, "fclass": "orchard", "name": null }, "geometry": { "type": "Polygon", "coordinates": [ [ [ 73.7587202, 15.5776 ], [ 73.7595731, 15.577153 ], [ 73.7593371, 15.5765174 ], [ 73.758916, 15.5766854 ], [ 73.7587792, 15.5770523 ], [ 73.7587443, 15.5774192 ], [ 73.7587202, 15.5776 ] ] ] } },
{ "type": "Feature", "properties": { "osm_id": "1315962493", "code": 7215, "fclass": "orchard", "name": null }, "geometry": { "type": "Polygon", "coordinates": [ [ [ 73.7584037, 15.5778351 ], [ 73.758762, 15.5781522 ], [ 73.7595382, 15.5776749 ], [ 73.759439, 15.5774941 ], [ 73.7597609, 15.5773907 ], [ 73.7595731, 15.577153 ], [ 73.7587202, 15.5776 ], [ 73.7584037, 15.5778351 ] ] ] } },
{ "type": "Feature", "properties": { "osm_id": "1316171307", "code": 7229, "fclass": "farmland", "name": null }, "geometry": { "type": "Polygon", "coordinates": [ [ [ 73.7557805, 15.5859787 ], [ 73.7557831, 15.5860265 ], [ 73.7559561, 15.586104 ], [ 73.7561251, 15.5861712 ], [ 73.7564188, 15.5862113 ], [ 73.7564296, 15.5860924 ], [ 73.7557805, 15.5859787 ] ] ] } },
{ "type": "Feature", "properties": { "osm_id": "1316342013", "code": 7229, "fclass": "farmland", "name": null }, "geometry": { "type": "Polygon", "coordinates": [ [ [ 73.7830102, 15.5452807 ], [ 73.7831175, 15.5453738 ], [ 73.7837157, 15.5456244 ], [ 73.7839088, 15.5456089 ], [ 73.7838578, 15.5452265 ], [ 73.7830102, 15.5452807 ] ] ] } },
{ "type": "Feature", "properties": { "osm_id": "1316342014", "code": 7229, "fclass": "farmland", "name": null }, "geometry": { "type": "Polygon", "coordinates": [ [ [ 73.7938598, 15.5451955 ], [ 73.7942138, 15.5452652 ], [ 73.7956515, 15.5454022 ], [ 73.7958741, 15.545335 ], [ 73.7959278, 15.5448699 ], [ 73.7958151, 15.54472 ], [ 73.7958419, 15.5441747 ], [ 73.7948844, 15.5437199 ], [ 73.7944579, 15.5436062 ], [ 73.7944069, 15.5438595 ], [ 73.7940284, 15.5437967 ], [ 73.7938598, 15.5451955 ] ] ] } },
{ "type": "Feature", "properties": { "osm_id": "1316342015", "code": 7229, "fclass": "farmland", "name": null }, "geometry": { "type": "Polygon", "coordinates": [ [ [ 73.7933582, 15.5450843 ], [ 73.7937176, 15.5450999 ], [ 73.7938464, 15.5437665 ], [ 73.7937605, 15.5436734 ], [ 73.793503, 15.5435649 ], [ 73.7934628, 15.5435998 ], [ 73.7933582, 15.5450843 ] ] ] } },
{ "type": "Feature", "properties": { "osm_id": "1316342016", "code": 7229, "fclass": "farmland", "name": null }, "geometry": { "type": "Polygon", "coordinates": [ [ [ 73.7919849, 15.5449241 ], [ 73.7922746, 15.5450223 ], [ 73.7932295, 15.545105 ], [ 73.7933475, 15.5435959 ], [ 73.7932348, 15.5435132 ], [ 73.792339, 15.5433427 ], [ 73.7923336, 15.5435184 ], [ 73.7921512, 15.5442988 ], [ 73.7919849, 15.5449241 ] ] ] } },
{ "type": "Feature", "properties": { "osm_id": "1316342017", "code": 7229, "fclass": "farmland", "name": null }, "geometry": { "type": "Polygon", "coordinates": [ [ [ 73.7896997, 15.5418335 ], [ 73.7897265, 15.542862 ], [ 73.7899893, 15.5429292 ], [ 73.7917113, 15.5430481 ], [ 73.7924409, 15.5430119 ], [ 73.792516, 15.5419731 ], [ 73.7924731, 15.5414769 ], [ 73.7922692, 15.5414769 ], [ 73.79228, 15.5412754 ], [ 73.7920386, 15.5412237 ], [ 73.7920278, 15.5413167 ], [ 73.791883, 15.5412754 ], [ 73.7918562, 15.5414407 ], [ 73.7916416, 15.5414046 ], [ 73.791647, 15.5411203 ], [ 73.7910086, 15.5409808 ], [ 73.790338, 15.5408516 ], [ 73.7903005, 15.5411565 ], [ 73.7898445, 15.5411617 ], [ 73.7898177, 15.5418335 ], [ 73.7896997, 15.5418335 ] ] ] } },
{ "type": "Feature", "properties": { "osm_id": "1316342018", "code": 7229, "fclass": "farmland", "name": null }, "geometry": { "type": "Polygon", "coordinates": [ [ [ 73.7891605, 15.5450611 ], [ 73.7896085, 15.5450714 ], [ 73.7900484, 15.5451774 ], [ 73.7906197, 15.5453893 ], [ 73.7916952, 15.545366 ], [ 73.7917972, 15.5448104 ], [ 73.7919474, 15.5446683 ], [ 73.792237, 15.5435235 ], [ 73.7922317, 15.5433737 ], [ 73.7917462, 15.5433582 ], [ 73.7909013, 15.543185 ], [ 73.7907243, 15.5441205 ], [ 73.7903783, 15.5440455 ], [ 73.7904748, 15.5432987 ], [ 73.7901503, 15.5432496 ], [ 73.789925, 15.5439241 ], [ 73.7894529, 15.543813 ], [ 73.7891605, 15.5450611 ] ] ] } },
{ "type": "Feature", "properties": { "osm_id": "1316342019", "code": 7229, "fclass": "farmland", "name": null }, "geometry": { "type": "Polygon", "coordinates": [ [ [ 73.7891713, 15.5452833 ], [ 73.7891713, 15.5456554 ], [ 73.7892786, 15.545658 ], [ 73.7892786, 15.5457769 ], [ 73.7891901, 15.5457795 ], [ 73.7892008, 15.5458828 ], [ 73.7895066, 15.5459216 ], [ 73.7900349, 15.5458647 ], [ 73.7900162, 15.5452885 ], [ 73.7896782, 15.5452523 ], [ 73.7891713, 15.5452833 ] ] ] } },
{ "type": "Feature", "properties": { "osm_id": "1316342020", "code": 7229, "fclass": "farmland", "name": null }, "geometry": { "type": "Polygon", "coordinates": [ [ [ 73.7808672, 15.5442884 ], [ 73.7823316, 15.5450482 ], [ 73.7829217, 15.5451619 ], [ 73.7832114, 15.5451541 ], [ 73.7839329, 15.5450482 ], [ 73.784869, 15.545043 ], [ 73.7855557, 15.5451283 ], [ 73.7855235, 15.5428775 ], [ 73.7855476, 15.5418051 ], [ 73.7850836, 15.541924 ], [ 73.7842333, 15.542309 ], [ 73.7840885, 15.5430998 ], [ 73.7838632, 15.543092 ], [ 73.7831926, 15.5430765 ], [ 73.7830397, 15.5432574 ], [ 73.7830397, 15.543583 ], [ 73.7828279, 15.5436295 ], [ 73.7828144, 15.5434434 ], [ 73.7826481, 15.5434641 ], [ 73.7826186, 15.5432781 ], [ 73.782396, 15.5433401 ], [ 73.7823531, 15.5431359 ], [ 73.7821412, 15.5431514 ], [ 73.7821653, 15.5434538 ], [ 73.781594, 15.5437432 ], [ 73.7816316, 15.5439086 ], [ 73.7808672, 15.5442884 ] ] ] } },
{ "type": "Feature", "properties": { "osm_id": "1316342021", "code": 7229, "fclass": "farmland", "name": null }, "geometry": { "type": "Polygon", "coordinates": [ [ [ 73.7839544, 15.5451929 ], [ 73.7840053, 15.5456709 ], [ 73.7849523, 15.5458292 ], [ 73.7849496, 15.5451884 ], [ 73.7847966, 15.5451748 ], [ 73.7839544, 15.5451929 ] ] ] } },
{ "type": "Feature", "properties": { "osm_id": "1316342022", "code": 7229, "fclass": "farmland", "name": null }, "geometry": { "type": "Polygon", "coordinates": [ [ [ 73.7858132, 15.5434098 ], [ 73.7858507, 15.5451128 ], [ 73.7877256, 15.5449655 ], [ 73.7877095, 15.5446606 ], [ 73.7880742, 15.5446812 ], [ 73.7880903, 15.5449706 ], [ 73.7884068, 15.545012 ], [ 73.7887019, 15.5450533 ], [ 73.7887287, 15.5449086 ], [ 73.7890559, 15.5449758 ], [ 73.7894475, 15.5432445 ], [ 73.7895495, 15.5427948 ], [ 73.7895495, 15.5416888 ], [ 73.7895656, 15.5413529 ], [ 73.7892705, 15.5413374 ], [ 73.7892544, 15.5409704 ], [ 73.7887341, 15.5409601 ], [ 73.7886482, 15.5414821 ], [ 73.7882888, 15.5415286 ], [ 73.7882405, 15.5405673 ], [ 73.7877631, 15.5405311 ], [ 73.7877524, 15.5408774 ], [ 73.7876344, 15.5408774 ], [ 73.7876344, 15.5410376 ], [ 73.7875056, 15.5410428 ], [ 73.7875432, 15.5417353 ], [ 73.7871891, 15.5417095 ], [ 73.7871194, 15.5409549 ], [ 73.7868868, 15.540943 ], [ 73.7866661, 15.5409317 ], [ 73.7864006, 15.5410854 ], [ 73.7860519, 15.5420351 ], [ 73.7858695, 15.5427173 ], [ 73.7858132, 15.5434098 ] ] ] } },
{ "type": "Feature", "properties": { "osm_id": "1320149635", "code": 7229, "fclass": "farmland", "name": null }, "geometry": { "type": "Polygon", "coordinates": [ [ [ 73.8711932, 15.6023735 ], [ 73.8712174, 15.6025285 ], [ 73.8713166, 15.602916 ], [ 73.8713917, 15.6034301 ], [ 73.8716412, 15.6039622 ], [ 73.8717377, 15.6040423 ], [ 73.8720381, 15.6039519 ], [ 73.8721508, 15.6042929 ], [ 73.8726148, 15.6041689 ], [ 73.8726497, 15.6042671 ], [ 73.8729393, 15.6041947 ], [ 73.8732156, 15.6035463 ], [ 73.8724297, 15.6037633 ], [ 73.8721401, 15.602593 ], [ 73.8717887, 15.6025362 ], [ 73.8715446, 15.602451 ], [ 73.871389, 15.6023476 ], [ 73.8711932, 15.6023735 ] ] ] } },
{ "type": "Feature", "properties": { "osm_id": "1320149639", "code": 7229, "fclass": "farmland", "name": null }, "geometry": { "type": "Polygon", "coordinates": [ [ [ 73.8689616, 15.600733 ], [ 73.8693184, 15.601167 ], [ 73.8694525, 15.6012264 ], [ 73.869608, 15.6012032 ], [ 73.8705254, 15.6009449 ], [ 73.8705146, 15.6007485 ], [ 73.8708687, 15.6006917 ], [ 73.8708311, 15.6001233 ], [ 73.8704851, 15.6001208 ], [ 73.8704073, 15.6001414 ], [ 73.8700345, 15.6003636 ], [ 73.8689616, 15.600733 ] ] ] } },
{ "type": "Feature", "properties": { "osm_id": "1320149642", "code": 7229, "fclass": "farmland", "name": null }, "geometry": { "type": "Polygon", "coordinates": [ [ [ 73.8708928, 15.598116 ], [ 73.8709089, 15.5983408 ], [ 73.8709813, 15.598346 ], [ 73.8710645, 15.5989711 ], [ 73.8711396, 15.5989479 ], [ 73.8716385, 15.5981289 ], [ 73.8708928, 15.598116 ] ] ] } },
{ "type": "Feature", "properties": { "osm_id": "1320149643", "code": 7229, "fclass": "farmland", "name": null }, "geometry": { "type": "Polygon", "coordinates": [ [ [ 73.8715956, 15.5992346 ], [ 73.8720569, 15.5994387 ], [ 73.8722393, 15.5994284 ], [ 73.872309, 15.5991287 ], [ 73.8724673, 15.5982142 ], [ 73.8720489, 15.5981935 ], [ 73.8716841, 15.5990771 ], [ 73.8715956, 15.5992346 ] ] ] } },
{ "type": "Feature", "properties": { "osm_id": "1320149644", "code": 7229, "fclass": "farmland", "name": null }, "geometry": { "type": "Polygon", "coordinates": [ [ [ 73.8720381, 15.5999296 ], [ 73.8723553, 15.600913 ], [ 73.8725987, 15.60095 ], [ 73.8729018, 15.6008958 ], [ 73.8731915, 15.6007795 ], [ 73.8738942, 15.6002318 ], [ 73.8738137, 15.5997668 ], [ 73.8736635, 15.5987903 ], [ 73.8732344, 15.5988781 ], [ 73.8732558, 15.5991158 ], [ 73.8729608, 15.5991416 ], [ 73.8728538, 15.5988557 ], [ 73.8726711, 15.5990719 ], [ 73.8727087, 15.5992631 ], [ 73.8725424, 15.5993251 ], [ 73.8726336, 15.5996687 ], [ 73.8720381, 15.5999296 ] ] ] } },
{ "type": "Feature", "properties": { "osm_id": "1320149653", "code": 7229, "fclass": "farmland", "name": null }, "geometry": { "type": "Polygon", "coordinates": [ [ [ 73.868342, 15.6013453 ], [ 73.8685647, 15.6019136 ], [ 73.8687256, 15.6024742 ], [ 73.8690582, 15.6032001 ], [ 73.8692245, 15.6036884 ], [ 73.869313, 15.604187 ], [ 73.8693613, 15.6047424 ], [ 73.8693425, 15.6051661 ], [ 73.8692486, 15.6055846 ], [ 73.8691109, 15.6059185 ], [ 73.8695249, 15.6059152 ], [ 73.8699058, 15.606016 ], [ 73.8699058, 15.6059049 ], [ 73.8699058, 15.6054451 ], [ 73.8696778, 15.6039855 ], [ 73.8695948, 15.6034086 ], [ 73.8695678, 15.6032208 ], [ 73.8698655, 15.6030426 ], [ 73.8696674, 15.6027819 ], [ 73.8693371, 15.6023476 ], [ 73.8689509, 15.6015985 ], [ 73.8687685, 15.6007769 ], [ 73.8684788, 15.6007614 ], [ 73.8684614, 15.6008383 ], [ 73.8684225, 15.6009171 ], [ 73.8683829, 15.6009991 ], [ 73.8683528, 15.6012006 ], [ 73.868342, 15.6013453 ] ] ] } },
{ "type": "Feature", "properties": { "osm_id": "1320149660", "code": 7229, "fclass": "farmland", "name": null }, "geometry": { "type": "Polygon", "coordinates": [ [ [ 73.8683671, 15.6003185 ], [ 73.8683818, 15.6004322 ], [ 73.8683816, 15.6005347 ], [ 73.8685647, 15.6005522 ], [ 73.868639, 15.6003582 ], [ 73.8688517, 15.599803 ], [ 73.8689697, 15.599834 ], [ 73.869077, 15.599586 ], [ 73.8686331, 15.5994021 ], [ 73.8684939, 15.5996224 ], [ 73.8684438, 15.5998071 ], [ 73.8683789, 15.6000003 ], [ 73.8683759, 15.6001282 ], [ 73.8683671, 15.6003185 ] ] ] } },
{ "type": "Feature", "properties": { "osm_id": "18114063", "code": 7229, "fclass": "farmland", "name": null }, "geometry": { "type": "Polygon", "coordinates": [ [ [ 73.8529354, 15.5957212 ], [ 73.8529783, 15.5960209 ], [ 73.8532573, 15.59646 ], [ 73.8534129, 15.5967029 ], [ 73.8536543, 15.5971576 ], [ 73.8547325, 15.596305 ], [ 73.8550866, 15.5966874 ], [ 73.8538045, 15.5975968 ], [ 73.8538474, 15.5978654 ], [ 73.8543516, 15.5983201 ], [ 73.8547647, 15.5978654 ], [ 73.8551241, 15.5982013 ], [ 73.8550007, 15.5984493 ], [ 73.8551992, 15.598625 ], [ 73.8556927, 15.5990745 ], [ 73.8557357, 15.5994258 ], [ 73.8562185, 15.599927 ], [ 73.8565618, 15.600051 ], [ 73.8569105, 15.5995808 ], [ 73.8568139, 15.5994723 ], [ 73.8570231, 15.5991778 ], [ 73.8569641, 15.5990745 ], [ 73.8567334, 15.5989815 ], [ 73.8566154, 15.5988523 ], [ 73.8565403, 15.5985785 ], [ 73.8563257, 15.5982891 ], [ 73.8561112, 15.5981496 ], [ 73.8558805, 15.5978551 ], [ 73.8562989, 15.5976588 ], [ 73.856551, 15.5979068 ], [ 73.8569856, 15.5983305 ], [ 73.8572055, 15.5984855 ], [ 73.8573128, 15.5986456 ], [ 73.8574684, 15.5986715 ], [ 73.8577205, 15.598563 ], [ 73.8582998, 15.5983305 ], [ 73.858391, 15.5981961 ], [ 73.858434, 15.5980256 ], [ 73.8585627, 15.5979998 ], [ 73.8586539, 15.5978551 ], [ 73.8587183, 15.5976071 ], [ 73.8588309, 15.5975038 ], [ 73.8588899, 15.5974056 ], [ 73.8586539, 15.5969612 ], [ 73.8585252, 15.5970129 ], [ 73.8584608, 15.5968992 ], [ 73.8584393, 15.5967236 ], [ 73.8584393, 15.596522 ], [ 73.8585037, 15.5963205 ], [ 73.8586646, 15.5960829 ], [ 73.8587451, 15.5958504 ], [ 73.8590026, 15.5956023 ], [ 73.8592519, 15.5959896 ], [ 73.8593191, 15.5959563 ], [ 73.8604397, 15.5951779 ], [ 73.8606816, 15.5950133 ], [ 73.8604939, 15.5947756 ], [ 73.8601774, 15.5943364 ], [ 73.859995, 15.5939283 ], [ 73.859818, 15.5936647 ], [ 73.8592923, 15.5938507 ], [ 73.8589811, 15.5939438 ], [ 73.8578439, 15.5946413 ], [ 73.8575649, 15.5943829 ], [ 73.8574415, 15.5944914 ], [ 73.8576561, 15.5947343 ], [ 73.8571948, 15.5951011 ], [ 73.8567871, 15.5947136 ], [ 73.8566905, 15.5947963 ], [ 73.8571143, 15.5953388 ], [ 73.8567388, 15.595592 ], [ 73.8562614, 15.595096 ], [ 73.855859, 15.5952923 ], [ 73.8555533, 15.595313 ], [ 73.8551379, 15.5955578 ], [ 73.8541049, 15.5960364 ], [ 73.8537347, 15.5962689 ], [ 73.8529354, 15.5957212 ] ] ] } },
{ "type": "Feature", "properties": { "osm_id": "1320152492", "code": 7229, "fclass": "farmland", "name": null }, "geometry": { "type": "Polygon", "coordinates": [ [ [ 73.8599387, 15.5935536 ], [ 73.8600594, 15.5937991 ], [ 73.8601935, 15.5942047 ], [ 73.8604644, 15.5945793 ], [ 73.8607836, 15.5949281 ], [ 73.8610169, 15.5947808 ], [ 73.8609418, 15.5946387 ], [ 73.8613844, 15.5944579 ], [ 73.8615427, 15.5944298 ], [ 73.8621703, 15.5943184 ], [ 73.8622373, 15.5946671 ], [ 73.8626075, 15.5946955 ], [ 73.8626182, 15.5942796 ], [ 73.8618699, 15.5924557 ], [ 73.8617116, 15.5923136 ], [ 73.8607782, 15.5929543 ], [ 73.8599387, 15.5935536 ] ] ] } },
{ "type": "Feature", "properties": { "osm_id": "1320153966", "code": 7229, "fclass": "farmland", "name": null }, "geometry": { "type": "Polygon", "coordinates": [ [ [ 73.871588, 15.5935699 ], [ 73.8716251, 15.5940523 ], [ 73.8725316, 15.5941763 ], [ 73.873162, 15.5942589 ], [ 73.873191, 15.5934074 ], [ 73.871588, 15.5935699 ] ] ] } },
{ "type": "Feature", "properties": { "osm_id": "1320153967", "code": 7215, "fclass": "orchard", "name": null }, "geometry": { "type": "Polygon", "coordinates": [ [ [ 73.8715768, 15.594693 ], [ 73.8716251, 15.5948118 ], [ 73.8717431, 15.5948893 ], [ 73.8719791, 15.5948635 ], [ 73.872242, 15.5950856 ], [ 73.8728696, 15.5950236 ], [ 73.8729769, 15.5945896 ], [ 73.8737172, 15.5946568 ], [ 73.8737333, 15.5943054 ], [ 73.8742697, 15.5942848 ], [ 73.8737589, 15.5933499 ], [ 73.873191, 15.5934074 ], [ 73.873162, 15.5942589 ], [ 73.8725316, 15.5941763 ], [ 73.8725102, 15.5943674 ], [ 73.8716251, 15.5941608 ], [ 73.8715768, 15.594693 ] ] ] } },
{ "type": "Feature", "properties": { "osm_id": "1320153968", "code": 7229, "fclass": "farmland", "name": null }, "geometry": { "type": "Polygon", "coordinates": [ [ [ 73.8713086, 15.5924763 ], [ 73.8714802, 15.5929465 ], [ 73.8715486, 15.5933141 ], [ 73.8728857, 15.593086 ], [ 73.8727087, 15.5924453 ], [ 73.8719228, 15.5926856 ], [ 73.8717967, 15.5923265 ], [ 73.8713086, 15.5924763 ] ] ] } },
{ "type": "Feature", "properties": { "osm_id": "1320153978", "code": 7215, "fclass": "orchard", "name": null }, "geometry": { "type": "Polygon", "coordinates": [ [ [ 73.8711153, 15.5919277 ], [ 73.8712066, 15.5921301 ], [ 73.8713086, 15.5924763 ], [ 73.8717967, 15.5923265 ], [ 73.8719228, 15.5926856 ], [ 73.8727087, 15.5924453 ], [ 73.8728857, 15.593086 ], [ 73.8715486, 15.5933141 ], [ 73.8715821, 15.5934942 ], [ 73.871588, 15.5935699 ], [ 73.873191, 15.5934074 ], [ 73.8737589, 15.5933499 ], [ 73.8734651, 15.5928122 ], [ 73.8732612, 15.5928174 ], [ 73.8732022, 15.5926727 ], [ 73.8730413, 15.5927192 ], [ 73.8729984, 15.5925693 ], [ 73.8732719, 15.5924867 ], [ 73.8731539, 15.5921818 ], [ 73.8723493, 15.5924143 ], [ 73.8721229, 15.5917463 ], [ 73.8720492, 15.5915289 ], [ 73.8712817, 15.5918382 ], [ 73.8711153, 15.5919277 ] ] ] } },
{ "type": "Feature", "properties": { "osm_id": "1320153983", "code": 7215, "fclass": "orchard", "name": null }, "geometry": { "type": "Polygon", "coordinates": [ [ [ 73.8633853, 15.5958865 ], [ 73.8634577, 15.5962379 ], [ 73.8635597, 15.5965737 ], [ 73.8638976, 15.5964962 ], [ 73.8637121, 15.5958284 ], [ 73.8633853, 15.5958865 ] ] ] } },
{ "type": "Feature", "properties": { "osm_id": "1320440447", "code": 7215, "fclass": "orchard", "name": null }, "geometry": { "type": "Polygon", "coordinates": [ [ [ 73.8731153, 15.6043939 ], [ 73.8731968, 15.6045667 ], [ 73.873685, 15.6044944 ], [ 73.873626, 15.6043084 ], [ 73.8738513, 15.6042257 ], [ 73.8740605, 15.6046546 ], [ 73.8745326, 15.6044686 ], [ 73.8744843, 15.6043756 ], [ 73.874833, 15.6042102 ], [ 73.8748276, 15.6040759 ], [ 73.8749095, 15.6040555 ], [ 73.8746023, 15.6030916 ], [ 73.8742214, 15.6031304 ], [ 73.8737923, 15.6032647 ], [ 73.873406, 15.6035489 ], [ 73.8734865, 15.6037659 ], [ 73.8731861, 15.6039932 ], [ 73.8732237, 15.6043291 ], [ 73.8731153, 15.6043939 ] ] ] } },
{ "type": "Feature", "properties": { "osm_id": "1320447744", "code": 7215, "fclass": "orchard", "name": null }, "geometry": { "type": "Polygon", "coordinates": [ [ [ 73.8685765, 15.5911357 ], [ 73.8685861, 15.591833 ], [ 73.868967, 15.5917917 ], [ 73.8691762, 15.5917555 ], [ 73.8695759, 15.5915876 ], [ 73.8692034, 15.5908757 ], [ 73.868975, 15.5909831 ], [ 73.8685765, 15.5911357 ] ] ] } },
{ "type": "Feature", "properties": { "osm_id": "1320447745", "code": 7215, "fclass": "orchard", "name": null }, "geometry": { "type": "Polygon", "coordinates": [ [ [ 73.8643375, 15.5902313 ], [ 73.8645006, 15.5903812 ], [ 73.8653353, 15.5911484 ], [ 73.8658368, 15.592001 ], [ 73.8660327, 15.5922722 ], [ 73.8661775, 15.5923523 ], [ 73.8673416, 15.5925538 ], [ 73.8674864, 15.5924892 ], [ 73.8680631, 15.5921405 ], [ 73.8680309, 15.5918976 ], [ 73.8679075, 15.5918847 ], [ 73.8663304, 15.5914972 ], [ 73.8657457, 15.5912285 ], [ 73.8658664, 15.590996 ], [ 73.8653272, 15.5906472 ], [ 73.8647988, 15.5899497 ], [ 73.8643375, 15.5902313 ] ] ] } },
{ "type": "Feature", "properties": { "osm_id": "1320447773", "code": 7229, "fclass": "farmland", "name": null }, "geometry": { "type": "Polygon", "coordinates": [ [ [ 73.8674864, 15.5897998 ], [ 73.8674998, 15.5903734 ], [ 73.8682643, 15.5904302 ], [ 73.8682026, 15.5898463 ], [ 73.8679638, 15.5898721 ], [ 73.8679397, 15.5897585 ], [ 73.8674864, 15.5897998 ] ] ] } },
{ "type": "Feature", "properties": { "osm_id": "1320447781", "code": 7229, "fclass": "farmland", "name": null }, "geometry": { "type": "Polygon", "coordinates": [ [ [ 73.8644287, 15.5853354 ], [ 73.8644341, 15.5861105 ], [ 73.8645816, 15.5861725 ], [ 73.8648015, 15.5861725 ], [ 73.8650697, 15.5861467 ], [ 73.865059, 15.5857281 ], [ 73.8656062, 15.5856842 ], [ 73.8656035, 15.5854904 ], [ 73.8651744, 15.5854878 ], [ 73.8651797, 15.585276 ], [ 73.8644287, 15.5853354 ] ] ] } },
{ "type": "Feature", "properties": { "osm_id": "1320677703", "code": 7215, "fclass": "orchard", "name": null }, "geometry": { "type": "Polygon", "coordinates": [ [ [ 73.7650609, 15.5907299 ], [ 73.7653613, 15.5908642 ], [ 73.7654225, 15.5906672 ], [ 73.7650958, 15.5905904 ], [ 73.7650609, 15.5907299 ] ] ] } },
{ "type": "Feature", "properties": { "osm_id": "1320677704", "code": 7215, "fclass": "orchard", "name": null }, "geometry": { "type": "Polygon", "coordinates": [ [ [ 73.7649107, 15.5905568 ], [ 73.7650958, 15.5905904 ], [ 73.7654225, 15.5906672 ], [ 73.7654905, 15.5904481 ], [ 73.7649695, 15.5903385 ], [ 73.7649107, 15.5905568 ] ] ] } },
{ "type": "Feature", "properties": { "osm_id": "1320684827", "code": 7229, "fclass": "farmland", "name": null }, "geometry": { "type": "Polygon", "coordinates": [ [ [ 73.7549597, 15.5849195 ], [ 73.7552842, 15.5854517 ], [ 73.7555766, 15.5857436 ], [ 73.7557375, 15.5858426 ], [ 73.7559521, 15.5852166 ], [ 73.7557831, 15.5851882 ], [ 73.7558046, 15.5850616 ], [ 73.7549597, 15.5849195 ] ] ] } },
{ "type": "Feature", "properties": { "osm_id": "1320684828", "code": 7229, "fclass": "farmland", "name": null }, "geometry": { "type": "Polygon", "coordinates": [ [ [ 73.7511581, 15.5867593 ], [ 73.7535784, 15.5867305 ], [ 73.7536254, 15.5868129 ], [ 73.7537688, 15.5867977 ], [ 73.7538627, 15.5867667 ], [ 73.7539807, 15.5866324 ], [ 73.7540638, 15.5864489 ], [ 73.7540612, 15.5862965 ], [ 73.7539163, 15.5860847 ], [ 73.7537661, 15.5858237 ], [ 73.7529641, 15.5856713 ], [ 73.7526798, 15.5857901 ], [ 73.7519288, 15.585816 ], [ 73.7517732, 15.5858986 ], [ 73.7512368, 15.586405 ], [ 73.7511671, 15.586591 ], [ 73.7511581, 15.5867593 ] ] ] } },
{ "type": "Feature", "properties": { "osm_id": "1320684829", "code": 7229, "fclass": "farmland", "name": null }, "geometry": { "type": "Polygon", "coordinates": [ [ [ 73.7534201, 15.5916134 ], [ 73.7534201, 15.5918511 ], [ 73.7537634, 15.5928639 ], [ 73.7549543, 15.5929982 ], [ 73.7549651, 15.5926882 ], [ 73.7559628, 15.5927399 ], [ 73.7560809, 15.5917374 ], [ 73.7563288, 15.5904071 ], [ 73.7560701, 15.5903527 ], [ 73.7561345, 15.5897456 ], [ 73.7558314, 15.589544 ], [ 73.7554291, 15.5892728 ], [ 73.7549463, 15.5888982 ], [ 73.7546325, 15.5887018 ], [ 73.7543777, 15.5886217 ], [ 73.7542301, 15.5885959 ], [ 73.7541014, 15.588614 ], [ 73.7539619, 15.5886553 ], [ 73.7539137, 15.5886965 ], [ 73.7540585, 15.5890325 ], [ 73.7538868, 15.5898566 ], [ 73.7537661, 15.591275 ], [ 73.7538305, 15.5912698 ], [ 73.7538171, 15.5915928 ], [ 73.7534201, 15.5916134 ] ] ] } },
{ "type": "Feature", "properties": { "osm_id": "1320684830", "code": 7229, "fclass": "farmland", "name": null }, "geometry": { "type": "Polygon", "coordinates": [ [ [ 73.7558126, 15.5942977 ], [ 73.7560701, 15.5943029 ], [ 73.7562123, 15.594246 ], [ 73.7564644, 15.5940032 ], [ 73.756679, 15.5937009 ], [ 73.7567005, 15.5935123 ], [ 73.7569419, 15.5905361 ], [ 73.7563288, 15.5904071 ], [ 73.7560809, 15.5917374 ], [ 73.7559628, 15.5927399 ], [ 73.7559307, 15.5930912 ], [ 73.7558126, 15.5942977 ] ] ] } },
{ "type": "Feature", "properties": { "osm_id": "1320684833", "code": 7215, "fclass": "orchard", "name": null }, "geometry": { "type": "Polygon", "coordinates": [ [ [ 73.7563299, 15.5866892 ], [ 73.756406, 15.5877982 ], [ 73.7565556, 15.5878001 ], [ 73.7565466, 15.5874864 ], [ 73.7565449, 15.5874281 ], [ 73.7566991, 15.5874436 ], [ 73.7567005, 15.5870173 ], [ 73.7565556, 15.5870147 ], [ 73.7565449, 15.5866944 ], [ 73.7563299, 15.5866892 ] ] ] } },
{ "type": "Feature", "properties": { "osm_id": "1320684841", "code": 7215, "fclass": "orchard", "name": null }, "geometry": { "type": "Polygon", "coordinates": [ [ [ 73.7570675, 15.5923485 ], [ 73.757449, 15.5923636 ], [ 73.7574381, 15.5923136 ], [ 73.7573898, 15.5919338 ], [ 73.7574434, 15.5915773 ], [ 73.7574407, 15.5910761 ], [ 73.7571886, 15.5910399 ], [ 73.7570675, 15.5923485 ] ] ] } },
{ "type": "Feature", "properties": { "osm_id": "1320684842", "code": 7229, "fclass": "farmland", "name": null }, "geometry": { "type": "Polygon", "coordinates": [ [ [ 73.7573576, 15.5932152 ], [ 73.7594336, 15.5928432 ], [ 73.7594014, 15.5924867 ], [ 73.7584305, 15.5925693 ], [ 73.7584734, 15.5923058 ], [ 73.7594068, 15.5922231 ], [ 73.7593424, 15.5912517 ], [ 73.7592244, 15.5912517 ], [ 73.7592298, 15.5910812 ], [ 73.7592888, 15.5910812 ], [ 73.7592941, 15.5909805 ], [ 73.7592351, 15.5909676 ], [ 73.7592351, 15.5909211 ], [ 73.7589428, 15.590735 ], [ 73.7589052, 15.5906498 ], [ 73.7587175, 15.5906782 ], [ 73.7586263, 15.590611 ], [ 73.7585217, 15.5904354 ], [ 73.75824, 15.5902881 ], [ 73.7580845, 15.5902726 ], [ 73.7579128, 15.5903217 ], [ 73.7575566, 15.5904381 ], [ 73.7575722, 15.5914946 ], [ 73.7574863, 15.5916393 ], [ 73.7574649, 15.5920526 ], [ 73.7576419, 15.5925848 ], [ 73.7576258, 15.5927553 ], [ 73.7574595, 15.5928174 ], [ 73.7573576, 15.5932152 ] ] ] } },
{ "type": "Feature", "properties": { "osm_id": "1320684843", "code": 7229, "fclass": "farmland", "name": null }, "geometry": { "type": "Polygon", "coordinates": [ [ [ 73.7571806, 15.5901357 ], [ 73.7573254, 15.5901098 ], [ 73.757556, 15.590177 ], [ 73.7575856, 15.5902752 ], [ 73.757717, 15.5902752 ], [ 73.7582052, 15.5902003 ], [ 73.7583151, 15.5902287 ], [ 73.7586263, 15.5904199 ], [ 73.7587228, 15.5905671 ], [ 73.7589347, 15.590518 ], [ 73.7590045, 15.5905568 ], [ 73.759042, 15.590673 ], [ 73.7591949, 15.5907686 ], [ 73.7593371, 15.5908306 ], [ 73.7594532, 15.5908783 ], [ 73.7596585, 15.5901621 ], [ 73.7598038, 15.5896551 ], [ 73.7594122, 15.5894019 ], [ 73.7589616, 15.5893348 ], [ 73.7585485, 15.5894123 ], [ 73.757261, 15.5892573 ], [ 73.7571806, 15.5901357 ] ] ] } },
{ "type": "Feature", "properties": { "osm_id": "1323667017", "code": 7229, "fclass": "farmland", "name": null }, "geometry": { "type": "Polygon", "coordinates": [ [ [ 73.8179594, 15.468064 ], [ 73.8183457, 15.468886 ], [ 73.8189384, 15.4686068 ], [ 73.8185282, 15.4678608 ], [ 73.8179594, 15.468064 ] ] ] } },
{ "type": "Feature", "properties": { "osm_id": "1323667024", "code": 7229, "fclass": "farmland", "name": null }, "geometry": { "type": "Polygon", "coordinates": [ [ [ 73.8142097, 15.4670506 ], [ 73.8145208, 15.4671489 ], [ 73.8148051, 15.4671747 ], [ 73.8165915, 15.4672161 ], [ 73.8170743, 15.4668335 ], [ 73.8175034, 15.4668076 ], [ 73.8173532, 15.4661872 ], [ 73.8172138, 15.465908 ], [ 73.8164413, 15.4658512 ], [ 73.8164252, 15.4655616 ], [ 73.8160711, 15.4655254 ], [ 73.8159746, 15.465784 ], [ 73.8153416, 15.4657374 ], [ 73.8150305, 15.4657362 ], [ 73.8147302, 15.4657351 ], [ 73.8142097, 15.4670506 ] ] ] } },
{ "type": "Feature", "properties": { "osm_id": "1323671628", "code": 7229, "fclass": "farmland", "name": null }, "geometry": { "type": "Polygon", "coordinates": [ [ [ 73.8184905, 15.4809889 ], [ 73.8189089, 15.4814697 ], [ 73.8191235, 15.4817643 ], [ 73.8194652, 15.4821565 ], [ 73.8199389, 15.4817592 ], [ 73.8201481, 15.4817798 ], [ 73.8201266, 15.4815886 ], [ 73.8199174, 15.4808028 ], [ 73.8198155, 15.480185 ], [ 73.818954, 15.4804951 ], [ 73.8184905, 15.4809889 ] ] ] } },
{ "type": "Feature", "properties": { "osm_id": "1323687043", "code": 7229, "fclass": "farmland", "name": null }, "geometry": { "type": "Polygon", "coordinates": [ [ [ 73.818001, 15.5524359 ], [ 73.8183575, 15.5523929 ], [ 73.8182907, 15.5522141 ], [ 73.8188848, 15.5521211 ], [ 73.8189516, 15.5520638 ], [ 73.8191447, 15.5521568 ], [ 73.8196052, 15.5520924 ], [ 73.8197537, 15.5502465 ], [ 73.8192264, 15.5502608 ], [ 73.8192041, 15.5508905 ], [ 73.8186694, 15.5509191 ], [ 73.8187214, 15.5514557 ], [ 73.8181793, 15.5515201 ], [ 73.8181347, 15.5518063 ], [ 73.8180159, 15.5520066 ], [ 73.818001, 15.5524359 ] ] ] } },
{ "type": "Feature", "properties": { "osm_id": "1323687044", "code": 7229, "fclass": "farmland", "name": null }, "geometry": { "type": "Polygon", "coordinates": [ [ [ 73.8198948, 15.5519136 ], [ 73.8211945, 15.5516489 ], [ 73.8211796, 15.5507402 ], [ 73.8205409, 15.5502823 ], [ 73.8204889, 15.551148 ], [ 73.8199171, 15.5511623 ], [ 73.8198948, 15.5519136 ] ] ] } },
{ "type": "Feature", "properties": { "osm_id": "1323864953", "code": 7229, "fclass": "farmland", "name": null }, "geometry": { "type": "Polygon", "coordinates": [ [ [ 73.7568533, 15.6014357 ], [ 73.7570786, 15.6022986 ], [ 73.7575856, 15.6020195 ], [ 73.7574005, 15.6012755 ], [ 73.7568533, 15.6014357 ] ] ] } },
{ "type": "Feature", "properties": { "osm_id": "1323866064", "code": 7229, "fclass": "farmland", "name": null }, "geometry": { "type": "Polygon", "coordinates": [ [ [ 73.7568855, 15.5954551 ], [ 73.7568936, 15.5959382 ], [ 73.7576366, 15.5958452 ], [ 73.7576365, 15.5948376 ], [ 73.7579611, 15.5947163 ], [ 73.7579235, 15.5945974 ], [ 73.7578189, 15.594494 ], [ 73.7577572, 15.5942874 ], [ 73.7569874, 15.5943235 ], [ 73.7568963, 15.5945457 ], [ 73.7569097, 15.5953207 ], [ 73.7568855, 15.5954551 ] ] ] } },
{ "type": "Feature", "properties": { "osm_id": "1323866065", "code": 7229, "fclass": "farmland", "name": null }, "geometry": { "type": "Polygon", "coordinates": [ [ [ 73.7545091, 15.5948299 ], [ 73.7545737, 15.5951052 ], [ 73.7550911, 15.5950908 ], [ 73.7560111, 15.5951347 ], [ 73.7560111, 15.5952484 ], [ 73.7561748, 15.5952483 ], [ 73.7561881, 15.594414 ], [ 73.755185, 15.5943442 ], [ 73.7546217, 15.5943571 ], [ 73.7546512, 15.5948144 ], [ 73.7545091, 15.5948299 ] ] ] } },
{ "type": "Feature", "properties": { "osm_id": "1323866066", "code": 7229, "fclass": "farmland", "name": null }, "geometry": { "type": "Polygon", "coordinates": [ [ [ 73.7528497, 15.5957942 ], [ 73.7529775, 15.5964471 ], [ 73.7532243, 15.5963515 ], [ 73.753396, 15.596367 ], [ 73.753565, 15.5964652 ], [ 73.7538144, 15.5964575 ], [ 73.7540531, 15.5964807 ], [ 73.7542704, 15.596566 ], [ 73.7543696, 15.5965556 ], [ 73.7545735, 15.5963903 ], [ 73.7547505, 15.596212 ], [ 73.754729, 15.5958607 ], [ 73.7546003, 15.595375 ], [ 73.7541874, 15.5954739 ], [ 73.7528497, 15.5957942 ] ] ] } },
{ "type": "Feature", "properties": { "osm_id": "1323866067", "code": 7229, "fclass": "farmland", "name": null }, "geometry": { "type": "Polygon", "coordinates": [ [ [ 73.7557831, 15.5956618 ], [ 73.7557885, 15.5969044 ], [ 73.7559521, 15.5968424 ], [ 73.7561506, 15.5967597 ], [ 73.7561695, 15.5955792 ], [ 73.7557831, 15.5956618 ] ] ] } },
{ "type": "Feature", "properties": { "osm_id": "1323866072", "code": 7215, "fclass": "orchard", "name": null }, "geometry": { "type": "Polygon", "coordinates": [ [ [ 73.7561265, 15.5988239 ], [ 73.7562408, 15.599361 ], [ 73.7568828, 15.5991985 ], [ 73.7567863, 15.59878 ], [ 73.7567434, 15.5985707 ], [ 73.7563989, 15.5986911 ], [ 73.7561265, 15.5988239 ] ] ] } },
{ "type": "Feature", "properties": { "osm_id": "1323866075", "code": 7215, "fclass": "orchard", "name": null }, "geometry": { "type": "Polygon", "coordinates": [ [ [ 73.7561506, 15.5997978 ], [ 73.7562257, 15.600454 ], [ 73.7565798, 15.600392 ], [ 73.7565315, 15.5996997 ], [ 73.7561506, 15.5997978 ] ] ] } },
{ "type": "Feature", "properties": { "osm_id": "1324066465", "code": 7215, "fclass": "orchard", "name": null }, "geometry": { "type": "Polygon", "coordinates": [ [ [ 73.7446726, 15.5924648 ], [ 73.7447612, 15.5935214 ], [ 73.7458741, 15.59343 ], [ 73.7458429, 15.5927941 ], [ 73.7458176, 15.5925509 ], [ 73.7456444, 15.5925616 ], [ 73.7456171, 15.59237 ], [ 73.7446726, 15.5924648 ] ] ] } },
{ "type": "Feature", "properties": { "osm_id": "1324066471", "code": 7215, "fclass": "orchard", "name": null }, "geometry": { "type": "Polygon", "coordinates": [ [ [ 73.7493834, 15.5970646 ], [ 73.7497267, 15.5973978 ], [ 73.7499979, 15.5975017 ], [ 73.7502122, 15.5975838 ], [ 73.7505314, 15.5976355 ], [ 73.750577, 15.5971963 ], [ 73.7502068, 15.5971033 ], [ 73.7498608, 15.5970827 ], [ 73.7493834, 15.5970646 ] ] ] } },
{ "type": "Feature", "properties": { "osm_id": "1324101834", "code": 7215, "fclass": "orchard", "name": null }, "geometry": { "type": "Polygon", "coordinates": [ [ [ 73.7452394, 15.5874849 ], [ 73.7452474, 15.5877226 ], [ 73.7456202, 15.5877407 ], [ 73.7457946, 15.587733 ], [ 73.7459797, 15.5877226 ], [ 73.746036, 15.5872705 ], [ 73.7457436, 15.5872473 ], [ 73.7456392, 15.5872676 ], [ 73.7454849, 15.5873308 ], [ 73.7454095, 15.5873988 ], [ 73.7452864, 15.587476 ], [ 73.7452394, 15.5874849 ] ] ] } },
{ "type": "Feature", "properties": { "osm_id": "1326456775", "code": 7229, "fclass": "farmland", "name": null }, "geometry": { "type": "Polygon", "coordinates": [ [ [ 73.8737065, 15.4392024 ], [ 73.873744, 15.4394247 ], [ 73.8743135, 15.4393172 ], [ 73.8745922, 15.4401981 ], [ 73.8760449, 15.4403318 ], [ 73.8757181, 15.4389904 ], [ 73.8763618, 15.4388094 ], [ 73.8762176, 15.4384411 ], [ 73.8750797, 15.4388766 ], [ 73.8737065, 15.4392024 ] ] ] } },
{ "type": "Feature", "properties": { "osm_id": "1326456776", "code": 7229, "fclass": "farmland", "name": null }, "geometry": { "type": "Polygon", "coordinates": [ [ [ 73.8868976, 15.4320924 ], [ 73.8871658, 15.4324182 ], [ 73.8911194, 15.4287932 ], [ 73.8905775, 15.4283227 ], [ 73.8898104, 15.429057 ], [ 73.8896441, 15.4288967 ], [ 73.8885766, 15.4300395 ], [ 73.8874608, 15.4314046 ], [ 73.8868976, 15.4320924 ] ] ] } },
{ "type": "Feature", "properties": { "osm_id": "1326456777", "code": 7229, "fclass": "farmland", "name": null }, "geometry": { "type": "Polygon", "coordinates": [ [ [ 73.8921708, 15.425008 ], [ 73.8928091, 15.4253596 ], [ 73.8933724, 15.4258664 ], [ 73.8936031, 15.4256699 ], [ 73.8936567, 15.4253544 ], [ 73.8940215, 15.4244236 ], [ 73.894617, 15.4229291 ], [ 73.8956469, 15.4208658 ], [ 73.8954645, 15.4207572 ], [ 73.8948101, 15.4203383 ], [ 73.8943434, 15.4210933 ], [ 73.8938552, 15.4222207 ], [ 73.8921708, 15.425008 ] ] ] } },
{ "type": "Feature", "properties": { "osm_id": "1326456778", "code": 7229, "fclass": "farmland", "name": null }, "geometry": { "type": "Polygon", "coordinates": [ [ [ 73.889907, 15.4276659 ], [ 73.8901484, 15.4278935 ], [ 73.8905936, 15.4281675 ], [ 73.8912374, 15.4286795 ], [ 73.8938338, 15.4264352 ], [ 73.8925087, 15.42537 ], [ 73.8921922, 15.4251838 ], [ 73.8919079, 15.4255975 ], [ 73.8917094, 15.4254837 ], [ 73.8916451, 15.4255561 ], [ 73.891747, 15.4256389 ], [ 73.8913554, 15.4262387 ], [ 73.8917202, 15.4264662 ], [ 73.8914305, 15.4269161 ], [ 73.8908082, 15.4265593 ], [ 73.8905185, 15.4266472 ], [ 73.8899875, 15.4273402 ], [ 73.8900679, 15.4274022 ], [ 73.889907, 15.4276659 ] ] ] } },
{ "type": "Feature", "properties": { "osm_id": "1326467181", "code": 7229, "fclass": "farmland", "name": null }, "geometry": { "type": "Polygon", "coordinates": [ [ [ 73.8872194, 15.4549315 ], [ 73.8883459, 15.456038 ], [ 73.8888502, 15.4561931 ], [ 73.8899553, 15.4569893 ], [ 73.8910282, 15.4563844 ], [ 73.891468, 15.4570514 ], [ 73.8917363, 15.4569221 ], [ 73.8921601, 15.4565085 ], [ 73.8923118, 15.4563724 ], [ 73.8918596, 15.4557536 ], [ 73.8914037, 15.4552986 ], [ 73.8915056, 15.4550401 ], [ 73.8912642, 15.4546161 ], [ 73.8910282, 15.4546626 ], [ 73.8900465, 15.4534941 ], [ 73.8903791, 15.4529512 ], [ 73.8900089, 15.4526772 ], [ 73.8891935, 15.4534217 ], [ 73.8890004, 15.4536802 ], [ 73.8877559, 15.4543317 ], [ 73.8873696, 15.454704 ], [ 73.8872194, 15.4549315 ] ] ] } },
{ "type": "Feature", "properties": { "osm_id": "1327289189", "code": 7229, "fclass": "farmland", "name": null }, "geometry": { "type": "Polygon", "coordinates": [ [ [ 73.9195564, 15.4394823 ], [ 73.920334, 15.4398022 ], [ 73.9217694, 15.4400873 ], [ 73.9210582, 15.4379304 ], [ 73.9207356, 15.4369275 ], [ 73.9195564, 15.4394823 ] ] ] } },
{ "type": "Feature", "properties": { "osm_id": "1327289193", "code": 7229, "fclass": "farmland", "name": null }, "geometry": { "type": "Polygon", "coordinates": [ [ [ 73.9080109, 15.4404479 ], [ 73.9080977, 15.4406813 ], [ 73.9104366, 15.4412397 ], [ 73.9103937, 15.4414362 ], [ 73.9112842, 15.4419222 ], [ 73.9113378, 15.4423359 ], [ 73.9139986, 15.4433907 ], [ 73.9147096, 15.4435934 ], [ 73.9149427, 15.4428375 ], [ 73.9163268, 15.443127 ], [ 73.9164072, 15.442853 ], [ 73.9149803, 15.4424445 ], [ 73.9153236, 15.4416327 ], [ 73.9163375, 15.4420618 ], [ 73.9166593, 15.4421084 ], [ 73.9169115, 15.4418085 ], [ 73.9170349, 15.4412397 ], [ 73.9170349, 15.4405623 ], [ 73.9172119, 15.4401538 ], [ 73.9175391, 15.4396367 ], [ 73.9176679, 15.4389697 ], [ 73.9175776, 15.4383951 ], [ 73.9175606, 15.4382872 ], [ 73.917582, 15.4380493 ], [ 73.9182097, 15.4369324 ], [ 73.918215, 15.4368186 ], [ 73.9176518, 15.4365653 ], [ 73.917346, 15.4365549 ], [ 73.9171743, 15.4363998 ], [ 73.9170617, 15.4363532 ], [ 73.9166218, 15.4364256 ], [ 73.9165306, 15.4367721 ], [ 73.9163858, 15.4370151 ], [ 73.9161658, 15.4376305 ], [ 73.9160907, 15.4379511 ], [ 73.9159512, 15.4382303 ], [ 73.9159083, 15.4387163 ], [ 73.9157581, 15.4393575 ], [ 73.9156347, 15.4395799 ], [ 73.9150876, 15.4399211 ], [ 73.914814, 15.4402469 ], [ 73.914696, 15.4406606 ], [ 73.9144921, 15.4409501 ], [ 73.9143366, 15.4416223 ], [ 73.9142454, 15.4415861 ], [ 73.9142936, 15.4411518 ], [ 73.9142346, 15.4409243 ], [ 73.9142239, 15.4405778 ], [ 73.9143044, 15.4404382 ], [ 73.9142722, 15.4401435 ], [ 73.9141434, 15.4399884 ], [ 73.9139503, 15.4397608 ], [ 73.9140254, 15.439735 ], [ 73.9141327, 15.4398488 ], [ 73.9142883, 15.439978 ], [ 73.9144653, 15.4399935 ], [ 73.9149964, 15.4397505 ], [ 73.9151895, 15.4396471 ], [ 73.9154899, 15.4393989 ], [ 73.9156079, 15.4391921 ], [ 73.9156616, 15.4381889 ], [ 73.9160478, 15.4369065 ], [ 73.9160317, 15.4367721 ], [ 73.9155543, 15.4366583 ], [ 73.9152968, 15.4367049 ], [ 73.9152002, 15.4365601 ], [ 73.9152431, 15.4364773 ], [ 73.9153987, 15.435407 ], [ 73.9153022, 15.4351019 ], [ 73.9148194, 15.435045 ], [ 73.9148194, 15.4347451 ], [ 73.9149964, 15.4340935 ], [ 73.9149964, 15.4336437 ], [ 73.9147603, 15.4334265 ], [ 73.9148301, 15.4329404 ], [ 73.9150071, 15.4321803 ], [ 73.9148515, 15.4316528 ], [ 73.9145511, 15.4314305 ], [ 73.9144009, 15.431265 ], [ 73.913843, 15.4308358 ], [ 73.9137196, 15.4309237 ], [ 73.9132959, 15.4308668 ], [ 73.9129311, 15.4305669 ], [ 73.9120191, 15.4292328 ], [ 73.9118957, 15.4298688 ], [ 73.9120191, 15.4301946 ], [ 73.9117938, 15.4308927 ], [ 73.9111716, 15.43187 ], [ 73.9109409, 15.4323044 ], [ 73.9107639, 15.432475 ], [ 73.9105385, 15.4328939 ], [ 73.9105117, 15.4332197 ], [ 73.9106297, 15.4340574 ], [ 73.9108229, 15.4345176 ], [ 73.912223, 15.4353966 ], [ 73.912062, 15.4356965 ], [ 73.9115578, 15.4355828 ], [ 73.9113593, 15.4355931 ], [ 73.9109516, 15.4362912 ], [ 73.9108872, 15.4365187 ], [ 73.9108872, 15.4367514 ], [ 73.9108443, 15.4375064 ], [ 73.9106297, 15.4377546 ], [ 73.9100075, 15.4380183 ], [ 73.9099216, 15.4381372 ], [ 73.9099109, 15.4384733 ], [ 73.9099538, 15.4385354 ], [ 73.9100289, 15.4391093 ], [ 73.9099699, 15.4393575 ], [ 73.9098197, 15.4394196 ], [ 73.9092082, 15.4393472 ], [ 73.9091116, 15.4393627 ], [ 73.908484, 15.4400866 ], [ 73.9080109, 15.4404479 ] ] ] } },
{ "type": "Feature", "properties": { "osm_id": "1327289194", "code": 7229, "fclass": "farmland", "name": null }, "geometry": { "type": "Polygon", "coordinates": [ [ [ 73.9066923, 15.4352932 ], [ 73.9076471, 15.4389645 ], [ 73.9077437, 15.4397298 ], [ 73.9079217, 15.4402081 ], [ 73.9083284, 15.4400452 ], [ 73.9089614, 15.43928 ], [ 73.9090633, 15.439161 ], [ 73.9096963, 15.4391765 ], [ 73.9097714, 15.4391093 ], [ 73.9097875, 15.4386491 ], [ 73.9095622, 15.4384113 ], [ 73.9095676, 15.4382406 ], [ 73.9097285, 15.4378321 ], [ 73.9098519, 15.4377235 ], [ 73.910383, 15.4374702 ], [ 73.9105976, 15.4371961 ], [ 73.910678, 15.4367617 ], [ 73.9106727, 15.4361723 ], [ 73.9107317, 15.4358051 ], [ 73.9107317, 15.4354587 ], [ 73.910796, 15.4353863 ], [ 73.9108014, 15.4351898 ], [ 73.910163, 15.433804 ], [ 73.9100665, 15.4327129 ], [ 73.9101362, 15.4324905 ], [ 73.9107048, 15.4311823 ], [ 73.9110428, 15.4307324 ], [ 73.9112252, 15.4301429 ], [ 73.9109731, 15.429481 ], [ 73.9110053, 15.4291604 ], [ 73.9112681, 15.428845 ], [ 73.9116061, 15.4280796 ], [ 73.9116704, 15.4274074 ], [ 73.9115685, 15.4264611 ], [ 73.9116222, 15.4261249 ], [ 73.9117348, 15.4256751 ], [ 73.911944, 15.425582 ], [ 73.9117992, 15.425251 ], [ 73.9116007, 15.4250752 ], [ 73.9119526, 15.4245624 ], [ 73.9117563, 15.4242478 ], [ 73.9112735, 15.4242064 ], [ 73.911252, 15.4245271 ], [ 73.9107799, 15.4246305 ], [ 73.910898, 15.4255199 ], [ 73.9105117, 15.4256751 ], [ 73.9103937, 15.4265955 ], [ 73.9100611, 15.4266886 ], [ 73.9099324, 15.4272885 ], [ 73.9095354, 15.4274229 ], [ 73.9094174, 15.4275884 ], [ 73.9091813, 15.4278056 ], [ 73.9093852, 15.4293362 ], [ 73.9093637, 15.4294913 ], [ 73.9092028, 15.4296568 ], [ 73.908999, 15.4297499 ], [ 73.9085591, 15.4297913 ], [ 73.9080655, 15.4297396 ], [ 73.9076579, 15.4295431 ], [ 73.9074647, 15.4296672 ], [ 73.9071858, 15.4305359 ], [ 73.9080226, 15.4332041 ], [ 73.907969, 15.4338247 ], [ 73.9075935, 15.4348795 ], [ 73.9074647, 15.4350657 ], [ 73.9072931, 15.4352105 ], [ 73.9068532, 15.4352312 ], [ 73.9066923, 15.4352932 ] ] ] } },
{ "type": "Feature", "properties": { "osm_id": "1327289195", "code": 7229, "fclass": "farmland", "name": null }, "geometry": { "type": "Polygon", "coordinates": [ [ [ 73.9034522, 15.439585 ], [ 73.9041012, 15.4399625 ], [ 73.9056838, 15.4402728 ], [ 73.9061934, 15.440371 ], [ 73.9061934, 15.4405778 ], [ 73.9068907, 15.4406554 ], [ 73.9078349, 15.4406657 ], [ 73.9075774, 15.4394403 ], [ 73.9075667, 15.439099 ], [ 73.9074165, 15.4388353 ], [ 73.9073628, 15.438494 ], [ 73.9070409, 15.4370875 ], [ 73.9068961, 15.4365342 ], [ 73.9066011, 15.4353811 ], [ 73.9040691, 15.4346417 ], [ 73.9039993, 15.4348433 ], [ 73.904171, 15.4349364 ], [ 73.9040208, 15.435438 ], [ 73.9035541, 15.4353036 ], [ 73.9035112, 15.4358258 ], [ 73.903715, 15.4359499 ], [ 73.9036667, 15.4361671 ], [ 73.9036077, 15.4364101 ], [ 73.9039457, 15.4367514 ], [ 73.9034522, 15.439585 ] ] ] } },
{ "type": "Feature", "properties": { "osm_id": "1328315074", "code": 7215, "fclass": "orchard", "name": null }, "geometry": { "type": "Polygon", "coordinates": [ [ [ 73.7629661, 15.590146 ], [ 73.7636984, 15.5903476 ], [ 73.7636604, 15.5906832 ], [ 73.7637842, 15.5906653 ], [ 73.7643233, 15.5905826 ], [ 73.764333, 15.5905139 ], [ 73.7638405, 15.5904507 ], [ 73.7638794, 15.5898941 ], [ 73.7638995, 15.5897055 ], [ 73.7640953, 15.589721 ], [ 73.7641159, 15.5894443 ], [ 73.7639049, 15.5894484 ], [ 73.7630948, 15.5893554 ], [ 73.7630304, 15.5894665 ], [ 73.7629661, 15.590146 ] ] ] } },
{ "type": "Feature", "properties": { "osm_id": "1328315075", "code": 7215, "fclass": "orchard", "name": null }, "geometry": { "type": "Polygon", "coordinates": [ [ [ 73.7609625, 15.5885649 ], [ 73.7614346, 15.5886295 ], [ 73.7614533, 15.5885494 ], [ 73.7621185, 15.5887509 ], [ 73.7620863, 15.5889292 ], [ 73.7622097, 15.5889447 ], [ 73.7622392, 15.5887819 ], [ 73.7625262, 15.5888697 ], [ 73.762553, 15.5890325 ], [ 73.7627397, 15.5890794 ], [ 73.7627942, 15.5884959 ], [ 73.7628044, 15.5884348 ], [ 73.7626511, 15.5884128 ], [ 73.7627308, 15.5879983 ], [ 73.7625959, 15.5879293 ], [ 73.762486, 15.5883582 ], [ 73.7614614, 15.588105 ], [ 73.7610805, 15.5880507 ], [ 73.7609625, 15.5885649 ] ] ] } },
{ "type": "Feature", "properties": { "osm_id": "1328315076", "code": 7229, "fclass": "farmland", "name": null }, "geometry": { "type": "Polygon", "coordinates": [ [ [ 73.7600103, 15.5901383 ], [ 73.7606406, 15.5903579 ], [ 73.7606782, 15.5899497 ], [ 73.7602249, 15.5897404 ], [ 73.7601551, 15.5897326 ], [ 73.7600103, 15.5901383 ] ] ] } },
{ "type": "Feature", "properties": { "osm_id": "1328315123", "code": 7215, "fclass": "orchard", "name": null }, "geometry": { "type": "Polygon", "coordinates": [ [ [ 73.7577358, 15.5969483 ], [ 73.7578216, 15.5971834 ], [ 73.7587539, 15.5971218 ], [ 73.7594068, 15.5970077 ], [ 73.7590777, 15.5965203 ], [ 73.7588328, 15.596057 ], [ 73.7587094, 15.5961164 ], [ 73.7584412, 15.5955326 ], [ 73.7582803, 15.5952484 ], [ 73.7579799, 15.5955248 ], [ 73.7579074, 15.5956075 ], [ 73.7578618, 15.5957367 ], [ 73.7577733, 15.5961707 ], [ 73.7577492, 15.596491 ], [ 73.757945, 15.5964575 ], [ 73.7580308, 15.5968992 ], [ 73.7577358, 15.5969483 ] ] ] } },
{ "type": "Feature", "properties": { "osm_id": "1328315235", "code": 7215, "fclass": "orchard", "name": null }, "geometry": { "type": "Polygon", "coordinates": [ [ [ 73.7568319, 15.5895208 ], [ 73.7568802, 15.5898928 ], [ 73.7568372, 15.5901253 ], [ 73.7569123, 15.5901615 ], [ 73.757025, 15.590177 ], [ 73.7571806, 15.5901357 ], [ 73.757261, 15.5892573 ], [ 73.7571323, 15.5890144 ], [ 73.7570411, 15.5889472 ], [ 73.7569392, 15.5889834 ], [ 73.7568748, 15.5892469 ], [ 73.7568319, 15.5895208 ] ] ] } },
{ "type": "Feature", "properties": { "osm_id": "1328315236", "code": 7215, "fclass": "orchard", "name": null }, "geometry": { "type": "Polygon", "coordinates": [ [ [ 73.7560701, 15.5903527 ], [ 73.7563288, 15.5904071 ], [ 73.7569419, 15.5905361 ], [ 73.7571484, 15.5905645 ], [ 73.7571591, 15.590301 ], [ 73.7567943, 15.5902235 ], [ 73.7565529, 15.5900892 ], [ 73.7564295, 15.5899497 ], [ 73.7563115, 15.5898463 ], [ 73.7561345, 15.5897456 ], [ 73.7560701, 15.5903527 ] ] ] } },
{ "type": "Feature", "properties": { "osm_id": "1328316380", "code": 7229, "fclass": "farmland", "name": null }, "geometry": { "type": "Polygon", "coordinates": [ [ [ 73.7633336, 15.5746468 ], [ 73.7634811, 15.5749155 ], [ 73.7636554, 15.574807 ], [ 73.7637091, 15.5748871 ], [ 73.7645486, 15.5744065 ], [ 73.7644386, 15.5742386 ], [ 73.7649697, 15.5740293 ], [ 73.7649053, 15.5734997 ], [ 73.7649992, 15.5734893 ], [ 73.7648919, 15.572846 ], [ 73.7650448, 15.5728124 ], [ 73.7649912, 15.5722478 ], [ 73.764326, 15.5724171 ], [ 73.7638807, 15.5728253 ], [ 73.7642643, 15.5739932 ], [ 73.7639639, 15.5743135 ], [ 73.763819, 15.5741947 ], [ 73.7633336, 15.5746468 ] ] ] } },
{ "type": "Feature", "properties": { "osm_id": "1328316381", "code": 7229, "fclass": "farmland", "name": null }, "geometry": { "type": "Polygon", "coordinates": [ [ [ 73.7652379, 15.5716213 ], [ 73.7652487, 15.572169 ], [ 73.765254, 15.5722362 ], [ 73.7663323, 15.5719417 ], [ 73.766225, 15.5713629 ], [ 73.7652379, 15.5716213 ] ] ] } },
{ "type": "Feature", "properties": { "osm_id": "1328316382", "code": 7229, "fclass": "farmland", "name": null }, "geometry": { "type": "Polygon", "coordinates": [ [ [ 73.7652111, 15.5724791 ], [ 73.7653345, 15.5730217 ], [ 73.7661231, 15.5729235 ], [ 73.7661177, 15.5728046 ], [ 73.7666917, 15.5727788 ], [ 73.7665951, 15.5719417 ], [ 73.7660694, 15.5721225 ], [ 73.7660909, 15.5722517 ], [ 73.7658656, 15.5723086 ], [ 73.765828, 15.5721845 ], [ 73.7652916, 15.5723241 ], [ 73.7653184, 15.5724584 ], [ 73.7652111, 15.5724791 ] ] ] } },
{ "type": "Feature", "properties": { "osm_id": "1328338291", "code": 7229, "fclass": "farmland", "name": null }, "geometry": { "type": "Polygon", "coordinates": [ [ [ 73.779003, 15.5978396 ], [ 73.7791025, 15.5984769 ], [ 73.7794224, 15.5985231 ], [ 73.7798989, 15.5985165 ], [ 73.7799686, 15.5980566 ], [ 73.779003, 15.5978396 ] ] ] } },
{ "type": "Feature", "properties": { "osm_id": "1328338292", "code": 7215, "fclass": "orchard", "name": null }, "geometry": { "type": "Polygon", "coordinates": [ [ [ 73.7798989, 15.5985165 ], [ 73.7805802, 15.5985268 ], [ 73.7807211, 15.5979301 ], [ 73.7804675, 15.5978499 ], [ 73.7805963, 15.5974573 ], [ 73.7802744, 15.5972557 ], [ 73.7799686, 15.5980566 ], [ 73.7798989, 15.5985165 ] ] ] } },
{ "type": "Feature", "properties": { "osm_id": "1328338293", "code": 7215, "fclass": "orchard", "name": null }, "geometry": { "type": "Polygon", "coordinates": [ [ [ 73.7876183, 15.5979584 ], [ 73.7878811, 15.5980049 ], [ 73.7879401, 15.5985371 ], [ 73.7883586, 15.5986198 ], [ 73.7890881, 15.598625 ], [ 73.7892598, 15.5986456 ], [ 73.7891418, 15.5972351 ], [ 73.7886643, 15.5972764 ], [ 73.7886804, 15.5978086 ], [ 73.7881118, 15.5978189 ], [ 73.7876236, 15.5977983 ], [ 73.7876183, 15.5979584 ] ] ] } },
{ "type": "Feature", "properties": { "osm_id": "1328338294", "code": 7215, "fclass": "orchard", "name": null }, "geometry": { "type": "Polygon", "coordinates": [ [ [ 73.7835896, 15.5984028 ], [ 73.7836003, 15.5988988 ], [ 73.7839436, 15.598904 ], [ 73.7847966, 15.5988006 ], [ 73.7851238, 15.5988885 ], [ 73.7859017, 15.5987335 ], [ 73.786658, 15.5987128 ], [ 73.7869209, 15.598563 ], [ 73.7870979, 15.5985216 ], [ 73.7877899, 15.5985423 ], [ 73.7877417, 15.5980669 ], [ 73.78757, 15.5980618 ], [ 73.7875432, 15.5982995 ], [ 73.7872374, 15.598253 ], [ 73.7872374, 15.5979636 ], [ 73.7869048, 15.5979481 ], [ 73.7869155, 15.5977104 ], [ 73.7869316, 15.5975348 ], [ 73.7864596, 15.5975244 ], [ 73.7856603, 15.5976278 ], [ 73.7854618, 15.5976484 ], [ 73.785553, 15.5983718 ], [ 73.7852687, 15.5984131 ], [ 73.7852043, 15.5979998 ], [ 73.7849468, 15.5980308 ], [ 73.7848985, 15.5977466 ], [ 73.7845015, 15.5977983 ], [ 73.7844318, 15.5971989 ], [ 73.7840348, 15.5972402 ], [ 73.7841153, 15.598222 ], [ 73.7838954, 15.5982478 ], [ 73.7838525, 15.5977518 ], [ 73.7837291, 15.5977673 ], [ 73.7837666, 15.5983976 ], [ 73.7835896, 15.5984028 ] ] ] } },
{ "type": "Feature", "properties": { "osm_id": "1328338295", "code": 7215, "fclass": "orchard", "name": null }, "geometry": { "type": "Polygon", "coordinates": [ [ [ 73.7808618, 15.5985888 ], [ 73.7817979, 15.5987076 ], [ 73.7822163, 15.5988265 ], [ 73.7824523, 15.5986715 ], [ 73.7829298, 15.5987748 ], [ 73.783257, 15.59878 ], [ 73.7834018, 15.5988988 ], [ 73.7832946, 15.5973953 ], [ 73.783021, 15.5974883 ], [ 73.7830532, 15.5982323 ], [ 73.7827045, 15.5982323 ], [ 73.7826937, 15.5979171 ], [ 73.7818891, 15.5979998 ], [ 73.7818837, 15.5981134 ], [ 73.7812346, 15.5980049 ], [ 73.7810402, 15.5979699 ], [ 73.7808618, 15.5985888 ] ] ] } },
{ "type": "Feature", "properties": { "osm_id": "1328338296", "code": 7215, "fclass": "orchard", "name": null }, "geometry": { "type": "Polygon", "coordinates": [ [ [ 73.7793356, 15.5998185 ], [ 73.7796146, 15.599865 ], [ 73.7795931, 15.6000252 ], [ 73.7798184, 15.6000613 ], [ 73.7798774, 15.5998547 ], [ 73.7802261, 15.5999425 ], [ 73.7802798, 15.599741 ], [ 73.7804514, 15.599772 ], [ 73.7802851, 15.60064 ], [ 73.7804997, 15.600702 ], [ 73.7807894, 15.5994568 ], [ 73.7811381, 15.5995447 ], [ 73.7811917, 15.5993897 ], [ 73.781417, 15.5994465 ], [ 73.7813902, 15.5996842 ], [ 73.7817389, 15.5997358 ], [ 73.7817013, 15.600392 ], [ 73.7822646, 15.6004127 ], [ 73.7822646, 15.6007485 ], [ 73.7827045, 15.6007744 ], [ 73.7827152, 15.600206 ], [ 73.7829748, 15.6002123 ], [ 73.7831678, 15.6002034 ], [ 73.7833043, 15.6001893 ], [ 73.7833965, 15.6001492 ], [ 73.7833965, 15.5996738 ], [ 73.7832838, 15.5995085 ], [ 73.7832677, 15.599028 ], [ 73.7832355, 15.5988885 ], [ 73.782962, 15.5988936 ], [ 73.7825167, 15.5987955 ], [ 73.7822807, 15.598935 ], [ 73.7817711, 15.5988368 ], [ 73.7810415, 15.5987335 ], [ 73.7801725, 15.598656 ], [ 73.7794697, 15.5986405 ], [ 73.7793356, 15.5998185 ] ] ] } },
{ "type": "Feature", "properties": { "osm_id": "1328338297", "code": 7215, "fclass": "orchard", "name": null }, "geometry": { "type": "Polygon", "coordinates": [ [ [ 73.7835091, 15.5990693 ], [ 73.7835199, 15.5996222 ], [ 73.7836486, 15.6002008 ], [ 73.7839678, 15.6001259 ], [ 73.7838525, 15.5996428 ], [ 73.783831, 15.5991106 ], [ 73.784287, 15.5990435 ], [ 73.7843513, 15.5995033 ], [ 73.784126, 15.5995498 ], [ 73.7843245, 15.60033 ], [ 73.7847644, 15.600237 ], [ 73.7846705, 15.5997797 ], [ 73.7845954, 15.5991468 ], [ 73.7851077, 15.5990904 ], [ 73.7851828, 15.5997234 ], [ 73.7851936, 15.5997875 ], [ 73.7855476, 15.5997358 ], [ 73.7855047, 15.5991261 ], [ 73.7856924, 15.5990848 ], [ 73.7858051, 15.5997978 ], [ 73.7855798, 15.5998547 ], [ 73.7856549, 15.6005005 ], [ 73.7859124, 15.6004334 ], [ 73.7864488, 15.6004153 ], [ 73.7863094, 15.5991675 ], [ 73.7864757, 15.5991494 ], [ 73.7865215, 15.5996006 ], [ 73.7868029, 15.599586 ], [ 73.7868297, 15.6004334 ], [ 73.7869906, 15.6004489 ], [ 73.7870228, 15.6000303 ], [ 73.7870872, 15.599369 ], [ 73.7876773, 15.5993845 ], [ 73.7876075, 15.6000613 ], [ 73.7878114, 15.6000717 ], [ 73.7878329, 15.59971 ], [ 73.788026, 15.5997152 ], [ 73.7880313, 15.5999632 ], [ 73.7888199, 15.6000148 ], [ 73.7888497, 15.599556 ], [ 73.788262, 15.5994723 ], [ 73.7882781, 15.5987438 ], [ 73.7878007, 15.5986611 ], [ 73.7877738, 15.5989091 ], [ 73.7875164, 15.598904 ], [ 73.7875003, 15.5986353 ], [ 73.7871569, 15.5986095 ], [ 73.7867439, 15.5987955 ], [ 73.7859875, 15.598842 ], [ 73.7851292, 15.598997 ], [ 73.784759, 15.5988885 ], [ 73.7838203, 15.598997 ], [ 73.7835091, 15.5990693 ] ] ] } },
{ "type": "Feature", "properties": { "osm_id": "1328338299", "code": 7229, "fclass": "farmland", "name": null }, "geometry": { "type": "Polygon", "coordinates": [ [ [ 73.7907028, 15.5987696 ], [ 73.7909496, 15.598811 ], [ 73.7912875, 15.5986508 ], [ 73.7913519, 15.5986818 ], [ 73.791654, 15.5990994 ], [ 73.7920382, 15.5988522 ], [ 73.7919044, 15.5987025 ], [ 73.7921351, 15.598408 ], [ 73.791368, 15.5981754 ], [ 73.7908812, 15.5982426 ], [ 73.7907028, 15.5987696 ] ] ] } },
{ "type": "Feature", "properties": { "osm_id": "1328338300", "code": 7229, "fclass": "farmland", "name": null }, "geometry": { "type": "Polygon", "coordinates": [ [ [ 73.788262, 15.5994723 ], [ 73.7888497, 15.599556 ], [ 73.789823, 15.5996945 ], [ 73.7898284, 15.5995085 ], [ 73.7901396, 15.5994878 ], [ 73.7905043, 15.5994672 ], [ 73.7905472, 15.5992967 ], [ 73.7908852, 15.5992967 ], [ 73.7909603, 15.5989195 ], [ 73.7906116, 15.5988936 ], [ 73.7900752, 15.5989556 ], [ 73.7894744, 15.5989763 ], [ 73.788777, 15.5987645 ], [ 73.7882781, 15.5987438 ], [ 73.788262, 15.5994723 ] ] ] } },
{ "type": "Feature", "properties": { "osm_id": "1328338303", "code": 7229, "fclass": "farmland", "name": null }, "geometry": { "type": "Polygon", "coordinates": [ [ [ 73.7894395, 15.5988342 ], [ 73.7897453, 15.5988316 ], [ 73.7905928, 15.5987386 ], [ 73.7908128, 15.5981548 ], [ 73.7905392, 15.5980773 ], [ 73.7898499, 15.5980979 ], [ 73.7897667, 15.5982659 ], [ 73.7894878, 15.598271 ], [ 73.7894395, 15.5988342 ] ] ] } },
{ "type": "Feature", "properties": { "osm_id": "1328340135", "code": 7215, "fclass": "orchard", "name": null }, "geometry": { "type": "Polygon", "coordinates": [ [ [ 73.7960833, 15.6023296 ], [ 73.7963676, 15.6024897 ], [ 73.7965661, 15.6021177 ], [ 73.7971562, 15.6023864 ], [ 73.7973332, 15.6020454 ], [ 73.7964266, 15.6016424 ], [ 73.7960833, 15.6023296 ] ] ] } },
{ "type": "Feature", "properties": { "osm_id": "1328340136", "code": 7215, "fclass": "orchard", "name": null }, "geometry": { "type": "Polygon", "coordinates": [ [ [ 73.7945545, 15.6013582 ], [ 73.7952143, 15.6015029 ], [ 73.7951821, 15.6017147 ], [ 73.7953913, 15.6017612 ], [ 73.7956166, 15.6011722 ], [ 73.7958366, 15.6012394 ], [ 73.7957346, 15.6015235 ], [ 73.795917, 15.6015959 ], [ 73.7960243, 15.6013737 ], [ 73.7962979, 15.6014822 ], [ 73.7963837, 15.6013117 ], [ 73.7955093, 15.6009707 ], [ 73.7946349, 15.6010017 ], [ 73.7945545, 15.6013582 ] ] ] } },
{ "type": "Feature", "properties": { "osm_id": "1328765834", "code": 7229, "fclass": "farmland", "name": null }, "geometry": { "type": "Polygon", "coordinates": [ [ [ 73.7709296, 15.6150807 ], [ 73.7711871, 15.6155534 ], [ 73.7714392, 15.6158221 ], [ 73.771702, 15.6159151 ], [ 73.7719247, 15.6162173 ], [ 73.7721956, 15.6163335 ], [ 73.7721988, 15.6163662 ], [ 73.7722318, 15.6167003 ], [ 73.772995, 15.6167008 ], [ 73.7728476, 15.6164714 ], [ 73.7725764, 15.6162431 ], [ 73.7726145, 15.6160378 ], [ 73.7726891, 15.6160106 ], [ 73.7728044, 15.6160261 ], [ 73.7727438, 15.6146464 ], [ 73.7725174, 15.6146958 ], [ 73.771753, 15.6147061 ], [ 73.7712327, 15.6149438 ], [ 73.7709296, 15.6150807 ] ] ] } },
{ "type": "Feature", "properties": { "osm_id": "1333200584", "code": 7229, "fclass": "farmland", "name": null }, "geometry": { "type": "Polygon", "coordinates": [ [ [ 73.8062342, 15.5582331 ], [ 73.8067692, 15.5582111 ], [ 73.8069409, 15.5582318 ], [ 73.807236, 15.5585367 ], [ 73.8073727, 15.5586194 ], [ 73.8075122, 15.5586762 ], [ 73.8075229, 15.5589682 ], [ 73.8075471, 15.5592266 ], [ 73.8076705, 15.5593377 ], [ 73.8079816, 15.5594152 ], [ 73.8087702, 15.5596581 ], [ 73.8088783, 15.5597294 ], [ 73.8088748, 15.5590638 ], [ 73.8089204, 15.5589217 ], [ 73.8088828, 15.5587305 ], [ 73.8088989, 15.558578 ], [ 73.8089311, 15.5582861 ], [ 73.8089365, 15.5576607 ], [ 73.8090089, 15.5575135 ], [ 73.8093254, 15.5570251 ], [ 73.8093147, 15.556883 ], [ 73.8090411, 15.5568546 ], [ 73.8090008, 15.5563688 ], [ 73.8096285, 15.5562809 ], [ 73.8096848, 15.5561905 ], [ 73.8098135, 15.5560509 ], [ 73.8098162, 15.5557951 ], [ 73.809709, 15.5558029 ], [ 73.809658, 15.5553817 ], [ 73.8080728, 15.5557822 ], [ 73.8080728, 15.5555962 ], [ 73.8066029, 15.5556479 ], [ 73.8062342, 15.5582331 ] ] ] } },
{ "type": "Feature", "properties": { "osm_id": "1333200585", "code": 7229, "fclass": "farmland", "name": null }, "geometry": { "type": "Polygon", "coordinates": [ [ [ 73.8054871, 15.563782 ], [ 73.8081399, 15.5652548 ], [ 73.808215, 15.5652651 ], [ 73.8083974, 15.565216 ], [ 73.8085261, 15.5651101 ], [ 73.8094139, 15.5637923 ], [ 73.8107364, 15.5619685 ], [ 73.8106799, 15.5615082 ], [ 73.8105512, 15.5613118 ], [ 73.810358, 15.5613066 ], [ 73.8096821, 15.5616529 ], [ 73.8095587, 15.5616787 ], [ 73.8092422, 15.5615599 ], [ 73.8089365, 15.561596 ], [ 73.8087058, 15.5604385 ], [ 73.8071984, 15.5604901 ], [ 73.8074505, 15.5598881 ], [ 73.8074505, 15.5594385 ], [ 73.8073647, 15.5593351 ], [ 73.8073191, 15.5587667 ], [ 73.8061687, 15.558713 ], [ 73.8054871, 15.563782 ] ] ] } },
{ "type": "Feature", "properties": { "osm_id": "1336404254", "code": 7215, "fclass": "orchard", "name": "Panorama Harvest Cooperative Farmer Society" }, "geometry": { "type": "Polygon", "coordinates": [ [ [ 73.7478276, 15.5713493 ], [ 73.7478641, 15.571356 ], [ 73.7480589, 15.5713919 ], [ 73.7484553, 15.5707527 ], [ 73.7478782, 15.5706567 ], [ 73.7478276, 15.5713493 ] ] ] } },
{ "type": "Feature", "properties": { "osm_id": "1338822900", "code": 7229, "fclass": "farmland", "name": null }, "geometry": { "type": "Polygon", "coordinates": [ [ [ 73.811935, 15.3955616 ], [ 73.8121417, 15.3956439 ], [ 73.8135526, 15.3958275 ], [ 73.8137001, 15.3952198 ], [ 73.8138986, 15.3942319 ], [ 73.814494, 15.3918477 ], [ 73.8129598, 15.3917959 ], [ 73.8125199, 15.3935544 ], [ 73.8126755, 15.3936061 ], [ 73.8126057, 15.3938544 ], [ 73.8121068, 15.3938285 ], [ 73.8119352, 15.394894 ], [ 73.811935, 15.3955616 ] ] ] } },
{ "type": "Feature", "properties": { "osm_id": "1340282741", "code": 7215, "fclass": "orchard", "name": null }, "geometry": { "type": "Polygon", "coordinates": [ [ [ 73.8053585, 15.5918427 ], [ 73.8063075, 15.591962 ], [ 73.806416, 15.5916052 ], [ 73.8054085, 15.5915851 ], [ 73.8053585, 15.5918427 ] ] ] } },
{ "type": "Feature", "properties": { "osm_id": "1340670528", "code": 7229, "fclass": "farmland", "name": null }, "geometry": { "type": "Polygon", "coordinates": [ [ [ 73.8240266, 15.6086794 ], [ 73.8241017, 15.6086794 ], [ 73.8242063, 15.6087672 ], [ 73.8242572, 15.6088396 ], [ 73.8245577, 15.6087672 ], [ 73.8252282, 15.6082351 ], [ 73.8251209, 15.6079716 ], [ 73.8254052, 15.6078424 ], [ 73.8255286, 15.6081162 ], [ 73.8257841, 15.6080041 ], [ 73.8253136, 15.6070387 ], [ 73.8252336, 15.6069072 ], [ 73.8250937, 15.6069789 ], [ 73.8248357, 15.607111 ], [ 73.8242143, 15.6074291 ], [ 73.8240319, 15.6086019 ], [ 73.8240266, 15.6086794 ] ] ] } },
{ "type": "Feature", "properties": { "osm_id": "1341216735", "code": 7229, "fclass": "farmland", "name": null }, "geometry": { "type": "Polygon", "coordinates": [ [ [ 73.8265221, 15.5991798 ], [ 73.8267168, 15.5991881 ], [ 73.8267249, 15.5992811 ], [ 73.8273391, 15.5993173 ], [ 73.8276178, 15.5992902 ], [ 73.8275892, 15.5987757 ], [ 73.8270253, 15.5987283 ], [ 73.8266113, 15.5987425 ], [ 73.8265221, 15.5991798 ] ] ] } },
{ "type": "Feature", "properties": { "osm_id": "1341690337", "code": 7229, "fclass": "farmland", "name": null }, "geometry": { "type": "Polygon", "coordinates": [ [ [ 73.799876, 15.5198621 ], [ 73.8001227, 15.5215678 ], [ 73.8006163, 15.5215264 ], [ 73.8010454, 15.5244416 ], [ 73.8012922, 15.5243175 ], [ 73.8043392, 15.5207201 ], [ 73.8037383, 15.5204203 ], [ 73.8035023, 15.5208855 ], [ 73.8025474, 15.5208648 ], [ 73.8023972, 15.5211853 ], [ 73.8020861, 15.5210819 ], [ 73.8020754, 15.5208958 ], [ 73.8017642, 15.5208338 ], [ 73.8017642, 15.5202445 ], [ 73.8019681, 15.5202445 ], [ 73.8019573, 15.5201318 ], [ 73.8019037, 15.5195726 ], [ 73.8004875, 15.5195933 ], [ 73.8004982, 15.5198517 ], [ 73.800246, 15.5198559 ], [ 73.799876, 15.5198621 ] ] ] } },
{ "type": "Feature", "properties": { "osm_id": "1342925384", "code": 7229, "fclass": "farmland", "name": null }, "geometry": { "type": "Polygon", "coordinates": [ [ [ 73.7812268, 15.5810778 ], [ 73.7814611, 15.5820642 ], [ 73.7817498, 15.5819308 ], [ 73.7816094, 15.5813624 ], [ 73.7817282, 15.5813406 ], [ 73.7818103, 15.5815852 ], [ 73.7818876, 15.5815571 ], [ 73.7816947, 15.58095 ], [ 73.7812268, 15.5810778 ] ] ] } },
{ "type": "Feature", "properties": { "osm_id": "1342925420", "code": 7229, "fclass": "farmland", "name": null }, "geometry": { "type": "Polygon", "coordinates": [ [ [ 73.7871784, 15.5807572 ], [ 73.78724, 15.5812314 ], [ 73.7880635, 15.5811706 ], [ 73.7879991, 15.5806487 ], [ 73.7871784, 15.5807572 ] ] ] } },
{ "type": "Feature", "properties": { "osm_id": "1342925421", "code": 7228, "fclass": "farmyard", "name": null }, "geometry": { "type": "Polygon", "coordinates": [ [ [ 73.7853821, 15.5814871 ], [ 73.7854119, 15.5816154 ], [ 73.7858907, 15.581502 ], [ 73.7858674, 15.5813634 ], [ 73.7853821, 15.5814871 ] ] ] } },
{ "type": "Feature", "properties": { "osm_id": "1346618212", "code": 7215, "fclass": "orchard", "name": null }, "geometry": { "type": "Polygon", "coordinates": [ [ [ 73.8344028, 15.5487373 ], [ 73.8346389, 15.5487729 ], [ 73.8347823, 15.5478337 ], [ 73.8349828, 15.5469772 ], [ 73.8350913, 15.5467944 ], [ 73.8352268, 15.5467839 ], [ 73.8353298, 15.5464079 ], [ 73.8347931, 15.5463296 ], [ 73.8346034, 15.5478233 ], [ 73.8344516, 15.5485858 ], [ 73.8344028, 15.5487373 ] ] ] } },
{ "type": "Feature", "properties": { "osm_id": "1346618213", "code": 7215, "fclass": "orchard", "name": null }, "geometry": { "type": "Polygon", "coordinates": [ [ [ 73.8337949, 15.5502614 ], [ 73.8340179, 15.5503093 ], [ 73.8344894, 15.5490357 ], [ 73.834316, 15.5490036 ], [ 73.8342618, 15.5490872 ], [ 73.8337949, 15.5502614 ] ] ] } },
{ "type": "Feature", "properties": { "osm_id": "1346618214", "code": 7229, "fclass": "farmland", "name": null }, "geometry": { "type": "Polygon", "coordinates": [ [ [ 73.8340179, 15.5503093 ], [ 73.8347714, 15.5503354 ], [ 73.8350858, 15.5502414 ], [ 73.8356791, 15.5492876 ], [ 73.8351346, 15.5491551 ], [ 73.8344894, 15.5490357 ], [ 73.8340179, 15.5503093 ] ] ] } },
{ "type": "Feature", "properties": { "osm_id": "1346618215", "code": 7229, "fclass": "farmland", "name": null }, "geometry": { "type": "Polygon", "coordinates": [ [ [ 73.8328415, 15.5491551 ], [ 73.8328415, 15.5496773 ], [ 73.832912, 15.5503197 ], [ 73.8335029, 15.5503459 ], [ 73.8337949, 15.5502614 ], [ 73.8342618, 15.5490872 ], [ 73.833492, 15.5488469 ], [ 73.832912, 15.5486694 ], [ 73.8328415, 15.5491551 ] ] ] } },
{ "type": "Feature", "properties": { "osm_id": "1347262867", "code": 7229, "fclass": "farmland", "name": null }, "geometry": { "type": "Polygon", "coordinates": [ [ [ 73.8925195, 15.3602805 ], [ 73.8925624, 15.3613564 ], [ 73.8935494, 15.361253 ], [ 73.8943648, 15.3592252 ], [ 73.895781, 15.3566388 ], [ 73.8967252, 15.3571561 ], [ 73.8970041, 15.3567836 ], [ 73.8986993, 15.3569492 ], [ 73.8988924, 15.356556 ], [ 73.8994932, 15.356556 ], [ 73.8997078, 15.3556249 ], [ 73.9009738, 15.3555835 ], [ 73.9011669, 15.3550042 ], [ 73.9041281, 15.3555628 ], [ 73.9038491, 15.356525 ], [ 73.9072287, 15.3580458 ], [ 73.9085805, 15.3589045 ], [ 73.9093745, 15.3592563 ], [ 73.909868, 15.3594942 ], [ 73.9103615, 15.3590287 ], [ 73.9122713, 15.3603632 ], [ 73.913151, 15.3611081 ], [ 73.9135587, 15.3616461 ], [ 73.9123356, 15.3619151 ], [ 73.9121318, 15.3637876 ], [ 73.9132905, 15.3642221 ], [ 73.913902, 15.3640049 ], [ 73.9154363, 15.3662084 ], [ 73.9160371, 15.3660326 ], [ 73.9154255, 15.3638807 ], [ 73.9146799, 15.3614599 ], [ 73.9146207, 15.3609902 ], [ 73.9142365, 15.3603974 ], [ 73.9136601, 15.3599528 ], [ 73.9134636, 15.3597001 ], [ 73.9128882, 15.359727 ], [ 73.9127326, 15.35907 ], [ 73.912797, 15.3589873 ], [ 73.9125448, 15.3586407 ], [ 73.9117938, 15.3564526 ], [ 73.9113352, 15.3548979 ], [ 73.9109168, 15.3539618 ], [ 73.9095086, 15.3493888 ], [ 73.909817, 15.3491043 ], [ 73.9091358, 15.3481809 ], [ 73.9086654, 15.3467508 ], [ 73.9073735, 15.3465049 ], [ 73.9073574, 15.3464428 ], [ 73.9050937, 15.3461996 ], [ 73.9038706, 15.3460393 ], [ 73.9021539, 15.3485483 ], [ 73.900094, 15.3524177 ], [ 73.9004802, 15.3525625 ], [ 73.8997507, 15.354342 ], [ 73.8980984, 15.3541558 ], [ 73.8976908, 15.3545696 ], [ 73.8970685, 15.354611 ], [ 73.8962102, 15.3559353 ], [ 73.8953519, 15.3562871 ], [ 73.893249, 15.3595149 ], [ 73.8925195, 15.3602805 ] ] ] } },
{ "type": "Feature", "properties": { "osm_id": "1347262894", "code": 7229, "fclass": "farmland", "name": null }, "geometry": { "type": "Polygon", "coordinates": [ [ [ 73.9039659, 15.3458646 ], [ 73.9042139, 15.3458789 ], [ 73.9098787, 15.346479 ], [ 73.9082265, 15.341492 ], [ 73.9077866, 15.3393606 ], [ 73.9077437, 15.3367533 ], [ 73.9075419, 15.3366795 ], [ 73.9062545, 15.3403423 ], [ 73.905246, 15.3434876 ], [ 73.9043233, 15.3453086 ], [ 73.9039659, 15.3458646 ] ] ] } },
{ "type": "Feature", "properties": { "osm_id": "1349165159", "code": 7229, "fclass": "farmland", "name": null }, "geometry": { "type": "Polygon", "coordinates": [ [ [ 73.8563526, 15.491659 ], [ 73.8564867, 15.4929773 ], [ 73.8601237, 15.4913799 ], [ 73.8606387, 15.4908526 ], [ 73.8599521, 15.490987 ], [ 73.8595068, 15.4897411 ], [ 73.8579029, 15.4896739 ], [ 73.8579082, 15.4900255 ], [ 73.8576615, 15.4900358 ], [ 73.8576427, 15.4901521 ], [ 73.856838, 15.4900539 ], [ 73.8567576, 15.4904261 ], [ 73.8575649, 15.4905579 ], [ 73.857522, 15.4909043 ], [ 73.8568461, 15.490987 ], [ 73.8568354, 15.4913023 ], [ 73.856433, 15.4913385 ], [ 73.8563526, 15.491659 ] ] ] } },
{ "type": "Feature", "properties": { "osm_id": "1349165160", "code": 7215, "fclass": "orchard", "name": null }, "geometry": { "type": "Polygon", "coordinates": [ [ [ 73.8601237, 15.4896117 ], [ 73.8603383, 15.4904701 ], [ 73.8606924, 15.4903977 ], [ 73.8604939, 15.4895292 ], [ 73.8601237, 15.4896117 ] ] ] } },
{ "type": "Feature", "properties": { "osm_id": "1349165162", "code": 7215, "fclass": "orchard", "name": null }, "geometry": { "type": "Polygon", "coordinates": [ [ [ 73.8571787, 15.4899324 ], [ 73.8576615, 15.4900358 ], [ 73.8579082, 15.4900255 ], [ 73.8579029, 15.4896739 ], [ 73.8595068, 15.4897411 ], [ 73.8599521, 15.490987 ], [ 73.8606387, 15.4908526 ], [ 73.8606924, 15.4903977 ], [ 73.8603383, 15.4904701 ], [ 73.8600433, 15.4905631 ], [ 73.8597751, 15.4896894 ], [ 73.8601237, 15.4896117 ], [ 73.8604939, 15.4895292 ], [ 73.8604134, 15.4892242 ], [ 73.8600057, 15.4885366 ], [ 73.8596195, 15.4887796 ], [ 73.8597321, 15.4891466 ], [ 73.8593781, 15.4891415 ], [ 73.8593674, 15.4889192 ], [ 73.8588363, 15.4888778 ], [ 73.8588041, 15.4890794 ], [ 73.8580799, 15.4890071 ], [ 73.858155, 15.488671 ], [ 73.858906, 15.4887693 ], [ 73.8589382, 15.4885883 ], [ 73.8586593, 15.4885418 ], [ 73.8586807, 15.4883712 ], [ 73.8591099, 15.4884229 ], [ 73.8592547, 15.4879421 ], [ 73.8584125, 15.487756 ], [ 73.8583589, 15.4878646 ], [ 73.8579404, 15.4877612 ], [ 73.8571787, 15.4899324 ] ] ] } },
{ "type": "Feature", "properties": { "osm_id": "18515390", "code": 7229, "fclass": "farmland", "name": null }, "geometry": { "type": "Polygon", "coordinates": [ [ [ 73.856492, 15.4931117 ], [ 73.8568139, 15.4954017 ], [ 73.8571519, 15.4954379 ], [ 73.8571089, 15.4957688 ], [ 73.8589811, 15.4962495 ], [ 73.8599145, 15.4965235 ], [ 73.8601667, 15.4964305 ], [ 73.860333, 15.4962909 ], [ 73.8604081, 15.4961203 ], [ 73.8603973, 15.4960066 ], [ 73.8603598, 15.4958618 ], [ 73.8603598, 15.4957171 ], [ 73.860392, 15.4956499 ], [ 73.8606334, 15.495469 ], [ 73.8606816, 15.4954069 ], [ 73.8606924, 15.4952622 ], [ 73.8607567, 15.4952208 ], [ 73.8608962, 15.4951743 ], [ 73.8609874, 15.4951174 ], [ 73.8610572, 15.4949882 ], [ 73.8610786, 15.4949107 ], [ 73.8611162, 15.4944764 ], [ 73.8610786, 15.4944196 ], [ 73.8609445, 15.494342 ], [ 73.8604027, 15.4942593 ], [ 73.8602954, 15.4941559 ], [ 73.8602686, 15.4940835 ], [ 73.8600326, 15.4937113 ], [ 73.8599521, 15.49367 ], [ 73.8597643, 15.4935252 ], [ 73.8593674, 15.4933185 ], [ 73.8591742, 15.4931841 ], [ 73.8590133, 15.493029 ], [ 73.8589919, 15.4929566 ], [ 73.8590294, 15.4928946 ], [ 73.8591689, 15.4928584 ], [ 73.8596785, 15.4928791 ], [ 73.8598233, 15.4929307 ], [ 73.8598341, 15.4926878 ], [ 73.8600272, 15.4926878 ], [ 73.8598823, 15.4916177 ], [ 73.8591903, 15.4918917 ], [ 73.856492, 15.4931117 ] ] ] } },
{ "type": "Feature", "properties": { "osm_id": "1349165166", "code": 7229, "fclass": "farmland", "name": null }, "geometry": { "type": "Polygon", "coordinates": [ [ [ 73.8530883, 15.4948615 ], [ 73.8562989, 15.4955904 ], [ 73.8567495, 15.4957016 ], [ 73.8564464, 15.4933934 ], [ 73.8558322, 15.493564 ], [ 73.8530883, 15.4948615 ] ] ] } },
{ "type": "Feature", "properties": { "osm_id": "1349165167", "code": 7229, "fclass": "farmland", "name": null }, "geometry": { "type": "Polygon", "coordinates": [ [ [ 73.8556203, 15.4931091 ], [ 73.8557383, 15.493489 ], [ 73.856374, 15.4930548 ], [ 73.856205, 15.492251 ], [ 73.8556203, 15.4931091 ] ] ] } },
{ "type": "Feature", "properties": { "osm_id": "1349165168", "code": 7229, "fclass": "farmland", "name": null }, "geometry": { "type": "Polygon", "coordinates": [ [ [ 73.8513851, 15.4942335 ], [ 73.8529837, 15.4948435 ], [ 73.8552153, 15.4937062 ], [ 73.8550597, 15.4934477 ], [ 73.8547325, 15.4934063 ], [ 73.8533378, 15.4929204 ], [ 73.8527369, 15.4923414 ], [ 73.8520181, 15.4920209 ], [ 73.8518206, 15.492637 ], [ 73.8518131, 15.4926604 ], [ 73.8517231, 15.4929411 ], [ 73.8518143, 15.4929566 ], [ 73.8513851, 15.4942335 ] ] ] } },
{ "type": "Feature", "properties": { "osm_id": "1349170740", "code": 7215, "fclass": "orchard", "name": null }, "geometry": { "type": "Polygon", "coordinates": [ [ [ 73.9093423, 15.4992323 ], [ 73.9098734, 15.4994442 ], [ 73.9098465, 15.4996096 ], [ 73.9102918, 15.4997233 ], [ 73.9106405, 15.4996148 ], [ 73.9111769, 15.4996045 ], [ 73.9111286, 15.4994235 ], [ 73.9113003, 15.4994029 ], [ 73.9111501, 15.4988135 ], [ 73.9107102, 15.4981467 ], [ 73.9108604, 15.498033 ], [ 73.9104044, 15.4976349 ], [ 73.9101148, 15.497697 ], [ 73.9102596, 15.4979709 ], [ 73.9098304, 15.4982191 ], [ 73.909564, 15.4985069 ], [ 73.9093423, 15.4992323 ] ] ] } },
{ "type": "Feature", "properties": { "osm_id": "1349170741", "code": 7215, "fclass": "orchard", "name": null }, "geometry": { "type": "Polygon", "coordinates": [ [ [ 73.9155275, 15.5002661 ], [ 73.915632, 15.5004626 ], [ 73.916495, 15.4999867 ], [ 73.9163053, 15.499651 ], [ 73.915903, 15.4997027 ], [ 73.9158869, 15.5000645 ], [ 73.9155275, 15.5002661 ] ] ] } },
{ "type": "Feature", "properties": { "osm_id": "1349170750", "code": 7215, "fclass": "orchard", "name": null }, "geometry": { "type": "Polygon", "coordinates": [ [ [ 73.9085219, 15.5035426 ], [ 73.9089346, 15.5037916 ], [ 73.9097795, 15.504156 ], [ 73.9097178, 15.504655 ], [ 73.910457, 15.5047921 ], [ 73.9104125, 15.5051304 ], [ 73.910747, 15.5052823 ], [ 73.9110692, 15.5043234 ], [ 73.9108588, 15.5042393 ], [ 73.9101927, 15.5038002 ], [ 73.9100289, 15.5036804 ], [ 73.9099415, 15.5035355 ], [ 73.9098633, 15.5029894 ], [ 73.9094871, 15.5030369 ], [ 73.9095032, 15.503316 ], [ 73.9085269, 15.503378 ], [ 73.9085219, 15.5035426 ] ] ] } },
{ "type": "Feature", "properties": { "osm_id": "1349170763", "code": 7215, "fclass": "orchard", "name": null }, "geometry": { "type": "Polygon", "coordinates": [ [ [ 73.9158064, 15.504523 ], [ 73.915903, 15.5053527 ], [ 73.9160773, 15.5053527 ], [ 73.9161578, 15.505531 ], [ 73.9168444, 15.5055181 ], [ 73.9174211, 15.505469 ], [ 73.9173648, 15.5050348 ], [ 73.9172628, 15.5048952 ], [ 73.9166835, 15.5047634 ], [ 73.9162449, 15.504589 ], [ 73.9160263, 15.5044907 ], [ 73.9158064, 15.504523 ] ] ] } },
{ "type": "Feature", "properties": { "osm_id": "18515668", "code": 7228, "fclass": "farmyard", "name": "Governnment Poultry Farm" }, "geometry": { "type": "MultiPolygon", "coordinates": [ [ [ [ 73.9177921, 15.4943175 ], [ 73.918663, 15.4945617 ], [ 73.9193952, 15.4947814 ], [ 73.9194113, 15.4937165 ], [ 73.918771, 15.4937768 ], [ 73.9183679, 15.4938147 ], [ 73.9181238, 15.4938871 ], [ 73.91792, 15.4940086 ], [ 73.9177921, 15.4943175 ] ] ], [ [ [ 73.9184564, 15.4928274 ], [ 73.9187032, 15.4928842 ], [ 73.9186227, 15.493639 ], [ 73.9186174, 15.4936855 ], [ 73.9186952, 15.4936743 ], [ 73.9194059, 15.4935718 ], [ 73.9194274, 15.4927757 ], [ 73.9195883, 15.4918762 ], [ 73.9189124, 15.491566 ], [ 73.9187032, 15.4914294 ], [ 73.9185369, 15.4922949 ], [ 73.9184564, 15.4928274 ] ] ] ] } },
{ "type": "Feature", "properties": { "osm_id": "1349180215", "code": 7215, "fclass": "orchard", "name": null }, "geometry": { "type": "Polygon", "coordinates": [ [ [ 73.9177698, 15.4923621 ], [ 73.9180916, 15.493701 ], [ 73.9186227, 15.493639 ], [ 73.9187032, 15.4928842 ], [ 73.9184564, 15.4928274 ], [ 73.9185369, 15.4922949 ], [ 73.9177751, 15.492145 ], [ 73.9177698, 15.4923621 ] ] ] } },
{ "type": "Feature", "properties": { "osm_id": "1349180216", "code": 7229, "fclass": "farmland", "name": null }, "geometry": { "type": "Polygon", "coordinates": [ [ [ 73.9159673, 15.4946005 ], [ 73.9166111, 15.4947504 ], [ 73.9172441, 15.4949623 ], [ 73.9174131, 15.4947607 ], [ 73.9177242, 15.4940939 ], [ 73.9178905, 15.4938535 ], [ 73.917987, 15.4937889 ], [ 73.9178181, 15.493029 ], [ 73.9167613, 15.4931479 ], [ 73.916595, 15.4921346 ], [ 73.9164072, 15.4921553 ], [ 73.9163428, 15.4922742 ], [ 73.9159834, 15.4939026 ], [ 73.9161229, 15.493944 ], [ 73.9159673, 15.4946005 ] ] ] } },
{ "type": "Feature", "properties": { "osm_id": "1349180218", "code": 7215, "fclass": "orchard", "name": null }, "geometry": { "type": "Polygon", "coordinates": [ [ [ 73.9191377, 15.4896843 ], [ 73.9194488, 15.4905269 ], [ 73.9197197, 15.4918064 ], [ 73.9197117, 15.4918968 ], [ 73.9196312, 15.4926154 ], [ 73.9203232, 15.4926413 ], [ 73.920393, 15.4921863 ], [ 73.920216, 15.4921502 ], [ 73.9202481, 15.4919175 ], [ 73.9203876, 15.4919175 ], [ 73.9204091, 15.491597 ], [ 73.92057, 15.491597 ], [ 73.9199209, 15.4897101 ], [ 73.9191377, 15.4896843 ] ] ] } },
{ "type": "Feature", "properties": { "osm_id": "1349180222", "code": 7215, "fclass": "orchard", "name": null }, "geometry": { "type": "Polygon", "coordinates": [ [ [ 73.9153075, 15.4963064 ], [ 73.9157742, 15.4964563 ], [ 73.9164019, 15.4959652 ], [ 73.9171046, 15.4950502 ], [ 73.9165091, 15.4948693 ], [ 73.9157367, 15.494709 ], [ 73.9153075, 15.4963064 ] ] ] } },
{ "type": "Feature", "properties": { "osm_id": "1349180223", "code": 7229, "fclass": "farmland", "name": null }, "geometry": { "type": "Polygon", "coordinates": [ [ [ 73.9139396, 15.4976039 ], [ 73.9145726, 15.4980071 ], [ 73.9149857, 15.4977228 ], [ 73.9151573, 15.4973971 ], [ 73.9144224, 15.497118 ], [ 73.9139396, 15.4976039 ] ] ] } },
{ "type": "Feature", "properties": { "osm_id": "1349180224", "code": 7229, "fclass": "farmland", "name": null }, "geometry": { "type": "Polygon", "coordinates": [ [ [ 73.9153343, 15.4992633 ], [ 73.9163053, 15.4991702 ], [ 73.9167559, 15.4990927 ], [ 73.9164609, 15.4984724 ], [ 73.9163053, 15.4985602 ], [ 73.9161444, 15.4989531 ], [ 73.9157635, 15.4989531 ], [ 73.9153343, 15.4992633 ] ] ] } },
{ "type": "Feature", "properties": { "osm_id": "1349180225", "code": 7229, "fclass": "farmland", "name": null }, "geometry": { "type": "Polygon", "coordinates": [ [ [ 73.9166218, 15.4984362 ], [ 73.9167023, 15.4986636 ], [ 73.9173889, 15.498338 ], [ 73.9172924, 15.4980226 ], [ 73.9166218, 15.4984362 ] ] ] } },
{ "type": "Feature", "properties": { "osm_id": "1349180229", "code": 7229, "fclass": "farmland", "name": null }, "geometry": { "type": "Polygon", "coordinates": [ [ [ 73.916713, 15.4987334 ], [ 73.9168632, 15.4990953 ], [ 73.9185718, 15.498767 ], [ 73.9195266, 15.4985861 ], [ 73.919363, 15.4982578 ], [ 73.9191484, 15.4977667 ], [ 73.9186442, 15.4980743 ], [ 73.9174023, 15.4984517 ], [ 73.916713, 15.4987334 ] ] ] } },
{ "type": "Feature", "properties": { "osm_id": "1349180230", "code": 7229, "fclass": "farmland", "name": null }, "geometry": { "type": "Polygon", "coordinates": [ [ [ 73.9181346, 15.4975574 ], [ 73.918325, 15.4980459 ], [ 73.9189634, 15.4977797 ], [ 73.9188936, 15.4975884 ], [ 73.9190197, 15.4975186 ], [ 73.9189526, 15.4973635 ], [ 73.9191511, 15.4972653 ], [ 73.9190063, 15.4970534 ], [ 73.9181346, 15.4975574 ] ] ] } },
{ "type": "Feature", "properties": { "osm_id": "1349180233", "code": 7229, "fclass": "farmland", "name": null }, "geometry": { "type": "Polygon", "coordinates": [ [ [ 73.9145082, 15.4992323 ], [ 73.9153343, 15.4992633 ], [ 73.9157635, 15.4989531 ], [ 73.9161444, 15.4989531 ], [ 73.9163053, 15.4985602 ], [ 73.9156616, 15.4982346 ], [ 73.9145082, 15.4992323 ] ] ] } },
{ "type": "Feature", "properties": { "osm_id": "1349188945", "code": 7215, "fclass": "orchard", "name": null }, "geometry": { "type": "Polygon", "coordinates": [ [ [ 73.9171797, 15.5006435 ], [ 73.917346, 15.5007986 ], [ 73.9171856, 15.5010175 ], [ 73.9178985, 15.5013155 ], [ 73.9190251, 15.5005608 ], [ 73.9183867, 15.4994545 ], [ 73.9182472, 15.4995269 ], [ 73.9181453, 15.4993925 ], [ 73.9176491, 15.4996174 ], [ 73.9178985, 15.5000955 ], [ 73.9171797, 15.5006435 ] ] ] } },
{ "type": "Feature", "properties": { "osm_id": "1349188949", "code": 7215, "fclass": "orchard", "name": null }, "geometry": { "type": "Polygon", "coordinates": [ [ [ 73.9186066, 15.508573 ], [ 73.9188373, 15.5086557 ], [ 73.9193523, 15.5088728 ], [ 73.9200916, 15.5092006 ], [ 73.9202911, 15.5087178 ], [ 73.919937, 15.5085627 ], [ 73.919996, 15.5084128 ], [ 73.919481, 15.5081957 ], [ 73.919583, 15.5080044 ], [ 73.919186, 15.5078649 ], [ 73.9190894, 15.508082 ], [ 73.918848, 15.5080923 ], [ 73.9186066, 15.508573 ] ] ] } },
{ "type": "Feature", "properties": { "osm_id": "1349188951", "code": 7215, "fclass": "orchard", "name": null }, "geometry": { "type": "Polygon", "coordinates": [ [ [ 73.9176357, 15.5055388 ], [ 73.9176679, 15.5057714 ], [ 73.9178824, 15.5062418 ], [ 73.9183867, 15.5066295 ], [ 73.9188676, 15.5065412 ], [ 73.9188963, 15.506309 ], [ 73.9189902, 15.5061177 ], [ 73.9189929, 15.5056008 ], [ 73.9190599, 15.5049288 ], [ 73.9187729, 15.5049857 ], [ 73.9180917, 15.5049934 ], [ 73.9179388, 15.5048616 ], [ 73.9177644, 15.5048693 ], [ 73.9176813, 15.5048874 ], [ 73.9177322, 15.5052234 ], [ 73.9181158, 15.5052389 ], [ 73.9181024, 15.5055077 ], [ 73.9176357, 15.5055388 ] ] ] } },
{ "type": "Feature", "properties": { "osm_id": "1349188952", "code": 7215, "fclass": "orchard", "name": null }, "geometry": { "type": "Polygon", "coordinates": [ [ [ 73.9152431, 15.502339 ], [ 73.9154845, 15.5030989 ], [ 73.9154899, 15.5032953 ], [ 73.915624, 15.5035486 ], [ 73.9157689, 15.5037916 ], [ 73.9159512, 15.5041276 ], [ 73.9162356, 15.5041638 ], [ 73.9165735, 15.5043757 ], [ 73.9165467, 15.5045618 ], [ 73.9171743, 15.5047013 ], [ 73.917228, 15.5045101 ], [ 73.9174855, 15.5044997 ], [ 73.9174855, 15.50466 ], [ 73.9187794, 15.5045252 ], [ 73.9187568, 15.5043085 ], [ 73.9187476, 15.5039866 ], [ 73.9176035, 15.5038898 ], [ 73.9172602, 15.5037864 ], [ 73.9171046, 15.503988 ], [ 73.9169276, 15.5038898 ], [ 73.9169651, 15.5036675 ], [ 73.916477, 15.5033832 ], [ 73.9161712, 15.5030989 ], [ 73.9155784, 15.5021994 ], [ 73.9152431, 15.502339 ] ] ] } },
{ "type": "Feature", "properties": { "osm_id": "1349204165", "code": 7215, "fclass": "orchard", "name": null }, "geometry": { "type": "Polygon", "coordinates": [ [ [ 73.9061475, 15.5015028 ], [ 73.9066629, 15.5027727 ], [ 73.9076678, 15.5025098 ], [ 73.9091277, 15.5020857 ], [ 73.9088756, 15.5012277 ], [ 73.9077491, 15.500995 ], [ 73.9077061, 15.5010544 ], [ 73.9078537, 15.5013827 ], [ 73.9080441, 15.5019513 ], [ 73.9077383, 15.5020366 ], [ 73.9076663, 15.5018523 ], [ 73.9069558, 15.50205 ], [ 73.9066468, 15.5013056 ], [ 73.9061475, 15.5015028 ] ] ] } },
{ "type": "Feature", "properties": { "osm_id": "1349252610", "code": 7215, "fclass": "orchard", "name": null }, "geometry": { "type": "Polygon", "coordinates": [ [ [ 73.9167076, 15.4995838 ], [ 73.9168471, 15.4998397 ], [ 73.9168658, 15.499868 ], [ 73.9176571, 15.499408 ], [ 73.9176357, 15.4993718 ], [ 73.9167076, 15.4995838 ] ] ] } },
{ "type": "Feature", "properties": { "osm_id": "1349252622", "code": 7215, "fclass": "orchard", "name": null }, "geometry": { "type": "Polygon", "coordinates": [ [ [ 73.9108749, 15.5053047 ], [ 73.9119047, 15.5056299 ], [ 73.9119445, 15.505647 ], [ 73.9122495, 15.504756 ], [ 73.9111528, 15.5043886 ], [ 73.9108749, 15.5053047 ] ] ] } },
{ "type": "Feature", "properties": { "osm_id": "1349269972", "code": 7215, "fclass": "orchard", "name": null }, "geometry": { "type": "Polygon", "coordinates": [ [ [ 73.9120352, 15.5056861 ], [ 73.9131618, 15.506433 ], [ 73.9133537, 15.5064519 ], [ 73.9134413, 15.5060466 ], [ 73.9137451, 15.5052189 ], [ 73.9123658, 15.504792 ], [ 73.9120352, 15.5056861 ] ] ] } },
{ "type": "Feature", "properties": { "osm_id": "1349274999", "code": 7215, "fclass": "orchard", "name": null }, "geometry": { "type": "Polygon", "coordinates": [ [ [ 73.9137733, 15.5044584 ], [ 73.9138108, 15.504766 ], [ 73.9138538, 15.5049701 ], [ 73.9145029, 15.5049882 ], [ 73.9144921, 15.5050813 ], [ 73.915152, 15.5052183 ], [ 73.9151144, 15.5053527 ], [ 73.9156616, 15.5055052 ], [ 73.915903, 15.5053527 ], [ 73.9158064, 15.504523 ], [ 73.9148167, 15.5045566 ], [ 73.914696, 15.5046858 ], [ 73.9142776, 15.504753 ], [ 73.9140442, 15.504766 ], [ 73.9139825, 15.5044325 ], [ 73.9137733, 15.5044584 ] ] ] } },
{ "type": "Feature", "properties": { "osm_id": "1349275001", "code": 7215, "fclass": "orchard", "name": null }, "geometry": { "type": "Polygon", "coordinates": [ [ [ 73.9134541, 15.5065984 ], [ 73.9146557, 15.5072317 ], [ 73.9148891, 15.5066863 ], [ 73.9152405, 15.5067949 ], [ 73.9150071, 15.5075366 ], [ 73.9158574, 15.5077331 ], [ 73.9158922, 15.5075909 ], [ 73.916375, 15.507702 ], [ 73.9166889, 15.5058282 ], [ 73.9168739, 15.5058696 ], [ 73.9168444, 15.5055181 ], [ 73.9161578, 15.505531 ], [ 73.9161658, 15.5063193 ], [ 73.9158332, 15.5062211 ], [ 73.9146718, 15.5058928 ], [ 73.9146101, 15.5059962 ], [ 73.9143855, 15.5059483 ], [ 73.9136848, 15.5057455 ], [ 73.9135936, 15.5060479 ], [ 73.9134541, 15.5065984 ] ] ] } },
{ "type": "Feature", "properties": { "osm_id": "1351563273", "code": 7229, "fclass": "farmland", "name": null }, "geometry": { "type": "Polygon", "coordinates": [ [ [ 73.74701, 15.5783343 ], [ 73.7474227, 15.5785095 ], [ 73.7476641, 15.5785766 ], [ 73.747656, 15.5783751 ], [ 73.7476462, 15.5782703 ], [ 73.74701, 15.5783343 ] ] ] } },
{ "type": "Feature", "properties": { "osm_id": "1355308598", "code": 7215, "fclass": "orchard", "name": null }, "geometry": { "type": "Polygon", "coordinates": [ [ [ 73.7687568, 15.6266242 ], [ 73.7692514, 15.6266626 ], [ 73.7692563, 15.6263903 ], [ 73.7687777, 15.626371 ], [ 73.7687568, 15.6266242 ] ] ] } },
{ "type": "Feature", "properties": { "osm_id": "1355403064", "code": 7215, "fclass": "orchard", "name": null }, "geometry": { "type": "Polygon", "coordinates": [ [ [ 73.7707633, 15.630458 ], [ 73.7711583, 15.6305076 ], [ 73.7712166, 15.6301506 ], [ 73.7714419, 15.6291587 ], [ 73.7711629, 15.6291251 ], [ 73.7713212, 15.6281513 ], [ 73.7714016, 15.6277587 ], [ 73.7711495, 15.6276528 ], [ 73.7711307, 15.6278491 ], [ 73.7711388, 15.6284458 ], [ 73.7710208, 15.6293938 ], [ 73.7707633, 15.630458 ] ] ] } },
{ "type": "Feature", "properties": { "osm_id": "1355403065", "code": 7215, "fclass": "orchard", "name": null }, "geometry": { "type": "Polygon", "coordinates": [ [ [ 73.7691781, 15.6299879 ], [ 73.7694758, 15.6300421 ], [ 73.7700927, 15.6301609 ], [ 73.7701893, 15.6297941 ], [ 73.770774, 15.6298975 ], [ 73.7709323, 15.6293602 ], [ 73.7710395, 15.6283476 ], [ 73.7705138, 15.6284329 ], [ 73.7695697, 15.6282495 ], [ 73.7693712, 15.6290347 ], [ 73.7691781, 15.6299879 ] ] ] } },
{ "type": "Feature", "properties": { "osm_id": "1355422996", "code": 7229, "fclass": "farmland", "name": null }, "geometry": { "type": "Polygon", "coordinates": [ [ [ 73.7557644, 15.6277122 ], [ 73.7558126, 15.6280609 ], [ 73.7561506, 15.629275 ], [ 73.7563062, 15.6295953 ], [ 73.7565047, 15.6296288 ], [ 73.7574944, 15.6295901 ], [ 73.7575346, 15.6297322 ], [ 73.7580362, 15.6297477 ], [ 73.7581301, 15.629665 ], [ 73.7583044, 15.6295823 ], [ 73.758527, 15.629293 ], [ 73.7585565, 15.6286628 ], [ 73.7584814, 15.6284768 ], [ 73.758342, 15.6278414 ], [ 73.7582481, 15.6273971 ], [ 73.7578806, 15.6273609 ], [ 73.7578193, 15.6271109 ], [ 73.7577262, 15.6272451 ], [ 73.7573519, 15.6272858 ], [ 73.7572829, 15.6272232 ], [ 73.7569011, 15.6272619 ], [ 73.75673, 15.6273428 ], [ 73.7558395, 15.627627 ], [ 73.7557644, 15.6277122 ] ] ] } },
{ "type": "Feature", "properties": { "osm_id": "1355691853", "code": 7229, "fclass": "farmland", "name": null }, "geometry": { "type": "Polygon", "coordinates": [ [ [ 73.8231871, 15.5929388 ], [ 73.8233265, 15.5931403 ], [ 73.8234419, 15.5925952 ], [ 73.8235277, 15.5922309 ], [ 73.8233635, 15.5921448 ], [ 73.8231871, 15.5929388 ] ] ] } },
{ "type": "Feature", "properties": { "osm_id": "1355691879", "code": 7215, "fclass": "orchard", "name": null }, "geometry": { "type": "Polygon", "coordinates": [ [ [ 73.8166113, 15.6001001 ], [ 73.8167988, 15.6007522 ], [ 73.8170958, 15.6005703 ], [ 73.8175142, 15.6003248 ], [ 73.8174283, 15.5999503 ], [ 73.8169537, 15.6000373 ], [ 73.8166113, 15.6001001 ] ] ] } },
{ "type": "Feature", "properties": { "osm_id": "1355691880", "code": 7229, "fclass": "farmland", "name": null }, "geometry": { "type": "Polygon", "coordinates": [ [ [ 73.8160229, 15.600578 ], [ 73.8160497, 15.6010818 ], [ 73.8164306, 15.600888 ], [ 73.8164701, 15.6009735 ], [ 73.8167988, 15.6007522 ], [ 73.8166113, 15.6001001 ], [ 73.8165727, 15.5999658 ], [ 73.8162294, 15.6000148 ], [ 73.8162401, 15.6004747 ], [ 73.8160229, 15.600578 ] ] ] } },
{ "type": "Feature", "properties": { "osm_id": "1356107249", "code": 7215, "fclass": "orchard", "name": null }, "geometry": { "type": "Polygon", "coordinates": [ [ [ 73.7938012, 15.6350611 ], [ 73.7945436, 15.6352123 ], [ 73.7956203, 15.6339249 ], [ 73.7943659, 15.6333729 ], [ 73.7938012, 15.6350611 ] ] ] } },
{ "type": "Feature", "properties": { "osm_id": "1356312692", "code": 7215, "fclass": "orchard", "name": null }, "geometry": { "type": "Polygon", "coordinates": [ [ [ 73.8267839, 15.541079 ], [ 73.8268322, 15.5412934 ], [ 73.8268467, 15.5413437 ], [ 73.8268644, 15.5414046 ], [ 73.8271299, 15.5419291 ], [ 73.8271058, 15.5425157 ], [ 73.8272184, 15.5425674 ], [ 73.8278514, 15.5414769 ], [ 73.8267839, 15.541079 ] ] ] } },
{ "type": "Feature", "properties": { "osm_id": "1356312725", "code": 7229, "fclass": "farmland", "name": null }, "geometry": { "type": "Polygon", "coordinates": [ [ [ 73.815663, 15.5683836 ], [ 73.8157868, 15.5697145 ], [ 73.8161409, 15.5705516 ], [ 73.8165378, 15.5710787 ], [ 73.8166988, 15.571673 ], [ 73.81782, 15.5716133 ], [ 73.8178736, 15.570257 ], [ 73.8181311, 15.5691305 ], [ 73.817718, 15.5687533 ], [ 73.817777, 15.5677249 ], [ 73.8179219, 15.5672082 ], [ 73.8180506, 15.567203 ], [ 73.8180828, 15.56711 ], [ 73.8182008, 15.5671048 ], [ 73.8183403, 15.56634 ], [ 73.8199711, 15.5662625 ], [ 73.8199657, 15.5658697 ], [ 73.8183778, 15.5659266 ], [ 73.8184315, 15.5639267 ], [ 73.8202769, 15.563844 ], [ 73.8208938, 15.5644693 ], [ 73.8209559, 15.5648297 ], [ 73.8212693, 15.5645727 ], [ 73.8210869, 15.5643194 ], [ 73.8209796, 15.5641954 ], [ 73.8205397, 15.5637923 ], [ 73.8204646, 15.5636631 ], [ 73.8204163, 15.5635701 ], [ 73.8200891, 15.5634668 ], [ 73.8190108, 15.5632549 ], [ 73.8188285, 15.5632497 ], [ 73.8183135, 15.5633841 ], [ 73.8182598, 15.5637768 ], [ 73.8179755, 15.5644848 ], [ 73.8179541, 15.564738 ], [ 73.818115, 15.5650688 ], [ 73.817997, 15.5652238 ], [ 73.8178199, 15.5652548 ], [ 73.8175571, 15.5651308 ], [ 73.8174766, 15.5652341 ], [ 73.8175303, 15.5656889 ], [ 73.8176376, 15.566402 ], [ 73.8175356, 15.5665984 ], [ 73.8174552, 15.5668774 ], [ 73.8172728, 15.567141 ], [ 73.8170528, 15.5675182 ], [ 73.817026, 15.5676733 ], [ 73.8171977, 15.5680247 ], [ 73.8171977, 15.5681383 ], [ 73.8169777, 15.5684277 ], [ 73.8167202, 15.5686861 ], [ 73.8163769, 15.5686964 ], [ 73.8159585, 15.5683605 ], [ 73.8158029, 15.5682985 ], [ 73.815663, 15.5683836 ] ] ] } },
{ "type": "Feature", "properties": { "osm_id": "1356312726", "code": 7229, "fclass": "farmland", "name": null }, "geometry": { "type": "Polygon", "coordinates": [ [ [ 73.8132507, 15.566932 ], [ 73.8133273, 15.5669963 ], [ 73.8133568, 15.5670764 ], [ 73.8140729, 15.567172 ], [ 73.8141051, 15.5671849 ], [ 73.8141265, 15.5672598 ], [ 73.8146013, 15.5675725 ], [ 73.8149124, 15.5678154 ], [ 73.8153066, 15.5679679 ], [ 73.8157117, 15.5678593 ], [ 73.8158619, 15.567911 ], [ 73.816216, 15.5681693 ], [ 73.8162106, 15.5677818 ], [ 73.8167256, 15.5677663 ], [ 73.8165271, 15.5674976 ], [ 73.8164949, 15.5672547 ], [ 73.816613, 15.5666862 ], [ 73.8169134, 15.5666914 ], [ 73.817085, 15.5662883 ], [ 73.8171065, 15.5654873 ], [ 73.8172299, 15.5649551 ], [ 73.8173854, 15.5648517 ], [ 73.8175732, 15.5647225 ], [ 73.8179755, 15.5636631 ], [ 73.8177073, 15.5635391 ], [ 73.8177019, 15.5634099 ], [ 73.8176268, 15.5633479 ], [ 73.8174176, 15.5647122 ], [ 73.8170904, 15.564738 ], [ 73.8169885, 15.565415 ], [ 73.8162857, 15.5654357 ], [ 73.8160926, 15.5665364 ], [ 73.8140528, 15.5665984 ], [ 73.814038, 15.5664537 ], [ 73.8132792, 15.5664814 ], [ 73.8132507, 15.566932 ] ] ] } },
{ "type": "Feature", "properties": { "osm_id": "1356312727", "code": 7229, "fclass": "farmland", "name": null }, "geometry": { "type": "Polygon", "coordinates": [ [ [ 73.8202071, 15.5623609 ], [ 73.8210869, 15.5624125 ], [ 73.8210815, 15.5625986 ], [ 73.8205773, 15.5625727 ], [ 73.8205773, 15.5627123 ], [ 73.8211405, 15.5627433 ], [ 73.8211137, 15.5633169 ], [ 73.8212371, 15.5633996 ], [ 73.8219452, 15.5634099 ], [ 73.8218701, 15.5617666 ], [ 73.8205397, 15.5617149 ], [ 73.8205397, 15.561534 ], [ 73.8204431, 15.5615082 ], [ 73.8202822, 15.5617356 ], [ 73.8202071, 15.5623609 ] ] ] } },
{ "type": "Feature", "properties": { "osm_id": "1356312728", "code": 7229, "fclass": "farmland", "name": null }, "geometry": { "type": "Polygon", "coordinates": [ [ [ 73.818115, 15.562211 ], [ 73.8184154, 15.5625159 ], [ 73.8183725, 15.5627071 ], [ 73.8181686, 15.5628673 ], [ 73.8181364, 15.5630172 ], [ 73.8186139, 15.562981 ], [ 73.8189572, 15.5628001 ], [ 73.8191181, 15.5628001 ], [ 73.8193971, 15.5626968 ], [ 73.8196224, 15.5627381 ], [ 73.8198638, 15.5629758 ], [ 73.820191, 15.5631722 ], [ 73.8210708, 15.5633996 ], [ 73.8211727, 15.563596 ], [ 73.8213444, 15.5637872 ], [ 73.8214892, 15.5640456 ], [ 73.8219452, 15.5638337 ], [ 73.8219452, 15.5634099 ], [ 73.8212371, 15.5633996 ], [ 73.8211137, 15.5633169 ], [ 73.8211405, 15.5627433 ], [ 73.8205773, 15.5627123 ], [ 73.8205773, 15.5625727 ], [ 73.8210815, 15.5625986 ], [ 73.8210869, 15.5624125 ], [ 73.8202071, 15.5623609 ], [ 73.8202822, 15.5617356 ], [ 73.8204431, 15.5615082 ], [ 73.8205397, 15.561534 ], [ 73.8205397, 15.5617149 ], [ 73.8218701, 15.5617666 ], [ 73.821881, 15.5615878 ], [ 73.8208187, 15.5615134 ], [ 73.820824, 15.5613997 ], [ 73.8206899, 15.5613945 ], [ 73.8206953, 15.561224 ], [ 73.8201857, 15.5611826 ], [ 73.8201857, 15.5613583 ], [ 73.819499, 15.5613222 ], [ 73.8194829, 15.56141 ], [ 73.8184798, 15.5613118 ], [ 73.818351, 15.561441 ], [ 73.8182706, 15.5617769 ], [ 73.8181579, 15.5618493 ], [ 73.8181901, 15.5620353 ], [ 73.818115, 15.562211 ] ] ] } },
{ "type": "Feature", "properties": { "osm_id": "1356312729", "code": 7229, "fclass": "farmland", "name": null }, "geometry": { "type": "Polygon", "coordinates": [ [ [ 73.8191155, 15.552746 ], [ 73.8191718, 15.5528468 ], [ 73.820006, 15.5530148 ], [ 73.8200462, 15.5530613 ], [ 73.8209099, 15.553268 ], [ 73.8213712, 15.5533455 ], [ 73.8212906, 15.5538012 ], [ 73.8220739, 15.5538701 ], [ 73.8217521, 15.552268 ], [ 73.8217199, 15.5519683 ], [ 73.8192531, 15.5523607 ], [ 73.8191798, 15.5525858 ], [ 73.8191155, 15.552746 ] ] ] } },
{ "type": "Feature", "properties": { "osm_id": "1356312730", "code": 7215, "fclass": "orchard", "name": null }, "geometry": { "type": "Polygon", "coordinates": [ [ [ 73.8199845, 15.5532706 ], [ 73.8199884, 15.5536865 ], [ 73.8212906, 15.5538012 ], [ 73.8213712, 15.5533455 ], [ 73.8209099, 15.553268 ], [ 73.8200462, 15.5530613 ], [ 73.8199845, 15.5532706 ] ] ] } },
{ "type": "Feature", "properties": { "osm_id": "1356312731", "code": 7229, "fclass": "farmland", "name": null }, "geometry": { "type": "Polygon", "coordinates": [ [ [ 73.8174281, 15.553738 ], [ 73.8190323, 15.5537202 ], [ 73.8187265, 15.5533326 ], [ 73.8187051, 15.5530639 ], [ 73.8188258, 15.552684 ], [ 73.8188714, 15.55256 ], [ 73.8188671, 15.5524221 ], [ 73.8178398, 15.5526184 ], [ 73.8178414, 15.5528546 ], [ 73.8176295, 15.5533559 ], [ 73.8176134, 15.5535884 ], [ 73.8174739, 15.5535988 ], [ 73.8174281, 15.553738 ] ] ] } },
{ "type": "Feature", "properties": { "osm_id": "1356312732", "code": 7229, "fclass": "farmland", "name": null }, "geometry": { "type": "Polygon", "coordinates": [ [ [ 73.8148159, 15.5608829 ], [ 73.8152611, 15.5610948 ], [ 73.816731, 15.5614203 ], [ 73.8169563, 15.561627 ], [ 73.816967, 15.5617717 ], [ 73.8168704, 15.5619216 ], [ 73.8168758, 15.5619991 ], [ 73.8177931, 15.5621955 ], [ 73.8178682, 15.5619268 ], [ 73.8178307, 15.5618544 ], [ 73.8179004, 15.5616942 ], [ 73.8180184, 15.5616219 ], [ 73.8180721, 15.5612963 ], [ 73.8180453, 15.5610483 ], [ 73.8178199, 15.5608312 ], [ 73.8176858, 15.5607795 ], [ 73.8176161, 15.5601956 ], [ 73.8178039, 15.5600457 ], [ 73.817836, 15.5599165 ], [ 73.8183564, 15.559777 ], [ 73.8184315, 15.5577253 ], [ 73.8189143, 15.5576478 ], [ 73.8187802, 15.5574566 ], [ 73.8187641, 15.5567331 ], [ 73.8187587, 15.5563714 ], [ 73.8188714, 15.5561595 ], [ 73.8188124, 15.5556117 ], [ 73.8185602, 15.5555807 ], [ 73.8185656, 15.5552034 ], [ 73.8186192, 15.5546298 ], [ 73.8184529, 15.5546143 ], [ 73.8184583, 15.554206 ], [ 73.8172873, 15.5541649 ], [ 73.8172406, 15.5543068 ], [ 73.8171682, 15.5545677 ], [ 73.8170609, 15.5547331 ], [ 73.8170207, 15.5548752 ], [ 73.8171387, 15.5548933 ], [ 73.8171279, 15.5550277 ], [ 73.8169885, 15.5550199 ], [ 73.8166451, 15.5561466 ], [ 73.8162401, 15.5574049 ], [ 73.816672, 15.5574127 ], [ 73.8166639, 15.5575419 ], [ 73.8161999, 15.5575341 ], [ 73.8156903, 15.5590897 ], [ 73.8155696, 15.5595548 ], [ 73.8154221, 15.5597847 ], [ 73.8148159, 15.5608829 ] ] ] } },
{ "type": "Feature", "properties": { "osm_id": "1356312733", "code": 7229, "fclass": "farmland", "name": null }, "geometry": { "type": "Polygon", "coordinates": [ [ [ 73.8191074, 15.5559786 ], [ 73.8195366, 15.5561905 ], [ 73.8199389, 15.5565316 ], [ 73.8201106, 15.5565626 ], [ 73.8200998, 15.5568571 ], [ 73.8204485, 15.5566349 ], [ 73.821103, 15.5556685 ], [ 73.8209796, 15.5552396 ], [ 73.8205236, 15.5551931 ], [ 73.8205665, 15.5548778 ], [ 73.8205343, 15.5545006 ], [ 73.8210976, 15.5545109 ], [ 73.8211298, 15.5543352 ], [ 73.8210118, 15.5543145 ], [ 73.8210064, 15.5541336 ], [ 73.822036, 15.5542014 ], [ 73.8220739, 15.5538701 ], [ 73.8212906, 15.5538012 ], [ 73.8199884, 15.5536865 ], [ 73.8199013, 15.5536789 ], [ 73.8198799, 15.5533688 ], [ 73.8199228, 15.5530742 ], [ 73.819381, 15.5529812 ], [ 73.8193649, 15.5532706 ], [ 73.81944, 15.5534308 ], [ 73.8192737, 15.5541957 ], [ 73.8192898, 15.5546298 ], [ 73.8191074, 15.5559786 ] ] ] } },
{ "type": "Feature", "properties": { "osm_id": "1356312734", "code": 7229, "fclass": "farmland", "name": null }, "geometry": { "type": "Polygon", "coordinates": [ [ [ 73.8206041, 15.5567073 ], [ 73.8213336, 15.5567228 ], [ 73.8213229, 15.556852 ], [ 73.8233536, 15.5568419 ], [ 73.8229, 15.5561233 ], [ 73.8221919, 15.5560406 ], [ 73.821913, 15.5552758 ], [ 73.8211513, 15.5553481 ], [ 73.8212371, 15.555591 ], [ 73.8212264, 15.5558339 ], [ 73.8206041, 15.5567073 ] ] ] } },
{ "type": "Feature", "properties": { "osm_id": "1356312735", "code": 7229, "fclass": "farmland", "name": null }, "geometry": { "type": "Polygon", "coordinates": [ [ [ 73.8178199, 15.5602472 ], [ 73.8178736, 15.5603661 ], [ 73.8179219, 15.5605832 ], [ 73.8184905, 15.5605005 ], [ 73.8185871, 15.5610173 ], [ 73.818469, 15.5610431 ], [ 73.8184798, 15.5613118 ], [ 73.8194829, 15.56141 ], [ 73.819499, 15.5613222 ], [ 73.8201857, 15.5613583 ], [ 73.8201857, 15.5611826 ], [ 73.8206953, 15.561224 ], [ 73.8206899, 15.5613945 ], [ 73.820824, 15.5613997 ], [ 73.8208187, 15.5615134 ], [ 73.821881, 15.5615878 ], [ 73.8219988, 15.561596 ], [ 73.8220203, 15.5616529 ], [ 73.8220471, 15.562888 ], [ 73.8220525, 15.5639215 ], [ 73.821634, 15.5641489 ], [ 73.8217199, 15.564707 ], [ 73.8213873, 15.5652135 ], [ 73.8213819, 15.5654667 ], [ 73.8218969, 15.5653892 ], [ 73.8223287, 15.5674976 ], [ 73.8231039, 15.5679265 ], [ 73.8237584, 15.5679678 ], [ 73.8264942, 15.568774 ], [ 73.8274812, 15.5648053 ], [ 73.8256413, 15.5639525 ], [ 73.8256735, 15.5635856 ], [ 73.8252121, 15.5633479 ], [ 73.8245523, 15.5634151 ], [ 73.8245254, 15.5632652 ], [ 73.8242036, 15.5632807 ], [ 73.823914, 15.5609914 ], [ 73.8238227, 15.5590948 ], [ 73.8236403, 15.5582473 ], [ 73.8240319, 15.558144 ], [ 73.824091, 15.5576788 ], [ 73.8238656, 15.557653 ], [ 73.8237422, 15.5574575 ], [ 73.8232917, 15.5572706 ], [ 73.8222295, 15.5572499 ], [ 73.8199443, 15.5572757 ], [ 73.8201964, 15.5594876 ], [ 73.8192147, 15.5597615 ], [ 73.8178199, 15.5602472 ] ] ] } },
{ "type": "Feature", "properties": { "osm_id": "1356312736", "code": 7229, "fclass": "farmland", "name": null }, "geometry": { "type": "Polygon", "coordinates": [ [ [ 73.817718, 15.5687533 ], [ 73.8181311, 15.5691305 ], [ 73.8178736, 15.570257 ], [ 73.81782, 15.5716133 ], [ 73.818233, 15.5716161 ], [ 73.8195097, 15.5716523 ], [ 73.8194775, 15.5723086 ], [ 73.8210118, 15.5722879 ], [ 73.8241768, 15.5732387 ], [ 73.8245523, 15.5710167 ], [ 73.823297, 15.5706446 ], [ 73.8234901, 15.5698178 ], [ 73.821516, 15.5693321 ], [ 73.8216877, 15.5675337 ], [ 73.821575, 15.5669343 ], [ 73.8214195, 15.5666139 ], [ 73.8211405, 15.5659008 ], [ 73.8209559, 15.5648297 ], [ 73.8208938, 15.5644693 ], [ 73.8202769, 15.563844 ], [ 73.8184315, 15.5639267 ], [ 73.8183778, 15.5659266 ], [ 73.8199657, 15.5658697 ], [ 73.8199711, 15.5662625 ], [ 73.8183403, 15.56634 ], [ 73.8182008, 15.5671048 ], [ 73.8180828, 15.56711 ], [ 73.8180506, 15.567203 ], [ 73.8179219, 15.5672082 ], [ 73.817777, 15.5677249 ], [ 73.817718, 15.5687533 ] ] ] } },
{ "type": "Feature", "properties": { "osm_id": "1356312737", "code": 7229, "fclass": "farmland", "name": null }, "geometry": { "type": "Polygon", "coordinates": [ [ [ 73.8088024, 15.5655287 ], [ 73.8112378, 15.5664692 ], [ 73.8125253, 15.5667483 ], [ 73.8131701, 15.5669164 ], [ 73.8132889, 15.5649561 ], [ 73.8133334, 15.5645877 ], [ 73.8134151, 15.5645877 ], [ 73.8133631, 15.5651529 ], [ 73.8132792, 15.5664814 ], [ 73.814038, 15.5664537 ], [ 73.8140528, 15.5665984 ], [ 73.8160926, 15.5665364 ], [ 73.8162857, 15.5654357 ], [ 73.8169885, 15.565415 ], [ 73.8170904, 15.564738 ], [ 73.8174176, 15.5647122 ], [ 73.8176268, 15.5633479 ], [ 73.8177314, 15.5623945 ], [ 73.817541, 15.5623402 ], [ 73.8169375, 15.5622523 ], [ 73.8167551, 15.5621051 ], [ 73.8166639, 15.5620146 ], [ 73.8167658, 15.5616684 ], [ 73.8167256, 15.5615857 ], [ 73.8159639, 15.5613945 ], [ 73.8152423, 15.5612601 ], [ 73.8145235, 15.5612886 ], [ 73.8144296, 15.5613687 ], [ 73.813507, 15.5621387 ], [ 73.8128579, 15.5627588 ], [ 73.8126165, 15.5631825 ], [ 73.8113344, 15.5640972 ], [ 73.8105522, 15.5640618 ], [ 73.8101809, 15.5641835 ], [ 73.809796, 15.5641312 ], [ 73.8088024, 15.5655287 ] ] ] } },
{ "type": "Feature", "properties": { "osm_id": "1356312738", "code": 7229, "fclass": "farmland", "name": null }, "geometry": { "type": "Polygon", "coordinates": [ [ [ 73.8105522, 15.5640618 ], [ 73.8113344, 15.5640972 ], [ 73.8126165, 15.5631825 ], [ 73.8128579, 15.5627588 ], [ 73.813507, 15.5621387 ], [ 73.8144296, 15.5613687 ], [ 73.8145235, 15.5612886 ], [ 73.8148159, 15.5608829 ], [ 73.8154221, 15.5597847 ], [ 73.8155696, 15.5595548 ], [ 73.8156903, 15.5590897 ], [ 73.8161999, 15.5575341 ], [ 73.8166639, 15.5575419 ], [ 73.816672, 15.5574127 ], [ 73.8162401, 15.5574049 ], [ 73.8166451, 15.5561466 ], [ 73.8169885, 15.5550199 ], [ 73.8171279, 15.5550277 ], [ 73.8171387, 15.5548933 ], [ 73.8170207, 15.5548752 ], [ 73.8170609, 15.5547331 ], [ 73.8171682, 15.5545677 ], [ 73.8172406, 15.5543068 ], [ 73.8166893, 15.5542636 ], [ 73.8164091, 15.5546866 ], [ 73.8142204, 15.5577667 ], [ 73.8141131, 15.558516 ], [ 73.8142526, 15.5590302 ], [ 73.8136222, 15.5586452 ], [ 73.8135679, 15.5588522 ], [ 73.8140198, 15.5591073 ], [ 73.8123876, 15.5612976 ], [ 73.8125277, 15.5612967 ], [ 73.8129473, 15.5612717 ], [ 73.8129287, 15.5617224 ], [ 73.8124905, 15.5618977 ], [ 73.8124014, 15.5614434 ], [ 73.8105522, 15.5640618 ] ] ] } },
{ "type": "Feature", "properties": { "osm_id": "1356312751", "code": 7229, "fclass": "farmland", "name": null }, "geometry": { "type": "Polygon", "coordinates": [ [ [ 73.8155937, 15.552914 ], [ 73.8161033, 15.5528158 ], [ 73.8160765, 15.5524437 ], [ 73.8163179, 15.5523972 ], [ 73.816334, 15.5518804 ], [ 73.8159692, 15.5519528 ], [ 73.8156044, 15.5525833 ], [ 73.8155937, 15.552914 ] ] ] } },
{ "type": "Feature", "properties": { "osm_id": "1356312752", "code": 7229, "fclass": "farmland", "name": null }, "geometry": { "type": "Polygon", "coordinates": [ [ [ 73.8167793, 15.551777 ], [ 73.8168329, 15.5526763 ], [ 73.8172567, 15.5526246 ], [ 73.8173962, 15.552392 ], [ 73.8173318, 15.5516944 ], [ 73.8167793, 15.551777 ] ] ] } },
{ "type": "Feature", "properties": { "osm_id": "1356603277", "code": 7215, "fclass": "orchard", "name": null }, "geometry": { "type": "Polygon", "coordinates": [ [ [ 73.7731102, 15.5937396 ], [ 73.7733194, 15.5937371 ], [ 73.7739552, 15.5939877 ], [ 73.7738961, 15.5944552 ], [ 73.7742823, 15.5945716 ], [ 73.7745962, 15.5946439 ], [ 73.7748349, 15.5939903 ], [ 73.7748697, 15.593843 ], [ 73.7747088, 15.5938172 ], [ 73.7745559, 15.594401 ], [ 73.7742582, 15.5943339 ], [ 73.7743789, 15.593533 ], [ 73.7740409, 15.5934761 ], [ 73.7740865, 15.5932514 ], [ 73.7736896, 15.5932178 ], [ 73.7734482, 15.593179 ], [ 73.7734079, 15.5934374 ], [ 73.7731327, 15.5933986 ], [ 73.7731102, 15.5937396 ] ] ] } },
{ "type": "Feature", "properties": { "osm_id": "1356737808", "code": 7229, "fclass": "farmland", "name": null }, "geometry": { "type": "Polygon", "coordinates": [ [ [ 73.83232, 15.5094208 ], [ 73.8323253, 15.5099997 ], [ 73.8326418, 15.5104753 ], [ 73.8326633, 15.5112971 ], [ 73.8326365, 15.5118037 ], [ 73.8334679, 15.5119639 ], [ 73.8335645, 15.5113023 ], [ 73.8336235, 15.5108009 ], [ 73.8337362, 15.5107699 ], [ 73.8337362, 15.5102943 ], [ 73.8334626, 15.509979 ], [ 73.8331515, 15.5097361 ], [ 73.8329315, 15.5098291 ], [ 73.8328344, 15.5093597 ], [ 73.83232, 15.5094208 ] ] ] } },
{ "type": "Feature", "properties": { "osm_id": "1356737817", "code": 7229, "fclass": "farmland", "name": null }, "geometry": { "type": "Polygon", "coordinates": [ [ [ 73.8310647, 15.5089969 ], [ 73.8311559, 15.5092088 ], [ 73.8312471, 15.5094259 ], [ 73.8321215, 15.5093949 ], [ 73.8320947, 15.5087901 ], [ 73.8310647, 15.5089969 ] ] ] } },
{ "type": "Feature", "properties": { "osm_id": "1356737818", "code": 7229, "fclass": "farmland", "name": null }, "geometry": { "type": "Polygon", "coordinates": [ [ [ 73.8309145, 15.5081285 ], [ 73.8309789, 15.5084593 ], [ 73.831805, 15.5083508 ], [ 73.8317782, 15.5072342 ], [ 73.8314295, 15.5077098 ], [ 73.8309842, 15.5080303 ], [ 73.8309145, 15.5081285 ] ] ] } },
{ "type": "Feature", "properties": { "osm_id": "1356737819", "code": 7215, "fclass": "orchard", "name": null }, "geometry": { "type": "Polygon", "coordinates": [ [ [ 73.8309628, 15.508785 ], [ 73.8310647, 15.5089969 ], [ 73.8320947, 15.5087901 ], [ 73.8320893, 15.5078907 ], [ 73.8321215, 15.5071929 ], [ 73.8318318, 15.5071515 ], [ 73.8317782, 15.5072342 ], [ 73.831805, 15.5083508 ], [ 73.8309789, 15.5084593 ], [ 73.8309628, 15.508785 ] ] ] } },
{ "type": "Feature", "properties": { "osm_id": "1356737821", "code": 7215, "fclass": "orchard", "name": null }, "geometry": { "type": "Polygon", "coordinates": [ [ [ 73.8321859, 15.5079217 ], [ 73.83232, 15.5094208 ], [ 73.8328344, 15.5093597 ], [ 73.8330603, 15.5093329 ], [ 73.8329798, 15.5090124 ], [ 73.8327706, 15.5081854 ], [ 73.8327116, 15.5078804 ], [ 73.8321859, 15.5079217 ] ] ] } },
{ "type": "Feature", "properties": { "osm_id": "1357204809", "code": 7229, "fclass": "farmland", "name": null }, "geometry": { "type": "Polygon", "coordinates": [ [ [ 73.8617814, 15.5922386 ], [ 73.8619316, 15.5923885 ], [ 73.8622405, 15.5931584 ], [ 73.8627657, 15.5931312 ], [ 73.8628837, 15.5931868 ], [ 73.8631037, 15.5935498 ], [ 73.8633022, 15.5936802 ], [ 73.8634886, 15.5937242 ], [ 73.8639137, 15.5936699 ], [ 73.8641645, 15.5937668 ], [ 73.8643335, 15.593905 ], [ 73.8645762, 15.5940316 ], [ 73.8646728, 15.5940406 ], [ 73.8647948, 15.5940213 ], [ 73.8649732, 15.5938869 ], [ 73.865, 15.5938094 ], [ 73.8648713, 15.5935407 ], [ 73.8646996, 15.5931584 ], [ 73.8645118, 15.5931377 ], [ 73.8643026, 15.5929155 ], [ 73.8644904, 15.5927088 ], [ 73.8658368, 15.592001 ], [ 73.8653353, 15.5911484 ], [ 73.8645006, 15.5903812 ], [ 73.8636535, 15.590797 ], [ 73.8634175, 15.5908229 ], [ 73.8631386, 15.5910657 ], [ 73.8630098, 15.5912827 ], [ 73.8617814, 15.5922386 ] ] ] } },
{ "type": "Feature", "properties": { "osm_id": "18114004", "code": 7229, "fclass": "farmland", "name": null }, "geometry": { "type": "Polygon", "coordinates": [ [ [ 73.8684547, 15.5923937 ], [ 73.8686693, 15.5927683 ], [ 73.8688999, 15.593192 ], [ 73.8690662, 15.5938301 ], [ 73.8691387, 15.5939489 ], [ 73.8696, 15.5938482 ], [ 73.8696027, 15.5937035 ], [ 73.8699004, 15.5936441 ], [ 73.8699996, 15.5937577 ], [ 73.8699862, 15.5938843 ], [ 73.8698843, 15.5940988 ], [ 73.8711836, 15.5937757 ], [ 73.8711262, 15.5936622 ], [ 73.8713595, 15.5935924 ], [ 73.8714507, 15.5935743 ], [ 73.8713461, 15.5929491 ], [ 73.8712857, 15.5929634 ], [ 73.8712281, 15.5927812 ], [ 73.8712871, 15.5927644 ], [ 73.8711744, 15.5922955 ], [ 73.8708794, 15.5916806 ], [ 73.8706863, 15.5917323 ], [ 73.8703859, 15.5910864 ], [ 73.8700345, 15.5913835 ], [ 73.8697046, 15.5915928 ], [ 73.8692285, 15.5918317 ], [ 73.8687605, 15.5919105 ], [ 73.8689348, 15.5922774 ], [ 73.8684547, 15.5923937 ] ] ] } },
{ "type": "Feature", "properties": { "osm_id": "1357204818", "code": 7229, "fclass": "farmland", "name": null }, "geometry": { "type": "Polygon", "coordinates": [ [ [ 73.8698306, 15.5984235 ], [ 73.8703537, 15.5985113 ], [ 73.8703296, 15.5980153 ], [ 73.870013, 15.598023 ], [ 73.8698306, 15.5984235 ] ] ] } },
{ "type": "Feature", "properties": { "osm_id": "1357204826", "code": 7229, "fclass": "farmland", "name": null }, "geometry": { "type": "Polygon", "coordinates": [ [ [ 73.8718128, 15.5974986 ], [ 73.8720891, 15.5975193 ], [ 73.8721079, 15.5974108 ], [ 73.8725021, 15.5974443 ], [ 73.8725397, 15.5971576 ], [ 73.8718424, 15.5970956 ], [ 73.8718128, 15.5974986 ] ] ] } },
{ "type": "Feature", "properties": { "osm_id": "1357204827", "code": 7215, "fclass": "orchard", "name": null }, "geometry": { "type": "Polygon", "coordinates": [ [ [ 73.8711047, 15.5974676 ], [ 73.8715795, 15.5974753 ], [ 73.871585, 15.5970899 ], [ 73.8711204, 15.5970797 ], [ 73.8711047, 15.5974676 ] ] ] } },
{ "type": "Feature", "properties": { "osm_id": "1357204829", "code": 7215, "fclass": "orchard", "name": null }, "geometry": { "type": "Polygon", "coordinates": [ [ [ 73.8708016, 15.5967236 ], [ 73.8711289, 15.5967468 ], [ 73.8711204, 15.5970797 ], [ 73.871585, 15.5970899 ], [ 73.8718424, 15.5970956 ], [ 73.8725397, 15.5971576 ], [ 73.8725379, 15.5969972 ], [ 73.8720944, 15.5969793 ], [ 73.8720944, 15.5968424 ], [ 73.8717082, 15.5968114 ], [ 73.8717055, 15.5964962 ], [ 73.871507, 15.5964859 ], [ 73.8714936, 15.5961629 ], [ 73.8716733, 15.5961526 ], [ 73.871668, 15.5959459 ], [ 73.8710001, 15.5958374 ], [ 73.8708016, 15.5967236 ] ] ] } },
{ "type": "Feature", "properties": { "osm_id": "1357204831", "code": 7229, "fclass": "farmland", "name": null }, "geometry": { "type": "Polygon", "coordinates": [ [ [ 73.8700479, 15.5949668 ], [ 73.8708419, 15.5950443 ], [ 73.871271, 15.5951683 ], [ 73.8714641, 15.5948467 ], [ 73.8714641, 15.5946335 ], [ 73.8712522, 15.5946129 ], [ 73.8711637, 15.5942822 ], [ 73.870123, 15.5944811 ], [ 73.8700479, 15.5949668 ] ] ] } },
{ "type": "Feature", "properties": { "osm_id": "18660200", "code": 7229, "fclass": "farmland", "name": null }, "geometry": { "type": "Polygon", "coordinates": [ [ [ 73.8687447, 15.5963634 ], [ 73.8687712, 15.596477 ], [ 73.8688922, 15.5965452 ], [ 73.8690397, 15.5966163 ], [ 73.8690839, 15.5966418 ], [ 73.8694143, 15.5980029 ], [ 73.8693524, 15.5982444 ], [ 73.8691577, 15.5981904 ], [ 73.8688951, 15.598645 ], [ 73.8690367, 15.5987558 ], [ 73.8688302, 15.599003 ], [ 73.8694257, 15.5993638 ], [ 73.8695759, 15.5989918 ], [ 73.8693774, 15.598767 ], [ 73.8694873, 15.5985836 ], [ 73.8695628, 15.5983496 ], [ 73.8696215, 15.5981677 ], [ 73.8698374, 15.598231 ], [ 73.8701874, 15.5974779 ], [ 73.8702115, 15.5972557 ], [ 73.8702142, 15.5969612 ], [ 73.8702491, 15.5964859 ], [ 73.8704234, 15.5958814 ], [ 73.8695866, 15.5957212 ], [ 73.8695795, 15.5955678 ], [ 73.8695205, 15.5955593 ], [ 73.8691164, 15.5960054 ], [ 73.8688951, 15.5961787 ], [ 73.8687447, 15.5963634 ] ] ] } },
{ "type": "Feature", "properties": { "osm_id": "1357553313", "code": 7229, "fclass": "farmland", "name": null }, "geometry": { "type": "Polygon", "coordinates": [ [ [ 73.7752598, 15.5589341 ], [ 73.7760062, 15.5590323 ], [ 73.7760684, 15.5594368 ], [ 73.7765877, 15.5596233 ], [ 73.776642, 15.5595565 ], [ 73.7772105, 15.5597585 ], [ 73.7773678, 15.5593816 ], [ 73.7771664, 15.5593519 ], [ 73.7771286, 15.5590818 ], [ 73.7769393, 15.5590437 ], [ 73.7769086, 15.5588698 ], [ 73.7764981, 15.5584789 ], [ 73.7762882, 15.5585153 ], [ 73.7763033, 15.5584018 ], [ 73.7762186, 15.5583216 ], [ 73.7759705, 15.5583564 ], [ 73.7759399, 15.5583338 ], [ 73.7752598, 15.5589341 ] ] ] } },
{ "type": "Feature", "properties": { "osm_id": "1357553316", "code": 7229, "fclass": "farmland", "name": null }, "geometry": { "type": "Polygon", "coordinates": [ [ [ 73.7764695, 15.5581689 ], [ 73.7767092, 15.5584069 ], [ 73.7769961, 15.5584249 ], [ 73.7769981, 15.5586886 ], [ 73.7774828, 15.5591474 ], [ 73.7773301, 15.5580728 ], [ 73.7764695, 15.5581689 ] ] ] } },
{ "type": "Feature", "properties": { "osm_id": "1359023137", "code": 7229, "fclass": "farmland", "name": null }, "geometry": { "type": "Polygon", "coordinates": [ [ [ 73.8165024, 15.4774923 ], [ 73.8165306, 15.4778474 ], [ 73.8165565, 15.4779809 ], [ 73.817427, 15.4780717 ], [ 73.817449, 15.4775823 ], [ 73.8165024, 15.4774923 ] ] ] } },
{ "type": "Feature", "properties": { "osm_id": "1360883910", "code": 7215, "fclass": "orchard", "name": null }, "geometry": { "type": "Polygon", "coordinates": [ [ [ 73.8097768, 15.5845959 ], [ 73.8098518, 15.5849227 ], [ 73.8099724, 15.5848386 ], [ 73.8099002, 15.5845409 ], [ 73.8097768, 15.5845959 ] ] ] } },
{ "type": "Feature", "properties": { "osm_id": "1361063394", "code": 7215, "fclass": "orchard", "name": null }, "geometry": { "type": "Polygon", "coordinates": [ [ [ 73.7568699, 15.5811002 ], [ 73.7572867, 15.5811174 ], [ 73.7575746, 15.5811502 ], [ 73.7575915, 15.5810276 ], [ 73.7568718, 15.5809809 ], [ 73.7568699, 15.5811002 ] ] ] } },
{ "type": "Feature", "properties": { "osm_id": "1362248631", "code": 7229, "fclass": "farmland", "name": null }, "geometry": { "type": "Polygon", "coordinates": [ [ [ 73.8816351, 15.6704831 ], [ 73.8818121, 15.6704676 ], [ 73.8823807, 15.6714541 ], [ 73.8829118, 15.6724665 ], [ 73.8834429, 15.6723787 ], [ 73.8835233, 15.6726524 ], [ 73.8838506, 15.6726266 ], [ 73.8839042, 15.673484 ], [ 73.8843816, 15.6734582 ], [ 73.8842636, 15.6726059 ], [ 73.8840491, 15.6721411 ], [ 73.8840169, 15.6712527 ], [ 73.8839525, 15.6710306 ], [ 73.8840973, 15.670261 ], [ 73.8840276, 15.6700596 ], [ 73.8840866, 15.6689543 ], [ 73.8841134, 15.6683758 ], [ 73.8840061, 15.6679161 ], [ 73.8841134, 15.6675597 ], [ 73.8847572, 15.6672601 ], [ 73.8845855, 15.6668521 ], [ 73.8843441, 15.6666403 ], [ 73.8845533, 15.6658139 ], [ 73.8846338, 15.6650908 ], [ 73.8844943, 15.6647654 ], [ 73.8844514, 15.6644451 ], [ 73.8831049, 15.6644761 ], [ 73.8830084, 15.6659998 ], [ 73.8830996, 15.6675855 ], [ 73.8826972, 15.6675804 ], [ 73.8826114, 15.668102 ], [ 73.8822573, 15.6683861 ], [ 73.8822144, 15.6686134 ], [ 73.8820052, 15.6686134 ], [ 73.8818496, 15.6695173 ], [ 73.8816887, 15.6695328 ], [ 73.8816351, 15.6704831 ] ] ] } },
{ "type": "Feature", "properties": { "osm_id": "1362248632", "code": 7229, "fclass": "farmland", "name": null }, "geometry": { "type": "Polygon", "coordinates": [ [ [ 73.884564, 15.6661496 ], [ 73.8848537, 15.6673376 ], [ 73.885256, 15.6673273 ], [ 73.8860983, 15.6671517 ], [ 73.8854438, 15.6658707 ], [ 73.8850307, 15.6655763 ], [ 73.8847196, 15.6655608 ], [ 73.884564, 15.6661496 ] ] ] } },
{ "type": "Feature", "properties": { "osm_id": "1362342549", "code": 7229, "fclass": "farmland", "name": null }, "geometry": { "type": "Polygon", "coordinates": [ [ [ 73.8830352, 15.6075737 ], [ 73.8834053, 15.6078992 ], [ 73.8833869, 15.6079307 ], [ 73.8838345, 15.6081446 ], [ 73.8839874, 15.6081421 ], [ 73.8845077, 15.6080749 ], [ 73.8846552, 15.6081111 ], [ 73.8849771, 15.6080155 ], [ 73.8850254, 15.6080413 ], [ 73.8851783, 15.6082402 ], [ 73.8852775, 15.6082609 ], [ 73.8855323, 15.6083332 ], [ 73.8855752, 15.6084314 ], [ 73.8856503, 15.6085502 ], [ 73.8857159, 15.6085875 ], [ 73.8858086, 15.6085709 ], [ 73.885932, 15.6084572 ], [ 73.8860232, 15.6083332 ], [ 73.8860875, 15.6081576 ], [ 73.8862109, 15.6077442 ], [ 73.8861734, 15.6076099 ], [ 73.8861036, 15.6075324 ], [ 73.8857549, 15.6070571 ], [ 73.8850737, 15.6060031 ], [ 73.8851434, 15.6059514 ], [ 73.8851488, 15.6058791 ], [ 73.8850629, 15.6057551 ], [ 73.8850361, 15.6056569 ], [ 73.88502, 15.6054244 ], [ 73.8850468, 15.6050472 ], [ 73.8850415, 15.6049129 ], [ 73.8849503, 15.6049181 ], [ 73.8849449, 15.6048767 ], [ 73.885138, 15.6048664 ], [ 73.8852453, 15.6048354 ], [ 73.8853043, 15.6047734 ], [ 73.8854277, 15.6047631 ], [ 73.8854867, 15.6047269 ], [ 73.8854921, 15.6046339 ], [ 73.8854277, 15.6044324 ], [ 73.8853311, 15.6043807 ], [ 73.8851541, 15.6043446 ], [ 73.8851166, 15.6042981 ], [ 73.885138, 15.6041844 ], [ 73.885138, 15.6040552 ], [ 73.8849878, 15.6039571 ], [ 73.8848886, 15.6039571 ], [ 73.8846713, 15.6039235 ], [ 73.8843951, 15.6040294 ], [ 73.8842905, 15.6040294 ], [ 73.8841966, 15.6040759 ], [ 73.8841832, 15.6042464 ], [ 73.8841161, 15.6043833 ], [ 73.8839847, 15.6044737 ], [ 73.8837057, 15.6045332 ], [ 73.8834724, 15.6045616 ], [ 73.8834751, 15.6049336 ], [ 73.8833731, 15.6057654 ], [ 73.8831103, 15.6070416 ], [ 73.8830352, 15.6075737 ] ] ] } },
{ "type": "Feature", "properties": { "osm_id": "1362342551", "code": 7229, "fclass": "farmland", "name": null }, "geometry": { "type": "Polygon", "coordinates": [ [ [ 73.8830888, 15.6009242 ], [ 73.8830888, 15.6013789 ], [ 73.8831907, 15.6020764 ], [ 73.8834482, 15.6028927 ], [ 73.8836628, 15.6031924 ], [ 73.8836574, 15.6034456 ], [ 73.8835126, 15.6035386 ], [ 73.8834107, 15.6036264 ], [ 73.8833731, 15.6039726 ], [ 73.8834348, 15.6044634 ], [ 73.883636, 15.6044918 ], [ 73.8838425, 15.6044505 ], [ 73.8839686, 15.604435 ], [ 73.8840812, 15.604311 ], [ 73.8841081, 15.6040914 ], [ 73.8842368, 15.6039907 ], [ 73.8843763, 15.6039777 ], [ 73.8846552, 15.6038615 ], [ 73.8849878, 15.6038744 ], [ 73.8851112, 15.6039416 ], [ 73.8851809, 15.6040036 ], [ 73.8852078, 15.6041379 ], [ 73.8852078, 15.6042671 ], [ 73.885256, 15.6042877 ], [ 73.8854063, 15.6041947 ], [ 73.8855082, 15.6039002 ], [ 73.8855833, 15.6038537 ], [ 73.8858032, 15.6035954 ], [ 73.8860124, 15.6032182 ], [ 73.8862753, 15.6033061 ], [ 73.8863611, 15.6032492 ], [ 73.8864309, 15.6029444 ], [ 73.886109, 15.6027429 ], [ 73.8861036, 15.6026241 ], [ 73.886286, 15.6025621 ], [ 73.8863558, 15.6020299 ], [ 73.8864309, 15.6011309 ], [ 73.8864148, 15.6009604 ], [ 73.8861841, 15.6006039 ], [ 73.8857818, 15.6001492 ], [ 73.8857067, 15.6000975 ], [ 73.885417, 15.6000717 ], [ 73.8849181, 15.6003042 ], [ 73.8844567, 15.6004024 ], [ 73.8843226, 15.6001492 ], [ 73.8835636, 15.6004282 ], [ 73.8833088, 15.600516 ], [ 73.8832229, 15.6007124 ], [ 73.8830888, 15.6009242 ] ] ] } },
{ "type": "Feature", "properties": { "osm_id": "1362344409", "code": 7215, "fclass": "orchard", "name": null }, "geometry": { "type": "Polygon", "coordinates": [ [ [ 73.8682026, 15.5898463 ], [ 73.8682643, 15.5904302 ], [ 73.8684413, 15.5904405 ], [ 73.8683701, 15.5898198 ], [ 73.8682026, 15.5898463 ] ] ] } },
{ "type": "Feature", "properties": { "osm_id": "1362344414", "code": 7229, "fclass": "farmland", "name": null }, "geometry": { "type": "Polygon", "coordinates": [ [ [ 73.8744923, 15.5878751 ], [ 73.8744977, 15.5879655 ], [ 73.8746613, 15.5882161 ], [ 73.874892, 15.5883995 ], [ 73.8750288, 15.5883634 ], [ 73.8750234, 15.588291 ], [ 73.8749564, 15.5871801 ], [ 73.8748625, 15.5871749 ], [ 73.8745458, 15.5871878 ], [ 73.8744923, 15.5878751 ] ] ] } },
{ "type": "Feature", "properties": { "osm_id": "1362565699", "code": 7229, "fclass": "farmland", "name": null }, "geometry": { "type": "Polygon", "coordinates": [ [ [ 73.7678275, 15.5925945 ], [ 73.7679792, 15.5926449 ], [ 73.7681326, 15.592667 ], [ 73.7683551, 15.5922253 ], [ 73.7682956, 15.5922087 ], [ 73.7678275, 15.5925945 ] ] ] } },
{ "type": "Feature", "properties": { "osm_id": "1364452162", "code": 7229, "fclass": "farmland", "name": null }, "geometry": { "type": "Polygon", "coordinates": [ [ [ 73.8519269, 15.4539439 ], [ 73.8523775, 15.454068 ], [ 73.852222, 15.4548746 ], [ 73.8521308, 15.4557587 ], [ 73.8521522, 15.4563068 ], [ 73.8523292, 15.4563999 ], [ 73.8534772, 15.4567928 ], [ 73.8537455, 15.4562655 ], [ 73.8545126, 15.4566998 ], [ 73.8550222, 15.4571186 ], [ 73.8560361, 15.4575942 ], [ 73.8576132, 15.4580699 ], [ 73.8585412, 15.4584525 ], [ 73.8591421, 15.4589644 ], [ 73.8603973, 15.4593987 ], [ 73.8603115, 15.459559 ], [ 73.8608319, 15.4599726 ], [ 73.8607782, 15.4601381 ], [ 73.8612556, 15.4603397 ], [ 73.86132, 15.4598744 ], [ 73.8611537, 15.4591919 ], [ 73.8607246, 15.4590575 ], [ 73.8606709, 15.4591815 ], [ 73.860172, 15.4589902 ], [ 73.8605154, 15.4579148 ], [ 73.8598126, 15.4573047 ], [ 73.8596034, 15.4571548 ], [ 73.8589436, 15.4569479 ], [ 73.858552, 15.4567049 ], [ 73.857817, 15.4565912 ], [ 73.8576454, 15.456767 ], [ 73.8568193, 15.4565085 ], [ 73.8569695, 15.4560586 ], [ 73.8557732, 15.4557174 ], [ 73.8549149, 15.4552365 ], [ 73.853547, 15.4540939 ], [ 73.8530213, 15.4534476 ], [ 73.8531607, 15.4532924 ], [ 73.8528657, 15.4530184 ], [ 73.8521951, 15.4529822 ], [ 73.8519269, 15.4539439 ] ] ] } },
{ "type": "Feature", "properties": { "osm_id": "1364455843", "code": 7215, "fclass": "orchard", "name": null }, "geometry": { "type": "Polygon", "coordinates": [ [ [ 73.8531393, 15.4774113 ], [ 73.8535041, 15.4774889 ], [ 73.8534504, 15.4777836 ], [ 73.8532251, 15.4777681 ], [ 73.8532412, 15.4783626 ], [ 73.8537347, 15.4783057 ], [ 73.8536811, 15.4778973 ], [ 73.8543677, 15.4779697 ], [ 73.8544264, 15.4783926 ], [ 73.8547161, 15.4783982 ], [ 73.8547593, 15.4774113 ], [ 73.855278, 15.4774574 ], [ 73.8552724, 15.4770285 ], [ 73.8549203, 15.4770236 ], [ 73.8549095, 15.4766048 ], [ 73.8538474, 15.476641 ], [ 73.8538474, 15.4769926 ], [ 73.8535577, 15.4769822 ], [ 73.8535523, 15.4771529 ], [ 73.8531454, 15.4771215 ], [ 73.8531393, 15.4774113 ] ] ] } },
{ "type": "Feature", "properties": { "osm_id": "1365569066", "code": 7229, "fclass": "farmland", "name": null }, "geometry": { "type": "Polygon", "coordinates": [ [ [ 73.8770378, 15.4889399 ], [ 73.8771987, 15.489555 ], [ 73.8779336, 15.4901185 ], [ 73.8788563, 15.4897101 ], [ 73.8790922, 15.4896601 ], [ 73.879441, 15.489586 ], [ 73.8793394, 15.4892933 ], [ 73.8792033, 15.4889148 ], [ 73.8790655, 15.4885315 ], [ 73.8776922, 15.4887951 ], [ 73.8770378, 15.4889399 ] ] ] } },
{ "type": "Feature", "properties": { "osm_id": "18814935", "code": 7229, "fclass": "farmland", "name": null }, "geometry": { "type": "Polygon", "coordinates": [ [ [ 73.870343, 15.6090436 ], [ 73.8706702, 15.6091108 ], [ 73.870815, 15.6092038 ], [ 73.8705978, 15.6096998 ], [ 73.8708472, 15.6099194 ], [ 73.8707399, 15.6101312 ], [ 73.8710108, 15.6103404 ], [ 73.8710859, 15.6107331 ], [ 73.8714132, 15.6109372 ], [ 73.871381, 15.6110276 ], [ 73.8719362, 15.6113815 ], [ 73.8724539, 15.6107977 ], [ 73.8726845, 15.6106559 ], [ 73.8727198, 15.6105634 ], [ 73.8726728, 15.6102142 ], [ 73.8726116, 15.6100419 ], [ 73.8723102, 15.6098288 ], [ 73.8721643, 15.6096837 ], [ 73.8721502, 15.6093935 ], [ 73.8720183, 15.6092846 ], [ 73.8718912, 15.6091259 ], [ 73.8717641, 15.6089264 ], [ 73.8716417, 15.6087677 ], [ 73.8715569, 15.6085818 ], [ 73.8713356, 15.6084639 ], [ 73.8711238, 15.6084412 ], [ 73.8710061, 15.6084639 ], [ 73.8709731, 15.6083732 ], [ 73.8708177, 15.6083245 ], [ 73.8707989, 15.6083797 ], [ 73.8705254, 15.608279 ], [ 73.8704556, 15.6082841 ], [ 73.870343, 15.6090436 ] ] ] } },
{ "type": "Feature", "properties": { "osm_id": "18814936", "code": 7229, "fclass": "farmland", "name": null }, "geometry": { "type": "Polygon", "coordinates": [ [ [ 73.8717405, 15.6084321 ], [ 73.8718959, 15.6087541 ], [ 73.8721454, 15.6090262 ], [ 73.8724138, 15.6092484 ], [ 73.8725409, 15.6095476 ], [ 73.8726963, 15.6096791 ], [ 73.8729129, 15.6097426 ], [ 73.8730588, 15.6098923 ], [ 73.8731153, 15.6100283 ], [ 73.8731859, 15.6102414 ], [ 73.8731812, 15.6104636 ], [ 73.8732754, 15.6105089 ], [ 73.8736238, 15.6106631 ], [ 73.8738733, 15.6107266 ], [ 73.87425, 15.6109896 ], [ 73.874589, 15.6111302 ], [ 73.8748479, 15.6112118 ], [ 73.8753234, 15.6113161 ], [ 73.8761662, 15.6115247 ], [ 73.8770372, 15.6117287 ], [ 73.8774515, 15.6119056 ], [ 73.8777058, 15.6120461 ], [ 73.8778847, 15.6120235 ], [ 73.8780259, 15.6119509 ], [ 73.8782566, 15.6120416 ], [ 73.878379, 15.6120597 ], [ 73.8785532, 15.6120416 ], [ 73.8786474, 15.611969 ], [ 73.8793207, 15.6113705 ], [ 73.879702, 15.6109987 ], [ 73.8800033, 15.6108173 ], [ 73.8800177, 15.6106711 ], [ 73.8799855, 15.6104593 ], [ 73.8798434, 15.6102061 ], [ 73.8797736, 15.6099529 ], [ 73.8796931, 15.6092245 ], [ 73.8798621, 15.6091985 ], [ 73.8797642, 15.6088355 ], [ 73.8792747, 15.6090152 ], [ 73.8781482, 15.6089894 ], [ 73.877145, 15.6089636 ], [ 73.8766569, 15.6090049 ], [ 73.8753319, 15.6087776 ], [ 73.872419, 15.6084727 ], [ 73.8717833, 15.6083629 ], [ 73.8717405, 15.6084321 ] ] ] } },
{ "type": "Feature", "properties": { "osm_id": "1366656691", "code": 7229, "fclass": "farmland", "name": null }, "geometry": { "type": "Polygon", "coordinates": [ [ [ 73.8712066, 15.6080542 ], [ 73.8715674, 15.6081614 ], [ 73.8717833, 15.6083629 ], [ 73.872419, 15.6084727 ], [ 73.8753319, 15.6087776 ], [ 73.8766569, 15.6090049 ], [ 73.877145, 15.6089636 ], [ 73.8781482, 15.6089894 ], [ 73.8792747, 15.6090152 ], [ 73.8797642, 15.6088355 ], [ 73.8803583, 15.6086174 ], [ 73.8803744, 15.6084831 ], [ 73.8796127, 15.6068556 ], [ 73.8794088, 15.6065766 ], [ 73.8792747, 15.6066334 ], [ 73.878293, 15.6067626 ], [ 73.8778102, 15.6068142 ], [ 73.8771129, 15.6068039 ], [ 73.8769814, 15.6058752 ], [ 73.8766569, 15.6058842 ], [ 73.8766408, 15.6056052 ], [ 73.8759541, 15.6057499 ], [ 73.8759124, 15.6055582 ], [ 73.875407, 15.6056776 ], [ 73.8752192, 15.6057447 ], [ 73.8750637, 15.6054812 ], [ 73.8742751, 15.6057447 ], [ 73.8741249, 15.6054606 ], [ 73.8738567, 15.6055484 ], [ 73.8741839, 15.6062511 ], [ 73.8736957, 15.6066024 ], [ 73.8732451, 15.6068607 ], [ 73.8727409, 15.6068297 ], [ 73.8726479, 15.606873 ], [ 73.8726228, 15.6071242 ], [ 73.8718504, 15.6074652 ], [ 73.8712066, 15.6080542 ] ] ] } },
{ "type": "Feature", "properties": { "osm_id": "1366656693", "code": 7229, "fclass": "farmland", "name": null }, "geometry": { "type": "Polygon", "coordinates": [ [ [ 73.8765871, 15.6017354 ], [ 73.877306, 15.601756 ], [ 73.8774401, 15.6013634 ], [ 73.8778049, 15.6015184 ], [ 73.8777351, 15.6017199 ], [ 73.8779712, 15.6018542 ], [ 73.8779014, 15.6020557 ], [ 73.8780892, 15.6024484 ], [ 73.878234, 15.6025156 ], [ 73.8782018, 15.6027016 ], [ 73.8774937, 15.6025207 ], [ 73.8774723, 15.6025879 ], [ 73.8778371, 15.6027067 ], [ 73.8776332, 15.6030942 ], [ 73.8774294, 15.6037917 ], [ 73.8776654, 15.6038486 ], [ 73.8775849, 15.6042051 ], [ 73.8779014, 15.6042671 ], [ 73.8781428, 15.6042981 ], [ 73.8782501, 15.6039519 ], [ 73.8785237, 15.6039726 ], [ 73.8784915, 15.6043187 ], [ 73.8782984, 15.6043291 ], [ 73.878293, 15.6047114 ], [ 73.8779497, 15.6047372 ], [ 73.878061, 15.6052078 ], [ 73.8780874, 15.6053664 ], [ 73.8782769, 15.6055071 ], [ 73.8785344, 15.6055226 ], [ 73.8790709, 15.6053831 ], [ 73.8791567, 15.6055691 ], [ 73.8794249, 15.6055019 ], [ 73.8794625, 15.6059101 ], [ 73.8794625, 15.6060909 ], [ 73.8793015, 15.6062149 ], [ 73.8794732, 15.6064887 ], [ 73.8796878, 15.6063906 ], [ 73.87972, 15.6064577 ], [ 73.8795483, 15.6065611 ], [ 73.8804549, 15.6084779 ], [ 73.8806373, 15.6084262 ], [ 73.8811576, 15.6083952 ], [ 73.8813025, 15.6081317 ], [ 73.8813722, 15.6076719 ], [ 73.881517, 15.6076564 ], [ 73.8815868, 15.6073412 ], [ 73.8817048, 15.6062821 ], [ 73.8816673, 15.6062769 ], [ 73.8816029, 15.6062201 ], [ 73.8814956, 15.6056621 ], [ 73.8814205, 15.6055381 ], [ 73.8813722, 15.6053882 ], [ 73.8814044, 15.6053676 ], [ 73.8814205, 15.6048044 ], [ 73.8812381, 15.6047269 ], [ 73.8812435, 15.6045926 ], [ 73.88134, 15.6044944 ], [ 73.8792694, 15.6045564 ], [ 73.8792801, 15.6043446 ], [ 73.8796824, 15.6043704 ], [ 73.8800096, 15.6021746 ], [ 73.8798755, 15.6021591 ], [ 73.8797414, 15.6021074 ], [ 73.879441, 15.6021901 ], [ 73.8788295, 15.6027997 ], [ 73.8784969, 15.6028669 ], [ 73.8785076, 15.6024277 ], [ 73.8787544, 15.6023864 ], [ 73.8791031, 15.6022314 ], [ 73.8794142, 15.6018749 ], [ 73.8793606, 15.6017302 ], [ 73.8790655, 15.6018232 ], [ 73.8786203, 15.6017664 ], [ 73.8775259, 15.6012859 ], [ 73.8771504, 15.6011825 ], [ 73.8766622, 15.6009552 ], [ 73.8765871, 15.6017354 ] ] ] } },
{ "type": "Feature", "properties": { "osm_id": "1370932448", "code": 7229, "fclass": "farmland", "name": null }, "geometry": { "type": "Polygon", "coordinates": [ [ [ 73.8236722, 15.6314717 ], [ 73.8240856, 15.6318089 ], [ 73.8240802, 15.6321654 ], [ 73.8251746, 15.6325321 ], [ 73.8250673, 15.631969 ], [ 73.8254222, 15.6319656 ], [ 73.8256198, 15.6313233 ], [ 73.8257647, 15.6309358 ], [ 73.8258129, 15.6309358 ], [ 73.8258451, 15.6302488 ], [ 73.825475, 15.6304192 ], [ 73.8253355, 15.6300473 ], [ 73.8255125, 15.6300111 ], [ 73.8253194, 15.6294739 ], [ 73.8249224, 15.6296237 ], [ 73.82496, 15.6301506 ], [ 73.8245577, 15.6300679 ], [ 73.8241982, 15.6310495 ], [ 73.8236722, 15.6314717 ] ] ] } },
{ "type": "Feature", "properties": { "osm_id": "1371537446", "code": 7229, "fclass": "farmland", "name": null }, "geometry": { "type": "Polygon", "coordinates": [ [ [ 73.8855131, 15.4406932 ], [ 73.885798, 15.44147 ], [ 73.8865041, 15.4412798 ], [ 73.8862995, 15.4404187 ], [ 73.8855131, 15.4406932 ] ] ] } },
{ "type": "Feature", "properties": { "osm_id": "1372252034", "code": 7215, "fclass": "orchard", "name": null }, "geometry": { "type": "Polygon", "coordinates": [ [ [ 73.8185205, 15.5825116 ], [ 73.818892, 15.5825631 ], [ 73.8189058, 15.5823493 ], [ 73.81854, 15.5823121 ], [ 73.8185205, 15.5825116 ] ] ] } },
{ "type": "Feature", "properties": { "osm_id": "1372252046", "code": 7229, "fclass": "farmland", "name": null }, "geometry": { "type": "Polygon", "coordinates": [ [ [ 73.8174238, 15.5825893 ], [ 73.8175592, 15.5825874 ], [ 73.8175782, 15.5829702 ], [ 73.8184499, 15.5829714 ], [ 73.8184698, 15.5823166 ], [ 73.8186032, 15.5814137 ], [ 73.8187833, 15.5814087 ], [ 73.8188447, 15.5811961 ], [ 73.8181002, 15.5810347 ], [ 73.8179691, 15.5814815 ], [ 73.817583, 15.5814588 ], [ 73.8174464, 15.5820065 ], [ 73.8174238, 15.5825893 ] ] ] } },
{ "type": "Feature", "properties": { "osm_id": "1372252049", "code": 7229, "fclass": "farmland", "name": null }, "geometry": { "type": "Polygon", "coordinates": [ [ [ 73.8176463, 15.5831738 ], [ 73.8184414, 15.5832892 ], [ 73.8184501, 15.5830846 ], [ 73.8176596, 15.5830557 ], [ 73.8176463, 15.5831738 ] ] ] } },
{ "type": "Feature", "properties": { "osm_id": "1374619117", "code": 7215, "fclass": "orchard", "name": null }, "geometry": { "type": "Polygon", "coordinates": [ [ [ 73.8220452, 15.6023608 ], [ 73.8227164, 15.6026798 ], [ 73.8227383, 15.6022359 ], [ 73.822064, 15.6020546 ], [ 73.8220452, 15.6023608 ] ] ] } },
{ "type": "Feature", "properties": { "osm_id": "1376060701", "code": 7228, "fclass": "farmyard", "name": null }, "geometry": { "type": "Polygon", "coordinates": [ [ [ 73.8159222, 15.5971218 ], [ 73.8159571, 15.5973591 ], [ 73.816122, 15.5973352 ], [ 73.8160921, 15.5970946 ], [ 73.8159222, 15.5971218 ] ] ] } },
{ "type": "Feature", "properties": { "osm_id": "1376060704", "code": 7215, "fclass": "orchard", "name": null }, "geometry": { "type": "Polygon", "coordinates": [ [ [ 73.8155028, 15.5975495 ], [ 73.8155441, 15.5979295 ], [ 73.8161768, 15.5978332 ], [ 73.8161169, 15.5974607 ], [ 73.8155028, 15.5975495 ] ] ] } },
{ "type": "Feature", "properties": { "osm_id": "1376060719", "code": 7229, "fclass": "farmland", "name": null }, "geometry": { "type": "Polygon", "coordinates": [ [ [ 73.8156361, 15.5958758 ], [ 73.8156425, 15.5964198 ], [ 73.8161999, 15.5964572 ], [ 73.8164304, 15.5956854 ], [ 73.8158894, 15.5956485 ], [ 73.8158716, 15.5958717 ], [ 73.8156361, 15.5958758 ] ] ] } },
{ "type": "Feature", "properties": { "osm_id": "1376060722", "code": 7229, "fclass": "farmland", "name": "National Horticultural Mission Small Nursery" }, "geometry": { "type": "Polygon", "coordinates": [ [ [ 73.8161403, 15.5971201 ], [ 73.8162028, 15.5977995 ], [ 73.816509, 15.5977538 ], [ 73.8166502, 15.5970527 ], [ 73.8161403, 15.5971201 ] ] ] } },
{ "type": "Feature", "properties": { "osm_id": "1376060726", "code": 7229, "fclass": "farmland", "name": null }, "geometry": { "type": "Polygon", "coordinates": [ [ [ 73.8161232, 15.5967029 ], [ 73.8167172, 15.596722 ], [ 73.8168233, 15.5956903 ], [ 73.8164304, 15.5956854 ], [ 73.8161999, 15.5964572 ], [ 73.8161232, 15.5967029 ] ] ] } },
{ "type": "Feature", "properties": { "osm_id": "1377263127", "code": 7229, "fclass": "farmland", "name": null }, "geometry": { "type": "Polygon", "coordinates": [ [ [ 73.7749583, 15.6184673 ], [ 73.7755081, 15.6192009 ], [ 73.7759775, 15.6190975 ], [ 73.7759051, 15.6186972 ], [ 73.7756395, 15.6183045 ], [ 73.7754437, 15.6182813 ], [ 73.7751859, 15.61838 ], [ 73.7749583, 15.6184673 ] ] ] } },
{ "type": "Feature", "properties": { "osm_id": "1377263128", "code": 7229, "fclass": "farmland", "name": null }, "geometry": { "type": "Polygon", "coordinates": [ [ [ 73.7729439, 15.6175399 ], [ 73.7729788, 15.6176148 ], [ 73.7733784, 15.6176303 ], [ 73.7733757, 15.6179325 ], [ 73.773931, 15.6181056 ], [ 73.7739497, 15.6179325 ], [ 73.7745318, 15.6179997 ], [ 73.7746176, 15.6183381 ], [ 73.7751406, 15.618196 ], [ 73.7752587, 15.6181521 ], [ 73.7751165, 15.6178163 ], [ 73.7745666, 15.617899 ], [ 73.774619, 15.6170405 ], [ 73.7743494, 15.6169483 ], [ 73.7742327, 15.6169277 ], [ 73.7740288, 15.6169496 ], [ 73.773927, 15.6170297 ], [ 73.7736775, 15.6170801 ], [ 73.7735809, 15.6170995 ], [ 73.7734562, 15.6171473 ], [ 73.773306, 15.6172842 ], [ 73.7731424, 15.6174353 ], [ 73.7729439, 15.6175399 ] ] ] } },
{ "type": "Feature", "properties": { "osm_id": "1377263137", "code": 7229, "fclass": "farmland", "name": null }, "geometry": { "type": "Polygon", "coordinates": [ [ [ 73.7737875, 15.6226752 ], [ 73.7738237, 15.6231737 ], [ 73.7739439, 15.6232833 ], [ 73.7739578, 15.623392 ], [ 73.7742046, 15.6233933 ], [ 73.7748348, 15.6234464 ], [ 73.7749787, 15.6234395 ], [ 73.7755363, 15.62333 ], [ 73.7755027, 15.6231492 ], [ 73.7755698, 15.6230988 ], [ 73.7755682, 15.6228246 ], [ 73.7758514, 15.6228095 ], [ 73.7758568, 15.6222981 ], [ 73.775779, 15.621363 ], [ 73.776758, 15.6212404 ], [ 73.7767393, 15.6210797 ], [ 73.7766695, 15.6210349 ], [ 73.7758702, 15.6200817 ], [ 73.7750924, 15.6193998 ], [ 73.7740563, 15.6195139 ], [ 73.7740839, 15.6197795 ], [ 73.7741081, 15.6202717 ], [ 73.7741211, 15.6213014 ], [ 73.7741163, 15.6214587 ], [ 73.7741119, 15.6216025 ], [ 73.7740237, 15.6215998 ], [ 73.7740175, 15.6216482 ], [ 73.7739497, 15.6221792 ], [ 73.7740096, 15.6226353 ], [ 73.7737875, 15.6226752 ] ] ] } },
{ "type": "Feature", "properties": { "osm_id": "1379887483", "code": 7229, "fclass": "farmland", "name": null }, "geometry": { "type": "Polygon", "coordinates": [ [ [ 73.8157064, 15.4792053 ], [ 73.8164735, 15.4793449 ], [ 73.8173787, 15.4797254 ], [ 73.817482, 15.4797688 ], [ 73.8180345, 15.4800583 ], [ 73.8188466, 15.4804215 ], [ 73.8198397, 15.4800867 ], [ 73.8198745, 15.4799032 ], [ 73.8203305, 15.4785435 ], [ 73.8203469, 15.4780595 ], [ 73.8196707, 15.4780369 ], [ 73.8186729, 15.4780214 ], [ 73.8178039, 15.4781661 ], [ 73.817427, 15.4780717 ], [ 73.8165565, 15.4779809 ], [ 73.8165539, 15.4780989 ], [ 73.8164467, 15.4780938 ], [ 73.8163716, 15.4768168 ], [ 73.8160783, 15.4768855 ], [ 73.8159585, 15.4781196 ], [ 73.8157064, 15.4792053 ] ] ] } },
{ "type": "Feature", "properties": { "osm_id": "1381915141", "code": 7229, "fclass": "farmland", "name": null }, "geometry": { "type": "Polygon", "coordinates": [ [ [ 73.8444006, 15.4799808 ], [ 73.8453716, 15.4804771 ], [ 73.8467717, 15.4769874 ], [ 73.8469434, 15.4766359 ], [ 73.8466376, 15.4764342 ], [ 73.8465249, 15.476398 ], [ 73.8462245, 15.4767806 ], [ 73.8461333, 15.4768788 ], [ 73.845967, 15.4768375 ], [ 73.8452053, 15.4786004 ], [ 73.8450926, 15.4785694 ], [ 73.8444006, 15.4799808 ] ] ] } },
{ "type": "Feature", "properties": { "osm_id": "1382488730", "code": 7229, "fclass": "farmland", "name": null }, "geometry": { "type": "Polygon", "coordinates": [ [ [ 73.8392293, 15.4713418 ], [ 73.8392347, 15.4716107 ], [ 73.8394546, 15.4730066 ], [ 73.8395727, 15.4730169 ], [ 73.8396478, 15.4742991 ], [ 73.8394976, 15.4764911 ], [ 73.8393688, 15.4773338 ], [ 73.8392445, 15.477593 ], [ 73.8406295, 15.4776905 ], [ 73.8406831, 15.4773752 ], [ 73.8409996, 15.4773648 ], [ 73.8413, 15.4760879 ], [ 73.842389, 15.4759948 ], [ 73.842448, 15.4756122 ], [ 73.8421261, 15.475607 ], [ 73.84211, 15.4749711 ], [ 73.843317, 15.4747747 ], [ 73.8423032, 15.4738803 ], [ 73.8414288, 15.4730221 ], [ 73.8409245, 15.472169 ], [ 73.8406724, 15.4713211 ], [ 73.8405168, 15.4711867 ], [ 73.8394278, 15.4713108 ], [ 73.8392293, 15.4713418 ] ] ] } },
{ "type": "Feature", "properties": { "osm_id": "1383256486", "code": 7229, "fclass": "farmland", "name": null }, "geometry": { "type": "Polygon", "coordinates": [ [ [ 73.9400858, 15.5230098 ], [ 73.9401179, 15.5230977 ], [ 73.9401823, 15.5231701 ], [ 73.9406812, 15.5239247 ], [ 73.940869, 15.5244312 ], [ 73.9408958, 15.5248447 ], [ 73.9407188, 15.5261472 ], [ 73.9407188, 15.5263436 ], [ 73.9408475, 15.5267675 ], [ 73.941105, 15.5273722 ], [ 73.9411908, 15.5275428 ], [ 73.9412606, 15.5276151 ], [ 73.9413571, 15.5276358 ], [ 73.9414591, 15.5276617 ], [ 73.941561, 15.5276617 ], [ 73.941679, 15.5276151 ], [ 73.9417219, 15.5275867 ], [ 73.9418024, 15.5273515 ], [ 73.9417863, 15.5272068 ], [ 73.9420116, 15.5271138 ], [ 73.941974, 15.5270052 ], [ 73.941856, 15.5270207 ], [ 73.941797, 15.5269019 ], [ 73.942489, 15.5266641 ], [ 73.9423227, 15.5262144 ], [ 73.9422691, 15.5261317 ], [ 73.9422101, 15.526049 ], [ 73.9421672, 15.5259663 ], [ 73.9419472, 15.5258164 ], [ 73.9419097, 15.5258681 ], [ 73.9419633, 15.5259508 ], [ 73.9420438, 15.526018 ], [ 73.9419901, 15.5260956 ], [ 73.9419633, 15.5261834 ], [ 73.9421403, 15.5262713 ], [ 73.9422154, 15.5263333 ], [ 73.9422369, 15.5264212 ], [ 73.9421564, 15.526478 ], [ 73.9420652, 15.526447 ], [ 73.9418775, 15.5263695 ], [ 73.9418024, 15.5263023 ], [ 73.9417541, 15.5262196 ], [ 73.9417005, 15.5261421 ], [ 73.9416897, 15.5260439 ], [ 73.9417487, 15.5258113 ], [ 73.9417595, 15.5257079 ], [ 73.9417487, 15.5256097 ], [ 73.9417058, 15.525527 ], [ 73.9416307, 15.525465 ], [ 73.9415395, 15.5254805 ], [ 73.941443, 15.5255012 ], [ 73.9414108, 15.5254081 ], [ 73.9414215, 15.5253099 ], [ 73.9414161, 15.5252117 ], [ 73.9414, 15.5251187 ], [ 73.9413947, 15.5249688 ], [ 73.9414322, 15.5248809 ], [ 73.9415234, 15.5249274 ], [ 73.9415824, 15.5250101 ], [ 73.9416522, 15.5250825 ], [ 73.9417326, 15.5251393 ], [ 73.9418292, 15.5251135 ], [ 73.9418989, 15.5250463 ], [ 73.9420813, 15.5249636 ], [ 73.9421725, 15.5249274 ], [ 73.9423174, 15.5247879 ], [ 73.9423495, 15.5246948 ], [ 73.9422637, 15.5246483 ], [ 73.9419794, 15.5246535 ], [ 73.9418775, 15.5246432 ], [ 73.9416414, 15.5244726 ], [ 73.9415502, 15.5244312 ], [ 73.9414591, 15.5244106 ], [ 73.9412606, 15.5244106 ], [ 73.9411694, 15.5243847 ], [ 73.9410889, 15.5243227 ], [ 73.9410245, 15.5242452 ], [ 73.9409709, 15.5241625 ], [ 73.9409602, 15.5240694 ], [ 73.9408046, 15.5236818 ], [ 73.9401984, 15.5229943 ], [ 73.9401179, 15.522922 ], [ 73.9400858, 15.5230098 ] ] ] } },
{ "type": "Feature", "properties": { "osm_id": "1383308441", "code": 7229, "fclass": "farmland", "name": null }, "geometry": { "type": "Polygon", "coordinates": [ [ [ 73.9373606, 15.4848248 ], [ 73.9374304, 15.4852539 ], [ 73.9381063, 15.4860449 ], [ 73.9385033, 15.4864429 ], [ 73.9394259, 15.4870788 ], [ 73.9402896, 15.4874252 ], [ 73.9410406, 15.4879421 ], [ 73.941384, 15.487389 ], [ 73.9393991, 15.4863137 ], [ 73.9385945, 15.485471 ], [ 73.9373606, 15.4848248 ] ] ] } },
{ "type": "Feature", "properties": { "osm_id": "1384294050", "code": 7229, "fclass": "farmland", "name": null }, "geometry": { "type": "Polygon", "coordinates": [ [ [ 73.9301337, 15.5177371 ], [ 73.9305854, 15.5177893 ], [ 73.9306015, 15.5179186 ], [ 73.9304253, 15.5183708 ], [ 73.9309877, 15.5183372 ], [ 73.9311165, 15.5195468 ], [ 73.9319318, 15.5196088 ], [ 73.9326668, 15.5194175 ], [ 73.9329837, 15.5187559 ], [ 73.9324737, 15.5186164 ], [ 73.9326185, 15.5176291 ], [ 73.9318138, 15.517474 ], [ 73.9317709, 15.5176808 ], [ 73.931213, 15.5175619 ], [ 73.9311594, 15.5177532 ], [ 73.9302045, 15.5176084 ], [ 73.9301337, 15.5177371 ] ] ] } },
{ "type": "Feature", "properties": { "osm_id": "1384294054", "code": 7215, "fclass": "orchard", "name": null }, "geometry": { "type": "Polygon", "coordinates": [ [ [ 73.9348769, 15.5143313 ], [ 73.9349815, 15.5145665 ], [ 73.9358881, 15.5148715 ], [ 73.9364755, 15.5152178 ], [ 73.9367786, 15.5154116 ], [ 73.9369386, 15.5155743 ], [ 73.9370817, 15.5154685 ], [ 73.9370817, 15.5146001 ], [ 73.9357889, 15.5141659 ], [ 73.9352095, 15.5139282 ], [ 73.9350378, 15.5137007 ], [ 73.9349413, 15.5138248 ], [ 73.9348769, 15.5143313 ] ] ] } },
{ "type": "Feature", "properties": { "osm_id": "1385081295", "code": 7215, "fclass": "orchard", "name": null }, "geometry": { "type": "Polygon", "coordinates": [ [ [ 73.8674086, 15.502034 ], [ 73.8676178, 15.5022253 ], [ 73.8675642, 15.5026802 ], [ 73.8676983, 15.5027629 ], [ 73.8675749, 15.5031816 ], [ 73.867709, 15.5032591 ], [ 73.8679022, 15.5027215 ], [ 73.8677412, 15.5025975 ], [ 73.8678807, 15.5021943 ], [ 73.8685888, 15.5019358 ], [ 73.8684601, 15.5017704 ], [ 73.8678217, 15.5020754 ], [ 73.8675696, 15.5018893 ], [ 73.8674086, 15.502034 ] ] ] } },
{ "type": "Feature", "properties": { "osm_id": "1385086626", "code": 7215, "fclass": "orchard", "name": null }, "geometry": { "type": "Polygon", "coordinates": [ [ [ 73.8675367, 15.5202339 ], [ 73.8680524, 15.5204875 ], [ 73.86866, 15.5193018 ], [ 73.8684601, 15.5191746 ], [ 73.8681694, 15.5189961 ], [ 73.8679826, 15.5192935 ], [ 73.8675367, 15.5202339 ] ] ] } },
{ "type": "Feature", "properties": { "osm_id": "1385086628", "code": 7215, "fclass": "orchard", "name": null }, "geometry": { "type": "Polygon", "coordinates": [ [ [ 73.8695703, 15.5188091 ], [ 73.8695973, 15.5189885 ], [ 73.8697316, 15.5191928 ], [ 73.8699084, 15.5189937 ], [ 73.8703215, 15.5191694 ], [ 73.870815, 15.5183321 ], [ 73.8711397, 15.5178964 ], [ 73.8706005, 15.5175723 ], [ 73.8695703, 15.5188091 ] ] ] } },
{ "type": "Feature", "properties": { "osm_id": "1385086630", "code": 7215, "fclass": "orchard", "name": null }, "geometry": { "type": "Polygon", "coordinates": [ [ [ 73.8709894, 15.5217383 ], [ 73.8712174, 15.5219089 ], [ 73.8716894, 15.5215264 ], [ 73.8721907, 15.5208311 ], [ 73.8717002, 15.5205133 ], [ 73.8711584, 15.5213352 ], [ 73.8709894, 15.5217383 ] ] ] } },
{ "type": "Feature", "properties": { "osm_id": "1385086631", "code": 7215, "fclass": "orchard", "name": null }, "geometry": { "type": "Polygon", "coordinates": [ [ [ 73.870579, 15.5227411 ], [ 73.872419, 15.5236663 ], [ 73.8725263, 15.5235319 ], [ 73.8728911, 15.5237283 ], [ 73.8733631, 15.5230357 ], [ 73.872736, 15.5225113 ], [ 73.8723123, 15.5231677 ], [ 73.8720488, 15.5230098 ], [ 73.8724726, 15.5223534 ], [ 73.8715124, 15.521759 ], [ 73.8712496, 15.522095 ], [ 73.870874, 15.5218365 ], [ 73.8706326, 15.5222707 ], [ 73.8708043, 15.5223224 ], [ 73.870579, 15.5227411 ] ] ] } },
{ "type": "Feature", "properties": { "osm_id": "1385086632", "code": 7215, "fclass": "orchard", "name": null }, "geometry": { "type": "Polygon", "coordinates": [ [ [ 73.8786792, 15.5256355 ], [ 73.8796342, 15.5259922 ], [ 73.8797629, 15.5256924 ], [ 73.8801813, 15.5258578 ], [ 73.8805246, 15.5251755 ], [ 73.8812005, 15.5239971 ], [ 73.8806319, 15.523749 ], [ 73.8798807, 15.5237386 ], [ 73.8795161, 15.5237335 ], [ 73.8793713, 15.5241159 ], [ 73.8786792, 15.5256355 ] ] ] } },
{ "type": "Feature", "properties": { "osm_id": "1385086633", "code": 7215, "fclass": "orchard", "name": null }, "geometry": { "type": "Polygon", "coordinates": [ [ [ 73.8743234, 15.5245243 ], [ 73.8747311, 15.524793 ], [ 73.8746211, 15.5251006 ], [ 73.8752675, 15.5253203 ], [ 73.8754767, 15.5249171 ], [ 73.875702, 15.5250205 ], [ 73.875525, 15.525403 ], [ 73.8757825, 15.525465 ], [ 73.8761258, 15.5249481 ], [ 73.8769895, 15.525222 ], [ 73.8771987, 15.524762 ], [ 73.8777244, 15.5249843 ], [ 73.8778853, 15.524793 ], [ 73.8784969, 15.5250618 ], [ 73.8790601, 15.5240074 ], [ 73.8793713, 15.5241159 ], [ 73.8795161, 15.5237335 ], [ 73.8789689, 15.5237335 ], [ 73.8783359, 15.5235629 ], [ 73.8763726, 15.5234854 ], [ 73.8762224, 15.5234233 ], [ 73.8758522, 15.5240177 ], [ 73.8749456, 15.5235836 ], [ 73.8747579, 15.5237955 ], [ 73.8743234, 15.5245243 ] ] ] } },
{ "type": "Feature", "properties": { "osm_id": "1385235920", "code": 7215, "fclass": "orchard", "name": null }, "geometry": { "type": "Polygon", "coordinates": [ [ [ 73.7993513, 15.597499 ], [ 73.7993674, 15.59773 ], [ 73.7999964, 15.5975827 ], [ 73.799961, 15.5973429 ], [ 73.7993513, 15.597499 ] ] ] } },
{ "type": "Feature", "properties": { "osm_id": "1385235922", "code": 7215, "fclass": "orchard", "name": null }, "geometry": { "type": "Polygon", "coordinates": [ [ [ 73.8037755, 15.5912765 ], [ 73.8038329, 15.592195 ], [ 73.8039204, 15.5921744 ], [ 73.8040095, 15.5929112 ], [ 73.8039265, 15.5929217 ], [ 73.8039697, 15.5936237 ], [ 73.8042192, 15.5935759 ], [ 73.8041774, 15.5929924 ], [ 73.8044875, 15.5928887 ], [ 73.8044261, 15.5926073 ], [ 73.8041505, 15.5925953 ], [ 73.8040241, 15.5911735 ], [ 73.8038948, 15.5911666 ], [ 73.8038941, 15.5912892 ], [ 73.8037755, 15.5912765 ] ] ] } },
{ "type": "Feature", "properties": { "osm_id": "1385235924", "code": 7215, "fclass": "orchard", "name": null }, "geometry": { "type": "Polygon", "coordinates": [ [ [ 73.8065252, 15.591504 ], [ 73.8065469, 15.5916003 ], [ 73.8066654, 15.5915762 ], [ 73.8069556, 15.5919302 ], [ 73.8071026, 15.5917098 ], [ 73.8069767, 15.591574 ], [ 73.8069302, 15.5914346 ], [ 73.8065252, 15.591504 ] ] ] } },
{ "type": "Feature", "properties": { "osm_id": "1385235925", "code": 7215, "fclass": "orchard", "name": null }, "geometry": { "type": "Polygon", "coordinates": [ [ [ 73.809684, 15.5946003 ], [ 73.8098779, 15.5951418 ], [ 73.8102691, 15.5951051 ], [ 73.8102728, 15.5948795 ], [ 73.8101303, 15.5948703 ], [ 73.8100519, 15.5943808 ], [ 73.809684, 15.5946003 ] ] ] } },
{ "type": "Feature", "properties": { "osm_id": "1385722593", "code": 7215, "fclass": "orchard", "name": null }, "geometry": { "type": "Polygon", "coordinates": [ [ [ 73.811211, 15.5941646 ], [ 73.8112257, 15.5943041 ], [ 73.8118628, 15.5941595 ], [ 73.8120049, 15.594609 ], [ 73.8121417, 15.5945573 ], [ 73.8120599, 15.5943442 ], [ 73.8121216, 15.5943261 ], [ 73.8119902, 15.5939773 ], [ 73.811502, 15.5941 ], [ 73.811211, 15.5941646 ] ] ] } },
{ "type": "Feature", "properties": { "osm_id": "1385917981", "code": 7229, "fclass": "farmland", "name": null }, "geometry": { "type": "Polygon", "coordinates": [ [ [ 73.8014907, 15.5841521 ], [ 73.8015073, 15.584299 ], [ 73.803053, 15.5842021 ], [ 73.803041, 15.584085 ], [ 73.8014907, 15.5841521 ] ] ] } },
{ "type": "Feature", "properties": { "osm_id": "1385917982", "code": 7229, "fclass": "farmland", "name": null }, "geometry": { "type": "Polygon", "coordinates": [ [ [ 73.8055837, 15.587795 ], [ 73.8056749, 15.5879913 ], [ 73.8067639, 15.5878777 ], [ 73.8067478, 15.587733 ], [ 73.8068926, 15.58764 ], [ 73.8068322, 15.587551 ], [ 73.8066781, 15.58764 ], [ 73.8055837, 15.587795 ] ] ] } },
{ "type": "Feature", "properties": { "osm_id": "1387463744", "code": 7215, "fclass": "orchard", "name": null }, "geometry": { "type": "Polygon", "coordinates": [ [ [ 73.8089499, 15.5838214 ], [ 73.8091227, 15.5847465 ], [ 73.8095212, 15.5845836 ], [ 73.8092744, 15.5837827 ], [ 73.8089499, 15.5838214 ] ] ] } },
{ "type": "Feature", "properties": { "osm_id": "1395308304", "code": 7229, "fclass": "farmland", "name": null }, "geometry": { "type": "Polygon", "coordinates": [ [ [ 73.8322719, 15.601166 ], [ 73.8324382, 15.6022459 ], [ 73.8325187, 15.6027522 ], [ 73.8326528, 15.6029485 ], [ 73.8328996, 15.6030932 ], [ 73.8330444, 15.6037132 ], [ 73.8333824, 15.6038837 ], [ 73.833373, 15.6040199 ], [ 73.8334921, 15.604001 ], [ 73.8336664, 15.6039984 ], [ 73.8338193, 15.6039829 ], [ 73.8338837, 15.6040087 ], [ 73.833932, 15.6040733 ], [ 73.8340017, 15.6041147 ], [ 73.8343719, 15.6041973 ], [ 73.8344684, 15.604187 ], [ 73.8347205, 15.6040914 ], [ 73.8347688, 15.6040475 ], [ 73.8348225, 15.6038563 ], [ 73.8349137, 15.6035747 ], [ 73.8349485, 15.6035541 ], [ 73.835029, 15.603567 ], [ 73.8350773, 15.6035463 ], [ 73.8351658, 15.6034017 ], [ 73.8352409, 15.6032131 ], [ 73.835257, 15.6031252 ], [ 73.8353991, 15.6031898 ], [ 73.8358605, 15.6034947 ], [ 73.8359197, 15.6032999 ], [ 73.8357478, 15.6030372 ], [ 73.8356891, 15.6029795 ], [ 73.8356354, 15.6028607 ], [ 73.8355871, 15.6026592 ], [ 73.8355228, 15.602592 ], [ 73.8354316, 15.602654 ], [ 73.8352545, 15.602623 ], [ 73.8351097, 15.6025249 ], [ 73.834938, 15.6023905 ], [ 73.8347717, 15.6021735 ], [ 73.8346105, 15.6019521 ], [ 73.834455, 15.6017093 ], [ 73.8343906, 15.6014096 ], [ 73.8339883, 15.6005003 ], [ 73.8339132, 15.6003349 ], [ 73.8337683, 15.6000611 ], [ 73.833436, 15.5997451 ], [ 73.8332909, 15.5993222 ], [ 73.8331034, 15.5988823 ], [ 73.8329747, 15.5993731 ], [ 73.8322987, 15.600887 ], [ 73.8322719, 15.601166 ] ] ] } },
{ "type": "Feature", "properties": { "osm_id": "1395707851", "code": 7229, "fclass": "farmland", "name": null }, "geometry": { "type": "Polygon", "coordinates": [ [ [ 73.8521093, 15.5332489 ], [ 73.8529944, 15.5342529 ], [ 73.8531949, 15.5337851 ], [ 73.8534676, 15.533534 ], [ 73.8538647, 15.5333859 ], [ 73.8541585, 15.5332334 ], [ 73.8542627, 15.5334412 ], [ 73.85534, 15.5327848 ], [ 73.8550115, 15.532272 ], [ 73.854475, 15.5324374 ], [ 73.8540137, 15.5318585 ], [ 73.8538313, 15.5320343 ], [ 73.8540029, 15.5322203 ], [ 73.8537347, 15.5324736 ], [ 73.8539225, 15.5327837 ], [ 73.8531768, 15.5330059 ], [ 73.8525921, 15.5329698 ], [ 73.8521093, 15.5332489 ] ] ] } },
{ "type": "Feature", "properties": { "osm_id": "1395707852", "code": 7229, "fclass": "farmland", "name": null }, "geometry": { "type": "Polygon", "coordinates": [ [ [ 73.8481235, 15.5306388 ], [ 73.8481235, 15.5313727 ], [ 73.8481772, 15.5316259 ], [ 73.8483435, 15.5317293 ], [ 73.8486493, 15.5317655 ], [ 73.8490891, 15.5318585 ], [ 73.8494646, 15.5317862 ], [ 73.8500601, 15.5318068 ], [ 73.8504142, 15.5317758 ], [ 73.8519967, 15.5310574 ], [ 73.8521539, 15.5310021 ], [ 73.8522395, 15.5309813 ], [ 73.8522923, 15.5309936 ], [ 73.852325, 15.5310216 ], [ 73.85234, 15.5308197 ], [ 73.8521549, 15.5306749 ], [ 73.8523695, 15.5303235 ], [ 73.8525438, 15.5304036 ], [ 73.852576, 15.5304604 ], [ 73.8524231, 15.5308791 ], [ 73.8524311, 15.5309861 ], [ 73.8528334, 15.5318751 ], [ 73.8529621, 15.5319836 ], [ 73.8530641, 15.5319681 ], [ 73.8531821, 15.5319061 ], [ 73.8531983, 15.531843 ], [ 73.8532922, 15.5317448 ], [ 73.8534209, 15.5314554 ], [ 73.8535604, 15.5313727 ], [ 73.8537669, 15.531184 ], [ 73.8540968, 15.5308946 ], [ 73.8545528, 15.5306568 ], [ 73.8547754, 15.5305974 ], [ 73.8555077, 15.5305561 ], [ 73.8559234, 15.5303803 ], [ 73.8561246, 15.530202 ], [ 73.8562211, 15.5301813 ], [ 73.8567468, 15.5303829 ], [ 73.8572779, 15.530724 ], [ 73.8573799, 15.5306775 ], [ 73.8575801, 15.5306929 ], [ 73.8576615, 15.5291657 ], [ 73.8576561, 15.5289693 ], [ 73.857581, 15.5287057 ], [ 73.8572645, 15.5284835 ], [ 73.8528496, 15.5269122 ], [ 73.8526672, 15.5267623 ], [ 73.8522971, 15.5261989 ], [ 73.852002, 15.5258578 ], [ 73.8512134, 15.5251703 ], [ 73.8507987, 15.5249671 ], [ 73.850323, 15.525863 ], [ 73.8501835, 15.5259818 ], [ 73.8498884, 15.5259973 ], [ 73.849647, 15.5272275 ], [ 73.8495344, 15.5274549 ], [ 73.8483274, 15.5288194 ], [ 73.8482147, 15.5291295 ], [ 73.8481611, 15.5298273 ], [ 73.8481235, 15.5306388 ] ] ] } },
{ "type": "Feature", "properties": { "osm_id": "1395721549", "code": 7229, "fclass": "farmland", "name": null }, "geometry": { "type": "Polygon", "coordinates": [ [ [ 73.8582221, 15.5259715 ], [ 73.8582221, 15.5260309 ], [ 73.8583159, 15.5260749 ], [ 73.8586003, 15.5261576 ], [ 73.8593003, 15.5263281 ], [ 73.8598636, 15.526509 ], [ 73.8603115, 15.5266357 ], [ 73.8605422, 15.526708 ], [ 73.8606495, 15.526752 ], [ 73.8614273, 15.5269639 ], [ 73.8624787, 15.5273257 ], [ 73.8626584, 15.5273619 ], [ 73.8631225, 15.5275634 ], [ 73.8631788, 15.527535 ], [ 73.8632271, 15.5274136 ], [ 73.8633049, 15.527181 ], [ 73.8632914, 15.5271215 ], [ 73.8631439, 15.527044 ], [ 73.8629964, 15.5269535 ], [ 73.8628194, 15.5268915 ], [ 73.8626718, 15.5268398 ], [ 73.8623822, 15.5267468 ], [ 73.8616472, 15.5264987 ], [ 73.8614622, 15.5264238 ], [ 73.8609713, 15.5262945 ], [ 73.8608694, 15.5263075 ], [ 73.8607863, 15.5263023 ], [ 73.8607353, 15.5262609 ], [ 73.8600165, 15.5261188 ], [ 73.8596356, 15.526049 ], [ 73.8585976, 15.5259198 ], [ 73.858332, 15.5259146 ], [ 73.8582221, 15.5259715 ] ] ] } },
{ "type": "Feature", "properties": { "osm_id": "1395721550", "code": 7229, "fclass": "farmland", "name": null }, "geometry": { "type": "Polygon", "coordinates": [ [ [ 73.8632458, 15.5275583 ], [ 73.8632458, 15.5276229 ], [ 73.8633236, 15.5276539 ], [ 73.8634577, 15.5276901 ], [ 73.8637635, 15.5278787 ], [ 73.8638467, 15.5278581 ], [ 73.86408, 15.527809 ], [ 73.8644394, 15.5278322 ], [ 73.8646111, 15.52784 ], [ 73.864595, 15.5278064 ], [ 73.8643724, 15.5276694 ], [ 73.8641846, 15.5275764 ], [ 73.8634148, 15.527212 ], [ 73.8633558, 15.527212 ], [ 73.8633022, 15.5273489 ], [ 73.8632458, 15.5275583 ] ] ] } },
{ "type": "Feature", "properties": { "osm_id": "1395721551", "code": 7229, "fclass": "farmland", "name": null }, "geometry": { "type": "Polygon", "coordinates": [ [ [ 73.857844, 15.5289265 ], [ 73.8579136, 15.5289409 ], [ 73.858737, 15.5288814 ], [ 73.8592762, 15.5289641 ], [ 73.8594291, 15.5290158 ], [ 73.8594532, 15.528959 ], [ 73.85948, 15.5289357 ], [ 73.8597348, 15.5290391 ], [ 73.8598877, 15.5290649 ], [ 73.8601372, 15.5291425 ], [ 73.8601962, 15.5291554 ], [ 73.8602498, 15.5291554 ], [ 73.8604376, 15.5291941 ], [ 73.8604885, 15.529189 ], [ 73.8605797, 15.5291502 ], [ 73.8606843, 15.5291554 ], [ 73.8607943, 15.5291502 ], [ 73.8609982, 15.5290598 ], [ 73.8610464, 15.5290494 ], [ 73.8612127, 15.5290494 ], [ 73.8614461, 15.5291063 ], [ 73.8614756, 15.5289435 ], [ 73.8614461, 15.5288944 ], [ 73.8614085, 15.5288634 ], [ 73.8614032, 15.5288142 ], [ 73.8584366, 15.5276539 ], [ 73.8584769, 15.5274316 ], [ 73.858434, 15.5274161 ], [ 73.8584205, 15.5274472 ], [ 73.858375, 15.5276694 ], [ 73.8581228, 15.5283465 ], [ 73.8579726, 15.5287083 ], [ 73.857844, 15.5289265 ] ] ] } },
{ "type": "Feature", "properties": { "osm_id": "1395721552", "code": 7229, "fclass": "farmland", "name": null }, "geometry": { "type": "Polygon", "coordinates": [ [ [ 73.8521978, 15.5253099 ], [ 73.8522059, 15.5253564 ], [ 73.8522354, 15.5253926 ], [ 73.8523105, 15.5254546 ], [ 73.8523775, 15.5255218 ], [ 73.8524526, 15.5256123 ], [ 73.8524714, 15.5256562 ], [ 73.8525036, 15.5256924 ], [ 73.8525787, 15.525757 ], [ 73.8531071, 15.5263307 ], [ 73.8532412, 15.5263953 ], [ 73.8532948, 15.5264729 ], [ 73.8533378, 15.5264987 ], [ 73.8540298, 15.526677 ], [ 73.854121, 15.5267132 ], [ 73.8545072, 15.5269794 ], [ 73.8546091, 15.5269846 ], [ 73.8547057, 15.5269561 ], [ 73.8548934, 15.5269329 ], [ 73.8549659, 15.5269975 ], [ 73.8550544, 15.5270285 ], [ 73.8552475, 15.5269949 ], [ 73.855328, 15.527013 ], [ 73.8559851, 15.5273851 ], [ 73.8562721, 15.5275867 ], [ 73.8564062, 15.5276642 ], [ 73.8565028, 15.5276952 ], [ 73.8567039, 15.5277082 ], [ 73.8568944, 15.5277495 ], [ 73.8569668, 15.5278141 ], [ 73.8569829, 15.5278606 ], [ 73.8569829, 15.5279097 ], [ 73.8570231, 15.5279382 ], [ 73.857117, 15.5279175 ], [ 73.8572109, 15.5279588 ], [ 73.8573664, 15.5279847 ], [ 73.8574684, 15.5279821 ], [ 73.8575113, 15.5279563 ], [ 73.8576212, 15.5278606 ], [ 73.8577822, 15.5277909 ], [ 73.857809, 15.5277547 ], [ 73.8578492, 15.5277263 ], [ 73.8579029, 15.5277288 ], [ 73.8581416, 15.5277934 ], [ 73.8582355, 15.5278038 ], [ 73.8583454, 15.5276229 ], [ 73.8578653, 15.5274084 ], [ 73.8578171, 15.5273981 ], [ 73.8577715, 15.5273748 ], [ 73.8577232, 15.527367 ], [ 73.8576695, 15.5274523 ], [ 73.8576561, 15.5275014 ], [ 73.8575622, 15.5276203 ], [ 73.8573718, 15.5277082 ], [ 73.8573208, 15.5277108 ], [ 73.8572672, 15.5276927 ], [ 73.857227, 15.5276642 ], [ 73.8571975, 15.5276255 ], [ 73.8571519, 15.5276022 ], [ 73.8571036, 15.5275945 ], [ 73.8569427, 15.5276125 ], [ 73.8567039, 15.5275143 ], [ 73.8564572, 15.5274368 ], [ 73.8562345, 15.5273309 ], [ 73.8561514, 15.527274 ], [ 73.8560736, 15.5272042 ], [ 73.8559771, 15.5271551 ], [ 73.8557786, 15.5270905 ], [ 73.8552475, 15.5268373 ], [ 73.8550946, 15.5267055 ], [ 73.8549444, 15.5266512 ], [ 73.8543087, 15.5263643 ], [ 73.8537106, 15.5260335 ], [ 73.8533807, 15.5258759 ], [ 73.8533324, 15.525863 ], [ 73.8531795, 15.5257958 ], [ 73.8530454, 15.5257208 ], [ 73.8525948, 15.5253952 ], [ 73.8524821, 15.5253047 ], [ 73.8524795, 15.5252556 ], [ 73.8524365, 15.5252453 ], [ 73.8523373, 15.5252195 ], [ 73.8522863, 15.5252143 ], [ 73.8522381, 15.525222 ], [ 73.8522086, 15.5252634 ], [ 73.8521978, 15.5253099 ] ] ] } },
{ "type": "Feature", "properties": { "osm_id": "1395721553", "code": 7229, "fclass": "farmland", "name": null }, "geometry": { "type": "Polygon", "coordinates": [ [ [ 73.852289, 15.5248292 ], [ 73.8523212, 15.524868 ], [ 73.8524097, 15.5249171 ], [ 73.8525063, 15.5249584 ], [ 73.8525975, 15.5250127 ], [ 73.852981, 15.5253461 ], [ 73.8530266, 15.5253719 ], [ 73.8530749, 15.5253797 ], [ 73.8531017, 15.5253383 ], [ 73.8532063, 15.5253435 ], [ 73.8534102, 15.525465 ], [ 73.8534611, 15.5254701 ], [ 73.8535121, 15.5254495 ], [ 73.8535765, 15.5253694 ], [ 73.8536194, 15.5253409 ], [ 73.853673, 15.5253358 ], [ 73.853716, 15.525359 ], [ 73.8537508, 15.5253952 ], [ 73.8537616, 15.5254391 ], [ 73.8537374, 15.5254831 ], [ 73.8536918, 15.5254934 ], [ 73.8536382, 15.5255012 ], [ 73.853606, 15.5255399 ], [ 73.8536409, 15.5255761 ], [ 73.8536811, 15.5256045 ], [ 73.8537294, 15.5256278 ], [ 73.853834, 15.5256614 ], [ 73.8538769, 15.5256846 ], [ 73.8540244, 15.5258216 ], [ 73.8541585, 15.5259146 ], [ 73.8542631, 15.5259198 ], [ 73.8543087, 15.5259017 ], [ 73.854349, 15.5258087 ], [ 73.8543785, 15.5257673 ], [ 73.8544241, 15.5257441 ], [ 73.8544723, 15.5257622 ], [ 73.8545045, 15.5258035 ], [ 73.8545126, 15.52585 ], [ 73.8545072, 15.5258991 ], [ 73.8544723, 15.5259302 ], [ 73.8544241, 15.5259457 ], [ 73.854416, 15.5259922 ], [ 73.8544509, 15.5260284 ], [ 73.8547084, 15.5261472 ], [ 73.854762, 15.5261472 ], [ 73.8547835, 15.5261007 ], [ 73.8547942, 15.5260542 ], [ 73.854821, 15.5260129 ], [ 73.8548666, 15.5259948 ], [ 73.8549149, 15.5260077 ], [ 73.8549605, 15.5260284 ], [ 73.8549954, 15.5260645 ], [ 73.8549954, 15.5261136 ], [ 73.8549525, 15.5261963 ], [ 73.8549793, 15.5262377 ], [ 73.8550571, 15.5263049 ], [ 73.855682, 15.5265633 ], [ 73.8561004, 15.5267778 ], [ 73.8563579, 15.5269303 ], [ 73.8565135, 15.5270647 ], [ 73.8571519, 15.5272016 ], [ 73.8572028, 15.5272016 ], [ 73.8572511, 15.5271887 ], [ 73.8573664, 15.5270905 ], [ 73.857412, 15.5270724 ], [ 73.857573, 15.5270724 ], [ 73.8577098, 15.5270905 ], [ 73.8583696, 15.5272947 ], [ 73.8584205, 15.5273024 ], [ 73.8584688, 15.5272921 ], [ 73.8585171, 15.5273076 ], [ 73.8586056, 15.5273567 ], [ 73.8586539, 15.5273645 ], [ 73.8587075, 15.5273645 ], [ 73.8588068, 15.5273851 ], [ 73.8588926, 15.5274316 ], [ 73.8601264, 15.5279821 ], [ 73.8607997, 15.5282586 ], [ 73.8612208, 15.5285377 ], [ 73.8615668, 15.5286902 ], [ 73.8616177, 15.5286902 ], [ 73.8616687, 15.5286825 ], [ 73.8617063, 15.5286489 ], [ 73.8616902, 15.5286049 ], [ 73.8616553, 15.5285739 ], [ 73.8615373, 15.5285196 ], [ 73.861497, 15.5284912 ], [ 73.8614058, 15.5284447 ], [ 73.8613281, 15.5283853 ], [ 73.8612878, 15.528362 ], [ 73.8610867, 15.5282147 ], [ 73.860864, 15.5281165 ], [ 73.8608184, 15.5281036 ], [ 73.860746, 15.528039 ], [ 73.8607004, 15.5280183 ], [ 73.8606039, 15.5280364 ], [ 73.8605556, 15.528026 ], [ 73.8605314, 15.5279847 ], [ 73.8605234, 15.5279382 ], [ 73.8604805, 15.5279149 ], [ 73.8604295, 15.5279149 ], [ 73.8601989, 15.5278606 ], [ 73.8601506, 15.5278477 ], [ 73.8600165, 15.5277857 ], [ 73.8599145, 15.5277805 ], [ 73.8598663, 15.5277676 ], [ 73.8597053, 15.5276461 ], [ 73.8596114, 15.5276177 ], [ 73.859531, 15.5275557 ], [ 73.8595042, 15.5275143 ], [ 73.8594988, 15.5274678 ], [ 73.8595337, 15.5274316 ], [ 73.8595819, 15.5274136 ], [ 73.8596329, 15.5274161 ], [ 73.8596839, 15.5274342 ], [ 73.8597161, 15.527473 ], [ 73.8597402, 15.5275712 ], [ 73.8597697, 15.52761 ], [ 73.8598394, 15.5276281 ], [ 73.8598877, 15.5276487 ], [ 73.8599226, 15.5276849 ], [ 73.8599655, 15.5277108 ], [ 73.8600191, 15.5277108 ], [ 73.8600674, 15.527703 ], [ 73.8601211, 15.5277159 ], [ 73.8601506, 15.5277573 ], [ 73.8601935, 15.5277805 ], [ 73.8603812, 15.5278555 ], [ 73.8604349, 15.5278632 ], [ 73.8604858, 15.5278555 ], [ 73.8605288, 15.527827 ], [ 73.860569, 15.5277934 ], [ 73.8606173, 15.5278038 ], [ 73.8606575, 15.5278348 ], [ 73.8607085, 15.5279201 ], [ 73.8607487, 15.5279511 ], [ 73.860797, 15.5279692 ], [ 73.8609016, 15.5279692 ], [ 73.8609633, 15.5279769 ], [ 73.8610974, 15.528039 ], [ 73.8611752, 15.528101 ], [ 73.8612074, 15.5281372 ], [ 73.8612449, 15.5281682 ], [ 73.8612905, 15.5281888 ], [ 73.8613388, 15.5282044 ], [ 73.8615748, 15.5283051 ], [ 73.8616312, 15.5283051 ], [ 73.861835, 15.5283698 ], [ 73.8619208, 15.5284163 ], [ 73.861953, 15.5284576 ], [ 73.8619718, 15.5285041 ], [ 73.8619772, 15.5286023 ], [ 73.8619986, 15.5286437 ], [ 73.8620469, 15.528654 ], [ 73.8630661, 15.5286799 ], [ 73.8635141, 15.5286308 ], [ 73.8635543, 15.5285998 ], [ 73.8635677, 15.5285532 ], [ 73.8635811, 15.5281837 ], [ 73.8636053, 15.5281423 ], [ 73.8636321, 15.5280493 ], [ 73.863624, 15.5280028 ], [ 73.8636053, 15.5279588 ], [ 73.8635704, 15.5279252 ], [ 73.8635302, 15.5278968 ], [ 73.8632485, 15.5277909 ], [ 73.8628381, 15.5275712 ], [ 73.8627899, 15.5275557 ], [ 73.8627416, 15.5275686 ], [ 73.8626477, 15.5276048 ], [ 73.8625967, 15.5276048 ], [ 73.862519, 15.5275428 ], [ 73.8624895, 15.527504 ], [ 73.8622212, 15.527367 ], [ 73.8621703, 15.527367 ], [ 73.8620737, 15.5273489 ], [ 73.8620147, 15.527305 ], [ 73.8614863, 15.5271474 ], [ 73.861438, 15.5271603 ], [ 73.8614166, 15.5272533 ], [ 73.8613817, 15.5273438 ], [ 73.8613576, 15.5273877 ], [ 73.8612449, 15.5275273 ], [ 73.8611671, 15.527579 ], [ 73.8611403, 15.5276203 ], [ 73.8611484, 15.5276668 ], [ 73.8611725, 15.5277599 ], [ 73.861151, 15.5278012 ], [ 73.8611028, 15.5278038 ], [ 73.8610545, 15.5277934 ], [ 73.8610116, 15.5277702 ], [ 73.8609418, 15.527703 ], [ 73.8606521, 15.527597 ], [ 73.8606119, 15.5275686 ], [ 73.8606361, 15.5275273 ], [ 73.8608694, 15.5276151 ], [ 73.8609177, 15.5276229 ], [ 73.8609633, 15.5276048 ], [ 73.8610142, 15.5276022 ], [ 73.8610625, 15.5275945 ], [ 73.8611349, 15.5275247 ], [ 73.8611779, 15.5274963 ], [ 73.8612261, 15.5274756 ], [ 73.8613173, 15.527367 ], [ 73.8613576, 15.527274 ], [ 73.861371, 15.5271784 ], [ 73.8613602, 15.5271319 ], [ 73.8613173, 15.527106 ], [ 73.8606709, 15.5269044 ], [ 73.8606226, 15.5269122 ], [ 73.8605234, 15.5269122 ], [ 73.8604778, 15.5269251 ], [ 73.8604456, 15.5270156 ], [ 73.8604242, 15.5270569 ], [ 73.8603732, 15.5270647 ], [ 73.8603651, 15.5270182 ], [ 73.8603839, 15.5268734 ], [ 73.8603759, 15.5268269 ], [ 73.860333, 15.5268011 ], [ 73.8601506, 15.5267313 ], [ 73.860054, 15.5267003 ], [ 73.8598582, 15.5266667 ], [ 73.8590482, 15.5264729 ], [ 73.8590026, 15.5264884 ], [ 73.8589784, 15.5265297 ], [ 73.8589463, 15.5266693 ], [ 73.8589248, 15.5267106 ], [ 73.8588899, 15.5267468 ], [ 73.8588443, 15.5267701 ], [ 73.8587451, 15.5268528 ], [ 73.8586968, 15.5268657 ], [ 73.8586378, 15.5269432 ], [ 73.8586003, 15.5269742 ], [ 73.858552, 15.5269768 ], [ 73.8585037, 15.5269613 ], [ 73.8584608, 15.5269355 ], [ 73.858442, 15.5268889 ], [ 73.8584849, 15.5265504 ], [ 73.858501, 15.5265039 ], [ 73.8584876, 15.5264574 ], [ 73.8582891, 15.5264057 ], [ 73.8582489, 15.5263798 ], [ 73.8582355, 15.5262842 ], [ 73.8581926, 15.5262584 ], [ 73.8576373, 15.5261162 ], [ 73.8575917, 15.5261343 ], [ 73.8574737, 15.5267701 ], [ 73.8574442, 15.5268088 ], [ 73.8573986, 15.5268295 ], [ 73.857353, 15.5268192 ], [ 73.8573155, 15.5267882 ], [ 73.8573047, 15.5267416 ], [ 73.8574013, 15.5261214 ], [ 73.8573959, 15.5260749 ], [ 73.8571304, 15.5260051 ], [ 73.8570794, 15.5260025 ], [ 73.8570365, 15.5260232 ], [ 73.8570204, 15.5260671 ], [ 73.8569641, 15.5264935 ], [ 73.8569453, 15.5265375 ], [ 73.8569105, 15.5265685 ], [ 73.8568622, 15.5265762 ], [ 73.8568139, 15.5265607 ], [ 73.8567924, 15.5265194 ], [ 73.8567924, 15.5264703 ], [ 73.8568675, 15.5260852 ], [ 73.8568836, 15.5260387 ], [ 73.8568971, 15.5259896 ], [ 73.8568971, 15.5259405 ], [ 73.8568568, 15.5259095 ], [ 73.8566637, 15.5258449 ], [ 73.8566154, 15.5258371 ], [ 73.8565215, 15.5258087 ], [ 73.8564759, 15.525819 ], [ 73.8564411, 15.5258526 ], [ 73.8564223, 15.5258966 ], [ 73.8563928, 15.5259896 ], [ 73.8563713, 15.5260826 ], [ 73.8563257, 15.5262222 ], [ 73.8562721, 15.5263075 ], [ 73.8562211, 15.5263126 ], [ 73.8561916, 15.5262739 ], [ 73.856189, 15.5261757 ], [ 73.856248, 15.5259689 ], [ 73.8562721, 15.525925 ], [ 73.8562989, 15.5258319 ], [ 73.8562962, 15.5257828 ], [ 73.8562775, 15.5257389 ], [ 73.8562345, 15.5257131 ], [ 73.856189, 15.525695 ], [ 73.8560012, 15.5256355 ], [ 73.8559502, 15.525633 ], [ 73.85591, 15.5256562 ], [ 73.8558832, 15.525695 ], [ 73.8558644, 15.5257389 ], [ 73.8558912, 15.5257777 ], [ 73.8559422, 15.5257932 ], [ 73.8559878, 15.5258164 ], [ 73.8560092, 15.5258604 ], [ 73.8559368, 15.5261111 ], [ 73.8558993, 15.5261395 ], [ 73.8558108, 15.5261136 ], [ 73.8557839, 15.526093 ], [ 73.8558644, 15.5258888 ], [ 73.8557786, 15.5258397 ], [ 73.8557518, 15.5257984 ], [ 73.8557947, 15.5256898 ], [ 73.8558054, 15.5256123 ], [ 73.855682, 15.5255761 ], [ 73.8556525, 15.5255916 ], [ 73.8555291, 15.5259482 ], [ 73.8554057, 15.5259431 ], [ 73.8553789, 15.5259043 ], [ 73.8555077, 15.525558 ], [ 73.855505, 15.525527 ], [ 73.8554031, 15.5254753 ], [ 73.8553387, 15.5254701 ], [ 73.8551563, 15.5258009 ], [ 73.855108, 15.5258423 ], [ 73.8550222, 15.5258061 ], [ 73.85499, 15.5257234 ], [ 73.8550812, 15.5254236 ], [ 73.8549095, 15.5253461 ], [ 73.8547969, 15.5254236 ], [ 73.8546681, 15.525434 ], [ 73.8538581, 15.525129 ], [ 73.8536006, 15.5250231 ], [ 73.8535282, 15.5250437 ], [ 73.8534853, 15.5250282 ], [ 73.8534531, 15.5249869 ], [ 73.8533753, 15.5248938 ], [ 73.852576, 15.5244519 ], [ 73.8524875, 15.5245346 ], [ 73.8524821, 15.5245785 ], [ 73.8524902, 15.5246276 ], [ 73.8524768, 15.5246742 ], [ 73.8524446, 15.5247078 ], [ 73.8523453, 15.5247543 ], [ 73.852289, 15.5248292 ] ] ] } },
{ "type": "Feature", "properties": { "osm_id": "1395771984", "code": 7229, "fclass": "farmland", "name": null }, "geometry": { "type": "Polygon", "coordinates": [ [ [ 73.8414048, 15.5375673 ], [ 73.841984, 15.5378979 ], [ 73.8424654, 15.5382622 ], [ 73.8424911, 15.5382467 ], [ 73.8421583, 15.5377325 ], [ 73.8415448, 15.5372858 ], [ 73.8414048, 15.5375673 ] ] ] } },
{ "type": "Feature", "properties": { "osm_id": "1395771985", "code": 7229, "fclass": "farmland", "name": null }, "geometry": { "type": "Polygon", "coordinates": [ [ [ 73.8412965, 15.5377852 ], [ 73.8422173, 15.5385474 ], [ 73.8423946, 15.5383541 ], [ 73.8419142, 15.5379625 ], [ 73.8413592, 15.5376592 ], [ 73.8412965, 15.5377852 ] ] ] } },
{ "type": "Feature", "properties": { "osm_id": "1395771989", "code": 7229, "fclass": "farmland", "name": null }, "geometry": { "type": "Polygon", "coordinates": [ [ [ 73.8577527, 15.5308739 ], [ 73.8578922, 15.5312952 ], [ 73.8581336, 15.531352 ], [ 73.8581577, 15.5312719 ], [ 73.858421, 15.531336 ], [ 73.8586271, 15.5311815 ], [ 73.859244, 15.5306077 ], [ 73.8594613, 15.5303674 ], [ 73.8593647, 15.5303028 ], [ 73.8594103, 15.5302124 ], [ 73.8594317, 15.5301219 ], [ 73.8594425, 15.5299022 ], [ 73.8594716, 15.5294854 ], [ 73.8594827, 15.5293259 ], [ 73.8594693, 15.5292562 ], [ 73.8591769, 15.5291605 ], [ 73.8586646, 15.5291425 ], [ 73.8579753, 15.5291295 ], [ 73.8579753, 15.5290287 ], [ 73.8578117, 15.5290572 ], [ 73.8577527, 15.5308739 ] ] ] } },
{ "type": "Feature", "properties": { "osm_id": "1395896544", "code": 7215, "fclass": "orchard", "name": null }, "geometry": { "type": "Polygon", "coordinates": [ [ [ 73.7985563, 15.6177207 ], [ 73.7986207, 15.6179196 ], [ 73.7990069, 15.6178163 ], [ 73.7989855, 15.6174056 ], [ 73.7985671, 15.6175503 ], [ 73.7985563, 15.6177207 ] ] ] } },
{ "type": "Feature", "properties": { "osm_id": "1396014280", "code": 7215, "fclass": "orchard", "name": null }, "geometry": { "type": "Polygon", "coordinates": [ [ [ 73.8211418, 15.5980544 ], [ 73.8211486, 15.5982013 ], [ 73.8211513, 15.5983511 ], [ 73.8213041, 15.5983072 ], [ 73.8213578, 15.5986017 ], [ 73.821225, 15.5986326 ], [ 73.8211702, 15.5986453 ], [ 73.8212899, 15.5989625 ], [ 73.82209, 15.5988497 ], [ 73.8221249, 15.598842 ], [ 73.822082, 15.5984364 ], [ 73.8216689, 15.5980359 ], [ 73.8218299, 15.5978809 ], [ 73.8216367, 15.5976536 ], [ 73.82128, 15.5979326 ], [ 73.8211418, 15.5980544 ] ] ] } },
{ "type": "Feature", "properties": { "osm_id": "1396140007", "code": 7229, "fclass": "farmland", "name": null }, "geometry": { "type": "Polygon", "coordinates": [ [ [ 73.8738137, 15.5187404 ], [ 73.8745916, 15.5190712 ], [ 73.8744789, 15.5193503 ], [ 73.8749403, 15.5195519 ], [ 73.8747686, 15.5198414 ], [ 73.8754606, 15.5202911 ], [ 73.8749349, 15.5212163 ], [ 73.8756484, 15.5215057 ], [ 73.8766837, 15.5216711 ], [ 73.8772041, 15.5207873 ], [ 73.8776761, 15.520994 ], [ 73.8779551, 15.5206115 ], [ 73.8785022, 15.5208545 ], [ 73.8786524, 15.520627 ], [ 73.878867, 15.5207666 ], [ 73.8780677, 15.5223741 ], [ 73.8783896, 15.5225136 ], [ 73.8783091, 15.5227411 ], [ 73.879028, 15.5230202 ], [ 73.8797575, 15.5221467 ], [ 73.8800472, 15.5220278 ], [ 73.8800284, 15.5218856 ], [ 73.8797951, 15.5215781 ], [ 73.8798058, 15.5215238 ], [ 73.8799345, 15.5214334 ], [ 73.8794008, 15.5208467 ], [ 73.8788027, 15.5203221 ], [ 73.8782716, 15.5197044 ], [ 73.8782126, 15.519707 ], [ 73.8780248, 15.519676 ], [ 73.8777512, 15.5195416 ], [ 73.8776118, 15.5195157 ], [ 73.8775447, 15.5194382 ], [ 73.8774562, 15.5193839 ], [ 73.877416, 15.5194615 ], [ 73.8773328, 15.5194046 ], [ 73.8773462, 15.5193142 ], [ 73.8772926, 15.519234 ], [ 73.8772684, 15.5191332 ], [ 73.877306, 15.5190325 ], [ 73.8773677, 15.5189627 ], [ 73.8766086, 15.5183527 ], [ 73.8765416, 15.5183553 ], [ 73.8763431, 15.5185001 ], [ 73.8761929, 15.5185853 ], [ 73.8760319, 15.5185673 ], [ 73.8759595, 15.5185828 ], [ 73.8760239, 15.5185362 ], [ 73.8761795, 15.5185285 ], [ 73.8764745, 15.5182752 ], [ 73.8764209, 15.5182132 ], [ 73.8764048, 15.5181434 ], [ 73.8760722, 15.5178204 ], [ 73.8760775, 15.5177299 ], [ 73.875753, 15.5175309 ], [ 73.8753721, 15.5175593 ], [ 73.8751817, 15.5175309 ], [ 73.8749564, 15.5174844 ], [ 73.8748813, 15.5175774 ], [ 73.8746747, 15.5175593 ], [ 73.874369, 15.5179315 ], [ 73.874149, 15.5182184 ], [ 73.8738137, 15.5187404 ] ] ] } },
{ "type": "Feature", "properties": { "osm_id": "1396140008", "code": 7229, "fclass": "farmland", "name": null }, "geometry": { "type": "Polygon", "coordinates": [ [ [ 73.8692969, 15.5164299 ], [ 73.8698174, 15.516829 ], [ 73.8707292, 15.5156856 ], [ 73.8710618, 15.5159182 ], [ 73.8724512, 15.5167659 ], [ 73.8727301, 15.5166367 ], [ 73.8729813, 15.5163637 ], [ 73.8732961, 15.5160216 ], [ 73.8732129, 15.5159389 ], [ 73.8729501, 15.5157218 ], [ 73.8727355, 15.5154375 ], [ 73.8723171, 15.5152876 ], [ 73.8712817, 15.5151222 ], [ 73.8710886, 15.5148948 ], [ 73.8709974, 15.5146622 ], [ 73.8708472, 15.5143727 ], [ 73.8708901, 15.5140522 ], [ 73.8705468, 15.5137576 ], [ 73.8700962, 15.5144761 ], [ 73.8692969, 15.5164299 ] ] ] } },
{ "type": "Feature", "properties": { "osm_id": "1396140016", "code": 7229, "fclass": "farmland", "name": null }, "geometry": { "type": "Polygon", "coordinates": [ [ [ 73.8698174, 15.516829 ], [ 73.8700587, 15.517014 ], [ 73.870005, 15.5171536 ], [ 73.8706005, 15.5175723 ], [ 73.8711397, 15.5178964 ], [ 73.8715446, 15.5181615 ], [ 73.8713837, 15.5183683 ], [ 73.8717323, 15.5186164 ], [ 73.8716251, 15.5187869 ], [ 73.8724244, 15.5193348 ], [ 73.8718343, 15.5203789 ], [ 73.8723117, 15.5206632 ], [ 73.8721907, 15.5208311 ], [ 73.8716894, 15.5215264 ], [ 73.8715124, 15.521759 ], [ 73.8724726, 15.5223534 ], [ 73.872736, 15.5225113 ], [ 73.8733631, 15.5230357 ], [ 73.8747579, 15.5237955 ], [ 73.8749456, 15.5235836 ], [ 73.8758522, 15.5240177 ], [ 73.8762224, 15.5234233 ], [ 73.8763726, 15.5234854 ], [ 73.8783359, 15.5235629 ], [ 73.8789689, 15.5237335 ], [ 73.8795161, 15.5237335 ], [ 73.8798807, 15.5237386 ], [ 73.8806319, 15.523749 ], [ 73.8812005, 15.5239971 ], [ 73.8813293, 15.523811 ], [ 73.8812166, 15.5237231 ], [ 73.8813508, 15.5234569 ], [ 73.8815492, 15.5228574 ], [ 73.8807687, 15.5223379 ], [ 73.8807017, 15.5224439 ], [ 73.8800472, 15.5220278 ], [ 73.8797575, 15.5221467 ], [ 73.879028, 15.5230202 ], [ 73.8783091, 15.5227411 ], [ 73.8783896, 15.5225136 ], [ 73.8780677, 15.5223741 ], [ 73.878867, 15.5207666 ], [ 73.8786524, 15.520627 ], [ 73.8785022, 15.5208545 ], [ 73.8779551, 15.5206115 ], [ 73.8776761, 15.520994 ], [ 73.8772041, 15.5207873 ], [ 73.8766837, 15.5216711 ], [ 73.8756484, 15.5215057 ], [ 73.8749349, 15.5212163 ], [ 73.8754606, 15.5202911 ], [ 73.8747686, 15.5198414 ], [ 73.8749403, 15.5195519 ], [ 73.8744789, 15.5193503 ], [ 73.8745916, 15.5190712 ], [ 73.8738137, 15.5187404 ], [ 73.874149, 15.5182184 ], [ 73.8741542, 15.5181947 ], [ 73.8741598, 15.5181693 ], [ 73.8736474, 15.518849 ], [ 73.8730842, 15.5184561 ], [ 73.8741088, 15.5166367 ], [ 73.8737279, 15.5163937 ], [ 73.8734811, 15.5167504 ], [ 73.8733631, 15.5166677 ], [ 73.8729813, 15.5163637 ], [ 73.8727301, 15.5166367 ], [ 73.8724512, 15.5167659 ], [ 73.8710618, 15.5159182 ], [ 73.8707292, 15.5156856 ], [ 73.8698174, 15.516829 ] ] ] } },
{ "type": "Feature", "properties": { "osm_id": "1396254990", "code": 7229, "fclass": "farmland", "name": null }, "geometry": { "type": "Polygon", "coordinates": [ [ [ 73.8888797, 15.5326958 ], [ 73.8894296, 15.5336701 ], [ 73.8898346, 15.5335124 ], [ 73.889848, 15.5334944 ], [ 73.8898078, 15.5332359 ], [ 73.88962, 15.5328586 ], [ 73.8898426, 15.5327708 ], [ 73.8895825, 15.5323495 ], [ 73.8888797, 15.5326958 ] ] ] } },
{ "type": "Feature", "properties": { "osm_id": "1396254991", "code": 7229, "fclass": "farmland", "name": null }, "geometry": { "type": "Polygon", "coordinates": [ [ [ 73.8894404, 15.5336966 ], [ 73.8896039, 15.5340991 ], [ 73.8897085, 15.5346056 ], [ 73.8896441, 15.535461 ], [ 73.8899338, 15.5367737 ], [ 73.8901591, 15.5378022 ], [ 73.8908994, 15.5385517 ], [ 73.8916022, 15.5388773 ], [ 73.8921118, 15.5391874 ], [ 73.8926589, 15.54019 ], [ 73.8931632, 15.541203 ], [ 73.8935441, 15.5411358 ], [ 73.8937479, 15.5412185 ], [ 73.8942951, 15.5415596 ], [ 73.8944507, 15.5417457 ], [ 73.8952929, 15.5411772 ], [ 73.8957918, 15.5408929 ], [ 73.8958991, 15.5406603 ], [ 73.8961887, 15.5404536 ], [ 73.8963497, 15.5398644 ], [ 73.8963658, 15.5390633 ], [ 73.8962692, 15.5386602 ], [ 73.8958186, 15.5379728 ], [ 73.895494, 15.5376213 ], [ 73.8954189, 15.5375361 ], [ 73.8954055, 15.5376369 ], [ 73.895207, 15.5376782 ], [ 73.8949791, 15.5378927 ], [ 73.8949522, 15.5380116 ], [ 73.8950247, 15.5380943 ], [ 73.8950434, 15.5381563 ], [ 73.8949576, 15.5383372 ], [ 73.8949469, 15.5385827 ], [ 73.895089, 15.5392623 ], [ 73.8952875, 15.5394639 ], [ 73.8954431, 15.5395052 ], [ 73.8955262, 15.5395052 ], [ 73.8955396, 15.5395698 ], [ 73.8951132, 15.5395595 ], [ 73.8949683, 15.5395595 ], [ 73.8949013, 15.5395104 ], [ 73.8945633, 15.5387816 ], [ 73.8940832, 15.5380012 ], [ 73.8940859, 15.5379314 ], [ 73.8937935, 15.5370683 ], [ 73.8937104, 15.5369675 ], [ 73.8936701, 15.5369675 ], [ 73.8936433, 15.5370296 ], [ 73.8936084, 15.5370916 ], [ 73.893528, 15.5371846 ], [ 73.8934663, 15.5371665 ], [ 73.8934931, 15.5370993 ], [ 73.8934314, 15.5369624 ], [ 73.8933483, 15.5368642 ], [ 73.8932168, 15.5368642 ], [ 73.8931712, 15.5368151 ], [ 73.8932544, 15.5367867 ], [ 73.8933349, 15.5367737 ], [ 73.8935682, 15.5369443 ], [ 73.8935602, 15.536691 ], [ 73.8935602, 15.5365928 ], [ 73.8933268, 15.5361794 ], [ 73.8927126, 15.535678 ], [ 73.8918489, 15.5350682 ], [ 73.8914841, 15.5350268 ], [ 73.8913581, 15.5349028 ], [ 73.891291, 15.5346728 ], [ 73.8908136, 15.5340383 ], [ 73.8907613, 15.5340009 ], [ 73.890489, 15.5339944 ], [ 73.8903697, 15.5338742 ], [ 73.8903764, 15.5338006 ], [ 73.8903697, 15.5337735 ], [ 73.8901511, 15.5337063 ], [ 73.8899942, 15.5337308 ], [ 73.8898413, 15.5335615 ], [ 73.8896173, 15.5336262 ], [ 73.8894404, 15.5336966 ] ] ] } },
{ "type": "Feature", "properties": { "osm_id": "1396255007", "code": 7229, "fclass": "farmland", "name": null }, "geometry": { "type": "Polygon", "coordinates": [ [ [ 73.8820597, 15.5234656 ], [ 73.8826382, 15.5238549 ], [ 73.8825846, 15.5239531 ], [ 73.8829225, 15.5241366 ], [ 73.8831854, 15.5237955 ], [ 73.8833678, 15.5235448 ], [ 73.8839632, 15.5240229 ], [ 73.8834375, 15.5247129 ], [ 73.8842824, 15.5253797 ], [ 73.8841993, 15.5254676 ], [ 73.8842261, 15.5255735 ], [ 73.884505, 15.525894 ], [ 73.884733, 15.5257622 ], [ 73.8849959, 15.5261369 ], [ 73.8848644, 15.5262816 ], [ 73.8848886, 15.5263824 ], [ 73.8858864, 15.5260904 ], [ 73.8858139, 15.5259457 ], [ 73.8857093, 15.5259973 ], [ 73.8849744, 15.52493 ], [ 73.884218, 15.5237567 ], [ 73.8837326, 15.5231571 ], [ 73.8835207, 15.5233561 ], [ 73.8831854, 15.5230434 ], [ 73.8830459, 15.5232657 ], [ 73.8829654, 15.5231804 ], [ 73.8832444, 15.5227281 ], [ 73.8830298, 15.5224981 ], [ 73.8829628, 15.5224516 ], [ 73.8824129, 15.5228858 ], [ 73.8821983, 15.5232476 ], [ 73.8820597, 15.5234656 ] ] ] } },
{ "type": "Feature", "properties": { "osm_id": "19266169", "code": 7229, "fclass": "farmland", "name": null }, "geometry": { "type": "Polygon", "coordinates": [ [ [ 73.8905561, 15.5601491 ], [ 73.8906044, 15.5605056 ], [ 73.890878, 15.5610328 ], [ 73.8913608, 15.5613945 ], [ 73.8914734, 15.5614462 ], [ 73.8916934, 15.5615469 ], [ 73.891798, 15.5615805 ], [ 73.8918892, 15.5615677 ], [ 73.8919739, 15.5616137 ], [ 73.8921091, 15.5614281 ], [ 73.8922325, 15.5614901 ], [ 73.8924122, 15.5617743 ], [ 73.8925946, 15.5621645 ], [ 73.8927206, 15.5625288 ], [ 73.892785, 15.5625779 ], [ 73.8926107, 15.5620611 ], [ 73.8923317, 15.5615547 ], [ 73.8922834, 15.5614875 ], [ 73.8922459, 15.5614152 ], [ 73.892203, 15.5613428 ], [ 73.892203, 15.5611826 ], [ 73.8922137, 15.5611051 ], [ 73.8922459, 15.5609449 ], [ 73.8923907, 15.5604643 ], [ 73.8927501, 15.5601491 ], [ 73.8928091, 15.5600819 ], [ 73.8928842, 15.5600302 ], [ 73.8930345, 15.559932 ], [ 73.8931256, 15.5598907 ], [ 73.8933188, 15.5598338 ], [ 73.8933885, 15.5597821 ], [ 73.8935333, 15.5596995 ], [ 73.8936031, 15.5596478 ], [ 73.8936621, 15.5595909 ], [ 73.8936782, 15.5595134 ], [ 73.8936514, 15.5594359 ], [ 73.8936245, 15.5593636 ], [ 73.893587, 15.5592912 ], [ 73.8935173, 15.5592499 ], [ 73.8932812, 15.5592395 ], [ 73.8932061, 15.5592137 ], [ 73.8931364, 15.5591672 ], [ 73.8930774, 15.5591155 ], [ 73.8929594, 15.5590018 ], [ 73.8929057, 15.558945 ], [ 73.8929057, 15.5588881 ], [ 73.8929862, 15.5589088 ], [ 73.8931364, 15.5589708 ], [ 73.8932115, 15.5590121 ], [ 73.8932866, 15.5590638 ], [ 73.8933456, 15.5591207 ], [ 73.8934153, 15.559162 ], [ 73.8934958, 15.5591568 ], [ 73.8935816, 15.5591258 ], [ 73.8936567, 15.5590948 ], [ 73.8938069, 15.5590121 ], [ 73.8938713, 15.5589553 ], [ 73.8939035, 15.5588829 ], [ 73.8939249, 15.5588054 ], [ 73.894, 15.5587641 ], [ 73.8940859, 15.5587693 ], [ 73.8941663, 15.5587951 ], [ 73.8942307, 15.5588468 ], [ 73.8945606, 15.5586995 ], [ 73.8946733, 15.558653 ], [ 73.8946411, 15.5584928 ], [ 73.8944373, 15.5581569 ], [ 73.8940644, 15.5579579 ], [ 73.8940081, 15.5578907 ], [ 73.8938981, 15.557684 ], [ 73.8941422, 15.5579243 ], [ 73.8944828, 15.5581491 ], [ 73.8946947, 15.5585083 ], [ 73.8946867, 15.5587072 ], [ 73.8943595, 15.5588364 ], [ 73.89422, 15.5589243 ], [ 73.8941556, 15.559069 ], [ 73.8941073, 15.5591362 ], [ 73.8940483, 15.5591982 ], [ 73.8940537, 15.5592757 ], [ 73.8941342, 15.559317 ], [ 73.8941449, 15.5593946 ], [ 73.8941073, 15.5594617 ], [ 73.8940591, 15.5595289 ], [ 73.8939357, 15.5596478 ], [ 73.8938767, 15.5597098 ], [ 73.8938123, 15.5597563 ], [ 73.8937533, 15.559808 ], [ 73.8936835, 15.5598597 ], [ 73.8936138, 15.559901 ], [ 73.893367, 15.5600302 ], [ 73.8931793, 15.5601284 ], [ 73.8931042, 15.5601749 ], [ 73.8930881, 15.5602111 ], [ 73.8930935, 15.5602938 ], [ 73.8931042, 15.5603816 ], [ 73.8930505, 15.5604333 ], [ 73.8929862, 15.560485 ], [ 73.8928735, 15.5605987 ], [ 73.8927716, 15.5607279 ], [ 73.8927126, 15.5608105 ], [ 73.892675, 15.5608984 ], [ 73.8926321, 15.5611826 ], [ 73.8926214, 15.5612601 ], [ 73.8926053, 15.5613325 ], [ 73.8926214, 15.56141 ], [ 73.8926804, 15.5614668 ], [ 73.8928413, 15.5615185 ], [ 73.8930184, 15.5615185 ], [ 73.8930935, 15.5615599 ], [ 73.8930935, 15.5616374 ], [ 73.8930559, 15.5617046 ], [ 73.8929754, 15.5617201 ], [ 73.8929111, 15.5617717 ], [ 73.8929218, 15.5618493 ], [ 73.8929272, 15.5619268 ], [ 73.8929325, 15.5620095 ], [ 73.8929379, 15.5620818 ], [ 73.8929647, 15.5621645 ], [ 73.8929915, 15.562242 ], [ 73.8930398, 15.562366 ], [ 73.8930935, 15.5625211 ], [ 73.8932061, 15.5627329 ], [ 73.8932329, 15.5628105 ], [ 73.893249, 15.5628931 ], [ 73.8932759, 15.5629655 ], [ 73.8933402, 15.5630223 ], [ 73.8934904, 15.5630999 ], [ 73.8935709, 15.5631257 ], [ 73.8939679, 15.5632549 ], [ 73.8941288, 15.5633169 ], [ 73.8942093, 15.5633221 ], [ 73.8942897, 15.5633117 ], [ 73.8946009, 15.5633066 ], [ 73.8948584, 15.5632704 ], [ 73.8949335, 15.5632291 ], [ 73.8949978, 15.5631774 ], [ 73.8950193, 15.5630999 ], [ 73.8950032, 15.5630223 ], [ 73.8949764, 15.5629448 ], [ 73.8949388, 15.5628673 ], [ 73.8948852, 15.5628053 ], [ 73.8948208, 15.562764 ], [ 73.8946706, 15.5626038 ], [ 73.8946438, 15.5625262 ], [ 73.8946384, 15.5624487 ], [ 73.8947082, 15.5624074 ], [ 73.894794, 15.5624074 ], [ 73.8949549, 15.5624281 ], [ 73.8950407, 15.5624332 ], [ 73.8951212, 15.5624436 ], [ 73.895207, 15.5624487 ], [ 73.8952929, 15.5624487 ], [ 73.8955128, 15.5624642 ], [ 73.8956791, 15.5624539 ], [ 73.8957542, 15.5624229 ], [ 73.8958347, 15.5624074 ], [ 73.895832, 15.5623583 ], [ 73.8957462, 15.5622885 ], [ 73.8957542, 15.5621619 ], [ 73.8958722, 15.5620095 ], [ 73.8960519, 15.5618932 ], [ 73.8962182, 15.5617666 ], [ 73.8963094, 15.5616425 ], [ 73.8967252, 15.561534 ], [ 73.8968244, 15.5614643 ], [ 73.8968191, 15.561255 ], [ 73.8968646, 15.560901 ], [ 73.8970631, 15.5605857 ], [ 73.8972267, 15.5602162 ], [ 73.8971356, 15.5605547 ], [ 73.8969693, 15.5608415 ], [ 73.8969317, 15.5611335 ], [ 73.8970014, 15.5613997 ], [ 73.8970014, 15.5615521 ], [ 73.8968995, 15.561627 ], [ 73.8963497, 15.5617201 ], [ 73.8963148, 15.5618441 ], [ 73.8962504, 15.5619216 ], [ 73.8959312, 15.5621955 ], [ 73.8959178, 15.5622627 ], [ 73.8960144, 15.5624022 ], [ 73.8959742, 15.5624694 ], [ 73.8959205, 15.5625314 ], [ 73.8958347, 15.5625366 ], [ 73.8956577, 15.5625521 ], [ 73.8954216, 15.5625521 ], [ 73.8953465, 15.5625469 ], [ 73.8952661, 15.5625417 ], [ 73.8951856, 15.5625211 ], [ 73.8951051, 15.5625107 ], [ 73.8950193, 15.5625056 ], [ 73.8949388, 15.5624952 ], [ 73.8948584, 15.5624952 ], [ 73.8947779, 15.5625004 ], [ 73.8947457, 15.5625779 ], [ 73.8947833, 15.5626503 ], [ 73.8948423, 15.5627071 ], [ 73.8949174, 15.5627381 ], [ 73.8949978, 15.562764 ], [ 73.8950676, 15.5628105 ], [ 73.8950837, 15.562888 ], [ 73.8950837, 15.5629655 ], [ 73.8951266, 15.5630327 ], [ 73.8951802, 15.5631515 ], [ 73.8951909, 15.5632291 ], [ 73.8951909, 15.5633014 ], [ 73.8951802, 15.5633789 ], [ 73.8951749, 15.5634564 ], [ 73.8951641, 15.5635339 ], [ 73.8951534, 15.563689 ], [ 73.8951427, 15.5637768 ], [ 73.8951105, 15.5639319 ], [ 73.8950998, 15.5640042 ], [ 73.8950998, 15.5641644 ], [ 73.8951105, 15.5642419 ], [ 73.8951319, 15.5643194 ], [ 73.8951588, 15.564397 ], [ 73.8951641, 15.5644796 ], [ 73.8952875, 15.5647122 ], [ 73.8952661, 15.5649086 ], [ 73.8952285, 15.5649809 ], [ 73.8952178, 15.5650584 ], [ 73.8952124, 15.5651359 ], [ 73.8952124, 15.5652135 ], [ 73.8952017, 15.5653736 ], [ 73.8951963, 15.5657664 ], [ 73.8951588, 15.5659318 ], [ 73.8951427, 15.5660144 ], [ 73.8950247, 15.5662315 ], [ 73.8949442, 15.5663762 ], [ 73.8949013, 15.5664485 ], [ 73.894853, 15.5665105 ], [ 73.8948047, 15.5665777 ], [ 73.8948369, 15.5666501 ], [ 73.8949174, 15.5666346 ], [ 73.8950407, 15.5665312 ], [ 73.8951534, 15.566402 ], [ 73.8952231, 15.5663503 ], [ 73.8952875, 15.5662935 ], [ 73.8954377, 15.5662108 ], [ 73.8955182, 15.5661746 ], [ 73.8956201, 15.5659059 ], [ 73.8960305, 15.5654538 ], [ 73.8961673, 15.5651928 ], [ 73.8963926, 15.5642058 ], [ 73.8966823, 15.5633944 ], [ 73.8971114, 15.5626968 ], [ 73.8973743, 15.5624849 ], [ 73.897444, 15.5623919 ], [ 73.8975406, 15.5621697 ], [ 73.8975728, 15.5620508 ], [ 73.8975888, 15.5616839 ], [ 73.8975888, 15.5615702 ], [ 73.8975728, 15.5614565 ], [ 73.8974547, 15.5611103 ], [ 73.8974279, 15.5609914 ], [ 73.8974279, 15.5608674 ], [ 73.897503, 15.560578 ], [ 73.8974708, 15.5602421 ], [ 73.8969129, 15.5588416 ], [ 73.8968164, 15.5584643 ], [ 73.8966984, 15.5582008 ], [ 73.8965696, 15.558007 ], [ 73.8965079, 15.5576969 ], [ 73.8965347, 15.557485 ], [ 73.8964811, 15.557392 ], [ 73.8963389, 15.5573222 ], [ 73.8962585, 15.5572499 ], [ 73.8962129, 15.5572086 ], [ 73.8963121, 15.5571801 ], [ 73.8964972, 15.557206 ], [ 73.8966849, 15.5572964 ], [ 73.8967332, 15.5574669 ], [ 73.8967574, 15.5576582 ], [ 73.8968056, 15.5579786 ], [ 73.8967949, 15.5581181 ], [ 73.8968271, 15.5582137 ], [ 73.8968673, 15.5582912 ], [ 73.8969129, 15.5582835 ], [ 73.8969344, 15.5581956 ], [ 73.8968459, 15.5575367 ], [ 73.8967788, 15.5572783 ], [ 73.8966608, 15.5571931 ], [ 73.8964301, 15.5570639 ], [ 73.896119, 15.557131 ], [ 73.8958454, 15.557144 ], [ 73.8955235, 15.5570923 ], [ 73.8953277, 15.5569708 ], [ 73.8950622, 15.5569011 ], [ 73.8946599, 15.5570018 ], [ 73.8943219, 15.5570923 ], [ 73.8941556, 15.5572137 ], [ 73.8938874, 15.5574127 ], [ 73.8938338, 15.5575884 ], [ 73.8937426, 15.5576633 ], [ 73.8929379, 15.558516 ], [ 73.8926268, 15.5587641 ], [ 73.8909638, 15.5594876 ], [ 73.8906795, 15.5597925 ], [ 73.8906205, 15.5599062 ], [ 73.8905775, 15.5600199 ], [ 73.8905561, 15.5601491 ] ] ] } },
{ "type": "Feature", "properties": { "osm_id": "1396272052", "code": 7229, "fclass": "farmland", "name": null }, "geometry": { "type": "Polygon", "coordinates": [ [ [ 73.8913178, 15.5710787 ], [ 73.8914251, 15.571089 ], [ 73.8916558, 15.5710528 ], [ 73.8919187, 15.5710632 ], [ 73.8921332, 15.5710477 ], [ 73.8931954, 15.5706549 ], [ 73.8934314, 15.5704121 ], [ 73.8935924, 15.5699367 ], [ 73.893587, 15.5698591 ], [ 73.8935763, 15.5697816 ], [ 73.8935333, 15.5696266 ], [ 73.8935012, 15.5695543 ], [ 73.8934958, 15.5694767 ], [ 73.8934421, 15.5692752 ], [ 73.893469, 15.5691925 ], [ 73.8935548, 15.5690478 ], [ 73.8936782, 15.5689135 ], [ 73.8940376, 15.5687378 ], [ 73.8940966, 15.5686809 ], [ 73.8941288, 15.5686034 ], [ 73.8941556, 15.5685207 ], [ 73.89422, 15.5684691 ], [ 73.8942951, 15.5684329 ], [ 73.8943809, 15.5684122 ], [ 73.8944721, 15.5684122 ], [ 73.8949335, 15.5682469 ], [ 73.8950729, 15.5681435 ], [ 73.8951319, 15.5680867 ], [ 73.89525, 15.5679575 ], [ 73.8954323, 15.5677766 ], [ 73.8955021, 15.5677198 ], [ 73.8955718, 15.5676681 ], [ 73.8957542, 15.5674924 ], [ 73.8958079, 15.5674252 ], [ 73.8957542, 15.5673219 ], [ 73.8953894, 15.5671668 ], [ 73.8953358, 15.567265 ], [ 73.8954055, 15.5673064 ], [ 73.8948476, 15.5679575 ], [ 73.8946223, 15.5680815 ], [ 73.894043, 15.5682314 ], [ 73.8938606, 15.5683347 ], [ 73.8933831, 15.5686138 ], [ 73.8929379, 15.568867 ], [ 73.8933402, 15.5692442 ], [ 73.8932812, 15.5693527 ], [ 73.892498, 15.5701434 ], [ 73.8924712, 15.5703294 ], [ 73.8921761, 15.5706033 ], [ 73.8919401, 15.5706808 ], [ 73.8915753, 15.5707583 ], [ 73.8914841, 15.5709805 ], [ 73.8913178, 15.5710787 ] ] ] } },
{ "type": "Feature", "properties": { "osm_id": "1396272053", "code": 7229, "fclass": "farmland", "name": null }, "geometry": { "type": "Polygon", "coordinates": [ [ [ 73.8877237, 15.5704689 ], [ 73.8883191, 15.5707996 ], [ 73.8887107, 15.5709753 ], [ 73.8890004, 15.5710787 ], [ 73.8893545, 15.5711407 ], [ 73.8893212, 15.5710551 ], [ 73.889215, 15.5708436 ], [ 73.8894644, 15.5707273 ], [ 73.8895707, 15.5709388 ], [ 73.8894094, 15.571014 ], [ 73.8894886, 15.5711252 ], [ 73.8897353, 15.5709908 ], [ 73.8900787, 15.5708306 ], [ 73.8909484, 15.5710844 ], [ 73.8909799, 15.5709702 ], [ 73.8909531, 15.5700658 ], [ 73.8915002, 15.5698333 ], [ 73.8916987, 15.569823 ], [ 73.8917845, 15.5698075 ], [ 73.8920152, 15.5699987 ], [ 73.8927609, 15.5693579 ], [ 73.893131, 15.5691874 ], [ 73.8932812, 15.5693527 ], [ 73.8933402, 15.5692442 ], [ 73.8929379, 15.568867 ], [ 73.8927823, 15.5686189 ], [ 73.8926053, 15.5687533 ], [ 73.8923585, 15.5687016 ], [ 73.8922888, 15.5685001 ], [ 73.8923854, 15.5682159 ], [ 73.8925731, 15.5680712 ], [ 73.89238, 15.5678283 ], [ 73.8921654, 15.5676991 ], [ 73.891688, 15.5678645 ], [ 73.8911247, 15.5678334 ], [ 73.8907975, 15.5677559 ], [ 73.8906097, 15.5676784 ], [ 73.8904381, 15.5676164 ], [ 73.8902289, 15.5677146 ], [ 73.8893276, 15.5687998 ], [ 73.8893813, 15.5688876 ], [ 73.8891989, 15.5691098 ], [ 73.8891238, 15.5691253 ], [ 73.8889682, 15.5692959 ], [ 73.8882655, 15.5697145 ], [ 73.8884157, 15.569916 ], [ 73.8882655, 15.5701175 ], [ 73.8877237, 15.5704689 ] ] ] } },
{ "type": "Feature", "properties": { "osm_id": "1396272054", "code": 7229, "fclass": "farmland", "name": null }, "geometry": { "type": "Polygon", "coordinates": [ [ [ 73.8912642, 15.5665674 ], [ 73.8914841, 15.5667638 ], [ 73.8913876, 15.5672133 ], [ 73.8915914, 15.567358 ], [ 73.8918865, 15.5673994 ], [ 73.8922137, 15.5674976 ], [ 73.8921869, 15.5675906 ], [ 73.8924175, 15.5677249 ], [ 73.8928521, 15.5682624 ], [ 73.8929111, 15.5684329 ], [ 73.8927823, 15.5686189 ], [ 73.8929379, 15.568867 ], [ 73.8933831, 15.5686138 ], [ 73.8938606, 15.5683347 ], [ 73.8937801, 15.5681745 ], [ 73.8935602, 15.5676681 ], [ 73.8936084, 15.5671617 ], [ 73.8941717, 15.5667586 ], [ 73.8944077, 15.5667379 ], [ 73.8951534, 15.5669756 ], [ 73.8952124, 15.5670635 ], [ 73.8950676, 15.5674407 ], [ 73.8948476, 15.5679575 ], [ 73.8954055, 15.5673064 ], [ 73.8953358, 15.567265 ], [ 73.8953894, 15.5671668 ], [ 73.8952929, 15.5669446 ], [ 73.8951266, 15.5668309 ], [ 73.8950086, 15.5666759 ], [ 73.8947779, 15.5666759 ], [ 73.8947564, 15.5665777 ], [ 73.8948101, 15.566433 ], [ 73.8939142, 15.5661385 ], [ 73.8939357, 15.5660558 ], [ 73.8941449, 15.5652393 ], [ 73.8936299, 15.5645468 ], [ 73.8929915, 15.5643659 ], [ 73.8922834, 15.5642781 ], [ 73.8919079, 15.5651153 ], [ 73.8917899, 15.5654253 ], [ 73.8915163, 15.5655287 ], [ 73.8914627, 15.5660506 ], [ 73.8912642, 15.5665674 ] ] ] } },
{ "type": "Feature", "properties": { "osm_id": "1409300057", "code": 7229, "fclass": "farmland", "name": null }, "geometry": { "type": "Polygon", "coordinates": [ [ [ 73.9416361, 15.531414 ], [ 73.941974, 15.5329543 ], [ 73.9421779, 15.5330835 ], [ 73.9429933, 15.5335228 ], [ 73.9448601, 15.5349131 ], [ 73.9451498, 15.5349079 ], [ 73.9458901, 15.535001 ], [ 73.9468664, 15.5349596 ], [ 73.9476389, 15.5349958 ], [ 73.9477798, 15.5349906 ], [ 73.9477783, 15.5343446 ], [ 73.9474404, 15.5343756 ], [ 73.9473975, 15.534143 ], [ 73.9477195, 15.534085 ], [ 73.9476764, 15.5338949 ], [ 73.9475369, 15.5333057 ], [ 73.9481002, 15.533192 ], [ 73.9481109, 15.5328199 ], [ 73.9482933, 15.5327889 ], [ 73.9482182, 15.5324322 ], [ 73.9480948, 15.5324426 ], [ 73.9479393, 15.5320446 ], [ 73.9474297, 15.5319309 ], [ 73.9470649, 15.5317603 ], [ 73.9469844, 15.5319154 ], [ 73.9466733, 15.5317397 ], [ 73.9465606, 15.5315536 ], [ 73.9461529, 15.5310884 ], [ 73.9460456, 15.529941 ], [ 73.9458579, 15.5301116 ], [ 73.9453053, 15.5306594 ], [ 73.9452517, 15.530799 ], [ 73.9453214, 15.530861 ], [ 73.945241, 15.5310574 ], [ 73.9452839, 15.5311039 ], [ 73.9453697, 15.5310264 ], [ 73.9456165, 15.530923 ], [ 73.9457828, 15.5309644 ], [ 73.9459276, 15.5312486 ], [ 73.9459276, 15.5315639 ], [ 73.9458096, 15.53175 ], [ 73.9449996, 15.5324477 ], [ 73.9449191, 15.5325666 ], [ 73.9450747, 15.5329491 ], [ 73.9450049, 15.5329956 ], [ 73.9448976, 15.5329594 ], [ 73.9448333, 15.532577 ], [ 73.9448065, 15.5324581 ], [ 73.9448494, 15.5323599 ], [ 73.9452034, 15.5319981 ], [ 73.945536, 15.5316001 ], [ 73.9456916, 15.531383 ], [ 73.9457238, 15.5311608 ], [ 73.9456379, 15.5311194 ], [ 73.9455682, 15.5311401 ], [ 73.9455092, 15.5312693 ], [ 73.9453214, 15.5314192 ], [ 73.9451337, 15.5313727 ], [ 73.9450103, 15.5313107 ], [ 73.9449996, 15.530954 ], [ 73.9450318, 15.5307215 ], [ 73.9453107, 15.5304527 ], [ 73.945418, 15.5303131 ], [ 73.9454073, 15.5301116 ], [ 73.9453161, 15.5299565 ], [ 73.9451069, 15.529879 ], [ 73.9449459, 15.52991 ], [ 73.9448386, 15.5298376 ], [ 73.9447689, 15.5296671 ], [ 73.9446509, 15.5296206 ], [ 73.9443773, 15.5296206 ], [ 73.9440393, 15.5297291 ], [ 73.9439911, 15.5296774 ], [ 73.9430416, 15.5298997 ], [ 73.9431274, 15.5305147 ], [ 73.9424944, 15.5307576 ], [ 73.9424837, 15.531228 ], [ 73.9416361, 15.531414 ] ] ] } },
{ "type": "Feature", "properties": { "osm_id": "19284783", "code": 7229, "fclass": "farmland", "name": null }, "geometry": { "type": "Polygon", "coordinates": [ [ [ 73.9335304, 15.5359933 ], [ 73.933568, 15.536076 ], [ 73.9336377, 15.5361484 ], [ 73.9337128, 15.5362155 ], [ 73.9337987, 15.5362672 ], [ 73.9338738, 15.5363293 ], [ 73.9340454, 15.5364223 ], [ 73.9341474, 15.536443 ], [ 73.9343941, 15.5365618 ], [ 73.9344853, 15.536598 ], [ 73.9345711, 15.5366445 ], [ 73.9346462, 15.5367065 ], [ 73.9347106, 15.5367841 ], [ 73.9347857, 15.5368513 ], [ 73.9348876, 15.5368719 ], [ 73.9358264, 15.5373268 ], [ 73.9359981, 15.5374301 ], [ 73.9361, 15.5374405 ], [ 73.9362931, 15.5375128 ], [ 73.9363843, 15.5375593 ], [ 73.9364648, 15.5376162 ], [ 73.9365023, 15.537704 ], [ 73.9365077, 15.5377971 ], [ 73.9366043, 15.5378436 ], [ 73.9366901, 15.5378901 ], [ 73.936792, 15.5379315 ], [ 73.9368939, 15.5379418 ], [ 73.9369959, 15.5379366 ], [ 73.9370817, 15.5378901 ], [ 73.9371568, 15.5378281 ], [ 73.9372855, 15.537673 ], [ 73.9373392, 15.5375903 ], [ 73.9374089, 15.5375128 ], [ 73.9374518, 15.537425 ], [ 73.9374572, 15.5373216 ], [ 73.9374518, 15.5372234 ], [ 73.9373767, 15.5369029 ], [ 73.9373285, 15.5368203 ], [ 73.9372963, 15.5367272 ], [ 73.9371997, 15.5367221 ], [ 73.9371031, 15.5366962 ], [ 73.9370227, 15.5366497 ], [ 73.9369529, 15.5365825 ], [ 73.9369208, 15.5364895 ], [ 73.9368886, 15.5361122 ], [ 73.9365077, 15.5361639 ], [ 73.9364111, 15.5361794 ], [ 73.9363092, 15.5361794 ], [ 73.9362127, 15.5361587 ], [ 73.9361215, 15.5361225 ], [ 73.9360356, 15.5360708 ], [ 73.9358318, 15.5358538 ], [ 73.9354992, 15.5360657 ], [ 73.9353329, 15.5357401 ], [ 73.9353758, 15.5356522 ], [ 73.9354348, 15.5355695 ], [ 73.9355046, 15.535492 ], [ 73.9355797, 15.5354299 ], [ 73.935762, 15.5353317 ], [ 73.9360705, 15.5353473 ], [ 73.9360732, 15.5352982 ], [ 73.9360571, 15.5352439 ], [ 73.9360061, 15.5352335 ], [ 73.935805, 15.5343239 ], [ 73.9358962, 15.5342929 ], [ 73.9361268, 15.5352335 ], [ 73.9360893, 15.535231 ], [ 73.9361161, 15.5353369 ], [ 73.9361966, 15.5353938 ], [ 73.9362609, 15.5354661 ], [ 73.9363092, 15.5355488 ], [ 73.9363736, 15.5356212 ], [ 73.9364701, 15.535616 ], [ 73.9365774, 15.5356212 ], [ 73.936674, 15.5356057 ], [ 73.9367706, 15.535585 ], [ 73.9368778, 15.5355747 ], [ 73.9369851, 15.5355798 ], [ 73.9370817, 15.5356057 ], [ 73.9371568, 15.5356729 ], [ 73.9372265, 15.5357401 ], [ 73.9372855, 15.5358176 ], [ 73.9372909, 15.5359158 ], [ 73.9372802, 15.5360088 ], [ 73.9372748, 15.5361018 ], [ 73.9372802, 15.5362 ], [ 73.9373445, 15.5362724 ], [ 73.9374143, 15.5361949 ], [ 73.9373606, 15.5361122 ], [ 73.9373499, 15.536014 ], [ 73.9374411, 15.5359623 ], [ 73.9373767, 15.5358899 ], [ 73.9373231, 15.5358072 ], [ 73.9373124, 15.535709 ], [ 73.9373016, 15.5354661 ], [ 73.9372694, 15.5353679 ], [ 73.9372051, 15.5353007 ], [ 73.9371353, 15.5352335 ], [ 73.9370602, 15.5351767 ], [ 73.9369905, 15.5351095 ], [ 73.9369261, 15.5350371 ], [ 73.9368725, 15.5349596 ], [ 73.9368349, 15.5348718 ], [ 73.9366311, 15.53451 ], [ 73.9366043, 15.5344118 ], [ 73.9366043, 15.5343136 ], [ 73.936615, 15.5342102 ], [ 73.936615, 15.5340138 ], [ 73.9363897, 15.5334659 ], [ 73.9363575, 15.5333729 ], [ 73.9362985, 15.5333005 ], [ 73.9356977, 15.533192 ], [ 73.9356011, 15.5331817 ], [ 73.9354992, 15.5331817 ], [ 73.9354241, 15.5331145 ], [ 73.9353919, 15.5330266 ], [ 73.9351559, 15.5330266 ], [ 73.9350915, 15.5330938 ], [ 73.93507, 15.5331868 ], [ 73.9349627, 15.5333522 ], [ 73.9349037, 15.5334298 ], [ 73.9348501, 15.5335073 ], [ 73.9348018, 15.53359 ], [ 73.9347428, 15.5336675 ], [ 73.9346623, 15.5337244 ], [ 73.9345711, 15.5336933 ], [ 73.9345014, 15.5336262 ], [ 73.9344156, 15.5335796 ], [ 73.9343405, 15.5335125 ], [ 73.9344048, 15.5334349 ], [ 73.934496, 15.5333987 ], [ 73.9347589, 15.5332075 ], [ 73.9348447, 15.5331558 ], [ 73.9349413, 15.5331145 ], [ 73.9349252, 15.5330214 ], [ 73.934893, 15.5329284 ], [ 73.9348876, 15.5328302 ], [ 73.9349359, 15.5327423 ], [ 73.935231, 15.5327113 ], [ 73.9353329, 15.5326855 ], [ 73.9354885, 15.5325563 ], [ 73.9355636, 15.5324891 ], [ 73.9355957, 15.5323961 ], [ 73.9355153, 15.5319257 ], [ 73.9354885, 15.5318275 ], [ 73.9354938, 15.5317242 ], [ 73.9354938, 15.5316259 ], [ 73.9354885, 15.5315226 ], [ 73.9354724, 15.5314295 ], [ 73.9353383, 15.5311143 ], [ 73.9353061, 15.5310264 ], [ 73.9352417, 15.530954 ], [ 73.9351666, 15.5308868 ], [ 73.9350861, 15.53083 ], [ 73.935011, 15.530768 ], [ 73.934952, 15.5306904 ], [ 73.9348125, 15.530432 ], [ 73.9347643, 15.5303493 ], [ 73.9347106, 15.5302666 ], [ 73.9346677, 15.5301736 ], [ 73.9346248, 15.5300909 ], [ 73.9345175, 15.5299255 ], [ 73.9344531, 15.529848 ], [ 73.9343512, 15.5298376 ], [ 73.934319, 15.5299203 ], [ 73.9343297, 15.5300185 ], [ 73.9343512, 15.5301116 ], [ 73.9344048, 15.5301943 ], [ 73.9344639, 15.5302666 ], [ 73.9345229, 15.5303493 ], [ 73.934555, 15.5304424 ], [ 73.934555, 15.5305406 ], [ 73.9343673, 15.5310212 ], [ 73.9341634, 15.5310884 ], [ 73.9342225, 15.5313598 ], [ 73.9340937, 15.5327708 ], [ 73.9341688, 15.5338174 ], [ 73.9341527, 15.5341378 ], [ 73.9342922, 15.534143 ], [ 73.9344209, 15.5344634 ], [ 73.9345175, 15.5344841 ], [ 73.9346302, 15.5346133 ], [ 73.9346194, 15.5347477 ], [ 73.9343351, 15.5348821 ], [ 73.9341205, 15.5349441 ], [ 73.9337879, 15.5349596 ], [ 73.9336216, 15.5357659 ], [ 73.9335465, 15.5358744 ], [ 73.9335304, 15.5359933 ] ] ] } },
{ "type": "Feature", "properties": { "osm_id": "1409300065", "code": 7229, "fclass": "farmland", "name": null }, "geometry": { "type": "Polygon", "coordinates": [ [ [ 73.9336163, 15.5295792 ], [ 73.9339408, 15.5308455 ], [ 73.9341634, 15.5310884 ], [ 73.9342546, 15.5309954 ], [ 73.9342922, 15.5309075 ], [ 73.934378, 15.5304785 ], [ 73.9343244, 15.5303958 ], [ 73.93426, 15.5303286 ], [ 73.934201, 15.5302563 ], [ 73.9341044, 15.5300909 ], [ 73.9340615, 15.5300082 ], [ 73.9340508, 15.52991 ], [ 73.9339247, 15.529543 ], [ 73.9338711, 15.5293647 ], [ 73.9336163, 15.5295792 ] ] ] } },
{ "type": "Feature", "properties": { "osm_id": "1409300073", "code": 7229, "fclass": "farmland", "name": null }, "geometry": { "type": "Polygon", "coordinates": [ [ [ 73.9457002, 15.5385705 ], [ 73.9465874, 15.5382571 ], [ 73.9467645, 15.5380658 ], [ 73.945756, 15.5376679 ], [ 73.9457613, 15.5379935 ], [ 73.9457002, 15.5385705 ] ] ] } },
{ "type": "Feature", "properties": { "osm_id": "19284784", "code": 7229, "fclass": "farmland", "name": null }, "geometry": { "type": "Polygon", "coordinates": [ [ [ 73.9430469, 15.5400556 ], [ 73.9430845, 15.5401435 ], [ 73.9431059, 15.5402365 ], [ 73.9431488, 15.5403761 ], [ 73.9432025, 15.5404639 ], [ 73.9432615, 15.5405518 ], [ 73.9433527, 15.5406086 ], [ 73.9434493, 15.5406242 ], [ 73.9435565, 15.5406242 ], [ 73.9436585, 15.5406397 ], [ 73.9437604, 15.54065 ], [ 73.9438677, 15.54065 ], [ 73.9442432, 15.5407379 ], [ 73.9444578, 15.5405363 ], [ 73.9441252, 15.5399264 ], [ 73.9439052, 15.5398179 ], [ 73.9436316, 15.5394561 ], [ 73.9436531, 15.5391047 ], [ 73.9450103, 15.5385568 ], [ 73.9451015, 15.5387222 ], [ 73.9454609, 15.538655 ], [ 73.9456031, 15.5386137 ], [ 73.9456701, 15.5378953 ], [ 73.9456594, 15.5376472 ], [ 73.945426, 15.5379754 ], [ 73.9452597, 15.5379857 ], [ 73.944962, 15.537934 ], [ 73.9447904, 15.5378074 ], [ 73.9446884, 15.5378022 ], [ 73.944608, 15.5377454 ], [ 73.9445543, 15.5376679 ], [ 73.9445543, 15.5375697 ], [ 73.9445972, 15.5374818 ], [ 73.9446241, 15.5373888 ], [ 73.9445704, 15.5373061 ], [ 73.9444792, 15.5372647 ], [ 73.9443773, 15.5372647 ], [ 73.9442807, 15.5372906 ], [ 73.9441895, 15.5373216 ], [ 73.9436531, 15.5380968 ], [ 73.9436048, 15.5381847 ], [ 73.9436048, 15.5382829 ], [ 73.9436209, 15.5383759 ], [ 73.9436316, 15.5384741 ], [ 73.9436316, 15.5385723 ], [ 73.9435941, 15.5386602 ], [ 73.9434975, 15.5387687 ], [ 73.94346, 15.5388566 ], [ 73.9434117, 15.5389393 ], [ 73.9433473, 15.5390116 ], [ 73.943342, 15.5391098 ], [ 73.943342, 15.5397662 ], [ 73.9433098, 15.5398541 ], [ 73.9432722, 15.5399419 ], [ 73.9431757, 15.5399471 ], [ 73.9430791, 15.5399626 ], [ 73.9430469, 15.5400556 ] ] ] } },
{ "type": "Feature", "properties": { "osm_id": "1409300076", "code": 7229, "fclass": "farmland", "name": null }, "geometry": { "type": "Polygon", "coordinates": [ [ [ 73.9449835, 15.5350268 ], [ 73.9456862, 15.5375387 ], [ 73.9458471, 15.5376214 ], [ 73.9468127, 15.5379831 ], [ 73.9470059, 15.5376627 ], [ 73.9471936, 15.5376162 ], [ 73.9475423, 15.5367427 ], [ 73.947612, 15.5350733 ], [ 73.9469576, 15.5350527 ], [ 73.9462119, 15.5351043 ], [ 73.9454502, 15.5350268 ], [ 73.9449835, 15.5350268 ] ] ] } },
{ "type": "Feature", "properties": { "osm_id": "19284785", "code": 7229, "fclass": "farmland", "name": null }, "geometry": { "type": "Polygon", "coordinates": [ [ [ 73.9360303, 15.5318017 ], [ 73.9360678, 15.5318895 ], [ 73.9360785, 15.5319877 ], [ 73.9360571, 15.5320756 ], [ 73.9360571, 15.532272 ], [ 73.9360624, 15.532608 ], [ 73.9360946, 15.532701 ], [ 73.936159, 15.5327734 ], [ 73.9362341, 15.5328354 ], [ 73.936336, 15.5328509 ], [ 73.936438, 15.5328509 ], [ 73.9366203, 15.5329026 ], [ 73.9368403, 15.5327475 ], [ 73.9374304, 15.5323082 ], [ 73.937543, 15.5321376 ], [ 73.9376128, 15.5320549 ], [ 73.937704, 15.5319981 ], [ 73.9379722, 15.5318844 ], [ 73.9381438, 15.5317707 ], [ 73.9382404, 15.5317242 ], [ 73.9384443, 15.5315949 ], [ 73.9385086, 15.5316001 ], [ 73.9384818, 15.5316828 ], [ 73.9391416, 15.5320963 ], [ 73.9391416, 15.5321945 ], [ 73.9391738, 15.5322875 ], [ 73.9392435, 15.5323599 ], [ 73.9394367, 15.5324219 ], [ 73.9395279, 15.5324581 ], [ 73.939603, 15.5325253 ], [ 73.9396459, 15.5326131 ], [ 73.9396298, 15.5327062 ], [ 73.9396298, 15.5328044 ], [ 73.939603, 15.5328819 ], [ 73.9395493, 15.5329646 ], [ 73.9394903, 15.5330473 ], [ 73.939501, 15.5331455 ], [ 73.9395493, 15.5332282 ], [ 73.9395761, 15.5333212 ], [ 73.9395761, 15.5335125 ], [ 73.939544, 15.5337244 ], [ 73.9395654, 15.5338174 ], [ 73.9396512, 15.5338639 ], [ 73.9397371, 15.5339156 ], [ 73.9397907, 15.5340035 ], [ 73.9398873, 15.5342826 ], [ 73.9399302, 15.5343859 ], [ 73.9398766, 15.5344686 ], [ 73.9399195, 15.5345875 ], [ 73.9398283, 15.5345565 ], [ 73.9397585, 15.5344893 ], [ 73.9396942, 15.5344169 ], [ 73.9395654, 15.5342826 ], [ 73.9394849, 15.5342154 ], [ 73.9393187, 15.534112 ], [ 73.9392328, 15.5340551 ], [ 73.9391792, 15.5339724 ], [ 73.9391577, 15.5338794 ], [ 73.9390719, 15.5335848 ], [ 73.9390558, 15.5334918 ], [ 73.9390075, 15.5334091 ], [ 73.9389485, 15.5333316 ], [ 73.9388895, 15.5332437 ], [ 73.9388466, 15.5331558 ], [ 73.9388466, 15.5329594 ], [ 73.9388519, 15.5328405 ], [ 73.9387715, 15.5327785 ], [ 73.9387071, 15.5327062 ], [ 73.938632, 15.5326441 ], [ 73.9385515, 15.5325976 ], [ 73.9384496, 15.5325666 ], [ 73.9382458, 15.5325459 ], [ 73.9381546, 15.5325253 ], [ 73.9380687, 15.5324736 ], [ 73.9380205, 15.5323909 ], [ 73.9380044, 15.5322979 ], [ 73.9379239, 15.5322979 ], [ 73.9369959, 15.5330214 ], [ 73.9369315, 15.5330886 ], [ 73.9368832, 15.5331765 ], [ 73.9368725, 15.5332747 ], [ 73.9369208, 15.5333626 ], [ 73.9369744, 15.5334453 ], [ 73.9370441, 15.5335125 ], [ 73.9371139, 15.5335848 ], [ 73.9371782, 15.5336572 ], [ 73.937248, 15.5339053 ], [ 73.9372534, 15.534081 ], [ 73.9371997, 15.5341585 ], [ 73.9371675, 15.5342567 ], [ 73.9371622, 15.5343549 ], [ 73.9371943, 15.5344479 ], [ 73.9372319, 15.5345358 ], [ 73.9373392, 15.5347012 ], [ 73.9373714, 15.5347942 ], [ 73.9375001, 15.535063 ], [ 73.9375752, 15.5352387 ], [ 73.9376074, 15.5353317 ], [ 73.9376342, 15.5354248 ], [ 73.9376771, 15.5356108 ], [ 73.9376932, 15.535709 ], [ 73.9376932, 15.5358176 ], [ 73.9378381, 15.5362207 ], [ 73.9379185, 15.5362827 ], [ 73.9380044, 15.5363344 ], [ 73.9380097, 15.5364326 ], [ 73.9379078, 15.5370425 ], [ 73.9378542, 15.53712 ], [ 73.9377898, 15.5371872 ], [ 73.9376932, 15.5372027 ], [ 73.9376718, 15.5373216 ], [ 73.9376342, 15.5374094 ], [ 73.9376074, 15.5375025 ], [ 73.9376503, 15.5375903 ], [ 73.9377469, 15.5376058 ], [ 73.9377361, 15.5376989 ], [ 73.9376986, 15.5377661 ], [ 73.9377522, 15.5378488 ], [ 73.9378005, 15.5379418 ], [ 73.9378595, 15.5380245 ], [ 73.937881, 15.5381123 ], [ 73.9378756, 15.5382105 ], [ 73.937822, 15.5382829 ], [ 73.9377898, 15.5383708 ], [ 73.9377737, 15.538469 ], [ 73.9377844, 15.5385672 ], [ 73.937822, 15.538655 ], [ 73.9378917, 15.5387222 ], [ 73.9379561, 15.5387997 ], [ 73.9379561, 15.5388979 ], [ 73.937999, 15.5389858 ], [ 73.9380848, 15.5390323 ], [ 73.9381331, 15.5391202 ], [ 73.9382511, 15.5392804 ], [ 73.9383316, 15.5393476 ], [ 73.9385086, 15.5394458 ], [ 73.9386749, 15.5395646 ], [ 73.9387661, 15.5396163 ], [ 73.9390129, 15.5397972 ], [ 73.9391094, 15.5398386 ], [ 73.9394689, 15.5399833 ], [ 73.9399946, 15.5402934 ], [ 73.9403647, 15.540526 ], [ 73.9404559, 15.5405725 ], [ 73.9405471, 15.5406138 ], [ 73.9406437, 15.5406345 ], [ 73.9407402, 15.5406603 ], [ 73.9408314, 15.540712 ], [ 73.9409387, 15.5407172 ], [ 73.9411157, 15.540526 ], [ 73.9415771, 15.5405466 ], [ 73.9416844, 15.540557 ], [ 73.9418989, 15.5405673 ], [ 73.9420062, 15.5405673 ], [ 73.9421081, 15.5405621 ], [ 73.9422101, 15.5405466 ], [ 73.9423174, 15.5405363 ], [ 73.9424246, 15.5405363 ], [ 73.9425534, 15.5405518 ], [ 73.9427572, 15.5405311 ], [ 73.9428431, 15.5404846 ], [ 73.9429021, 15.5404019 ], [ 73.9429182, 15.5403089 ], [ 73.942886, 15.540221 ], [ 73.942827, 15.5401487 ], [ 73.9427358, 15.5401022 ], [ 73.9425266, 15.5400195 ], [ 73.9424032, 15.5399109 ], [ 73.9423335, 15.5398386 ], [ 73.9422905, 15.5397559 ], [ 73.9422154, 15.5395853 ], [ 73.941856, 15.5396267 ], [ 73.9417756, 15.5396732 ], [ 73.9416361, 15.5396577 ], [ 73.9415556, 15.5396008 ], [ 73.9414912, 15.5395233 ], [ 73.9415556, 15.5394458 ], [ 73.9416951, 15.5393011 ], [ 73.9416951, 15.5391305 ], [ 73.9416897, 15.5390323 ], [ 73.9416575, 15.5389393 ], [ 73.94162, 15.5388514 ], [ 73.9415878, 15.5387584 ], [ 73.9415985, 15.538655 ], [ 73.94162, 15.538562 ], [ 73.9417165, 15.5383914 ], [ 73.9418614, 15.5382002 ], [ 73.9419311, 15.5381227 ], [ 73.9419901, 15.5380452 ], [ 73.9420652, 15.5379831 ], [ 73.9421457, 15.5379263 ], [ 73.9422476, 15.5379004 ], [ 73.9423495, 15.5378901 ], [ 73.9424568, 15.5378901 ], [ 73.9425534, 15.5379211 ], [ 73.9426339, 15.537978 ], [ 73.9426875, 15.5380607 ], [ 73.9426553, 15.5381537 ], [ 73.9425856, 15.5382157 ], [ 73.9424998, 15.5382674 ], [ 73.9423227, 15.5383656 ], [ 73.9422315, 15.5384121 ], [ 73.9421564, 15.538469 ], [ 73.9420921, 15.5385413 ], [ 73.9420545, 15.538624 ], [ 73.9420706, 15.5388669 ], [ 73.9420867, 15.5389651 ], [ 73.9421135, 15.5390633 ], [ 73.9421618, 15.539146 ], [ 73.9422369, 15.5392184 ], [ 73.9422959, 15.5393011 ], [ 73.9423281, 15.5394871 ], [ 73.9423495, 15.5395802 ], [ 73.9423764, 15.5396732 ], [ 73.9425856, 15.5398851 ], [ 73.942666, 15.5399419 ], [ 73.942827, 15.5399988 ], [ 73.9429128, 15.5399471 ], [ 73.9429879, 15.5398799 ], [ 73.9431864, 15.5398282 ], [ 73.9432508, 15.5397559 ], [ 73.9432615, 15.5396577 ], [ 73.9432615, 15.5394148 ], [ 73.9432561, 15.5393166 ], [ 73.9432454, 15.5392184 ], [ 73.9431918, 15.5390323 ], [ 73.9432132, 15.5389393 ], [ 73.9432561, 15.5388514 ], [ 73.9433849, 15.5387429 ], [ 73.9434546, 15.5386757 ], [ 73.9435029, 15.5385878 ], [ 73.9435244, 15.5384896 ], [ 73.9435083, 15.5383966 ], [ 73.9434868, 15.5383036 ], [ 73.9434761, 15.5382054 ], [ 73.9434761, 15.5381072 ], [ 73.9439481, 15.5370528 ], [ 73.9440286, 15.5369805 ], [ 73.9441252, 15.5369495 ], [ 73.9442325, 15.5369391 ], [ 73.9443344, 15.5369391 ], [ 73.9444363, 15.5369443 ], [ 73.9445329, 15.5369753 ], [ 73.9446241, 15.5370166 ], [ 73.944726, 15.5370683 ], [ 73.9448225, 15.5370993 ], [ 73.9449245, 15.5371252 ], [ 73.9449781, 15.5372079 ], [ 73.9449996, 15.5373009 ], [ 73.9449835, 15.5373939 ], [ 73.9449352, 15.5374766 ], [ 73.9448762, 15.5375542 ], [ 73.9448601, 15.5376472 ], [ 73.9448601, 15.5377402 ], [ 73.9448279, 15.5377712 ], [ 73.9450103, 15.5378901 ], [ 73.945131, 15.5379108 ], [ 73.9453751, 15.5379211 ], [ 73.9456218, 15.5376058 ], [ 73.9448118, 15.5349545 ], [ 73.9430147, 15.533652 ], [ 73.9421511, 15.5331352 ], [ 73.9419311, 15.5330525 ], [ 73.9414322, 15.5312848 ], [ 73.9411908, 15.5312848 ], [ 73.9409763, 15.5311763 ], [ 73.9406866, 15.5311401 ], [ 73.9404345, 15.5308817 ], [ 73.9399838, 15.5306026 ], [ 73.9397424, 15.530923 ], [ 73.9396512, 15.530892 ], [ 73.9395601, 15.5308558 ], [ 73.9394796, 15.5309024 ], [ 73.9394152, 15.5309747 ], [ 73.9393401, 15.5310419 ], [ 73.9392596, 15.5310936 ], [ 73.9391577, 15.5311143 ], [ 73.9390558, 15.5311091 ], [ 73.9389646, 15.5310833 ], [ 73.9388841, 15.5310264 ], [ 73.9388734, 15.5309282 ], [ 73.9389002, 15.5308352 ], [ 73.9389968, 15.5306594 ], [ 73.9390397, 15.5305664 ], [ 73.9390504, 15.5304682 ], [ 73.9387447, 15.5301012 ], [ 73.9385301, 15.5301839 ], [ 73.938337, 15.5302459 ], [ 73.9382458, 15.5302615 ], [ 73.9381438, 15.5302615 ], [ 73.9380526, 15.530277 ], [ 73.9379561, 15.530308 ], [ 73.9377683, 15.5303493 ], [ 73.9376771, 15.5303752 ], [ 73.9375859, 15.5303855 ], [ 73.937484, 15.5303855 ], [ 73.9372158, 15.5304992 ], [ 73.9371246, 15.5305457 ], [ 73.937028, 15.5305767 ], [ 73.9369208, 15.5306026 ], [ 73.9367384, 15.5305509 ], [ 73.9366418, 15.5305819 ], [ 73.936556, 15.5306233 ], [ 73.9362502, 15.5308403 ], [ 73.9361912, 15.5309127 ], [ 73.9361215, 15.5309902 ], [ 73.9360839, 15.5310781 ], [ 73.9361107, 15.5311711 ], [ 73.9361483, 15.531259 ], [ 73.9361536, 15.5313624 ], [ 73.9361536, 15.5314606 ], [ 73.936041, 15.5317086 ], [ 73.9360303, 15.5318017 ] ] ] } },
{ "type": "Feature", "properties": { "osm_id": "1409395282", "code": 7229, "fclass": "farmland", "name": null }, "geometry": { "type": "Polygon", "coordinates": [ [ [ 73.9412391, 15.5178695 ], [ 73.9415556, 15.5180581 ], [ 73.9416468, 15.5180607 ], [ 73.9417756, 15.5180374 ], [ 73.9421779, 15.5181176 ], [ 73.9421591, 15.5179367 ], [ 73.9420491, 15.5177919 ], [ 73.9416629, 15.5175051 ], [ 73.9412391, 15.5178695 ] ] ] } },
{ "type": "Feature", "properties": { "osm_id": "1409395283", "code": 7229, "fclass": "farmland", "name": null }, "geometry": { "type": "Polygon", "coordinates": [ [ [ 73.9409199, 15.5176007 ], [ 73.9411828, 15.5178359 ], [ 73.9415583, 15.5174585 ], [ 73.9414483, 15.5173577 ], [ 73.9413813, 15.5173422 ], [ 73.9409199, 15.5176007 ] ] ] } },
{ "type": "Feature", "properties": { "osm_id": "1409395284", "code": 7229, "fclass": "farmland", "name": null }, "geometry": { "type": "Polygon", "coordinates": [ [ [ 73.9404076, 15.5169468 ], [ 73.9407295, 15.5174068 ], [ 73.9408985, 15.5175464 ], [ 73.9413008, 15.5172544 ], [ 73.9412874, 15.5171872 ], [ 73.9410621, 15.5167194 ], [ 73.9404157, 15.5168977 ], [ 73.9404076, 15.5169468 ] ] ] } },
{ "type": "Feature", "properties": { "osm_id": "1409395285", "code": 7229, "fclass": "farmland", "name": null }, "geometry": { "type": "Polygon", "coordinates": [ [ [ 73.9402816, 15.516479 ], [ 73.9402816, 15.5165591 ], [ 73.9403567, 15.5168253 ], [ 73.9410326, 15.5166367 ], [ 73.9407939, 15.5161792 ], [ 73.9407322, 15.5161146 ], [ 73.940472, 15.5161922 ], [ 73.9403754, 15.5162309 ], [ 73.9402816, 15.516479 ] ] ] } },
{ "type": "Feature", "properties": { "osm_id": "1409395287", "code": 7229, "fclass": "farmland", "name": null }, "geometry": { "type": "Polygon", "coordinates": [ [ [ 73.9418668, 15.5166599 ], [ 73.9421618, 15.5170424 ], [ 73.9436156, 15.51781 ], [ 73.94427, 15.5183993 ], [ 73.9450854, 15.5190764 ], [ 73.9454502, 15.5192521 ], [ 73.9462388, 15.5193452 ], [ 73.9467001, 15.5192986 ], [ 73.947494, 15.519035 ], [ 73.9476871, 15.5190454 ], [ 73.9478266, 15.5187456 ], [ 73.9459759, 15.5179858 ], [ 73.945772, 15.51827 ], [ 73.945359, 15.5180271 ], [ 73.945418, 15.5179082 ], [ 73.9450908, 15.5174999 ], [ 73.944608, 15.5175826 ], [ 73.9438248, 15.5164764 ], [ 73.9441091, 15.51628 ], [ 73.9440232, 15.5161405 ], [ 73.9441198, 15.5160474 ], [ 73.9440608, 15.515944 ], [ 73.9434653, 15.516187 ], [ 73.9431274, 15.5158975 ], [ 73.9426392, 15.5160087 ], [ 73.9426339, 15.5160707 ], [ 73.9425373, 15.5161301 ], [ 73.9425373, 15.5162955 ], [ 73.9418668, 15.5166599 ] ] ] } },
{ "type": "Feature", "properties": { "osm_id": "1409395290", "code": 7229, "fclass": "farmland", "name": null }, "geometry": { "type": "Polygon", "coordinates": [ [ [ 73.9407027, 15.5193297 ], [ 73.9407134, 15.5194485 ], [ 73.9409494, 15.5194227 ], [ 73.9412981, 15.5192315 ], [ 73.9413679, 15.5189937 ], [ 73.941105, 15.519004 ], [ 73.9407027, 15.5193297 ] ] ] } },
{ "type": "Feature", "properties": { "osm_id": "1409395291", "code": 7229, "fclass": "farmland", "name": null }, "geometry": { "type": "Polygon", "coordinates": [ [ [ 73.9384496, 15.5175154 ], [ 73.9384979, 15.5175723 ], [ 73.9385194, 15.5177635 ], [ 73.9385623, 15.5179082 ], [ 73.9385998, 15.518053 ], [ 73.9386803, 15.5180633 ], [ 73.93875, 15.5179651 ], [ 73.9390022, 15.5178152 ], [ 73.939265, 15.5177583 ], [ 73.939442, 15.5178927 ], [ 73.9395976, 15.518053 ], [ 73.9397103, 15.5180581 ], [ 73.9400482, 15.5179392 ], [ 73.9397639, 15.5175102 ], [ 73.9396191, 15.5170399 ], [ 73.9395064, 15.5170088 ], [ 73.9394045, 15.5170088 ], [ 73.938911, 15.5173655 ], [ 73.9384496, 15.5175154 ] ] ] } },
{ "type": "Feature", "properties": { "osm_id": "1409395292", "code": 7229, "fclass": "farmland", "name": null }, "geometry": { "type": "Polygon", "coordinates": [ [ [ 73.9388519, 15.5188231 ], [ 73.939147, 15.5191539 ], [ 73.9394796, 15.5193762 ], [ 73.9396352, 15.5195571 ], [ 73.9396299, 15.5197656 ], [ 73.9398068, 15.5196915 ], [ 73.9402896, 15.51934 ], [ 73.9405042, 15.5193038 ], [ 73.9406812, 15.5192728 ], [ 73.9410514, 15.518973 ], [ 73.9410084, 15.5188645 ], [ 73.9405578, 15.5183372 ], [ 73.9404237, 15.5182804 ], [ 73.9395976, 15.518482 ], [ 73.9395976, 15.5185647 ], [ 73.9397103, 15.5186629 ], [ 73.9397156, 15.5187973 ], [ 73.9395547, 15.5189368 ], [ 73.9392865, 15.5189523 ], [ 73.9391684, 15.5189162 ], [ 73.9388519, 15.5188231 ] ] ] } },
{ "type": "Feature", "properties": { "osm_id": "1409395293", "code": 7229, "fclass": "farmland", "name": null }, "geometry": { "type": "Polygon", "coordinates": [ [ [ 73.9377791, 15.5183321 ], [ 73.9380526, 15.5190195 ], [ 73.938573, 15.5196398 ], [ 73.938927, 15.519738 ], [ 73.9394367, 15.5198465 ], [ 73.9396299, 15.5197656 ], [ 73.9396352, 15.5195571 ], [ 73.9394796, 15.5193762 ], [ 73.939147, 15.5191539 ], [ 73.9388519, 15.5188231 ], [ 73.9386374, 15.5186784 ], [ 73.9384013, 15.5186732 ], [ 73.9382458, 15.5186215 ], [ 73.9382082, 15.5184044 ], [ 73.9382404, 15.5182442 ], [ 73.9382404, 15.518146 ], [ 73.9381224, 15.5180736 ], [ 73.93794, 15.518053 ], [ 73.9377898, 15.5181305 ], [ 73.9377791, 15.5183321 ] ] ] } },
{ "type": "Feature", "properties": { "osm_id": "1409395298", "code": 7229, "fclass": "farmland", "name": null }, "geometry": { "type": "Polygon", "coordinates": [ [ [ 73.9420009, 15.5255425 ], [ 73.9422476, 15.5257803 ], [ 73.9425427, 15.5262661 ], [ 73.9427626, 15.5262816 ], [ 73.9427572, 15.526354 ], [ 73.9427465, 15.5264522 ], [ 73.9427465, 15.5265452 ], [ 73.9428484, 15.5268967 ], [ 73.9430362, 15.5274342 ], [ 73.9430523, 15.5275479 ], [ 73.942945, 15.5278477 ], [ 73.9431274, 15.5279046 ], [ 73.9432883, 15.5275893 ], [ 73.9434117, 15.5273154 ], [ 73.9435083, 15.5264574 ], [ 73.9434439, 15.5264574 ], [ 73.9434332, 15.5261834 ], [ 73.9434385, 15.525863 ], [ 73.9432293, 15.5258216 ], [ 73.9431596, 15.5257131 ], [ 73.9427733, 15.5254133 ], [ 73.9424354, 15.5249998 ], [ 73.942371, 15.5250308 ], [ 73.9422905, 15.5250877 ], [ 73.9421618, 15.5252634 ], [ 73.9420009, 15.5255425 ] ] ] } },
{ "type": "Feature", "properties": { "osm_id": "1409395299", "code": 7215, "fclass": "orchard", "name": null }, "geometry": { "type": "Polygon", "coordinates": [ [ [ 73.9419043, 15.5204358 ], [ 73.9428216, 15.5206994 ], [ 73.9429933, 15.5206322 ], [ 73.9432293, 15.5195312 ], [ 73.9431703, 15.5195261 ], [ 73.942489, 15.5194744 ], [ 73.9422476, 15.5198569 ], [ 73.9419043, 15.5204358 ] ] ] } },
{ "type": "Feature", "properties": { "osm_id": "1409395307", "code": 7229, "fclass": "farmland", "name": null }, "geometry": { "type": "Polygon", "coordinates": [ [ [ 73.938919, 15.5266021 ], [ 73.9389405, 15.5266951 ], [ 73.9389539, 15.5267442 ], [ 73.939037, 15.5269277 ], [ 73.939257, 15.5274988 ], [ 73.9392838, 15.5275402 ], [ 73.9393213, 15.5275712 ], [ 73.9393723, 15.5275738 ], [ 73.9398605, 15.5273257 ], [ 73.9401367, 15.5271913 ], [ 73.940185, 15.5271836 ], [ 73.9402226, 15.5272146 ], [ 73.9402387, 15.5272611 ], [ 73.9402628, 15.527305 ], [ 73.940303, 15.5273386 ], [ 73.9403513, 15.5273464 ], [ 73.9406678, 15.5273128 ], [ 73.9407134, 15.5272947 ], [ 73.9407108, 15.5272572 ], [ 73.940476, 15.5271112 ], [ 73.9404385, 15.5270337 ], [ 73.9404599, 15.5268876 ], [ 73.9405055, 15.5267558 ], [ 73.9404787, 15.5266421 ], [ 73.9404291, 15.5263734 ], [ 73.940468, 15.525894 ], [ 73.9404613, 15.5258423 ], [ 73.9404479, 15.5257958 ], [ 73.9404398, 15.5257467 ], [ 73.9404076, 15.5256071 ], [ 73.9403862, 15.5255658 ], [ 73.9403191, 15.5254882 ], [ 73.9402735, 15.5254779 ], [ 73.9402145, 15.5255735 ], [ 73.9398739, 15.5260154 ], [ 73.9394447, 15.5263023 ], [ 73.939088, 15.5264393 ], [ 73.9390022, 15.5264806 ], [ 73.9389673, 15.5265142 ], [ 73.938919, 15.5266021 ] ] ] } },
{ "type": "Feature", "properties": { "osm_id": "19285988", "code": 7229, "fclass": "farmland", "name": null }, "geometry": { "type": "Polygon", "coordinates": [ [ [ 73.9347669, 15.5232889 ], [ 73.9348018, 15.523444 ], [ 73.9348233, 15.5234879 ], [ 73.9349547, 15.5235603 ], [ 73.9350942, 15.5236301 ], [ 73.93518, 15.5236895 ], [ 73.9352176, 15.5237231 ], [ 73.935298, 15.5237851 ], [ 73.9353356, 15.5238187 ], [ 73.9353651, 15.5238575 ], [ 73.9353758, 15.523904 ], [ 73.9353731, 15.5239996 ], [ 73.9351881, 15.5244002 ], [ 73.9351693, 15.5244442 ], [ 73.9351612, 15.5244933 ], [ 73.9351639, 15.5245424 ], [ 73.9351773, 15.5245889 ], [ 73.9352041, 15.5246302 ], [ 73.9352417, 15.5246612 ], [ 73.9353356, 15.5247078 ], [ 73.9353812, 15.5247233 ], [ 73.9354804, 15.5247439 ], [ 73.9357513, 15.5247439 ], [ 73.9358076, 15.5247414 ], [ 73.9359042, 15.5247181 ], [ 73.9360008, 15.5246793 ], [ 73.9361832, 15.5245062 ], [ 73.936564, 15.5240488 ], [ 73.9365855, 15.5240022 ], [ 73.9366016, 15.5239557 ], [ 73.9366177, 15.5239092 ], [ 73.9366069, 15.523811 ], [ 73.9366123, 15.5237619 ], [ 73.9366284, 15.5237154 ], [ 73.9366633, 15.5236792 ], [ 73.9367035, 15.5236482 ], [ 73.9367464, 15.5236249 ], [ 73.9368001, 15.5236249 ], [ 73.9368993, 15.5236688 ], [ 73.9369932, 15.5237257 ], [ 73.9370388, 15.5237464 ], [ 73.9370871, 15.5237748 ], [ 73.9371139, 15.5238162 ], [ 73.9371139, 15.5238653 ], [ 73.9370656, 15.523948 ], [ 73.9370307, 15.523979 ], [ 73.9368537, 15.5243666 ], [ 73.9368376, 15.5244131 ], [ 73.9368322, 15.5244622 ], [ 73.9368322, 15.5245139 ], [ 73.9368403, 15.5246044 ], [ 73.9369959, 15.5248577 ], [ 73.9370602, 15.5249326 ], [ 73.9371112, 15.5249326 ], [ 73.9371997, 15.5248835 ], [ 73.937256, 15.5248757 ], [ 73.9374894, 15.5247905 ], [ 73.9375913, 15.5247775 ], [ 73.9376423, 15.524775 ], [ 73.9376959, 15.5247543 ], [ 73.9377469, 15.5247414 ], [ 73.9379051, 15.5247414 ], [ 73.9380071, 15.5247284 ], [ 73.9383209, 15.5245708 ], [ 73.9383611, 15.5245372 ], [ 73.9384013, 15.5245088 ], [ 73.9384362, 15.5244726 ], [ 73.9385274, 15.5241857 ], [ 73.9386669, 15.5238498 ], [ 73.938683, 15.5238007 ], [ 73.9387178, 15.5237645 ], [ 73.9387313, 15.523718 ], [ 73.9387366, 15.5236197 ], [ 73.9387232, 15.5235732 ], [ 73.9387044, 15.5235293 ], [ 73.9385569, 15.5233846 ], [ 73.9379051, 15.522891 ], [ 73.9378193, 15.5228444 ], [ 73.937771, 15.5228289 ], [ 73.9377227, 15.5228367 ], [ 73.9376745, 15.5228367 ], [ 73.9375859, 15.5227979 ], [ 73.9375082, 15.5227359 ], [ 73.937417, 15.5226144 ], [ 73.9373821, 15.5225808 ], [ 73.9373392, 15.522555 ], [ 73.937307, 15.5225188 ], [ 73.9372815, 15.5224813 ], [ 73.9369529, 15.5225033 ], [ 73.9355367, 15.5227928 ], [ 73.9347669, 15.5232889 ] ] ] } },
{ "type": "Feature", "properties": { "osm_id": "19285989", "code": 7229, "fclass": "farmland", "name": null }, "geometry": { "type": "Polygon", "coordinates": [ [ [ 73.9333266, 15.5260749 ], [ 73.9334446, 15.5264057 ], [ 73.9336055, 15.5264832 ], [ 73.9346302, 15.5262765 ], [ 73.9345872, 15.5260645 ], [ 73.9349896, 15.525987 ], [ 73.9350164, 15.5261627 ], [ 73.9346141, 15.5263592 ], [ 73.9348823, 15.5274187 ], [ 73.9344478, 15.5277185 ], [ 73.9344478, 15.5278787 ], [ 73.9342493, 15.5279201 ], [ 73.9344102, 15.5282974 ], [ 73.9347482, 15.5285196 ], [ 73.9352149, 15.5286127 ], [ 73.9353222, 15.5285868 ], [ 73.9353543, 15.5282664 ], [ 73.9357191, 15.5281165 ], [ 73.9361215, 15.5283439 ], [ 73.9361054, 15.5285093 ], [ 73.9372158, 15.5286695 ], [ 73.9397103, 15.5293621 ], [ 73.9403486, 15.5296154 ], [ 73.940531, 15.5295844 ], [ 73.9406329, 15.5293673 ], [ 73.9405578, 15.5291605 ], [ 73.9409226, 15.5288453 ], [ 73.9410889, 15.5288246 ], [ 73.9413196, 15.5287522 ], [ 73.9410943, 15.5278839 ], [ 73.940936, 15.5274988 ], [ 73.9409307, 15.5275815 ], [ 73.9409226, 15.5276281 ], [ 73.9408958, 15.5277185 ], [ 73.9408153, 15.5281062 ], [ 73.9407027, 15.528194 ], [ 73.9406598, 15.5282173 ], [ 73.9406168, 15.5282354 ], [ 73.9405712, 15.5282457 ], [ 73.940421, 15.5282483 ], [ 73.9403728, 15.5282431 ], [ 73.9402252, 15.528238 ], [ 73.9398926, 15.5283103 ], [ 73.9398015, 15.5283465 ], [ 73.9397559, 15.5283568 ], [ 73.9396539, 15.5283542 ], [ 73.9396057, 15.5283387 ], [ 73.9395332, 15.5282664 ], [ 73.9391658, 15.5276487 ], [ 73.9391363, 15.52761 ], [ 73.9390746, 15.527535 ], [ 73.939037, 15.527504 ], [ 73.9389968, 15.527473 ], [ 73.9389539, 15.5274497 ], [ 73.9387929, 15.5273179 ], [ 73.9386159, 15.5270052 ], [ 73.9385006, 15.5266744 ], [ 73.9385006, 15.5265737 ], [ 73.9385033, 15.5265245 ], [ 73.9385113, 15.526478 ], [ 73.9385274, 15.5264315 ], [ 73.9386159, 15.5262945 ], [ 73.9389914, 15.5260749 ], [ 73.9390826, 15.5259793 ], [ 73.9391094, 15.5259379 ], [ 73.9391738, 15.525863 ], [ 73.9392194, 15.5258397 ], [ 73.9394045, 15.5257958 ], [ 73.9396378, 15.5256485 ], [ 73.9397156, 15.5255761 ], [ 73.9397424, 15.5255348 ], [ 73.9397612, 15.5254908 ], [ 73.9397478, 15.5253926 ], [ 73.9397371, 15.5253461 ], [ 73.9397344, 15.5252944 ], [ 73.9396539, 15.5251704 ], [ 73.9392382, 15.5247414 ], [ 73.9390343, 15.5244467 ], [ 73.9389968, 15.5244131 ], [ 73.93897, 15.5243744 ], [ 73.9389244, 15.5243563 ], [ 73.9388519, 15.5243951 ], [ 73.9388198, 15.5244312 ], [ 73.9387983, 15.5244752 ], [ 73.9387876, 15.5245191 ], [ 73.9387634, 15.5246147 ], [ 73.9387554, 15.5246612 ], [ 73.938742, 15.5247078 ], [ 73.9387339, 15.5248034 ], [ 73.9386535, 15.5249584 ], [ 73.9384952, 15.5250799 ], [ 73.9384603, 15.5251161 ], [ 73.9384496, 15.5251626 ], [ 73.9384013, 15.5252401 ], [ 73.9383209, 15.5252944 ], [ 73.9382833, 15.525328 ], [ 73.9382431, 15.525359 ], [ 73.9382109, 15.5253952 ], [ 73.9381573, 15.5254753 ], [ 73.938117, 15.5255632 ], [ 73.9381009, 15.5257053 ], [ 73.9381412, 15.5263462 ], [ 73.9381331, 15.5265866 ], [ 73.9381251, 15.5266357 ], [ 73.9380929, 15.5267235 ], [ 73.9380446, 15.5268062 ], [ 73.9379829, 15.526876 ], [ 73.937948, 15.5269096 ], [ 73.9379078, 15.526938 ], [ 73.9378622, 15.5269639 ], [ 73.9378166, 15.5269794 ], [ 73.9377093, 15.526982 ], [ 73.9374948, 15.52692 ], [ 73.9374921, 15.5269691 ], [ 73.9374948, 15.5270182 ], [ 73.9375001, 15.5270673 ], [ 73.9375216, 15.5271603 ], [ 73.9375269, 15.5272094 ], [ 73.9375269, 15.5272611 ], [ 73.9375216, 15.5273102 ], [ 73.9374921, 15.5273489 ], [ 73.9374572, 15.5273851 ], [ 73.9372775, 15.527504 ], [ 73.9371809, 15.5275014 ], [ 73.9371327, 15.5274937 ], [ 73.9370844, 15.5274756 ], [ 73.9370441, 15.5274497 ], [ 73.9369476, 15.5273231 ], [ 73.9368778, 15.5272533 ], [ 73.9368671, 15.5272068 ], [ 73.9368698, 15.5271551 ], [ 73.9368778, 15.5271086 ], [ 73.9368778, 15.5270595 ], [ 73.9368752, 15.5270104 ], [ 73.9368537, 15.5269665 ], [ 73.9368054, 15.5269535 ], [ 73.9365077, 15.5272714 ], [ 73.936269, 15.5276203 ], [ 73.9362395, 15.5276591 ], [ 73.9362153, 15.5277004 ], [ 73.9362019, 15.5277469 ], [ 73.9362019, 15.5279976 ], [ 73.936049, 15.5280622 ], [ 73.9360034, 15.5280726 ], [ 73.9359525, 15.5280751 ], [ 73.9359042, 15.52807 ], [ 73.9358586, 15.5280519 ], [ 73.935695, 15.5279408 ], [ 73.9356467, 15.5279278 ], [ 73.9356226, 15.5279278 ], [ 73.9355394, 15.5279744 ], [ 73.9354938, 15.5279821 ], [ 73.9354455, 15.5279769 ], [ 73.9353195, 15.5279123 ], [ 73.9352846, 15.5278813 ], [ 73.9352229, 15.5278012 ], [ 73.9351988, 15.5277599 ], [ 73.9351639, 15.5277237 ], [ 73.9351183, 15.5277133 ], [ 73.93507, 15.5277288 ], [ 73.9350405, 15.5277702 ], [ 73.9349976, 15.5278555 ], [ 73.9349547, 15.5278761 ], [ 73.934775, 15.5279097 ], [ 73.9347589, 15.5278632 ], [ 73.9348072, 15.5278529 ], [ 73.9348555, 15.5278296 ], [ 73.9348903, 15.5277056 ], [ 73.934944, 15.5276177 ], [ 73.9349842, 15.5275893 ], [ 73.9350271, 15.5275634 ], [ 73.9350754, 15.5275402 ], [ 73.9351237, 15.5275221 ], [ 73.9351746, 15.5275299 ], [ 73.9352229, 15.5275479 ], [ 73.9352927, 15.5276177 ], [ 73.9353409, 15.5276927 ], [ 73.9354053, 15.5278245 ], [ 73.9354295, 15.5278684 ], [ 73.9354616, 15.5279046 ], [ 73.9355099, 15.5278968 ], [ 73.9355957, 15.5278451 ], [ 73.9356467, 15.5278477 ], [ 73.9357084, 15.5278606 ], [ 73.9357889, 15.5278968 ], [ 73.9358318, 15.5279201 ], [ 73.9358747, 15.5279485 ], [ 73.935923, 15.5279614 ], [ 73.9359686, 15.5279408 ], [ 73.9360008, 15.5278787 ], [ 73.9360034, 15.5277805 ], [ 73.9360061, 15.5277314 ], [ 73.9361644, 15.5275531 ], [ 73.9361966, 15.5275118 ], [ 73.9361992, 15.5274627 ], [ 73.9361858, 15.5273877 ], [ 73.9367625, 15.5266925 ], [ 73.9368054, 15.5265814 ], [ 73.9368483, 15.526553 ], [ 73.9368993, 15.5265452 ], [ 73.9369503, 15.5265452 ], [ 73.9371031, 15.5267132 ], [ 73.9371702, 15.5266408 ], [ 73.9372078, 15.5266072 ], [ 73.9372534, 15.5265814 ], [ 73.9373016, 15.5265633 ], [ 73.9373526, 15.5265504 ], [ 73.9374036, 15.5265426 ], [ 73.9374545, 15.5265426 ], [ 73.9375913, 15.5265762 ], [ 73.9376879, 15.5266098 ], [ 73.9377388, 15.5266176 ], [ 73.9377817, 15.5265943 ], [ 73.9378086, 15.526553 ], [ 73.9378005, 15.526478 ], [ 73.937771, 15.5264367 ], [ 73.9377576, 15.5263902 ], [ 73.9377603, 15.5263385 ], [ 73.9377737, 15.5262894 ], [ 73.9377952, 15.5262454 ], [ 73.9378032, 15.5261963 ], [ 73.9378032, 15.5257725 ], [ 73.9378273, 15.5254391 ], [ 73.9378676, 15.5253254 ], [ 73.9378569, 15.5252789 ], [ 73.9378059, 15.5252763 ], [ 73.937763, 15.525328 ], [ 73.9377254, 15.525359 ], [ 73.9376852, 15.5253823 ], [ 73.9376342, 15.5253849 ], [ 73.937594, 15.5253564 ], [ 73.9375484, 15.5253332 ], [ 73.9374974, 15.5253306 ], [ 73.9372373, 15.5254314 ], [ 73.9371112, 15.5255089 ], [ 73.9370629, 15.5255167 ], [ 73.9367759, 15.525434 ], [ 73.9365962, 15.5253332 ], [ 73.9364675, 15.5250644 ], [ 73.9364192, 15.5250644 ], [ 73.9363736, 15.5250851 ], [ 73.9363307, 15.5251083 ], [ 73.9362073, 15.5251884 ], [ 73.9360651, 15.5252195 ], [ 73.9359096, 15.5252427 ], [ 73.9358157, 15.5252298 ], [ 73.9357728, 15.5252117 ], [ 73.9357352, 15.5251807 ], [ 73.9356869, 15.5251678 ], [ 73.9355126, 15.5251652 ], [ 73.9354241, 15.5252091 ], [ 73.9353785, 15.5252246 ], [ 73.9352766, 15.5252143 ], [ 73.9351881, 15.5251393 ], [ 73.9348233, 15.5247543 ], [ 73.9347857, 15.5246587 ], [ 73.9347616, 15.5245579 ], [ 73.9347535, 15.5245088 ], [ 73.9347509, 15.524271 ], [ 73.9347857, 15.5241573 ], [ 73.9349225, 15.5239221 ], [ 73.9349212, 15.5238614 ], [ 73.9348635, 15.523842 ], [ 73.9344531, 15.5239014 ], [ 73.9343002, 15.5239195 ], [ 73.9341366, 15.5241263 ], [ 73.9343458, 15.5247775 ], [ 73.9345175, 15.5247414 ], [ 73.9346033, 15.5249429 ], [ 73.9348715, 15.5249223 ], [ 73.9349949, 15.5256769 ], [ 73.9333266, 15.5260749 ] ] ] } },
{ "type": "Feature", "properties": { "osm_id": "1409419302", "code": 7229, "fclass": "farmland", "name": null }, "geometry": { "type": "Polygon", "coordinates": [ [ [ 73.9498812, 15.537213 ], [ 73.9500529, 15.5379056 ], [ 73.9506429, 15.537704 ], [ 73.9504552, 15.5371304 ], [ 73.9503936, 15.536973 ], [ 73.9498812, 15.537213 ] ] ] } },
{ "type": "Feature", "properties": { "osm_id": "1409419310", "code": 7229, "fclass": "farmland", "name": null }, "geometry": { "type": "Polygon", "coordinates": [ [ [ 73.955487, 15.5381692 ], [ 73.955723, 15.5383656 ], [ 73.9561211, 15.5379952 ], [ 73.9559323, 15.5378074 ], [ 73.955487, 15.5381692 ] ] ] } },
{ "type": "Feature", "properties": { "osm_id": "1409419311", "code": 7229, "fclass": "farmland", "name": null }, "geometry": { "type": "Polygon", "coordinates": [ [ [ 73.9457619, 15.540166 ], [ 73.9457855, 15.5402262 ], [ 73.9464882, 15.540128 ], [ 73.9471588, 15.5399238 ], [ 73.9478561, 15.5396448 ], [ 73.9480734, 15.5394199 ], [ 73.9482424, 15.5394148 ], [ 73.9482987, 15.539469 ], [ 73.9485159, 15.539345 ], [ 73.9493743, 15.5393114 ], [ 73.9501628, 15.539208 ], [ 73.9502674, 15.5391098 ], [ 73.9505088, 15.5384793 ], [ 73.9509219, 15.5386395 ], [ 73.951351, 15.5387403 ], [ 73.9519519, 15.5392054 ], [ 73.9523435, 15.5393217 ], [ 73.9532018, 15.5395336 ], [ 73.9535236, 15.5393036 ], [ 73.9538294, 15.5393527 ], [ 73.9545241, 15.5392054 ], [ 73.9551973, 15.5389806 ], [ 73.955546, 15.538593 ], [ 73.9552081, 15.5384069 ], [ 73.9546341, 15.5388049 ], [ 73.9540386, 15.5391357 ], [ 73.9531267, 15.539239 ], [ 73.9520913, 15.5390271 ], [ 73.9515763, 15.5387636 ], [ 73.9510024, 15.5382157 ], [ 73.9504766, 15.5380297 ], [ 73.9504176, 15.5381692 ], [ 73.9502943, 15.5381692 ], [ 73.9500582, 15.5390323 ], [ 73.9487976, 15.5391047 ], [ 73.9483952, 15.5391564 ], [ 73.9466786, 15.5399419 ], [ 73.9466196, 15.5398231 ], [ 73.9463514, 15.5398282 ], [ 73.9463621, 15.5400608 ], [ 73.9457619, 15.540166 ] ] ] } },
{ "type": "Feature", "properties": { "osm_id": "1409419312", "code": 7229, "fclass": "farmland", "name": null }, "geometry": { "type": "Polygon", "coordinates": [ [ [ 73.9453523, 15.5404358 ], [ 73.9454502, 15.5404769 ], [ 73.9455119, 15.5404691 ], [ 73.9458418, 15.5406242 ], [ 73.9459437, 15.5405311 ], [ 73.946456, 15.5404303 ], [ 73.9466894, 15.5402494 ], [ 73.9482558, 15.5402417 ], [ 73.9492375, 15.5403502 ], [ 73.9493662, 15.5403399 ], [ 73.9494628, 15.5403554 ], [ 73.9495325, 15.5404226 ], [ 73.9496183, 15.5404743 ], [ 73.9497149, 15.5404846 ], [ 73.9498115, 15.5405105 ], [ 73.9498651, 15.540588 ], [ 73.9499348, 15.54065 ], [ 73.9506054, 15.5406758 ], [ 73.9506966, 15.540712 ], [ 73.9508575, 15.5408257 ], [ 73.9509433, 15.5408619 ], [ 73.9510024, 15.5412392 ], [ 73.95082, 15.541327 ], [ 73.9505088, 15.5413374 ], [ 73.950187, 15.5414046 ], [ 73.9500368, 15.5411462 ], [ 73.9499563, 15.5410841 ], [ 73.9498597, 15.54111 ], [ 73.9498436, 15.5412082 ], [ 73.9498007, 15.541296 ], [ 73.9494359, 15.5413322 ], [ 73.9490068, 15.5413115 ], [ 73.9489049, 15.541296 ], [ 73.9488083, 15.541265 ], [ 73.9487117, 15.5412237 ], [ 73.9486581, 15.541141 ], [ 73.9485723, 15.5410945 ], [ 73.9483523, 15.541327 ], [ 73.9482772, 15.5414718 ], [ 73.948288, 15.54157 ], [ 73.9483309, 15.5416526 ], [ 73.9483952, 15.541725 ], [ 73.9486366, 15.5419007 ], [ 73.9488351, 15.5420764 ], [ 73.9489907, 15.5421901 ], [ 73.9490819, 15.5422212 ], [ 73.9491785, 15.5422418 ], [ 73.9492643, 15.5422883 ], [ 73.9492911, 15.5423814 ], [ 73.9493018, 15.5425829 ], [ 73.9492857, 15.5426811 ], [ 73.9492911, 15.5427793 ], [ 73.949334, 15.5428672 ], [ 73.9493555, 15.5429602 ], [ 73.9492267, 15.5431204 ], [ 73.9491999, 15.5432135 ], [ 73.9492106, 15.5433117 ], [ 73.9493394, 15.5434512 ], [ 73.9495486, 15.5436321 ], [ 73.9496344, 15.5436838 ], [ 73.9497149, 15.5437406 ], [ 73.9498919, 15.5438233 ], [ 73.9500904, 15.5438647 ], [ 73.9501816, 15.5438905 ], [ 73.9505356, 15.5440559 ], [ 73.9506161, 15.5441127 ], [ 73.9507127, 15.5441231 ], [ 73.9515549, 15.5444332 ], [ 73.9525366, 15.5434615 ], [ 73.9525473, 15.5431308 ], [ 73.9525849, 15.5430377 ], [ 73.9530247, 15.5427173 ], [ 73.9531374, 15.5425054 ], [ 73.9535129, 15.5421798 ], [ 73.9536738, 15.5420919 ], [ 73.9540654, 15.5421023 ], [ 73.9543229, 15.5419162 ], [ 73.9545, 15.541818 ], [ 73.9545697, 15.5414252 ], [ 73.9546287, 15.5413219 ], [ 73.9550471, 15.5412082 ], [ 73.95531, 15.5407327 ], [ 73.9554387, 15.5405828 ], [ 73.9559001, 15.5404588 ], [ 73.9562273, 15.5401487 ], [ 73.9566833, 15.5394665 ], [ 73.9577132, 15.538624 ], [ 73.9578205, 15.5384173 ], [ 73.9578474, 15.538195 ], [ 73.9576489, 15.538133 ], [ 73.9573216, 15.5378798 ], [ 73.9566028, 15.5384741 ], [ 73.9561211, 15.5379952 ], [ 73.955723, 15.5383656 ], [ 73.955546, 15.538593 ], [ 73.9551973, 15.5389806 ], [ 73.9545241, 15.5392054 ], [ 73.9538294, 15.5393527 ], [ 73.9535236, 15.5393036 ], [ 73.9532018, 15.5395336 ], [ 73.9523435, 15.5393217 ], [ 73.9519519, 15.5392054 ], [ 73.951351, 15.5387403 ], [ 73.9509219, 15.5386395 ], [ 73.9505088, 15.5384793 ], [ 73.9502674, 15.5391098 ], [ 73.9501628, 15.539208 ], [ 73.9493743, 15.5393114 ], [ 73.9485159, 15.539345 ], [ 73.9482987, 15.539469 ], [ 73.9482424, 15.5394148 ], [ 73.9480734, 15.5394199 ], [ 73.9478561, 15.5396448 ], [ 73.9471588, 15.5399238 ], [ 73.9464882, 15.540128 ], [ 73.9457855, 15.5402262 ], [ 73.9457619, 15.540166 ], [ 73.945654, 15.5401848 ], [ 73.9453523, 15.5404358 ] ] ] } },
{ "type": "Feature", "properties": { "osm_id": "1409419313", "code": 7229, "fclass": "farmland", "name": null }, "geometry": { "type": "Polygon", "coordinates": [ [ [ 73.9488888, 15.5445452 ], [ 73.9490712, 15.5446502 ], [ 73.9497203, 15.5448259 ], [ 73.9500475, 15.5448001 ], [ 73.9501923, 15.5448828 ], [ 73.9502574, 15.5449989 ], [ 73.9502819, 15.5450427 ], [ 73.9502925, 15.5450338 ], [ 73.950296, 15.5450115 ], [ 73.9502352, 15.5447639 ], [ 73.9500529, 15.544614 ], [ 73.9498168, 15.544521 ], [ 73.9495861, 15.544552 ], [ 73.9493501, 15.544521 ], [ 73.9492482, 15.5444693 ], [ 73.9491516, 15.5444125 ], [ 73.9489746, 15.544459 ], [ 73.9488888, 15.5445452 ] ] ] } },
{ "type": "Feature", "properties": { "osm_id": "1409419314", "code": 7229, "fclass": "farmland", "name": null }, "geometry": { "type": "Polygon", "coordinates": [ [ [ 73.9441788, 15.5420919 ], [ 73.9441814, 15.5422317 ], [ 73.9449996, 15.5417612 ], [ 73.945815, 15.5417353 ], [ 73.9460403, 15.5419111 ], [ 73.9462119, 15.5422728 ], [ 73.9466518, 15.5424486 ], [ 73.9472151, 15.5423555 ], [ 73.9474833, 15.5423555 ], [ 73.9478642, 15.5425519 ], [ 73.948186, 15.5424486 ], [ 73.948406, 15.5423814 ], [ 73.9486527, 15.542371 ], [ 73.948583, 15.5423038 ], [ 73.9485669, 15.5422056 ], [ 73.9484489, 15.5420454 ], [ 73.9483738, 15.5419782 ], [ 73.9481753, 15.5419059 ], [ 73.9480895, 15.5418542 ], [ 73.9479929, 15.541818 ], [ 73.9478964, 15.5418387 ], [ 73.947612, 15.5419834 ], [ 73.9475101, 15.5420093 ], [ 73.9473599, 15.5421385 ], [ 73.9472526, 15.5421281 ], [ 73.9471775, 15.5420661 ], [ 73.947081, 15.5420299 ], [ 73.9469737, 15.5420196 ], [ 73.9468771, 15.5419989 ], [ 73.9467537, 15.5419989 ], [ 73.9465445, 15.5420144 ], [ 73.9464426, 15.5420041 ], [ 73.9463514, 15.5419472 ], [ 73.946287, 15.5418697 ], [ 73.9462012, 15.5416992 ], [ 73.9461315, 15.541632 ], [ 73.9460456, 15.54157 ], [ 73.9459705, 15.5414976 ], [ 73.9458525, 15.5413994 ], [ 73.9458203, 15.5413115 ], [ 73.9457291, 15.5412599 ], [ 73.9456272, 15.5412443 ], [ 73.9455253, 15.5412185 ], [ 73.9454287, 15.5410428 ], [ 73.9453161, 15.5408671 ], [ 73.9452302, 15.5406448 ], [ 73.9452195, 15.5405466 ], [ 73.9451364, 15.5404794 ], [ 73.9449459, 15.541079 ], [ 73.944962, 15.5413658 ], [ 73.9446428, 15.5417767 ], [ 73.9441788, 15.5420919 ] ] ] } },
{ "type": "Feature", "properties": { "osm_id": "1409419315", "code": 7229, "fclass": "farmland", "name": null }, "geometry": { "type": "Polygon", "coordinates": [ [ [ 73.9438087, 15.5426501 ], [ 73.9439696, 15.543198 ], [ 73.9441359, 15.5433943 ], [ 73.9453161, 15.5440042 ], [ 73.9463943, 15.5443763 ], [ 73.9464211, 15.5442368 ], [ 73.9466625, 15.5443039 ], [ 73.9466572, 15.5443918 ], [ 73.9472955, 15.5444642 ], [ 73.9483201, 15.5444177 ], [ 73.9486313, 15.544397 ], [ 73.9488888, 15.5445452 ], [ 73.9489746, 15.544459 ], [ 73.9491516, 15.5444125 ], [ 73.9492482, 15.5444693 ], [ 73.9493501, 15.544521 ], [ 73.9495861, 15.544552 ], [ 73.9498168, 15.544521 ], [ 73.9500529, 15.544614 ], [ 73.9502352, 15.5447639 ], [ 73.950296, 15.5450115 ], [ 73.9502925, 15.5450338 ], [ 73.9502819, 15.5450427 ], [ 73.9503747, 15.5452084 ], [ 73.9504176, 15.5453531 ], [ 73.9505678, 15.5453738 ], [ 73.9512974, 15.5446295 ], [ 73.9510775, 15.5445158 ], [ 73.9508629, 15.5444332 ], [ 73.9505786, 15.5443401 ], [ 73.9505249, 15.5442781 ], [ 73.9502621, 15.5441541 ], [ 73.9501709, 15.5440972 ], [ 73.9499724, 15.5440507 ], [ 73.9498705, 15.5440455 ], [ 73.9497739, 15.54403 ], [ 73.9496773, 15.5440042 ], [ 73.9495003, 15.5439008 ], [ 73.9494038, 15.5438647 ], [ 73.9491999, 15.5438336 ], [ 73.9491034, 15.5437768 ], [ 73.9489853, 15.5436786 ], [ 73.9489156, 15.5436062 ], [ 73.9488566, 15.5435287 ], [ 73.9488244, 15.5434357 ], [ 73.948819, 15.5433375 ], [ 73.9488459, 15.5432445 ], [ 73.9489961, 15.5431256 ], [ 73.9490765, 15.5430739 ], [ 73.9491302, 15.5429654 ], [ 73.9491302, 15.5428672 ], [ 73.9491034, 15.5427742 ], [ 73.9491034, 15.5425778 ], [ 73.9490336, 15.5425054 ], [ 73.9489478, 15.5424641 ], [ 73.9488566, 15.5424279 ], [ 73.9486527, 15.542371 ], [ 73.948406, 15.5423814 ], [ 73.948186, 15.5424486 ], [ 73.9478642, 15.5425519 ], [ 73.9474833, 15.5423555 ], [ 73.9472151, 15.5423555 ], [ 73.9466518, 15.5424486 ], [ 73.9462119, 15.5422728 ], [ 73.9460403, 15.5419111 ], [ 73.945815, 15.5417353 ], [ 73.9449996, 15.5417612 ], [ 73.9441814, 15.5422317 ], [ 73.9441842, 15.5423865 ], [ 73.9440823, 15.5424641 ], [ 73.9438248, 15.5425364 ], [ 73.9438087, 15.5426501 ] ] ] } },
{ "type": "Feature", "properties": { "osm_id": "1409494831", "code": 7229, "fclass": "farmland", "name": null }, "geometry": { "type": "Polygon", "coordinates": [ [ [ 73.9474098, 15.5285375 ], [ 73.9474216, 15.5288091 ], [ 73.9478052, 15.5288272 ], [ 73.9480841, 15.5292484 ], [ 73.9479795, 15.5295973 ], [ 73.9479098, 15.5296309 ], [ 73.9484516, 15.5311298 ], [ 73.9486018, 15.5313417 ], [ 73.9487171, 15.5312486 ], [ 73.9489907, 15.5316906 ], [ 73.9494038, 15.5315975 ], [ 73.9495003, 15.532272 ], [ 73.9494411, 15.5327612 ], [ 73.950026, 15.5328974 ], [ 73.9499938, 15.5330835 ], [ 73.9504123, 15.5332179 ], [ 73.9507556, 15.5310833 ], [ 73.9506537, 15.5311143 ], [ 73.9500958, 15.5309954 ], [ 73.9499402, 15.5308455 ], [ 73.949908, 15.5306801 ], [ 73.9500636, 15.5303752 ], [ 73.9501575, 15.5303291 ], [ 73.9496881, 15.5298221 ], [ 73.9498329, 15.5296671 ], [ 73.9497846, 15.5295999 ], [ 73.950128, 15.5292743 ], [ 73.9503157, 15.5290365 ], [ 73.9500689, 15.528561 ], [ 73.94979, 15.528468 ], [ 73.949511, 15.5282819 ], [ 73.9495647, 15.5281992 ], [ 73.9492053, 15.5277547 ], [ 73.9486635, 15.5281992 ], [ 73.9484113, 15.5285041 ], [ 73.9485508, 15.5287212 ], [ 73.9484972, 15.5287884 ], [ 73.9481699, 15.5284886 ], [ 73.9474098, 15.5285375 ] ] ] } },
{ "type": "Feature", "properties": { "osm_id": "1409494832", "code": 7229, "fclass": "farmland", "name": null }, "geometry": { "type": "Polygon", "coordinates": [ [ [ 73.9496881, 15.5298221 ], [ 73.9501575, 15.5303291 ], [ 73.9503586, 15.5302304 ], [ 73.950879, 15.5302821 ], [ 73.9509809, 15.5305044 ], [ 73.9507556, 15.5310833 ], [ 73.9504123, 15.5332179 ], [ 73.9503908, 15.5333419 ], [ 73.950938, 15.5334659 ], [ 73.9514422, 15.5336055 ], [ 73.9519089, 15.5336882 ], [ 73.9521021, 15.5332799 ], [ 73.952204, 15.533161 ], [ 73.9522415, 15.5330783 ], [ 73.9530355, 15.5330731 ], [ 73.9530516, 15.5327682 ], [ 73.9534914, 15.532794 ], [ 73.9534914, 15.533068 ], [ 73.9539528, 15.5330886 ], [ 73.9539528, 15.5332385 ], [ 73.9545751, 15.5333471 ], [ 73.954559, 15.533652 ], [ 73.9552617, 15.5339259 ], [ 73.9556158, 15.5335848 ], [ 73.9556104, 15.5334349 ], [ 73.9556211, 15.5333781 ], [ 73.9551651, 15.5328716 ], [ 73.9549398, 15.5327889 ], [ 73.9544141, 15.5318275 ], [ 73.9538401, 15.5305664 ], [ 73.953588, 15.5299927 ], [ 73.9533091, 15.5297446 ], [ 73.9528423, 15.5298221 ], [ 73.9528316, 15.5299255 ], [ 73.9525419, 15.5301012 ], [ 73.952558, 15.5301891 ], [ 73.9527297, 15.5302976 ], [ 73.9527351, 15.530494 ], [ 73.9526546, 15.5306077 ], [ 73.9526868, 15.5307008 ], [ 73.9527726, 15.5307473 ], [ 73.9528316, 15.5308248 ], [ 73.952837, 15.530923 ], [ 73.9528477, 15.5310212 ], [ 73.9529175, 15.5310833 ], [ 73.9531964, 15.5312176 ], [ 73.9532715, 15.5312797 ], [ 73.9533359, 15.531352 ], [ 73.9533305, 15.5314502 ], [ 73.9532393, 15.5314864 ], [ 73.9530355, 15.5314864 ], [ 73.9528048, 15.5313417 ], [ 73.9527351, 15.5312745 ], [ 73.9526492, 15.5312383 ], [ 73.9524615, 15.5312073 ], [ 73.9522576, 15.5312125 ], [ 73.9521772, 15.5315484 ], [ 73.9521021, 15.5315433 ], [ 73.9521342, 15.5313779 ], [ 73.9521289, 15.5311091 ], [ 73.952204, 15.5306336 ], [ 73.9521718, 15.5305406 ], [ 73.9521182, 15.530463 ], [ 73.951984, 15.5301943 ], [ 73.9516139, 15.5302098 ], [ 73.9515763, 15.5301788 ], [ 73.9516246, 15.5300909 ], [ 73.9517105, 15.5300392 ], [ 73.9517748, 15.5299617 ], [ 73.9517856, 15.5298635 ], [ 73.9518821, 15.5298325 ], [ 73.952204, 15.5298118 ], [ 73.9522254, 15.5297911 ], [ 73.9522791, 15.5297084 ], [ 73.9523596, 15.5296464 ], [ 73.9524561, 15.5295999 ], [ 73.9525527, 15.5295844 ], [ 73.95266, 15.5295895 ], [ 73.9526707, 15.5294913 ], [ 73.9526761, 15.5293931 ], [ 73.9527726, 15.5289538 ], [ 73.9527029, 15.5287936 ], [ 73.9524239, 15.5284938 ], [ 73.9523541, 15.5284121 ], [ 73.9522576, 15.5284266 ], [ 73.9520323, 15.5282405 ], [ 73.9519036, 15.5282715 ], [ 73.9515495, 15.5283387 ], [ 73.9511579, 15.5280958 ], [ 73.9508522, 15.5281837 ], [ 73.9506698, 15.5282715 ], [ 73.9508307, 15.5285817 ], [ 73.9508253, 15.52899 ], [ 73.9506698, 15.529481 ], [ 73.9502996, 15.5297446 ], [ 73.9500904, 15.5296102 ], [ 73.9498329, 15.5296671 ], [ 73.9496881, 15.5298221 ] ] ] } },
{ "type": "Feature", "properties": { "osm_id": "1409494833", "code": 7229, "fclass": "farmland", "name": null }, "geometry": { "type": "Polygon", "coordinates": [ [ [ 73.9454609, 15.5268915 ], [ 73.9454609, 15.5271293 ], [ 73.9455467, 15.5272275 ], [ 73.9463139, 15.5276358 ], [ 73.946566, 15.5275686 ], [ 73.9466572, 15.527336 ], [ 73.9467215, 15.5271345 ], [ 73.9469147, 15.5269535 ], [ 73.9472312, 15.5269794 ], [ 73.947612, 15.526721 ], [ 73.9474887, 15.5266124 ], [ 73.9471239, 15.5266331 ], [ 73.9468288, 15.5266486 ], [ 73.9464748, 15.5262868 ], [ 73.946287, 15.5262403 ], [ 73.9459383, 15.5266331 ], [ 73.9456594, 15.5267158 ], [ 73.9456701, 15.5267726 ], [ 73.9455414, 15.5268088 ], [ 73.9454609, 15.5268915 ] ] ] } },
{ "type": "Feature", "properties": { "osm_id": "1409494834", "code": 7229, "fclass": "farmland", "name": null }, "geometry": { "type": "Polygon", "coordinates": [ [ [ 73.9451927, 15.5272016 ], [ 73.9452141, 15.5274859 ], [ 73.9453644, 15.527765 ], [ 73.9457452, 15.5282405 ], [ 73.9461154, 15.5285972 ], [ 73.9465123, 15.5288091 ], [ 73.946802, 15.5285765 ], [ 73.9474098, 15.5285375 ], [ 73.9481699, 15.5284886 ], [ 73.9484972, 15.5287884 ], [ 73.9485508, 15.5287212 ], [ 73.9484113, 15.5285041 ], [ 73.9486635, 15.5281992 ], [ 73.9492053, 15.5277547 ], [ 73.9495647, 15.5281992 ], [ 73.949511, 15.5282819 ], [ 73.94979, 15.528468 ], [ 73.9500689, 15.528561 ], [ 73.9503157, 15.5290365 ], [ 73.950128, 15.5292743 ], [ 73.9497846, 15.5295999 ], [ 73.9498329, 15.5296671 ], [ 73.9500904, 15.5296102 ], [ 73.9502996, 15.5297446 ], [ 73.9506698, 15.529481 ], [ 73.9508253, 15.52899 ], [ 73.9508307, 15.5285817 ], [ 73.9506698, 15.5282715 ], [ 73.9508522, 15.5281837 ], [ 73.9511579, 15.5280958 ], [ 73.9515495, 15.5283387 ], [ 73.9519036, 15.5282715 ], [ 73.9520323, 15.5282405 ], [ 73.9522576, 15.5284266 ], [ 73.9523541, 15.5284121 ], [ 73.9519733, 15.5279666 ], [ 73.951748, 15.5281062 ], [ 73.9515334, 15.5280441 ], [ 73.9510828, 15.5275376 ], [ 73.9508736, 15.5277392 ], [ 73.9504015, 15.5280028 ], [ 73.9502943, 15.5278684 ], [ 73.950423, 15.5277805 ], [ 73.950305, 15.5275583 ], [ 73.9502031, 15.5275686 ], [ 73.9501065, 15.5276048 ], [ 73.9500046, 15.5276203 ], [ 73.949908, 15.5276048 ], [ 73.9498275, 15.5275479 ], [ 73.9497685, 15.5274704 ], [ 73.9494359, 15.526845 ], [ 73.9493179, 15.5266848 ], [ 73.9486796, 15.5265607 ], [ 73.9484811, 15.5264315 ], [ 73.9482182, 15.5264315 ], [ 73.9479124, 15.527181 ], [ 73.947773, 15.5273929 ], [ 73.9476818, 15.5274291 ], [ 73.9476013, 15.5274756 ], [ 73.9475423, 15.5275479 ], [ 73.9474887, 15.5276306 ], [ 73.9472204, 15.5280906 ], [ 73.947022, 15.5282302 ], [ 73.9469415, 15.5282767 ], [ 73.9468503, 15.5283181 ], [ 73.9467645, 15.5283698 ], [ 73.9466733, 15.5284059 ], [ 73.946566, 15.5284059 ], [ 73.9464855, 15.5283491 ], [ 73.9462656, 15.5282044 ], [ 73.9461636, 15.5282147 ], [ 73.9460778, 15.528256 ], [ 73.9459759, 15.5282664 ], [ 73.9458847, 15.5282354 ], [ 73.9457935, 15.5281992 ], [ 73.9458096, 15.5278477 ], [ 73.9458954, 15.527796 ], [ 73.9459464, 15.5277909 ], [ 73.9459947, 15.5277805 ], [ 73.9460483, 15.5277754 ], [ 73.946102, 15.5277779 ], [ 73.9461502, 15.5277883 ], [ 73.9461985, 15.5278038 ], [ 73.9462897, 15.5278477 ], [ 73.946338, 15.5278632 ], [ 73.9464775, 15.5279511 ], [ 73.9465257, 15.5279692 ], [ 73.9465767, 15.5279537 ], [ 73.9466196, 15.5279252 ], [ 73.9466572, 15.5278942 ], [ 73.9467081, 15.5278684 ], [ 73.9469603, 15.5278374 ], [ 73.9470139, 15.5278348 ], [ 73.9470622, 15.5278219 ], [ 73.9470944, 15.5277831 ], [ 73.9472982, 15.5275195 ], [ 73.9475772, 15.5271086 ], [ 73.9476094, 15.5270724 ], [ 73.9476952, 15.5270233 ], [ 73.9478293, 15.5267856 ], [ 73.9480519, 15.5261317 ], [ 73.9470971, 15.5260956 ], [ 73.946566, 15.5261524 ], [ 73.946287, 15.5262403 ], [ 73.9464748, 15.5262868 ], [ 73.9468288, 15.5266486 ], [ 73.9471239, 15.5266331 ], [ 73.9474887, 15.5266124 ], [ 73.947612, 15.526721 ], [ 73.9472312, 15.5269794 ], [ 73.9469147, 15.5269535 ], [ 73.9467215, 15.5271345 ], [ 73.9466572, 15.527336 ], [ 73.946566, 15.5275686 ], [ 73.9463139, 15.5276358 ], [ 73.9455467, 15.5272275 ], [ 73.9454609, 15.5271293 ], [ 73.9454609, 15.5268915 ], [ 73.9455414, 15.5268088 ], [ 73.9456701, 15.5267726 ], [ 73.9456594, 15.5267158 ], [ 73.9453965, 15.5267882 ], [ 73.9452678, 15.5269897 ], [ 73.9451927, 15.5272016 ] ] ] } },
{ "type": "Feature", "properties": { "osm_id": "1409729180", "code": 7215, "fclass": "orchard", "name": null }, "geometry": { "type": "Polygon", "coordinates": [ [ [ 73.7692284, 15.6270692 ], [ 73.769588, 15.6271263 ], [ 73.7696229, 15.6268023 ], [ 73.7692559, 15.6267714 ], [ 73.7692284, 15.6270692 ] ] ] } },
{ "type": "Feature", "properties": { "osm_id": "1409729186", "code": 7215, "fclass": "orchard", "name": null }, "geometry": { "type": "Polygon", "coordinates": [ [ [ 73.7632195, 15.6309926 ], [ 73.7637487, 15.6311439 ], [ 73.7637893, 15.6310001 ], [ 73.7632634, 15.6308681 ], [ 73.7632195, 15.6309926 ] ] ] } },
{ "type": "Feature", "properties": { "osm_id": "1409729189", "code": 7215, "fclass": "orchard", "name": null }, "geometry": { "type": "Polygon", "coordinates": [ [ [ 73.7633904, 15.6308306 ], [ 73.7637067, 15.6308901 ], [ 73.7637114, 15.6306836 ], [ 73.7634097, 15.630685 ], [ 73.7633904, 15.6308306 ] ] ] } },
{ "type": "Feature", "properties": { "osm_id": "1410331159", "code": 7215, "fclass": "orchard", "name": null }, "geometry": { "type": "Polygon", "coordinates": [ [ [ 73.804166, 15.5532995 ], [ 73.8042052, 15.5536866 ], [ 73.8049814, 15.5536295 ], [ 73.8049412, 15.5532227 ], [ 73.804166, 15.5532995 ] ] ] } },
{ "type": "Feature", "properties": { "osm_id": "1410332124", "code": 7215, "fclass": "orchard", "name": null }, "geometry": { "type": "Polygon", "coordinates": [ [ [ 73.8043741, 15.5683707 ], [ 73.8044146, 15.568702 ], [ 73.804708, 15.5686788 ], [ 73.8046702, 15.5683526 ], [ 73.8043741, 15.5683707 ] ] ] } },
{ "type": "Feature", "properties": { "osm_id": "1410703054", "code": 7229, "fclass": "farmland", "name": null }, "geometry": { "type": "Polygon", "coordinates": [ [ [ 73.8381028, 15.4852384 ], [ 73.8383281, 15.4854193 ], [ 73.8384515, 15.4854348 ], [ 73.8385709, 15.4854678 ], [ 73.8384834, 15.4849943 ], [ 73.8392793, 15.4846262 ], [ 73.8393098, 15.4845353 ], [ 73.839696, 15.4843751 ], [ 73.8400179, 15.4848093 ], [ 73.8402647, 15.4850626 ], [ 73.8408869, 15.4850006 ], [ 73.8408816, 15.4855072 ], [ 73.8409152, 15.4855922 ], [ 73.8410901, 15.4855641 ], [ 73.8412108, 15.4856404 ], [ 73.8414396, 15.4857644 ], [ 73.8415895, 15.4858104 ], [ 73.8417224, 15.4858432 ], [ 73.8420596, 15.4857447 ], [ 73.8423458, 15.4857316 ], [ 73.8424616, 15.4857546 ], [ 73.8426317, 15.4857266 ], [ 73.8428306, 15.4856241 ], [ 73.8431604, 15.4854902 ], [ 73.8433757, 15.4854482 ], [ 73.8435801, 15.4853615 ], [ 73.8437109, 15.4852669 ], [ 73.843888, 15.4851863 ], [ 73.8435665, 15.48506 ], [ 73.8435276, 15.4849825 ], [ 73.8437636, 15.484114 ], [ 73.8436832, 15.4839977 ], [ 73.8435236, 15.4839977 ], [ 73.843478, 15.4838322 ], [ 73.8429402, 15.4835893 ], [ 73.8425915, 15.4835414 ], [ 73.8425618, 15.4835028 ], [ 73.8423997, 15.4835221 ], [ 73.8423675, 15.4838684 ], [ 73.8416594, 15.4838116 ], [ 73.8415575, 15.4841476 ], [ 73.8411766, 15.4841734 ], [ 73.8411079, 15.4836985 ], [ 73.8409433, 15.4836927 ], [ 73.8409352, 15.4835401 ], [ 73.8410854, 15.4835427 ], [ 73.8411149, 15.4831136 ], [ 73.8409674, 15.4831188 ], [ 73.8409567, 15.4830051 ], [ 73.840329, 15.4834962 ], [ 73.8407046, 15.483491 ], [ 73.8407582, 15.484039 ], [ 73.840034, 15.4840959 ], [ 73.8399804, 15.4836875 ], [ 73.838591, 15.4847731 ], [ 73.8381028, 15.4852384 ] ] ] } },
{ "type": "Feature", "properties": { "osm_id": "1410703075", "code": 7215, "fclass": "orchard", "name": null }, "geometry": { "type": "Polygon", "coordinates": [ [ [ 73.8416165, 15.4834135 ], [ 73.8416165, 15.4835427 ], [ 73.8416594, 15.4838116 ], [ 73.8423675, 15.4838684 ], [ 73.8423997, 15.4835221 ], [ 73.8422383, 15.4834997 ], [ 73.8416165, 15.4834135 ] ] ] } },
{ "type": "Feature", "properties": { "osm_id": "1410703076", "code": 7229, "fclass": "farmland", "name": null }, "geometry": { "type": "Polygon", "coordinates": [ [ [ 73.841241, 15.4835376 ], [ 73.8416165, 15.4835427 ], [ 73.8416165, 15.4834135 ], [ 73.8422383, 15.4834997 ], [ 73.8422495, 15.482545 ], [ 73.8416862, 15.4825036 ], [ 73.8416433, 15.4826639 ], [ 73.8412571, 15.482881 ], [ 73.841241, 15.4835376 ] ] ] } },
{ "type": "Feature", "properties": { "osm_id": "1410703077", "code": 7229, "fclass": "farmland", "name": null }, "geometry": { "type": "Polygon", "coordinates": [ [ [ 73.8422383, 15.4834997 ], [ 73.8423997, 15.4835221 ], [ 73.8425618, 15.4835028 ], [ 73.8426029, 15.4834979 ], [ 73.8426203, 15.4834475 ], [ 73.8428032, 15.483351 ], [ 73.8429817, 15.4832922 ], [ 73.8432038, 15.4834056 ], [ 73.8435435, 15.4834895 ], [ 73.8437355, 15.4835117 ], [ 73.843733, 15.4830713 ], [ 73.8430216, 15.4830167 ], [ 73.8429154, 15.4829894 ], [ 73.8429933, 15.4822527 ], [ 73.8429576, 15.4821107 ], [ 73.8423246, 15.482059 ], [ 73.8422495, 15.482545 ], [ 73.8422383, 15.4834997 ] ] ] } },
{ "type": "Feature", "properties": { "osm_id": "1410703078", "code": 7229, "fclass": "farmland", "name": null }, "geometry": { "type": "Polygon", "coordinates": [ [ [ 73.8287851, 15.4817906 ], [ 73.829096, 15.4819556 ], [ 73.8292515, 15.4822141 ], [ 73.8293803, 15.4823589 ], [ 73.829965, 15.4825036 ], [ 73.8301849, 15.4829224 ], [ 73.830319, 15.4838477 ], [ 73.8305122, 15.4846439 ], [ 73.8308555, 15.4847576 ], [ 73.8311881, 15.4839511 ], [ 73.8310862, 15.4838116 ], [ 73.8311988, 15.4835014 ], [ 73.8315958, 15.483186 ], [ 73.8317943, 15.4828965 ], [ 73.8319176, 15.4825346 ], [ 73.8314831, 15.4819505 ], [ 73.8311291, 15.4818264 ], [ 73.8305175, 15.482059 ], [ 73.8300723, 15.4820642 ], [ 73.8295627, 15.4821262 ], [ 73.8293964, 15.4819246 ], [ 73.8290745, 15.4817333 ], [ 73.8287851, 15.4817906 ] ] ] } },
{ "type": "Feature", "properties": { "osm_id": "1410703079", "code": 7229, "fclass": "farmland", "name": null }, "geometry": { "type": "Polygon", "coordinates": [ [ [ 73.8332426, 15.4802961 ], [ 73.8335645, 15.4802961 ], [ 73.8340366, 15.480141 ], [ 73.8345408, 15.479531 ], [ 73.8347769, 15.4786211 ], [ 73.8351014, 15.477812 ], [ 73.8350397, 15.4777732 ], [ 73.8336745, 15.4780214 ], [ 73.8332963, 15.4800997 ], [ 73.8332426, 15.4802961 ] ] ] } },
{ "type": "Feature", "properties": { "osm_id": "1410703080", "code": 7229, "fclass": "farmland", "name": null }, "geometry": { "type": "Polygon", "coordinates": [ [ [ 73.8313436, 15.4853263 ], [ 73.8315099, 15.4856054 ], [ 73.8320249, 15.4854606 ], [ 73.8320839, 15.485347 ], [ 73.8321322, 15.4852746 ], [ 73.8320249, 15.4850575 ], [ 73.8320249, 15.484892 ], [ 73.8321912, 15.4848093 ], [ 73.8323039, 15.4848713 ], [ 73.8324058, 15.4848972 ], [ 73.8329476, 15.4847421 ], [ 73.8330495, 15.484282 ], [ 73.8329208, 15.4841373 ], [ 73.8328779, 15.483915 ], [ 73.8330603, 15.4838736 ], [ 73.8331193, 15.4837082 ], [ 73.8329637, 15.4835065 ], [ 73.832615, 15.4833566 ], [ 73.8324058, 15.4831757 ], [ 73.8323522, 15.4829689 ], [ 73.8327867, 15.4816092 ], [ 73.8326633, 15.4816248 ], [ 73.8317943, 15.4840597 ], [ 73.8313436, 15.4853263 ] ] ] } },
{ "type": "Feature", "properties": { "osm_id": "1410703081", "code": 7229, "fclass": "farmland", "name": null }, "geometry": { "type": "Polygon", "coordinates": [ [ [ 73.8319337, 15.4860966 ], [ 73.8319445, 15.4870064 ], [ 73.8323843, 15.4870374 ], [ 73.8325722, 15.4870131 ], [ 73.832663, 15.486579 ], [ 73.8327677, 15.4858391 ], [ 73.8327793, 15.4857214 ], [ 73.8326979, 15.4856878 ], [ 73.8328317, 15.4855981 ], [ 73.8329247, 15.4850936 ], [ 73.8323082, 15.4853234 ], [ 73.8323373, 15.4851777 ], [ 73.8330294, 15.4848638 ], [ 73.8331748, 15.4845331 ], [ 73.8333726, 15.4839501 ], [ 73.8334947, 15.4836194 ], [ 73.8336925, 15.4833616 ], [ 73.8339019, 15.482319 ], [ 73.8338146, 15.4820612 ], [ 73.8338263, 15.4818089 ], [ 73.8337507, 15.4816071 ], [ 73.832818, 15.4814798 ], [ 73.8327867, 15.4816092 ], [ 73.8323522, 15.4829689 ], [ 73.8324058, 15.4831757 ], [ 73.832615, 15.4833566 ], [ 73.8329637, 15.4835065 ], [ 73.8331193, 15.4837082 ], [ 73.8330603, 15.4838736 ], [ 73.8328779, 15.483915 ], [ 73.8329208, 15.4841373 ], [ 73.8330495, 15.484282 ], [ 73.8329476, 15.4847421 ], [ 73.8324058, 15.4848972 ], [ 73.8323039, 15.4848713 ], [ 73.8321912, 15.4848093 ], [ 73.8320249, 15.484892 ], [ 73.8320249, 15.4850575 ], [ 73.8321322, 15.4852746 ], [ 73.8320839, 15.485347 ], [ 73.8320249, 15.4854606 ], [ 73.8319337, 15.4860966 ] ] ] } },
{ "type": "Feature", "properties": { "osm_id": "1410703082", "code": 7229, "fclass": "farmland", "name": null }, "geometry": { "type": "Polygon", "coordinates": [ [ [ 73.8328886, 15.4804616 ], [ 73.8329744, 15.480627 ], [ 73.8331407, 15.4807149 ], [ 73.8331748, 15.4809738 ], [ 73.8335006, 15.4809625 ], [ 73.8337099, 15.4809794 ], [ 73.8339659, 15.481013 ], [ 73.834722, 15.47992 ], [ 73.8353792, 15.4790623 ], [ 73.8355815, 15.4788434 ], [ 73.8356405, 15.4786004 ], [ 73.835544, 15.4784557 ], [ 73.8352758, 15.4785074 ], [ 73.8352221, 15.4784505 ], [ 73.8353187, 15.4783109 ], [ 73.8352436, 15.4782127 ], [ 73.8351631, 15.4781196 ], [ 73.8351524, 15.4780007 ], [ 73.8351363, 15.4778663 ], [ 73.8351014, 15.477812 ], [ 73.8347769, 15.4786211 ], [ 73.8345408, 15.479531 ], [ 73.8340366, 15.480141 ], [ 73.8335645, 15.4802961 ], [ 73.8332426, 15.4802961 ], [ 73.8330066, 15.4802961 ], [ 73.8328886, 15.4804616 ] ] ] } },
{ "type": "Feature", "properties": { "osm_id": "1410703086", "code": 7229, "fclass": "farmland", "name": null }, "geometry": { "type": "Polygon", "coordinates": [ [ [ 73.8380079, 15.4687791 ], [ 73.83843, 15.4711454 ], [ 73.8399911, 15.4710937 ], [ 73.8405383, 15.4710264 ], [ 73.8400233, 15.4696202 ], [ 73.8388699, 15.469796 ], [ 73.8387251, 15.4696254 ], [ 73.8387036, 15.4687309 ], [ 73.8387144, 15.4684983 ], [ 73.8387385, 15.4684285 ], [ 73.838194, 15.4685784 ], [ 73.8381913, 15.4687232 ], [ 73.8380079, 15.4687791 ] ] ] } },
{ "type": "Feature", "properties": { "osm_id": "1410703087", "code": 7229, "fclass": "farmland", "name": null }, "geometry": { "type": "Polygon", "coordinates": [ [ [ 73.8364237, 15.4840752 ], [ 73.8366812, 15.4842148 ], [ 73.8370728, 15.4843699 ], [ 73.837207, 15.4845146 ], [ 73.837561, 15.4847835 ], [ 73.8378292, 15.4851247 ], [ 73.8395812, 15.4838141 ], [ 73.8395409, 15.4835847 ], [ 73.8394717, 15.4836985 ], [ 73.839374, 15.4836711 ], [ 73.8391541, 15.4836632 ], [ 73.8390899, 15.4832584 ], [ 73.8391328, 15.483217 ], [ 73.8395137, 15.4831653 ], [ 73.8394815, 15.4830103 ], [ 73.8388002, 15.4830981 ], [ 73.838371, 15.4823847 ], [ 73.838371, 15.4820952 ], [ 73.8374162, 15.4820383 ], [ 73.8373142, 15.4825967 ], [ 73.8367349, 15.4825346 ], [ 73.8365847, 15.4826587 ], [ 73.8364774, 15.4833721 ], [ 73.8366491, 15.4835531 ], [ 73.8366008, 15.4838581 ], [ 73.8364345, 15.4838581 ], [ 73.8364237, 15.4840752 ] ] ] } },
{ "type": "Feature", "properties": { "osm_id": "1410703088", "code": 7229, "fclass": "farmland", "name": null }, "geometry": { "type": "Polygon", "coordinates": [ [ [ 73.8275376, 15.4719131 ], [ 73.8277227, 15.472624 ], [ 73.8290101, 15.4725102 ], [ 73.8290369, 15.4727015 ], [ 73.8292408, 15.472686 ], [ 73.8293588, 15.4736838 ], [ 73.8302654, 15.4735753 ], [ 73.8303244, 15.473477 ], [ 73.8302922, 15.4731875 ], [ 73.8304692, 15.472381 ], [ 73.8306624, 15.4722828 ], [ 73.8308287, 15.4720811 ], [ 73.8315743, 15.4717192 ], [ 73.8323146, 15.4717141 ], [ 73.8323311, 15.4709079 ], [ 73.8306302, 15.4706542 ], [ 73.8287017, 15.4708894 ], [ 73.8286883, 15.4705611 ], [ 73.828353, 15.4705456 ], [ 73.8282672, 15.4713315 ], [ 73.8279426, 15.4713366 ], [ 73.8279185, 15.4714245 ], [ 73.8276154, 15.4714814 ], [ 73.8276878, 15.4718976 ], [ 73.8275376, 15.4719131 ] ] ] } },
{ "type": "Feature", "properties": { "osm_id": "1410703091", "code": 7215, "fclass": "orchard", "name": null }, "geometry": { "type": "Polygon", "coordinates": [ [ [ 73.8208723, 15.4724172 ], [ 73.820942, 15.4730376 ], [ 73.821575, 15.4729704 ], [ 73.821575, 15.4728566 ], [ 73.8216877, 15.4728515 ], [ 73.8218272, 15.4728308 ], [ 73.8218272, 15.4727274 ], [ 73.8219774, 15.472717 ], [ 73.8219613, 15.4725154 ], [ 73.8215804, 15.4725516 ], [ 73.8215858, 15.4727636 ], [ 73.8213175, 15.4727739 ], [ 73.8212746, 15.4724172 ], [ 73.8210064, 15.472412 ], [ 73.8208723, 15.4724172 ] ] ] } },
{ "type": "Feature", "properties": { "osm_id": "1410703093", "code": 7215, "fclass": "orchard", "name": null }, "geometry": { "type": "Polygon", "coordinates": [ [ [ 73.8207704, 15.4713625 ], [ 73.8208026, 15.4715228 ], [ 73.820942, 15.4715228 ], [ 73.8216984, 15.471409 ], [ 73.8216394, 15.4711712 ], [ 73.821398, 15.4711712 ], [ 73.8213927, 15.471042 ], [ 73.8216233, 15.4710058 ], [ 73.8215375, 15.4709024 ], [ 73.8213551, 15.470892 ], [ 73.8207757, 15.4709024 ], [ 73.8207972, 15.4711454 ], [ 73.8209313, 15.4711557 ], [ 73.8209528, 15.4713366 ], [ 73.8207704, 15.4713625 ] ] ] } },
{ "type": "Feature", "properties": { "osm_id": "1410703094", "code": 7215, "fclass": "orchard", "name": null }, "geometry": { "type": "Polygon", "coordinates": [ [ [ 73.8251316, 15.4720139 ], [ 73.8252443, 15.4723655 ], [ 73.8254347, 15.4725697 ], [ 73.8257593, 15.4724896 ], [ 73.8257432, 15.4724275 ], [ 73.8255608, 15.4724327 ], [ 73.825475, 15.4721638 ], [ 73.8259739, 15.4720294 ], [ 73.8257217, 15.4718692 ], [ 73.8251316, 15.4720139 ] ] ] } },
{ "type": "Feature", "properties": { "osm_id": "1410703095", "code": 7215, "fclass": "orchard", "name": null }, "geometry": { "type": "Polygon", "coordinates": [ [ [ 73.8244557, 15.4725051 ], [ 73.8248688, 15.4724172 ], [ 73.8248151, 15.4712953 ], [ 73.824842, 15.4710833 ], [ 73.824504, 15.471073 ], [ 73.8244557, 15.4725051 ] ] ] } },
{ "type": "Feature", "properties": { "osm_id": "1410703096", "code": 7215, "fclass": "orchard", "name": null }, "geometry": { "type": "Polygon", "coordinates": [ [ [ 73.8227659, 15.4709747 ], [ 73.8229752, 15.4714142 ], [ 73.8241231, 15.4713005 ], [ 73.8241178, 15.4710006 ], [ 73.8239568, 15.4710006 ], [ 73.8239568, 15.4708041 ], [ 73.8241982, 15.4708145 ], [ 73.8242036, 15.4705611 ], [ 73.8235491, 15.470618 ], [ 73.8235813, 15.470892 ], [ 73.8227659, 15.4709747 ] ] ] } },
{ "type": "Feature", "properties": { "osm_id": "1410703097", "code": 7229, "fclass": "farmland", "name": null }, "geometry": { "type": "Polygon", "coordinates": [ [ [ 73.8278782, 15.4668852 ], [ 73.8279587, 15.4675832 ], [ 73.8280392, 15.4675883 ], [ 73.8280714, 15.4677124 ], [ 73.8281357, 15.4682088 ], [ 73.8283235, 15.4696409 ], [ 73.8286185, 15.4696874 ], [ 73.8286507, 15.4701113 ], [ 73.8293534, 15.4701837 ], [ 73.8293213, 15.4698115 ], [ 73.8292569, 15.469796 ], [ 73.828935, 15.4670817 ], [ 73.828876, 15.4670765 ], [ 73.8287419, 15.4669731 ], [ 73.8278782, 15.4668852 ] ] ] } },
{ "type": "Feature", "properties": { "osm_id": "1410703098", "code": 7229, "fclass": "farmland", "name": null }, "geometry": { "type": "Polygon", "coordinates": [ [ [ 73.8290369, 15.4670041 ], [ 73.8294393, 15.4702147 ], [ 73.8316923, 15.4706542 ], [ 73.8321805, 15.4707318 ], [ 73.8318264, 15.4675625 ], [ 73.8312364, 15.4673712 ], [ 73.8298792, 15.4671075 ], [ 73.8290369, 15.4670041 ] ] ] } },
{ "type": "Feature", "properties": { "osm_id": "1410703099", "code": 7229, "fclass": "farmland", "name": null }, "geometry": { "type": "Polygon", "coordinates": [ [ [ 73.8320088, 15.4676349 ], [ 73.8323629, 15.4707524 ], [ 73.833425, 15.4709127 ], [ 73.833012, 15.4680743 ], [ 73.8320088, 15.4676349 ] ] ] } },
{ "type": "Feature", "properties": { "osm_id": "1410703100", "code": 7229, "fclass": "farmland", "name": null }, "geometry": { "type": "Polygon", "coordinates": [ [ [ 73.8276154, 15.4769874 ], [ 73.8279802, 15.4770856 ], [ 73.8279211, 15.4774941 ], [ 73.8276422, 15.4775096 ], [ 73.8276637, 15.4777939 ], [ 73.8278514, 15.4778301 ], [ 73.827846, 15.4779697 ], [ 73.8283867, 15.4780766 ], [ 73.831805, 15.4782644 ], [ 73.8336033, 15.4779504 ], [ 73.8338247, 15.4766669 ], [ 73.8339025, 15.4754339 ], [ 73.8342538, 15.471347 ], [ 73.8342673, 15.4711966 ], [ 73.8323311, 15.4709079 ], [ 73.8323146, 15.4717141 ], [ 73.8315743, 15.4717192 ], [ 73.8308287, 15.4720811 ], [ 73.8306624, 15.4722828 ], [ 73.8304692, 15.472381 ], [ 73.8302922, 15.4731875 ], [ 73.8303244, 15.473477 ], [ 73.8302654, 15.4735753 ], [ 73.8303351, 15.4745472 ], [ 73.8293856, 15.4746506 ], [ 73.8294339, 15.4748471 ], [ 73.8291335, 15.4748729 ], [ 73.8292569, 15.4751573 ], [ 73.8306785, 15.4750952 ], [ 73.8306892, 15.4755864 ], [ 73.8298738, 15.4756898 ], [ 73.8298899, 15.4759586 ], [ 73.8291442, 15.4760206 ], [ 73.8284093, 15.4759741 ], [ 73.8283932, 15.4757001 ], [ 73.8281894, 15.4756691 ], [ 73.8281733, 15.4762429 ], [ 73.8279855, 15.4762429 ], [ 73.8276154, 15.4769874 ] ] ] } },
{ "type": "Feature", "properties": { "osm_id": "1410703101", "code": 7229, "fclass": "farmland", "name": null }, "geometry": { "type": "Polygon", "coordinates": [ [ [ 73.8336852, 15.4779361 ], [ 73.8350451, 15.477706 ], [ 73.8352221, 15.4776647 ], [ 73.8355762, 15.4775768 ], [ 73.8358927, 15.4774837 ], [ 73.8361019, 15.4773079 ], [ 73.8362342, 15.4770892 ], [ 73.8363564, 15.476624 ], [ 73.8363057, 15.4764549 ], [ 73.8360643, 15.4764291 ], [ 73.8359141, 15.4764446 ], [ 73.8359141, 15.476517 ], [ 73.8359195, 15.4766152 ], [ 73.8358176, 15.4766462 ], [ 73.8355923, 15.4766772 ], [ 73.8355386, 15.476791 ], [ 73.8353187, 15.4768685 ], [ 73.8352221, 15.4767599 ], [ 73.8352221, 15.4766772 ], [ 73.8353884, 15.4764756 ], [ 73.8355225, 15.476398 ], [ 73.8355225, 15.4763205 ], [ 73.8353777, 15.4761809 ], [ 73.8353562, 15.4760258 ], [ 73.8355118, 15.4759534 ], [ 73.8357639, 15.4759845 ], [ 73.8359034, 15.4760413 ], [ 73.8363647, 15.4759328 ], [ 73.8365096, 15.4758811 ], [ 73.8366169, 15.4757777 ], [ 73.8366065, 15.4756431 ], [ 73.8366821, 15.4751554 ], [ 73.8367671, 15.4749143 ], [ 73.8366598, 15.4748833 ], [ 73.8364935, 15.4748833 ], [ 73.8361716, 15.4749246 ], [ 73.8361663, 15.4748419 ], [ 73.8366383, 15.4748005 ], [ 73.8368786, 15.4747505 ], [ 73.8373161, 15.4736475 ], [ 73.8374564, 15.4730789 ], [ 73.8373786, 15.4730841 ], [ 73.8372686, 15.4730066 ], [ 73.8371694, 15.4729807 ], [ 73.836987, 15.4729626 ], [ 73.8368583, 15.4729471 ], [ 73.8366786, 15.4729626 ], [ 73.8365203, 15.4729807 ], [ 73.8364747, 15.4729316 ], [ 73.8364747, 15.4728773 ], [ 73.8365445, 15.4728773 ], [ 73.8366249, 15.4728515 ], [ 73.836751, 15.4728773 ], [ 73.8369817, 15.4729006 ], [ 73.8371855, 15.4728515 ], [ 73.8374296, 15.4727946 ], [ 73.8375905, 15.472761 ], [ 73.8376844, 15.4725335 ], [ 73.8377058, 15.472244 ], [ 73.8376334, 15.4719648 ], [ 73.8375717, 15.4720062 ], [ 73.8374832, 15.4720165 ], [ 73.8361555, 15.4721044 ], [ 73.8361046, 15.4720424 ], [ 73.8360992, 15.4710833 ], [ 73.834345, 15.4712022 ], [ 73.8339159, 15.4762533 ], [ 73.8339239, 15.4766979 ], [ 73.8336852, 15.4779361 ] ] ] } },
{ "type": "Feature", "properties": { "osm_id": "1410703103", "code": 7229, "fclass": "farmland", "name": null }, "geometry": { "type": "Polygon", "coordinates": [ [ [ 73.8372499, 15.4801359 ], [ 73.8376415, 15.480384 ], [ 73.8380706, 15.4804564 ], [ 73.8380867, 15.4811853 ], [ 73.8384408, 15.4811905 ], [ 73.838371, 15.4820952 ], [ 73.838371, 15.4823847 ], [ 73.8388002, 15.4830981 ], [ 73.8394815, 15.4830103 ], [ 73.8395137, 15.4831653 ], [ 73.8391328, 15.483217 ], [ 73.8390899, 15.4832584 ], [ 73.8391541, 15.4836632 ], [ 73.839374, 15.4836711 ], [ 73.8394717, 15.4836985 ], [ 73.8395409, 15.4835847 ], [ 73.8395812, 15.4838141 ], [ 73.8397336, 15.4836255 ], [ 73.8430703, 15.4811233 ], [ 73.8422549, 15.4809889 ], [ 73.8418043, 15.4808234 ], [ 73.8419652, 15.4806167 ], [ 73.8419008, 15.4803478 ], [ 73.8416111, 15.4803375 ], [ 73.8414609, 15.4793345 ], [ 73.8411391, 15.4792001 ], [ 73.8412464, 15.4791381 ], [ 73.8417023, 15.4791949 ], [ 73.8415736, 15.4788434 ], [ 73.8413644, 15.4783212 ], [ 73.8411659, 15.4782799 ], [ 73.8410962, 15.477887 ], [ 73.8391971, 15.4777578 ], [ 73.8390952, 15.4790709 ], [ 73.8381725, 15.4790037 ], [ 73.8380867, 15.4793449 ], [ 73.8376683, 15.4793294 ], [ 73.8375771, 15.4793707 ], [ 73.8374913, 15.4793862 ], [ 73.8372767, 15.479867 ], [ 73.8372499, 15.4801359 ] ] ] } },
{ "type": "Feature", "properties": { "osm_id": "1410703104", "code": 7229, "fclass": "farmland", "name": null }, "geometry": { "type": "Polygon", "coordinates": [ [ [ 73.8363087, 15.4839995 ], [ 73.8364237, 15.4840752 ], [ 73.8364345, 15.4838581 ], [ 73.8366008, 15.4838581 ], [ 73.8366491, 15.4835531 ], [ 73.8364774, 15.4833721 ], [ 73.8365847, 15.4826587 ], [ 73.8367349, 15.4825346 ], [ 73.8373142, 15.4825967 ], [ 73.8374162, 15.4820383 ], [ 73.838371, 15.4820952 ], [ 73.8384408, 15.4811905 ], [ 73.8380867, 15.4811853 ], [ 73.8380706, 15.4804564 ], [ 73.8376415, 15.480384 ], [ 73.8372499, 15.4801359 ], [ 73.8372767, 15.479867 ], [ 73.8374913, 15.4793862 ], [ 73.8375771, 15.4793707 ], [ 73.8376683, 15.4793294 ], [ 73.8380867, 15.4793449 ], [ 73.8381725, 15.4790037 ], [ 73.8390952, 15.4790709 ], [ 73.8391971, 15.4777578 ], [ 73.8377279, 15.4777081 ], [ 73.8374205, 15.4779568 ], [ 73.8373417, 15.4781475 ], [ 73.8374301, 15.4784166 ], [ 73.8376069, 15.478726 ], [ 73.8375976, 15.4789323 ], [ 73.8374719, 15.4791834 ], [ 73.8372625, 15.4791565 ], [ 73.8370997, 15.4793897 ], [ 73.8370509, 15.48011 ], [ 73.8370997, 15.4802776 ], [ 73.8369229, 15.4813448 ], [ 73.8369787, 15.4815287 ], [ 73.8370718, 15.481856 ], [ 73.8370159, 15.4821296 ], [ 73.836867, 15.4823044 ], [ 73.8366809, 15.4825018 ], [ 73.8365181, 15.4826004 ], [ 73.8363366, 15.4835241 ], [ 73.8363087, 15.4839995 ] ] ] } },
{ "type": "Feature", "properties": { "osm_id": "1410842123", "code": 7215, "fclass": "orchard", "name": null }, "geometry": { "type": "Polygon", "coordinates": [ [ [ 73.8233346, 15.6472237 ], [ 73.8234204, 15.6473167 ], [ 73.8236672, 15.6474251 ], [ 73.8236457, 15.6471462 ], [ 73.8238335, 15.6467123 ], [ 73.8242626, 15.646392 ], [ 73.8245737, 15.6460614 ], [ 73.8251316, 15.6445995 ], [ 73.825711, 15.6446512 ], [ 73.825711, 15.6440003 ], [ 73.8260436, 15.6439073 ], [ 73.8263762, 15.643835 ], [ 73.8271165, 15.6441036 ], [ 73.8277495, 15.6445789 ], [ 73.8281464, 15.6448372 ], [ 73.8283181, 15.644801 ], [ 73.8280445, 15.6444446 ], [ 73.8280284, 15.6442379 ], [ 73.8272023, 15.6438815 ], [ 73.827256, 15.6436232 ], [ 73.8263923, 15.6435251 ], [ 73.8260168, 15.6435974 ], [ 73.8252121, 15.644114 ], [ 73.8248742, 15.6445117 ], [ 73.8246649, 15.6449715 ], [ 73.8244718, 15.6449405 ], [ 73.8239354, 15.6459219 ], [ 73.8238496, 15.6460769 ], [ 73.8236296, 15.6466813 ], [ 73.8233346, 15.6472237 ] ] ] } },
{ "type": "Feature", "properties": { "osm_id": "1410842139", "code": 7215, "fclass": "orchard", "name": null }, "geometry": { "type": "Polygon", "coordinates": [ [ [ 73.8170636, 15.6440081 ], [ 73.8171467, 15.6442663 ], [ 73.8172406, 15.6444704 ], [ 73.8174506, 15.6444394 ], [ 73.8176778, 15.6444058 ], [ 73.8179004, 15.6450257 ], [ 73.8180023, 15.6451161 ], [ 73.8191557, 15.6450386 ], [ 73.8195527, 15.6450438 ], [ 73.8195299, 15.6457165 ], [ 73.8195205, 15.6459943 ], [ 73.8196787, 15.6459684 ], [ 73.8199925, 15.6460717 ], [ 73.820073, 15.6460407 ], [ 73.8210643, 15.6461058 ], [ 73.8210332, 15.6460459 ], [ 73.8208938, 15.6459994 ], [ 73.8206094, 15.6457463 ], [ 73.8205451, 15.6455758 ], [ 73.8205182, 15.6453227 ], [ 73.820368, 15.6449456 ], [ 73.8202929, 15.644832 ], [ 73.8190269, 15.6443103 ], [ 73.8179165, 15.6437214 ], [ 73.8175356, 15.6436594 ], [ 73.8175732, 15.6439487 ], [ 73.8170636, 15.6440081 ] ] ] } },
{ "type": "Feature", "properties": { "osm_id": "1410842156", "code": 7215, "fclass": "orchard", "name": null }, "geometry": { "type": "Polygon", "coordinates": [ [ [ 73.8207865, 15.6430963 ], [ 73.8208187, 15.643538 ], [ 73.8208777, 15.6435845 ], [ 73.8215777, 15.6434372 ], [ 73.8217387, 15.6441992 ], [ 73.8221517, 15.6441191 ], [ 73.821913, 15.6426598 ], [ 73.8207865, 15.6430963 ] ] ] } },
{ "type": "Feature", "properties": { "osm_id": "1410842157", "code": 7215, "fclass": "orchard", "name": null }, "geometry": { "type": "Polygon", "coordinates": [ [ [ 73.8206202, 15.6419598 ], [ 73.8207838, 15.642993 ], [ 73.8218862, 15.6425668 ], [ 73.8217387, 15.641606 ], [ 73.8216287, 15.6415311 ], [ 73.8206872, 15.6419082 ], [ 73.8206202, 15.6419598 ] ] ] } },
{ "type": "Feature", "properties": { "osm_id": "1410842158", "code": 7215, "fclass": "orchard", "name": null }, "geometry": { "type": "Polygon", "coordinates": [ [ [ 73.8169777, 15.6418255 ], [ 73.8170448, 15.642324 ], [ 73.8176644, 15.6423628 ], [ 73.8176671, 15.642931 ], [ 73.8185495, 15.6430421 ], [ 73.8185576, 15.6427321 ], [ 73.8192335, 15.6424299 ], [ 73.8196626, 15.643166 ], [ 73.8201722, 15.6431376 ], [ 73.8200891, 15.6423576 ], [ 73.820309, 15.6423834 ], [ 73.8205451, 15.6427089 ], [ 73.8203815, 15.6430162 ], [ 73.8203117, 15.643166 ], [ 73.8206524, 15.6430576 ], [ 73.8205478, 15.6422672 ], [ 73.8204847, 15.6418145 ], [ 73.8186192, 15.6425487 ], [ 73.818182, 15.6426856 ], [ 73.8180426, 15.6423111 ], [ 73.8176912, 15.642275 ], [ 73.8173345, 15.6420993 ], [ 73.8169777, 15.6418255 ] ] ] } },
{ "type": "Feature", "properties": { "osm_id": "1410842173", "code": 7229, "fclass": "farmland", "name": null }, "geometry": { "type": "Polygon", "coordinates": [ [ [ 73.8144296, 15.6396352 ], [ 73.8162185, 15.6401292 ], [ 73.8161623, 15.6393408 ], [ 73.816053, 15.6372988 ], [ 73.8157761, 15.6373106 ], [ 73.8155347, 15.6380545 ], [ 73.815406, 15.6385866 ], [ 73.8147998, 15.6393563 ], [ 73.8144296, 15.6396352 ] ] ] } },
{ "type": "Feature", "properties": { "osm_id": "1410842177", "code": 7229, "fclass": "farmland", "name": null }, "geometry": { "type": "Polygon", "coordinates": [ [ [ 73.816275, 15.6384936 ], [ 73.8163769, 15.6401699 ], [ 73.8169992, 15.6401312 ], [ 73.8171172, 15.6398625 ], [ 73.8172513, 15.6398522 ], [ 73.817423, 15.6396972 ], [ 73.8174391, 15.6395371 ], [ 73.8173532, 15.639253 ], [ 73.8172084, 15.6392271 ], [ 73.817262, 15.6387364 ], [ 73.8171548, 15.6387312 ], [ 73.8168114, 15.6387726 ], [ 73.8166505, 15.6386124 ], [ 73.816275, 15.6384936 ] ] ] } },
{ "type": "Feature", "properties": { "osm_id": "1410964318", "code": 7229, "fclass": "farmland", "name": null }, "geometry": { "type": "Polygon", "coordinates": [ [ [ 73.8317406, 15.480901 ], [ 73.8318747, 15.4809579 ], [ 73.8320142, 15.481144 ], [ 73.8324165, 15.4811698 ], [ 73.832674, 15.4811233 ], [ 73.8328135, 15.4809113 ], [ 73.8328242, 15.4807769 ], [ 73.8329744, 15.480627 ], [ 73.8328886, 15.4804616 ], [ 73.8330066, 15.4802961 ], [ 73.8327599, 15.4802909 ], [ 73.832379, 15.4803633 ], [ 73.8321, 15.4803737 ], [ 73.8320571, 15.4804357 ], [ 73.8319498, 15.4805805 ], [ 73.8317513, 15.4807821 ], [ 73.8317406, 15.480901 ] ] ] } },
{ "type": "Feature", "properties": { "osm_id": "1411085632", "code": 7229, "fclass": "farmland", "name": null }, "geometry": { "type": "Polygon", "coordinates": [ [ [ 73.8388431, 15.4692557 ], [ 73.8389343, 15.4696615 ], [ 73.8398543, 15.4695116 ], [ 73.8397771, 15.4692524 ], [ 73.8396558, 15.469235 ], [ 73.8395163, 15.4691807 ], [ 73.8394573, 15.4688938 ], [ 73.8395619, 15.4688033 ], [ 73.8396907, 15.4686327 ], [ 73.8396585, 15.4683613 ], [ 73.8390791, 15.4683819 ], [ 73.8388628, 15.4684115 ], [ 73.8388431, 15.4692557 ] ] ] } },
{ "type": "Feature", "properties": { "osm_id": "1411085633", "code": 7229, "fclass": "farmland", "name": null }, "geometry": { "type": "Polygon", "coordinates": [ [ [ 73.8402808, 15.4699252 ], [ 73.8408279, 15.4711557 ], [ 73.8418794, 15.4710523 ], [ 73.8407743, 15.4697598 ], [ 73.8402808, 15.4699252 ] ] ] } },
{ "type": "Feature", "properties": { "osm_id": "1411085635", "code": 7229, "fclass": "farmland", "name": null }, "geometry": { "type": "Polygon", "coordinates": [ [ [ 73.8506663, 15.4751573 ], [ 73.852061, 15.4753847 ], [ 73.8521254, 15.4752865 ], [ 73.852635, 15.4742835 ], [ 73.8527906, 15.47372 ], [ 73.8533053, 15.4736745 ], [ 73.85328, 15.4734669 ], [ 73.8528603, 15.4734925 ], [ 73.8526726, 15.4728204 ], [ 73.8519752, 15.4728411 ], [ 73.8519108, 15.4725361 ], [ 73.8514119, 15.472474 ], [ 73.8512081, 15.4727998 ], [ 73.8508433, 15.47296 ], [ 73.8509291, 15.4736218 ], [ 73.8508648, 15.4743973 ], [ 73.8506985, 15.4746713 ], [ 73.8506663, 15.4751573 ] ] ] } },
{ "type": "Feature", "properties": { "osm_id": "1411085637", "code": 7215, "fclass": "orchard", "name": null }, "geometry": { "type": "Polygon", "coordinates": [ [ [ 73.8538635, 15.472138 ], [ 73.8539332, 15.473203 ], [ 73.8550329, 15.4731875 ], [ 73.855387, 15.4743249 ], [ 73.8554245, 15.4746248 ], [ 73.8556713, 15.4746248 ], [ 73.8556981, 15.4760672 ], [ 73.8568461, 15.4761499 ], [ 73.8570177, 15.4775251 ], [ 73.8577258, 15.4775044 ], [ 73.8577341, 15.4776481 ], [ 73.8578331, 15.4776595 ], [ 73.8586807, 15.4775561 ], [ 73.8586378, 15.4766255 ], [ 73.8575542, 15.4753951 ], [ 73.8573611, 15.474661 ], [ 73.8564813, 15.4745886 ], [ 73.85661, 15.4736476 ], [ 73.8573825, 15.4735442 ], [ 73.8572967, 15.4730272 ], [ 73.8571712, 15.471884 ], [ 73.8552797, 15.4722517 ], [ 73.8551295, 15.4715383 ], [ 73.8544965, 15.4715279 ], [ 73.8538635, 15.472138 ] ] ] } },
{ "type": "Feature", "properties": { "osm_id": "1411085638", "code": 7215, "fclass": "orchard", "name": null }, "geometry": { "type": "Polygon", "coordinates": [ [ [ 73.8573182, 15.483093 ], [ 73.8575596, 15.4831809 ], [ 73.8574391, 15.4836834 ], [ 73.8590455, 15.4840494 ], [ 73.8594425, 15.4824571 ], [ 73.8586914, 15.482302 ], [ 73.8586271, 15.4811233 ], [ 73.8600467, 15.4807103 ], [ 73.8600594, 15.4800014 ], [ 73.859641, 15.4800169 ], [ 73.8596195, 15.4797946 ], [ 73.8579243, 15.4799032 ], [ 73.8578224, 15.4805339 ], [ 73.8573986, 15.4814025 ], [ 73.8578492, 15.481542 ], [ 73.8577956, 15.4817695 ], [ 73.8575756, 15.48209 ], [ 73.8573182, 15.483093 ] ] ] } },
{ "type": "Feature", "properties": { "osm_id": "1411085645", "code": 7229, "fclass": "farmland", "name": null }, "geometry": { "type": "Polygon", "coordinates": [ [ [ 73.8329422, 15.4659235 ], [ 73.833248, 15.4684673 ], [ 73.8335752, 15.470923 ], [ 73.83416, 15.4710368 ], [ 73.8340956, 15.4709024 ], [ 73.8341975, 15.4708713 ], [ 73.8345355, 15.4710833 ], [ 73.8359676, 15.4709855 ], [ 73.8359034, 15.4708248 ], [ 73.8359195, 15.4707266 ], [ 73.8361153, 15.4706025 ], [ 73.8360938, 15.4703259 ], [ 73.8360563, 15.4701139 ], [ 73.8361073, 15.469933 ], [ 73.836067, 15.4697753 ], [ 73.8360348, 15.4695013 ], [ 73.8360456, 15.4693488 ], [ 73.8359222, 15.4691704 ], [ 73.835949, 15.4690954 ], [ 73.8360617, 15.4690179 ], [ 73.8365471, 15.4689119 ], [ 73.8372606, 15.4688214 ], [ 73.8374859, 15.4688809 ], [ 73.8378465, 15.4687719 ], [ 73.8376147, 15.4672574 ], [ 73.8364077, 15.4673298 ], [ 73.836354, 15.4670713 ], [ 73.8355225, 15.4670558 ], [ 73.8352007, 15.4667249 ], [ 73.833366, 15.465908 ], [ 73.8329422, 15.4659235 ] ] ] } },
{ "type": "Feature", "properties": { "osm_id": "1411085646", "code": 7229, "fclass": "farmland", "name": null }, "geometry": { "type": "Polygon", "coordinates": [ [ [ 73.8360456, 15.4691471 ], [ 73.8360617, 15.4692686 ], [ 73.8360885, 15.4694444 ], [ 73.8361663, 15.4697753 ], [ 73.8362414, 15.4698942 ], [ 73.8363889, 15.4699226 ], [ 73.8365042, 15.4701113 ], [ 73.8366142, 15.4704396 ], [ 73.8368127, 15.4705301 ], [ 73.8369709, 15.4705353 ], [ 73.8371292, 15.4703905 ], [ 73.8372231, 15.4702742 ], [ 73.8374215, 15.4702225 ], [ 73.8374832, 15.4699356 ], [ 73.8375825, 15.4698503 ], [ 73.8376817, 15.4698709 ], [ 73.8377836, 15.470101 ], [ 73.8379177, 15.4702535 ], [ 73.8380519, 15.4703879 ], [ 73.838073, 15.4702517 ], [ 73.8378547, 15.4688258 ], [ 73.8374537, 15.4689481 ], [ 73.8372821, 15.4689377 ], [ 73.8370997, 15.4689041 ], [ 73.8365686, 15.4689739 ], [ 73.8362923, 15.4690386 ], [ 73.8360777, 15.4691058 ], [ 73.8360456, 15.4691471 ] ] ] } },
{ "type": "Feature", "properties": { "osm_id": "1411085648", "code": 7229, "fclass": "farmland", "name": null }, "geometry": { "type": "Polygon", "coordinates": [ [ [ 73.836177, 15.4710756 ], [ 73.8361958, 15.4717477 ], [ 73.8361824, 15.4719674 ], [ 73.8362119, 15.4720191 ], [ 73.8373278, 15.47193 ], [ 73.8374021, 15.4716138 ], [ 73.8373603, 15.4713896 ], [ 73.8372284, 15.4712164 ], [ 73.8371744, 15.4711604 ], [ 73.8370889, 15.4710988 ], [ 73.836177, 15.4710756 ] ] ] } },
{ "type": "Feature", "properties": { "osm_id": "1412112436", "code": 7229, "fclass": "farmland", "name": null }, "geometry": { "type": "Polygon", "coordinates": [ [ [ 73.9061679, 15.4412703 ], [ 73.9070068, 15.4412642 ], [ 73.9070015, 15.4413835 ], [ 73.90723, 15.4414067 ], [ 73.9072614, 15.4412457 ], [ 73.9077865, 15.4412278 ], [ 73.9078172, 15.4407583 ], [ 73.9062333, 15.4407261 ], [ 73.9061679, 15.4412703 ] ] ] } },
{ "type": "Feature", "properties": { "osm_id": "1412112438", "code": 7229, "fclass": "farmland", "name": null }, "geometry": { "type": "Polygon", "coordinates": [ [ [ 73.8947148, 15.4398437 ], [ 73.8947724, 15.4401354 ], [ 73.8951319, 15.4403087 ], [ 73.8962334, 15.4401118 ], [ 73.8978655, 15.4398028 ], [ 73.896111, 15.4392762 ], [ 73.8952828, 15.4394641 ], [ 73.8953051, 15.4396757 ], [ 73.8947148, 15.4398437 ] ] ] } },
{ "type": "Feature", "properties": { "osm_id": "1412178256", "code": 7215, "fclass": "orchard", "name": "Greenland Farms" }, "geometry": { "type": "Polygon", "coordinates": [ [ [ 73.8110154, 15.5329142 ], [ 73.8110199, 15.5330469 ], [ 73.8113412, 15.5334186 ], [ 73.8118448, 15.5336776 ], [ 73.8121128, 15.5334198 ], [ 73.8124616, 15.5330869 ], [ 73.8128255, 15.5328073 ], [ 73.8127496, 15.5326783 ], [ 73.8126889, 15.5325255 ], [ 73.8124968, 15.532435 ], [ 73.812216, 15.532371 ], [ 73.8120185, 15.5322897 ], [ 73.8114787, 15.5325679 ], [ 73.8111482, 15.5327177 ], [ 73.8110154, 15.5329142 ] ] ] } },
{ "type": "Feature", "properties": { "osm_id": "1412285778", "code": 7215, "fclass": "orchard", "name": null }, "geometry": { "type": "Polygon", "coordinates": [ [ [ 73.8086282, 15.5275162 ], [ 73.8093495, 15.5274549 ], [ 73.8091779, 15.5270337 ], [ 73.8090733, 15.5265504 ], [ 73.8087317, 15.5265009 ], [ 73.8086575, 15.5266589 ], [ 73.8086282, 15.5275162 ] ] ] } },
{ "type": "Feature", "properties": { "osm_id": "1412285779", "code": 7215, "fclass": "orchard", "name": null }, "geometry": { "type": "Polygon", "coordinates": [ [ [ 73.8009649, 15.5274187 ], [ 73.8010722, 15.5278942 ], [ 73.8012868, 15.5278064 ], [ 73.801378, 15.5279356 ], [ 73.8015497, 15.5282457 ], [ 73.8014746, 15.5282922 ], [ 73.8017535, 15.5285765 ], [ 73.8020217, 15.5284628 ], [ 73.801893, 15.5275945 ], [ 73.8017857, 15.5268709 ], [ 73.8021183, 15.5267055 ], [ 73.8018751, 15.5261252 ], [ 73.8016891, 15.5262248 ], [ 73.8013565, 15.5264522 ], [ 73.8015175, 15.5269432 ], [ 73.8010293, 15.5270724 ], [ 73.8009649, 15.5274187 ] ] ] } },
{ "type": "Feature", "properties": { "osm_id": "1412285780", "code": 7215, "fclass": "orchard", "name": null }, "geometry": { "type": "Polygon", "coordinates": [ [ [ 73.8021183, 15.5287781 ], [ 73.8022739, 15.5289693 ], [ 73.8024831, 15.5288608 ], [ 73.8026172, 15.5289848 ], [ 73.802467, 15.5291295 ], [ 73.8028479, 15.529543 ], [ 73.8030088, 15.5294965 ], [ 73.8031751, 15.5296877 ], [ 73.8028586, 15.529941 ], [ 73.8030222, 15.5300702 ], [ 73.80321, 15.530078 ], [ 73.8035666, 15.5300108 ], [ 73.8034272, 15.5293905 ], [ 73.8033038, 15.5292174 ], [ 73.8029954, 15.5290391 ], [ 73.8028371, 15.5286282 ], [ 73.8024938, 15.5287522 ], [ 73.8024262, 15.528622 ], [ 73.8021183, 15.5287781 ] ] ] } },
{ "type": "Feature", "properties": { "osm_id": "1412285781", "code": 7215, "fclass": "orchard", "name": null }, "geometry": { "type": "Polygon", "coordinates": [ [ [ 73.8055236, 15.5298147 ], [ 73.8057554, 15.5306956 ], [ 73.8059029, 15.5308042 ], [ 73.8059606, 15.530768 ], [ 73.8060504, 15.5306801 ], [ 73.8061872, 15.5308197 ], [ 73.8061362, 15.5309127 ], [ 73.806375, 15.5310212 ], [ 73.8069087, 15.5309566 ], [ 73.8068792, 15.5307861 ], [ 73.8065144, 15.5308326 ], [ 73.8064903, 15.5307318 ], [ 73.8062596, 15.5307473 ], [ 73.8060585, 15.530463 ], [ 73.8060316, 15.5302563 ], [ 73.8061094, 15.5302408 ], [ 73.8060263, 15.5298841 ], [ 73.8059404, 15.5298945 ], [ 73.805809, 15.5291295 ], [ 73.8056994, 15.5291516 ], [ 73.8055881, 15.5291773 ], [ 73.8057125, 15.5297782 ], [ 73.8055236, 15.5298147 ] ] ] } },
{ "type": "Feature", "properties": { "osm_id": "1412285782", "code": 7215, "fclass": "orchard", "name": null }, "geometry": { "type": "Polygon", "coordinates": [ [ [ 73.8081962, 15.5294396 ], [ 73.8084376, 15.530003 ], [ 73.8083571, 15.5301968 ], [ 73.8083893, 15.5302976 ], [ 73.8084644, 15.5305095 ], [ 73.8086146, 15.5304785 ], [ 73.808502, 15.5295172 ], [ 73.8087648, 15.5294603 ], [ 73.8089579, 15.5303545 ], [ 73.8090169, 15.5306026 ], [ 73.8091403, 15.5304992 ], [ 73.8096821, 15.5302718 ], [ 73.8097465, 15.5294862 ], [ 73.8092905, 15.5294913 ], [ 73.8092852, 15.5292949 ], [ 73.8095641, 15.5292949 ], [ 73.80943, 15.5283904 ], [ 73.8097358, 15.5284059 ], [ 73.809666, 15.5280493 ], [ 73.8093495, 15.5280545 ], [ 73.8092905, 15.5278322 ], [ 73.8086168, 15.5278518 ], [ 73.8086146, 15.5279149 ], [ 73.8088238, 15.5286359 ], [ 73.8089874, 15.5292277 ], [ 73.8089043, 15.5293725 ], [ 73.808215, 15.5293699 ], [ 73.8081962, 15.5294396 ] ] ] } },
{ "type": "Feature", "properties": { "osm_id": "1412285783", "code": 7229, "fclass": "farmland", "name": null }, "geometry": { "type": "Polygon", "coordinates": [ [ [ 73.8023382, 15.5284525 ], [ 73.8024262, 15.528622 ], [ 73.8024938, 15.5287522 ], [ 73.8028371, 15.5286282 ], [ 73.8029954, 15.5290391 ], [ 73.8033038, 15.5292174 ], [ 73.8034272, 15.5293905 ], [ 73.8031858, 15.5285145 ], [ 73.8030762, 15.5281457 ], [ 73.8023382, 15.5284525 ] ] ] } },
{ "type": "Feature", "properties": { "osm_id": "1412285837", "code": 7229, "fclass": "farmland", "name": null }, "geometry": { "type": "Polygon", "coordinates": [ [ [ 73.8065815, 15.5255451 ], [ 73.8066271, 15.5256536 ], [ 73.8076034, 15.5252117 ], [ 73.8075417, 15.5251497 ], [ 73.8068824, 15.5249266 ], [ 73.8068604, 15.5250101 ], [ 73.8068685, 15.5252453 ], [ 73.8068524, 15.5252918 ], [ 73.8068256, 15.5253332 ], [ 73.8066673, 15.5254882 ], [ 73.8065815, 15.5255451 ] ] ] } },
{ "type": "Feature", "properties": { "osm_id": "1412285838", "code": 7229, "fclass": "farmland", "name": null }, "geometry": { "type": "Polygon", "coordinates": [ [ [ 73.8051653, 15.5264108 ], [ 73.8052779, 15.5267132 ], [ 73.8058144, 15.526279 ], [ 73.8060853, 15.5259767 ], [ 73.8065343, 15.5256989 ], [ 73.8065305, 15.5256588 ], [ 73.8065064, 15.5256149 ], [ 73.8064635, 15.525589 ], [ 73.8062489, 15.5256407 ], [ 73.8062006, 15.5256433 ], [ 73.8060585, 15.5256821 ], [ 73.8058519, 15.5257208 ], [ 73.8057232, 15.5258164 ], [ 73.80564, 15.5258113 ], [ 73.8055462, 15.5257958 ], [ 73.8055059, 15.5258526 ], [ 73.8054898, 15.5259793 ], [ 73.8054255, 15.5261524 ], [ 73.8052431, 15.5263307 ], [ 73.8051653, 15.5264108 ] ] ] } },
{ "type": "Feature", "properties": { "osm_id": "1412285839", "code": 7229, "fclass": "farmland", "name": null }, "geometry": { "type": "Polygon", "coordinates": [ [ [ 73.8066941, 15.5237567 ], [ 73.8067076, 15.5238058 ], [ 73.8067558, 15.5238963 ], [ 73.8068685, 15.5243304 ], [ 73.8069248, 15.5246096 ], [ 73.806906, 15.524837 ], [ 73.8075471, 15.5251032 ], [ 73.8076678, 15.5251859 ], [ 73.8088828, 15.5246147 ], [ 73.8091671, 15.5244803 ], [ 73.8093483, 15.5244982 ], [ 73.8096768, 15.5237748 ], [ 73.8100362, 15.5230874 ], [ 73.810755, 15.5221777 ], [ 73.8104546, 15.5220381 ], [ 73.8105458, 15.5219192 ], [ 73.8101059, 15.5219192 ], [ 73.8085502, 15.5213197 ], [ 73.8077026, 15.5208571 ], [ 73.8076839, 15.5210457 ], [ 73.8076732, 15.5210922 ], [ 73.8076115, 15.5212292 ], [ 73.8075766, 15.5212654 ], [ 73.8075364, 15.521299 ], [ 73.8075149, 15.5213429 ], [ 73.8074988, 15.5214411 ], [ 73.8075229, 15.5215186 ], [ 73.8075659, 15.5215419 ], [ 73.8076141, 15.5215574 ], [ 73.8076571, 15.5215833 ], [ 73.8076973, 15.5216711 ], [ 73.8076839, 15.5218262 ], [ 73.8076517, 15.5219218 ], [ 73.8076302, 15.5219657 ], [ 73.8075954, 15.5220588 ], [ 73.8075551, 15.5223017 ], [ 73.8075498, 15.5223276 ], [ 73.8075176, 15.5223663 ], [ 73.8074693, 15.5223792 ], [ 73.807362, 15.5223818 ], [ 73.8073137, 15.5223922 ], [ 73.8072708, 15.5224284 ], [ 73.807252, 15.5224723 ], [ 73.8072467, 15.5227721 ], [ 73.8072574, 15.5228186 ], [ 73.8072976, 15.522847 ], [ 73.8074344, 15.5229039 ], [ 73.8074103, 15.5229917 ], [ 73.8072976, 15.5229685 ], [ 73.8072467, 15.5229685 ], [ 73.8072145, 15.5230073 ], [ 73.8071904, 15.5230512 ], [ 73.8070133, 15.5233303 ], [ 73.8067451, 15.523581 ], [ 73.8066968, 15.523705 ], [ 73.8066941, 15.5237567 ] ] ] } },
{ "type": "Feature", "properties": { "osm_id": "1412285843", "code": 7215, "fclass": "orchard", "name": null }, "geometry": { "type": "Polygon", "coordinates": [ [ [ 73.8030088, 15.5325149 ], [ 73.8032663, 15.5329594 ], [ 73.8038886, 15.5328095 ], [ 73.8040173, 15.5331145 ], [ 73.8036364, 15.5332334 ], [ 73.8036765, 15.533328 ], [ 73.8038329, 15.5336967 ], [ 73.8046503, 15.53359 ], [ 73.8047898, 15.5337967 ], [ 73.8055944, 15.533683 ], [ 73.8057661, 15.533621 ], [ 73.8056273, 15.5320949 ], [ 73.8049614, 15.5321015 ], [ 73.8052028, 15.5327734 ], [ 73.8046128, 15.5330163 ], [ 73.8043714, 15.5324684 ], [ 73.8040713, 15.5325995 ], [ 73.80391, 15.53267 ], [ 73.8033843, 15.5328199 ], [ 73.8032609, 15.5324788 ], [ 73.8030088, 15.5325149 ] ] ] } },
{ "type": "Feature", "properties": { "osm_id": "1412285864", "code": 7229, "fclass": "farmland", "name": null }, "geometry": { "type": "Polygon", "coordinates": [ [ [ 73.8067853, 15.5266331 ], [ 73.8072091, 15.5281475 ], [ 73.8072789, 15.5290003 ], [ 73.8075471, 15.5303235 ], [ 73.8079011, 15.5302925 ], [ 73.8080354, 15.5302871 ], [ 73.8081828, 15.530308 ], [ 73.8083571, 15.5301968 ], [ 73.8084376, 15.530003 ], [ 73.8081962, 15.5294396 ], [ 73.808215, 15.5293699 ], [ 73.8089043, 15.5293725 ], [ 73.8089874, 15.5292277 ], [ 73.8088238, 15.5286359 ], [ 73.8086146, 15.5279149 ], [ 73.8086168, 15.5278518 ], [ 73.8086282, 15.5275162 ], [ 73.8086575, 15.5266589 ], [ 73.8087317, 15.5265009 ], [ 73.8088882, 15.5261679 ], [ 73.8089557, 15.5259122 ], [ 73.8090754, 15.5254583 ], [ 73.8091016, 15.5253589 ], [ 73.8089311, 15.5254133 ], [ 73.8087648, 15.5256459 ], [ 73.8083142, 15.5262713 ], [ 73.8081318, 15.5263643 ], [ 73.8070536, 15.5261007 ], [ 73.8069677, 15.5261627 ], [ 73.8068229, 15.5264367 ], [ 73.8067853, 15.5266331 ] ] ] } },
{ "type": "Feature", "properties": { "osm_id": "1412285865", "code": 7229, "fclass": "farmland", "name": null }, "geometry": { "type": "Polygon", "coordinates": [ [ [ 73.8053343, 15.5267649 ], [ 73.8055408, 15.5272559 ], [ 73.8055623, 15.527411 ], [ 73.8055381, 15.528026 ], [ 73.8058332, 15.5288013 ], [ 73.8058627, 15.529114 ], [ 73.8059056, 15.5297343 ], [ 73.8060987, 15.5306026 ], [ 73.8063562, 15.530923 ], [ 73.807987, 15.530799 ], [ 73.8079011, 15.5302925 ], [ 73.8075471, 15.5303235 ], [ 73.8072789, 15.5290003 ], [ 73.8072091, 15.5281475 ], [ 73.8067853, 15.5266331 ], [ 73.8068229, 15.5264367 ], [ 73.8069677, 15.5261627 ], [ 73.8070536, 15.5261007 ], [ 73.8081318, 15.5263643 ], [ 73.8083142, 15.5262713 ], [ 73.8087648, 15.5256459 ], [ 73.8089311, 15.5254133 ], [ 73.8091016, 15.5253589 ], [ 73.8091874, 15.5250337 ], [ 73.8092885, 15.5246504 ], [ 73.8093013, 15.5246018 ], [ 73.8091966, 15.5245527 ], [ 73.8088989, 15.5246587 ], [ 73.8076463, 15.5252711 ], [ 73.8066164, 15.5257389 ], [ 73.806541, 15.5257692 ], [ 73.8064823, 15.5257958 ], [ 73.8061202, 15.5260335 ], [ 73.8057634, 15.5264057 ], [ 73.8053343, 15.5267649 ] ] ] } },
{ "type": "Feature", "properties": { "osm_id": "1412285866", "code": 7229, "fclass": "farmland", "name": null }, "geometry": { "type": "Polygon", "coordinates": [ [ [ 73.8030762, 15.5281457 ], [ 73.8031858, 15.5285145 ], [ 73.8034272, 15.5293905 ], [ 73.8035666, 15.5300108 ], [ 73.8041568, 15.529941 ], [ 73.804543, 15.529972 ], [ 73.8057554, 15.5306956 ], [ 73.8055236, 15.5298147 ], [ 73.8053691, 15.5292277 ], [ 73.8055881, 15.5291773 ], [ 73.8056994, 15.5291516 ], [ 73.8057125, 15.5289538 ], [ 73.805632, 15.5285713 ], [ 73.8054496, 15.5281062 ], [ 73.8054228, 15.5279666 ], [ 73.8054872, 15.5273877 ], [ 73.8052726, 15.5268243 ], [ 73.8044465, 15.5274859 ], [ 73.8037062, 15.5278839 ], [ 73.8030762, 15.5281457 ] ] ] } },
{ "type": "Feature", "properties": { "osm_id": "1412285867", "code": 7229, "fclass": "farmland", "name": null }, "geometry": { "type": "Polygon", "coordinates": [ [ [ 73.8014209, 15.5250411 ], [ 73.801657, 15.5256045 ], [ 73.8018751, 15.5261252 ], [ 73.8021183, 15.5267055 ], [ 73.8017857, 15.5268709 ], [ 73.801893, 15.5275945 ], [ 73.8020217, 15.5284628 ], [ 73.8023114, 15.5283594 ], [ 73.803556, 15.5278787 ], [ 73.8042051, 15.5275428 ], [ 73.8052243, 15.5267778 ], [ 73.8050795, 15.5264729 ], [ 73.8050687, 15.5263436 ], [ 73.8053691, 15.5260697 ], [ 73.805396, 15.5258785 ], [ 73.8055247, 15.5257027 ], [ 73.805632, 15.5256976 ], [ 73.8057178, 15.5257286 ], [ 73.805809, 15.5256821 ], [ 73.8061899, 15.5255942 ], [ 73.8065332, 15.5254572 ], [ 73.8066298, 15.5254055 ], [ 73.8067371, 15.5253022 ], [ 73.8068148, 15.5249274 ], [ 73.8068122, 15.524731 ], [ 73.8067451, 15.5243976 ], [ 73.806332, 15.5244028 ], [ 73.8062543, 15.5244416 ], [ 73.8062355, 15.5244209 ], [ 73.8063884, 15.5243072 ], [ 73.8064313, 15.524209 ], [ 73.8065118, 15.5241909 ], [ 73.8065171, 15.5242193 ], [ 73.8065788, 15.5241521 ], [ 73.8066378, 15.5240358 ], [ 73.8065949, 15.5239144 ], [ 73.8065869, 15.5239505 ], [ 73.8064501, 15.523811 ], [ 73.8064367, 15.5236559 ], [ 73.8064688, 15.5235241 ], [ 73.8036472, 15.5237696 ], [ 73.8036579, 15.5235422 ], [ 73.8024777, 15.5236094 ], [ 73.8021809, 15.5236517 ], [ 73.8017428, 15.5241935 ], [ 73.8025904, 15.5241418 ], [ 73.8026333, 15.5242969 ], [ 73.801614, 15.5245139 ], [ 73.8016462, 15.5247827 ], [ 73.8024938, 15.5248137 ], [ 73.8024938, 15.5249481 ], [ 73.8019574, 15.5249274 ], [ 73.8014209, 15.5250411 ] ] ] } },
{ "type": "Feature", "properties": { "osm_id": "1412285868", "code": 7229, "fclass": "farmland", "name": null }, "geometry": { "type": "Polygon", "coordinates": [ [ [ 73.8021809, 15.5236517 ], [ 73.8024777, 15.5236094 ], [ 73.8036579, 15.5235422 ], [ 73.8036472, 15.5237696 ], [ 73.8064688, 15.5235241 ], [ 73.8067317, 15.523351 ], [ 73.8069087, 15.5231391 ], [ 73.8069731, 15.5230124 ], [ 73.806957, 15.5229556 ], [ 73.806898, 15.5229452 ], [ 73.8065734, 15.5229168 ], [ 73.8065815, 15.522878 ], [ 73.8068819, 15.5229116 ], [ 73.8070402, 15.5229452 ], [ 73.8070616, 15.5228806 ], [ 73.8070348, 15.5227049 ], [ 73.8070536, 15.5221622 ], [ 73.8070455, 15.521883 ], [ 73.8070643, 15.5218339 ], [ 73.8070688, 15.5217832 ], [ 73.8069704, 15.5217668 ], [ 73.8069141, 15.5216892 ], [ 73.8069114, 15.5215962 ], [ 73.8070616, 15.5214851 ], [ 73.807244, 15.5210535 ], [ 73.8073084, 15.5208441 ], [ 73.8072856, 15.520826 ], [ 73.807322, 15.5207376 ], [ 73.8071179, 15.5206736 ], [ 73.8065064, 15.520627 ], [ 73.8063562, 15.520596 ], [ 73.8054389, 15.5202084 ], [ 73.8052163, 15.5201515 ], [ 73.8050848, 15.520136 ], [ 73.8049588, 15.520198 ], [ 73.8055435, 15.520428 ], [ 73.8054925, 15.5205495 ], [ 73.8048407, 15.5203298 ], [ 73.8043177, 15.5210095 ], [ 73.8021809, 15.5236517 ] ] ] } },
{ "type": "Feature", "properties": { "osm_id": "1412291831", "code": 7229, "fclass": "farmland", "name": null }, "geometry": { "type": "Polygon", "coordinates": [ [ [ 73.8026226, 15.5186887 ], [ 73.8029069, 15.5187456 ], [ 73.8029337, 15.5182494 ], [ 73.8028532, 15.5182287 ], [ 73.8028774, 15.5180064 ], [ 73.8037088, 15.5181305 ], [ 73.8037115, 15.5179418 ], [ 73.8042158, 15.5180013 ], [ 73.804948, 15.5182132 ], [ 73.8055408, 15.5180607 ], [ 73.8056695, 15.5183192 ], [ 73.8055783, 15.5184199 ], [ 73.8053665, 15.5187869 ], [ 73.8057259, 15.519048 ], [ 73.8073754, 15.5170554 ], [ 73.8082337, 15.5159544 ], [ 73.8081318, 15.5158665 ], [ 73.8080192, 15.5156081 ], [ 73.806839, 15.5158665 ], [ 73.8068765, 15.5160061 ], [ 73.8066781, 15.5160759 ], [ 73.8069758, 15.5165876 ], [ 73.8068658, 15.5168486 ], [ 73.8064527, 15.517045 ], [ 73.8063723, 15.5170915 ], [ 73.8062221, 15.5169778 ], [ 73.8059914, 15.5163679 ], [ 73.8060155, 15.5161766 ], [ 73.8057715, 15.5164584 ], [ 73.8055515, 15.5165876 ], [ 73.8054174, 15.5165876 ], [ 73.8053182, 15.5164997 ], [ 73.8051572, 15.5161327 ], [ 73.8050929, 15.5161172 ], [ 73.8041246, 15.5164118 ], [ 73.8040656, 15.5163265 ], [ 73.8039932, 15.5160578 ], [ 73.8039637, 15.5159466 ], [ 73.803902, 15.5158898 ], [ 73.8039127, 15.5159492 ], [ 73.8039932, 15.5163446 ], [ 73.8039261, 15.5163834 ], [ 73.8037303, 15.5160655 ], [ 73.8036793, 15.5161689 ], [ 73.8037786, 15.5163601 ], [ 73.8038215, 15.5166393 ], [ 73.8037437, 15.5166289 ], [ 73.8038081, 15.5170709 ], [ 73.8035586, 15.517045 ], [ 73.8035238, 15.5175567 ], [ 73.8027942, 15.5174637 ], [ 73.8027567, 15.517748 ], [ 73.8026226, 15.5186887 ] ] ] } },
{ "type": "Feature", "properties": { "osm_id": "1412291832", "code": 7229, "fclass": "farmland", "name": null }, "geometry": { "type": "Polygon", "coordinates": [ [ [ 73.8073057, 15.5194175 ], [ 73.8073486, 15.5195209 ], [ 73.8074237, 15.5195261 ], [ 73.8074988, 15.5194072 ], [ 73.8077161, 15.5193994 ], [ 73.8078395, 15.519508 ], [ 73.8079762, 15.5195829 ], [ 73.807885, 15.5196708 ], [ 73.8077268, 15.5196811 ], [ 73.8076571, 15.5197458 ], [ 73.8076892, 15.5198052 ], [ 73.807582, 15.5199086 ], [ 73.8074666, 15.5201102 ], [ 73.8074023, 15.5202187 ], [ 73.8074023, 15.5203453 ], [ 73.8074505, 15.5205323 ], [ 73.8074986, 15.5205352 ], [ 73.8075283, 15.5203583 ], [ 73.8075229, 15.5201205 ], [ 73.8076168, 15.519968 ], [ 73.8079601, 15.5197096 ], [ 73.8081774, 15.5193633 ], [ 73.808156, 15.5193193 ], [ 73.8081211, 15.5192857 ], [ 73.8080728, 15.5192728 ], [ 73.8080245, 15.5192728 ], [ 73.807936, 15.519247 ], [ 73.8078716, 15.519309 ], [ 73.8078126, 15.5193348 ], [ 73.807708, 15.5193142 ], [ 73.8075632, 15.5193142 ], [ 73.8074023, 15.5192909 ], [ 73.8073271, 15.5192935 ], [ 73.8073057, 15.5194175 ] ] ] } },
{ "type": "Feature", "properties": { "osm_id": "1412291833", "code": 7229, "fclass": "farmland", "name": null }, "geometry": { "type": "Polygon", "coordinates": [ [ [ 73.8058197, 15.5190764 ], [ 73.8063637, 15.5192024 ], [ 73.8071219, 15.5193723 ], [ 73.8068628, 15.5204456 ], [ 73.807311, 15.5205237 ], [ 73.8074505, 15.5205323 ], [ 73.8074023, 15.5203453 ], [ 73.8074023, 15.5202187 ], [ 73.8074666, 15.5201102 ], [ 73.807582, 15.5199086 ], [ 73.8076892, 15.5198052 ], [ 73.8076571, 15.5197458 ], [ 73.8077268, 15.5196811 ], [ 73.807885, 15.5196708 ], [ 73.8079762, 15.5195829 ], [ 73.8078395, 15.519508 ], [ 73.8077161, 15.5193994 ], [ 73.8074988, 15.5194072 ], [ 73.8074237, 15.5195261 ], [ 73.8073486, 15.5195209 ], [ 73.8073057, 15.5194175 ], [ 73.8073271, 15.5192935 ], [ 73.8074023, 15.5192909 ], [ 73.8075632, 15.5193142 ], [ 73.807708, 15.5193142 ], [ 73.8078126, 15.5193348 ], [ 73.8078716, 15.519309 ], [ 73.807936, 15.519247 ], [ 73.8079601, 15.5191513 ], [ 73.807987, 15.51911 ], [ 73.8080272, 15.519079 ], [ 73.8080728, 15.5190557 ], [ 73.8081211, 15.5190428 ], [ 73.8081747, 15.5190376 ], [ 73.8082632, 15.5189265 ], [ 73.8083705, 15.5187042 ], [ 73.8085073, 15.51827 ], [ 73.8085368, 15.5180943 ], [ 73.8085288, 15.517947 ], [ 73.8085341, 15.5178901 ], [ 73.8087407, 15.5175542 ], [ 73.8088694, 15.517319 ], [ 73.8089928, 15.5170709 ], [ 73.8091242, 15.5168434 ], [ 73.8091296, 15.5167943 ], [ 73.8091055, 15.5166987 ], [ 73.8089392, 15.5166005 ], [ 73.8086334, 15.5165772 ], [ 73.8086257, 15.516558 ], [ 73.8085858, 15.5165616 ], [ 73.8085235, 15.5158695 ], [ 73.8068604, 15.5178876 ], [ 73.8058197, 15.5190764 ] ] ] } },
{ "type": "Feature", "properties": { "osm_id": "1412291836", "code": 7229, "fclass": "farmland", "name": null }, "geometry": { "type": "Polygon", "coordinates": [ [ [ 73.8076399, 15.5205449 ], [ 73.8076973, 15.5205805 ], [ 73.8078421, 15.520658 ], [ 73.8078153, 15.5208028 ], [ 73.8085931, 15.5212059 ], [ 73.810181, 15.5217952 ], [ 73.8104546, 15.5217952 ], [ 73.8110661, 15.5220278 ], [ 73.8114041, 15.521759 ], [ 73.8120532, 15.5218727 ], [ 73.8121444, 15.5214282 ], [ 73.8124072, 15.52133 ], [ 73.8125575, 15.5215522 ], [ 73.8138878, 15.5217073 ], [ 73.8140755, 15.5216143 ], [ 73.8153577, 15.5222345 ], [ 73.8157815, 15.5218314 ], [ 73.8143974, 15.5199706 ], [ 73.8132119, 15.5186009 ], [ 73.8124984, 15.5172001 ], [ 73.8121819, 15.5163369 ], [ 73.8114309, 15.5168124 ], [ 73.8115731, 15.5172931 ], [ 73.8114443, 15.5177066 ], [ 73.8112164, 15.5178048 ], [ 73.8111037, 15.5173681 ], [ 73.8108033, 15.5169442 ], [ 73.8105753, 15.5168047 ], [ 73.810409, 15.5165979 ], [ 73.8102615, 15.5165591 ], [ 73.8099664, 15.516554 ], [ 73.8097304, 15.5166625 ], [ 73.809607, 15.516784 ], [ 73.8095963, 15.5168951 ], [ 73.8092718, 15.5173396 ], [ 73.8090384, 15.5177532 ], [ 73.808759, 15.5180974 ], [ 73.8087112, 15.5181563 ], [ 73.8086441, 15.5183192 ], [ 73.8086325, 15.5184201 ], [ 73.8086119, 15.5185983 ], [ 73.8083839, 15.519172 ], [ 73.8082713, 15.5194615 ], [ 73.8082874, 15.519601 ], [ 73.8082525, 15.5197199 ], [ 73.8078743, 15.5200042 ], [ 73.8077027, 15.5201205 ], [ 73.8076705, 15.5202058 ], [ 73.8076399, 15.5205449 ] ] ] } },
{ "type": "Feature", "properties": { "osm_id": "1412305267", "code": 7229, "fclass": "farmland", "name": null }, "geometry": { "type": "Polygon", "coordinates": [ [ [ 73.7942433, 15.5160836 ], [ 73.7944525, 15.516218 ], [ 73.7947047, 15.5163059 ], [ 73.7951875, 15.5158148 ], [ 73.795284, 15.5158665 ], [ 73.7952411, 15.5159854 ], [ 73.7950855, 15.5160578 ], [ 73.7949192, 15.5162438 ], [ 73.7948441, 15.5166212 ], [ 73.7949943, 15.5166367 ], [ 73.7949353, 15.5173138 ], [ 73.7951231, 15.5173138 ], [ 73.7951285, 15.5174327 ], [ 73.7955254, 15.5173138 ], [ 73.7955791, 15.516921 ], [ 73.7960243, 15.5170088 ], [ 73.7961638, 15.516647 ], [ 73.7972313, 15.5168589 ], [ 73.7980843, 15.5170605 ], [ 73.7986958, 15.5173086 ], [ 73.7991464, 15.5174017 ], [ 73.7992269, 15.5170244 ], [ 73.7991191, 15.5167816 ], [ 73.7988728, 15.5167918 ], [ 73.7988589, 15.5166842 ], [ 73.7986368, 15.5166729 ], [ 73.7986119, 15.515618 ], [ 73.7984356, 15.5155538 ], [ 73.7983364, 15.5154452 ], [ 73.7983391, 15.5152514 ], [ 73.79839, 15.5149697 ], [ 73.798382, 15.5146751 ], [ 73.798323, 15.5143313 ], [ 73.7982613, 15.5142564 ], [ 73.7981915, 15.5142977 ], [ 73.7981969, 15.5148482 ], [ 73.7981701, 15.5153238 ], [ 73.7981057, 15.5154272 ], [ 73.7972072, 15.5154013 ], [ 73.7971455, 15.5152721 ], [ 73.7971106, 15.5149645 ], [ 73.79677, 15.5149594 ], [ 73.7967163, 15.5149077 ], [ 73.7966198, 15.5148482 ], [ 73.7959063, 15.5149464 ], [ 73.7958527, 15.5148715 ], [ 73.7957856, 15.5147242 ], [ 73.7956434, 15.5146492 ], [ 73.7954584, 15.5146441 ], [ 73.7954476, 15.514582 ], [ 73.7956274, 15.5145278 ], [ 73.7957159, 15.5144218 ], [ 73.7957373, 15.5142099 ], [ 73.7957802, 15.5141789 ], [ 73.796322, 15.5141091 ], [ 73.7966385, 15.5141323 ], [ 73.7966627, 15.5140212 ], [ 73.7967217, 15.5139928 ], [ 73.7967727, 15.5141633 ], [ 73.7971294, 15.5141633 ], [ 73.7971401, 15.5142435 ], [ 73.7977168, 15.5142435 ], [ 73.7977758, 15.5142538 ], [ 73.797808, 15.5139954 ], [ 73.797867, 15.5139669 ], [ 73.7979823, 15.5138661 ], [ 73.7980279, 15.5137808 ], [ 73.798044, 15.5137343 ], [ 73.7980521, 15.5136335 ], [ 73.7979793, 15.5135648 ], [ 73.7976336, 15.513649 ], [ 73.7976175, 15.5138196 ], [ 73.7972313, 15.513923 ], [ 73.7970543, 15.5137989 ], [ 73.7965876, 15.5138868 ], [ 73.7964481, 15.5137059 ], [ 73.795917, 15.5137111 ], [ 73.7956703, 15.5139333 ], [ 73.7955522, 15.5140781 ], [ 73.7950373, 15.5143365 ], [ 73.794753, 15.5144089 ], [ 73.7945974, 15.5145898 ], [ 73.7945598, 15.5152307 ], [ 73.7944418, 15.5156339 ], [ 73.7943721, 15.5158769 ], [ 73.7942433, 15.5160836 ] ] ] } },
{ "type": "Feature", "properties": { "osm_id": "1412305272", "code": 7229, "fclass": "farmland", "name": null }, "geometry": { "type": "Polygon", "coordinates": [ [ [ 73.8043231, 15.5090202 ], [ 73.804417, 15.5099739 ], [ 73.804543, 15.5106588 ], [ 73.8045886, 15.5108112 ], [ 73.8046342, 15.5108707 ], [ 73.8049722, 15.5109379 ], [ 73.8051787, 15.5109947 ], [ 73.8052672, 15.510987 ], [ 73.8054308, 15.510925 ], [ 73.8055408, 15.5109999 ], [ 73.8058439, 15.5109043 ], [ 73.8060504, 15.5108681 ], [ 73.8061443, 15.5108138 ], [ 73.8061765, 15.5105786 ], [ 73.806096, 15.5104081 ], [ 73.8061416, 15.510359 ], [ 73.8062355, 15.5103486 ], [ 73.8063374, 15.5103667 ], [ 73.8063106, 15.5104804 ], [ 73.8062435, 15.5106019 ], [ 73.8062274, 15.5108836 ], [ 73.8060853, 15.5110309 ], [ 73.805801, 15.5111886 ], [ 73.8057446, 15.511279 ], [ 73.8057876, 15.5113695 ], [ 73.8060611, 15.5117262 ], [ 73.806096, 15.5118166 ], [ 73.8062462, 15.5120389 ], [ 73.806324, 15.5120932 ], [ 73.8067022, 15.5121345 ], [ 73.8068524, 15.5120596 ], [ 73.8070911, 15.5118942 ], [ 73.807252, 15.5118967 ], [ 73.8074371, 15.5117727 ], [ 73.8080353, 15.5112739 ], [ 73.808282, 15.5111291 ], [ 73.8086602, 15.5111136 ], [ 73.8084498, 15.5108907 ], [ 73.8080594, 15.5102814 ], [ 73.8079923, 15.510191 ], [ 73.8080674, 15.5101005 ], [ 73.8076678, 15.5095603 ], [ 73.8072279, 15.5092554 ], [ 73.8069382, 15.5091184 ], [ 73.806442, 15.5090977 ], [ 73.8055274, 15.509152 ], [ 73.8052699, 15.5091055 ], [ 73.8047039, 15.5090667 ], [ 73.8043231, 15.5090202 ] ] ] } },
{ "type": "Feature", "properties": { "osm_id": "1412305277", "code": 7229, "fclass": "farmland", "name": null }, "geometry": { "type": "Polygon", "coordinates": [ [ [ 73.7959546, 15.5086816 ], [ 73.7959921, 15.5089142 ], [ 73.796035, 15.5091003 ], [ 73.7962577, 15.5091158 ], [ 73.7962523, 15.5094078 ], [ 73.7965742, 15.5094699 ], [ 73.7969577, 15.509718 ], [ 73.7970395, 15.5097593 ], [ 73.7970999, 15.5097723 ], [ 73.797234, 15.5099067 ], [ 73.7976363, 15.5103745 ], [ 73.7978375, 15.510757 ], [ 73.7979689, 15.5109379 ], [ 73.7982479, 15.5110878 ], [ 73.7982693, 15.5112765 ], [ 73.7983096, 15.5112997 ], [ 73.7983417, 15.5112739 ], [ 73.7985161, 15.5106355 ], [ 73.7986636, 15.5106639 ], [ 73.7986502, 15.5112584 ], [ 73.7986904, 15.5117132 ], [ 73.7987387, 15.511783 ], [ 73.7988433, 15.5119019 ], [ 73.7988192, 15.5122586 ], [ 73.7988648, 15.5123232 ], [ 73.7989533, 15.5124395 ], [ 73.7989747, 15.5126152 ], [ 73.7990364, 15.5126824 ], [ 73.7994227, 15.5128995 ], [ 73.7998679, 15.5130753 ], [ 73.8001683, 15.5131554 ], [ 73.8003883, 15.513189 ], [ 73.8007182, 15.5133854 ], [ 73.8008282, 15.5133906 ], [ 73.8010079, 15.5133079 ], [ 73.8011608, 15.5134035 ], [ 73.8013485, 15.5134449 ], [ 73.8015684, 15.5135095 ], [ 73.801783, 15.5137033 ], [ 73.8020217, 15.5140186 ], [ 73.8022336, 15.5140703 ], [ 73.802416, 15.5141711 ], [ 73.8026172, 15.5143236 ], [ 73.8028425, 15.5143572 ], [ 73.8033038, 15.514458 ], [ 73.8036096, 15.5144295 ], [ 73.8036981, 15.5143753 ], [ 73.8039261, 15.5142202 ], [ 73.8042212, 15.5141763 ], [ 73.8043177, 15.5141168 ], [ 73.8043901, 15.5139566 ], [ 73.8046154, 15.513817 ], [ 73.8048488, 15.5137085 ], [ 73.8049132, 15.5136284 ], [ 73.8049051, 15.5135017 ], [ 73.8049722, 15.5134552 ], [ 73.8049802, 15.5133751 ], [ 73.8048729, 15.5131218 ], [ 73.8048971, 15.5130417 ], [ 73.8049641, 15.5130417 ], [ 73.8050634, 15.5132174 ], [ 73.8052243, 15.5132381 ], [ 73.8055488, 15.5131993 ], [ 73.8057607, 15.513052 ], [ 73.8057929, 15.5129486 ], [ 73.8058546, 15.5128194 ], [ 73.806088, 15.5125196 ], [ 73.8062033, 15.5122818 ], [ 73.8061872, 15.5121707 ], [ 73.8061202, 15.5120622 ], [ 73.805986, 15.5118812 ], [ 73.8059914, 15.5118451 ], [ 73.8059995, 15.5117313 ], [ 73.8057795, 15.5114212 ], [ 73.8056722, 15.5113385 ], [ 73.8055247, 15.5113437 ], [ 73.8053235, 15.5109999 ], [ 73.8052055, 15.5110387 ], [ 73.8051385, 15.5110283 ], [ 73.8050339, 15.5109663 ], [ 73.8046959, 15.510912 ], [ 73.8046101, 15.5109017 ], [ 73.8045618, 15.5108319 ], [ 73.8043821, 15.5099713 ], [ 73.8043231, 15.5095035 ], [ 73.8042882, 15.5090279 ], [ 73.8035935, 15.5089245 ], [ 73.8028157, 15.5089969 ], [ 73.8023597, 15.5090641 ], [ 73.801834, 15.5091365 ], [ 73.801893, 15.5094725 ], [ 73.8014048, 15.5095138 ], [ 73.8013512, 15.5092554 ], [ 73.8007235, 15.5092399 ], [ 73.8005412, 15.5091933 ], [ 73.800509, 15.5089556 ], [ 73.8003534, 15.5089142 ], [ 73.8003588, 15.5086557 ], [ 73.798964, 15.5084697 ], [ 73.7984759, 15.5084283 ], [ 73.7983793, 15.5089039 ], [ 73.7979823, 15.5088005 ], [ 73.7978911, 15.5083042 ], [ 73.7968397, 15.508449 ], [ 73.796314, 15.5085885 ], [ 73.7959546, 15.5086816 ] ] ] } },
{ "type": "Feature", "properties": { "osm_id": "16712153", "code": 7229, "fclass": "farmland", "name": null }, "geometry": { "type": "Polygon", "coordinates": [ [ [ 73.7738559, 15.616287 ], [ 73.7749149, 15.6164762 ], [ 73.7747562, 15.6168462 ], [ 73.7747397, 15.616907 ], [ 73.7751272, 15.6170853 ], [ 73.7752801, 15.6172015 ], [ 73.7755939, 15.6176345 ], [ 73.7757348, 15.6178202 ], [ 73.7759671, 15.6180543 ], [ 73.7759936, 15.618063 ], [ 73.7760291, 15.6180508 ], [ 73.776069, 15.6180053 ], [ 73.776099, 15.617885 ], [ 73.7761208, 15.6177114 ], [ 73.7761123, 15.6175739 ], [ 73.7760971, 15.617529 ], [ 73.7760942, 15.6174965 ], [ 73.7761399, 15.6174796 ], [ 73.7765971, 15.617381 ], [ 73.7777625, 15.6172622 ], [ 73.7778349, 15.6172273 ], [ 73.7778443, 15.6171473 ], [ 73.7778738, 15.6170969 ], [ 73.777969, 15.617062 ], [ 73.7779905, 15.6170413 ], [ 73.7779731, 15.6169522 ], [ 73.7780553, 15.6169768 ], [ 73.7781608, 15.6170258 ], [ 73.778303, 15.6171253 ], [ 73.7783968, 15.6172144 ], [ 73.7784974, 15.6172286 ], [ 73.7786704, 15.6173294 ], [ 73.7788086, 15.6173784 ], [ 73.7790325, 15.6174624 ], [ 73.7792793, 15.6174495 ], [ 73.7794107, 15.6173797 ], [ 73.7795388, 15.617233 ], [ 73.7795538, 15.6170964 ], [ 73.7794965, 15.6170044 ], [ 73.7794017, 15.6169411 ], [ 73.7793077, 15.6169442 ], [ 73.7792283, 15.6168889 ], [ 73.779148, 15.616592 ], [ 73.7790996, 15.6165273 ], [ 73.7789708, 15.6164317 ], [ 73.7788609, 15.6163904 ], [ 73.7787428, 15.6163671 ], [ 73.7786114, 15.6163852 ], [ 73.7784245, 15.6164132 ], [ 73.776998, 15.6166075 ], [ 73.7769301, 15.6164779 ], [ 73.7768822, 15.6164036 ], [ 73.7768159, 15.6162362 ], [ 73.7767832, 15.6159135 ], [ 73.7768363, 15.6155278 ], [ 73.7769528, 15.6152347 ], [ 73.777155, 15.6151634 ], [ 73.7772837, 15.6149541 ], [ 73.777718, 15.6148578 ], [ 73.7776252, 15.6146459 ], [ 73.7774966, 15.6144831 ], [ 73.7770317, 15.614237 ], [ 73.7763804, 15.6138212 ], [ 73.7758086, 15.6134739 ], [ 73.7746686, 15.6132518 ], [ 73.7743627, 15.6142011 ], [ 73.7741106, 15.6153199 ], [ 73.7740606, 15.6156558 ], [ 73.7739068, 15.6159151 ], [ 73.7738559, 15.616287 ] ], [ [ 73.7757004, 15.6150612 ], [ 73.77572, 15.6148715 ], [ 73.7760714, 15.614905 ], [ 73.7760518, 15.6150948 ], [ 73.7757004, 15.6150612 ] ], [ [ 73.7757348, 15.6171046 ], [ 73.7757495, 15.6170672 ], [ 73.7757817, 15.617062 ], [ 73.7758447, 15.6170646 ], [ 73.7758702, 15.6170995 ], [ 73.7758622, 15.6171395 ], [ 73.7757871, 15.6171395 ], [ 73.7757348, 15.6171046 ] ], [ [ 73.7762296, 15.6170155 ], [ 73.7762484, 15.616991 ], [ 73.7762846, 15.6169948 ], [ 73.77629, 15.6170194 ], [ 73.7762779, 15.61704 ], [ 73.7762377, 15.61704 ], [ 73.7762296, 15.6170155 ] ] ] } },
{ "type": "Feature", "properties": { "osm_id": "1412668692", "code": 7215, "fclass": "orchard", "name": null }, "geometry": { "type": "Polygon", "coordinates": [ [ [ 73.7706989, 15.6206264 ], [ 73.7709939, 15.620623 ], [ 73.771635, 15.6206319 ], [ 73.7717557, 15.6206294 ], [ 73.7717595, 15.6205414 ], [ 73.7717638, 15.6204124 ], [ 73.7712648, 15.620384 ], [ 73.7712648, 15.62034 ], [ 73.7709845, 15.6203386 ], [ 73.7709972, 15.6204852 ], [ 73.7706993, 15.6204822 ], [ 73.7706989, 15.6206264 ] ] ] } },
{ "type": "Feature", "properties": { "osm_id": "1412668693", "code": 7215, "fclass": "orchard", "name": null }, "geometry": { "type": "Polygon", "coordinates": [ [ [ 73.7709781, 15.6202898 ], [ 73.7709821, 15.6203104 ], [ 73.7709845, 15.6203386 ], [ 73.7712648, 15.62034 ], [ 73.7712648, 15.620384 ], [ 73.7717638, 15.6204124 ], [ 73.7717852, 15.6199319 ], [ 73.7718664, 15.6199315 ], [ 73.7716296, 15.6195806 ], [ 73.7712007, 15.619205 ], [ 73.7711978, 15.6195806 ], [ 73.7715277, 15.6196271 ], [ 73.7715277, 15.6200456 ], [ 73.7709955, 15.6200425 ], [ 73.7709781, 15.6202898 ] ] ] } },
{ "type": "Feature", "properties": { "osm_id": "1412668696", "code": 7215, "fclass": "orchard", "name": null }, "geometry": { "type": "Polygon", "coordinates": [ [ [ 73.7709693, 15.6176373 ], [ 73.7710503, 15.618196 ], [ 73.7720802, 15.6182735 ], [ 73.7721392, 15.6185499 ], [ 73.7721446, 15.6188831 ], [ 73.7717584, 15.6189271 ], [ 73.7717825, 15.6191621 ], [ 73.7713721, 15.6192035 ], [ 73.7718093, 15.6195083 ], [ 73.7721178, 15.619454 ], [ 73.7721661, 15.6194179 ], [ 73.772158, 15.6192293 ], [ 73.7724167, 15.6192157 ], [ 73.7724182, 15.6185499 ], [ 73.773247, 15.6186455 ], [ 73.7732689, 15.6191708 ], [ 73.7740222, 15.6191311 ], [ 73.7739097, 15.6187754 ], [ 73.7735233, 15.6183949 ], [ 73.7728661, 15.6180824 ], [ 73.772711, 15.6180671 ], [ 73.7719153, 15.6178046 ], [ 73.7716681, 15.617616 ], [ 73.7715845, 15.6174096 ], [ 73.7712625, 15.6173947 ], [ 73.7711366, 15.6175123 ], [ 73.7710752, 15.6175946 ], [ 73.7709693, 15.6176373 ] ] ] } },
{ "type": "Feature", "properties": { "osm_id": "1412668698", "code": 7215, "fclass": "orchard", "name": null }, "geometry": { "type": "Polygon", "coordinates": [ [ [ 73.7756449, 15.6020867 ], [ 73.7757254, 15.6027016 ], [ 73.7758219, 15.6028824 ], [ 73.7762833, 15.6027429 ], [ 73.7766856, 15.6025879 ], [ 73.7765193, 15.6017354 ], [ 73.7761331, 15.6019007 ], [ 73.7756449, 15.6020867 ] ] ] } },
{ "type": "Feature", "properties": { "osm_id": "1412976165", "code": 7215, "fclass": "orchard", "name": null }, "geometry": { "type": "Polygon", "coordinates": [ [ [ 73.7583904, 15.6225745 ], [ 73.7597474, 15.6225099 ], [ 73.7597412, 15.6223448 ], [ 73.7583952, 15.6223985 ], [ 73.7583904, 15.6225745 ] ] ] } },
{ "type": "Feature", "properties": { "osm_id": "1412976166", "code": 7229, "fclass": "farmland", "name": null }, "geometry": { "type": "Polygon", "coordinates": [ [ [ 73.7580925, 15.6216884 ], [ 73.7583983, 15.6222826 ], [ 73.7583952, 15.6223985 ], [ 73.7597412, 15.6223448 ], [ 73.7597072, 15.6214353 ], [ 73.7595355, 15.621394 ], [ 73.759439, 15.6212493 ], [ 73.7593853, 15.6210323 ], [ 73.7590527, 15.6210323 ], [ 73.7590356, 15.6206639 ], [ 73.7585163, 15.6205364 ], [ 73.7583075, 15.6205542 ], [ 73.7580925, 15.6216884 ] ] ] } },
{ "type": "Feature", "properties": { "osm_id": "1412976167", "code": 7229, "fclass": "farmland", "name": null }, "geometry": { "type": "Polygon", "coordinates": [ [ [ 73.7567943, 15.6224995 ], [ 73.7568141, 15.6226568 ], [ 73.7569413, 15.6224698 ], [ 73.757303, 15.6223214 ], [ 73.7575909, 15.6223924 ], [ 73.7578923, 15.6225472 ], [ 73.7581267, 15.6225536 ], [ 73.7580731, 15.6223537 ], [ 73.7578655, 15.6221537 ], [ 73.7575909, 15.6219409 ], [ 73.7574436, 15.6218893 ], [ 73.7574972, 15.6216958 ], [ 73.7576177, 15.6212894 ], [ 73.7576847, 15.6209927 ], [ 73.7576914, 15.6208573 ], [ 73.7576043, 15.6207025 ], [ 73.7577048, 15.6205477 ], [ 73.757616, 15.6204598 ], [ 73.7575258, 15.6204176 ], [ 73.7575345, 15.6203706 ], [ 73.7576922, 15.6203253 ], [ 73.7577552, 15.6203042 ], [ 73.7579372, 15.6199011 ], [ 73.7582114, 15.6193785 ], [ 73.7581928, 15.6193621 ], [ 73.7581467, 15.6193414 ], [ 73.7578887, 15.6197563 ], [ 73.7575239, 15.620043 ], [ 73.7571967, 15.6202729 ], [ 73.757033, 15.620464 ], [ 73.7570706, 15.6205209 ], [ 73.7569024, 15.6207783 ], [ 73.7570196, 15.6208308 ], [ 73.7569016, 15.6212235 ], [ 73.7569928, 15.6213061 ], [ 73.756966, 15.6219623 ], [ 73.7567943, 15.6224995 ] ] ] } },
{ "type": "Feature", "properties": { "osm_id": "1412976168", "code": 7215, "fclass": "orchard", "name": null }, "geometry": { "type": "Polygon", "coordinates": [ [ [ 73.7559897, 15.6230523 ], [ 73.7562633, 15.6230523 ], [ 73.7564832, 15.6229748 ], [ 73.75673, 15.6227475 ], [ 73.7568141, 15.6226568 ], [ 73.7567943, 15.6224995 ], [ 73.756966, 15.6219623 ], [ 73.7569928, 15.6213061 ], [ 73.7569016, 15.6212235 ], [ 73.7570196, 15.6208308 ], [ 73.7569024, 15.6207783 ], [ 73.7567112, 15.6210711 ], [ 73.7567729, 15.6211021 ], [ 73.756443, 15.6218228 ], [ 73.7565771, 15.6218822 ], [ 73.7564966, 15.6221198 ], [ 73.7562016, 15.6226674 ], [ 73.7559897, 15.6230523 ] ] ] } },
{ "type": "Feature", "properties": { "osm_id": "1412976169", "code": 7215, "fclass": "orchard", "name": null }, "geometry": { "type": "Polygon", "coordinates": [ [ [ 73.7580025, 15.6202288 ], [ 73.7581274, 15.6202961 ], [ 73.7581837, 15.6204124 ], [ 73.7583446, 15.6204795 ], [ 73.7585002, 15.6204692 ], [ 73.7598279, 15.6208334 ], [ 73.7600103, 15.6200146 ], [ 73.7598145, 15.6198983 ], [ 73.7597018, 15.6203478 ], [ 73.758806, 15.6200611 ], [ 73.7584734, 15.6199216 ], [ 73.7585592, 15.6196917 ], [ 73.7587979, 15.6198622 ], [ 73.7589776, 15.6193404 ], [ 73.7585056, 15.6192215 ], [ 73.7580025, 15.6202288 ] ] ] } },
{ "type": "Feature", "properties": { "osm_id": "1412976170", "code": 7229, "fclass": "farmland", "name": null }, "geometry": { "type": "Polygon", "coordinates": [ [ [ 73.7559146, 15.6207094 ], [ 73.7562069, 15.6208696 ], [ 73.7567568, 15.6201282 ], [ 73.7570921, 15.6199138 ], [ 73.7572074, 15.6200327 ], [ 73.7576687, 15.6197253 ], [ 73.7578727, 15.6194331 ], [ 73.7577957, 15.6193366 ], [ 73.7577581, 15.6193357 ], [ 73.7576952, 15.6193237 ], [ 73.7576035, 15.619536 ], [ 73.7575313, 15.6196056 ], [ 73.7574178, 15.6196183 ], [ 73.7572962, 15.6195499 ], [ 73.7572031, 15.6195326 ], [ 73.7570637, 15.6195691 ], [ 73.7569137, 15.6196451 ], [ 73.7566989, 15.6197684 ], [ 73.7565807, 15.6198498 ], [ 73.7564731, 15.6199788 ], [ 73.7563618, 15.6201163 ], [ 73.756193, 15.6203731 ], [ 73.7561196, 15.6204621 ], [ 73.7559146, 15.6207094 ] ] ] } },
{ "type": "Feature", "properties": { "osm_id": "1412976171", "code": 7229, "fclass": "farmland", "name": null }, "geometry": { "type": "Polygon", "coordinates": [ [ [ 73.7556437, 15.6201954 ], [ 73.7560232, 15.6204576 ], [ 73.7561198, 15.620402 ], [ 73.7563943, 15.6200114 ], [ 73.7565916, 15.6197932 ], [ 73.7567808, 15.6196794 ], [ 73.7569779, 15.6195724 ], [ 73.7570838, 15.6195256 ], [ 73.7571442, 15.6195089 ], [ 73.7572177, 15.6194931 ], [ 73.7574462, 15.6195758 ], [ 73.757529, 15.619546 ], [ 73.7576155, 15.619355 ], [ 73.7577455, 15.6189242 ], [ 73.7578731, 15.6189413 ], [ 73.7578279, 15.6186384 ], [ 73.7573978, 15.6185938 ], [ 73.7572724, 15.61855 ], [ 73.7570438, 15.6189787 ], [ 73.7567982, 15.6188331 ], [ 73.7567568, 15.6189038 ], [ 73.756848, 15.6190046 ], [ 73.7566817, 15.6191931 ], [ 73.7566066, 15.6191699 ], [ 73.7563598, 15.6193843 ], [ 73.7558985, 15.6197459 ], [ 73.7556437, 15.6201954 ] ] ] } },
{ "type": "Feature", "properties": { "osm_id": "1412976172", "code": 7229, "fclass": "farmland", "name": null }, "geometry": { "type": "Polygon", "coordinates": [ [ [ 73.756269, 15.6185904 ], [ 73.7566736, 15.6187592 ], [ 73.7571189, 15.6180772 ], [ 73.7574542, 15.6180694 ], [ 73.7574542, 15.6182089 ], [ 73.7573183, 15.6184638 ], [ 73.757422, 15.6185241 ], [ 73.7577599, 15.6185654 ], [ 73.7577519, 15.6184905 ], [ 73.7576392, 15.6175218 ], [ 73.7579155, 15.6174676 ], [ 73.7579182, 15.6173126 ], [ 73.7577653, 15.6170284 ], [ 73.7575075, 15.6167673 ], [ 73.757456, 15.6168172 ], [ 73.7570403, 15.6172362 ], [ 73.7569975, 15.6179162 ], [ 73.7569315, 15.6180017 ], [ 73.7568626, 15.6181384 ], [ 73.7566676, 15.6183086 ], [ 73.7565419, 15.6185143 ], [ 73.7563328, 15.6185213 ], [ 73.7562829, 15.6185544 ], [ 73.756269, 15.6185904 ] ] ] } },
{ "type": "Feature", "properties": { "osm_id": "1412976173", "code": 7229, "fclass": "farmland", "name": null }, "geometry": { "type": "Polygon", "coordinates": [ [ [ 73.7528126, 15.6191335 ], [ 73.7530719, 15.6193019 ], [ 73.7532599, 15.6190457 ], [ 73.7535482, 15.6188396 ], [ 73.7539079, 15.618811 ], [ 73.754778, 15.618988 ], [ 73.7553194, 15.6190695 ], [ 73.75537, 15.6190786 ], [ 73.7554315, 15.6190753 ], [ 73.7554794, 15.619063 ], [ 73.7555032, 15.6186467 ], [ 73.7555149, 15.6190797 ], [ 73.7557203, 15.6190904 ], [ 73.7557617, 15.618901 ], [ 73.7557864, 15.6188118 ], [ 73.7558813, 15.6187373 ], [ 73.755899, 15.6186021 ], [ 73.7559846, 15.6185695 ], [ 73.7561883, 15.6186375 ], [ 73.756268, 15.6185012 ], [ 73.7563377, 15.6184823 ], [ 73.7565001, 15.6184756 ], [ 73.7565886, 15.6183561 ], [ 73.7566162, 15.618294 ], [ 73.7568169, 15.6181084 ], [ 73.7569499, 15.6179103 ], [ 73.7569683, 15.6177679 ], [ 73.7569856, 15.6172238 ], [ 73.756907, 15.617217 ], [ 73.7568533, 15.6169561 ], [ 73.7562929, 15.6171902 ], [ 73.7559026, 15.6175255 ], [ 73.7560143, 15.6176446 ], [ 73.7554983, 15.6180494 ], [ 73.7552961, 15.6181563 ], [ 73.7552221, 15.6180106 ], [ 73.7548116, 15.6181496 ], [ 73.754829, 15.6184489 ], [ 73.753927, 15.6183691 ], [ 73.7539244, 15.6182532 ], [ 73.7534469, 15.6183665 ], [ 73.7531082, 15.6185762 ], [ 73.7528655, 15.6187913 ], [ 73.7530144, 15.6188998 ], [ 73.7528126, 15.6191335 ] ] ] } },
{ "type": "Feature", "properties": { "osm_id": "1412976174", "code": 7215, "fclass": "orchard", "name": null }, "geometry": { "type": "Polygon", "coordinates": [ [ [ 73.7541927, 15.618021 ], [ 73.7542408, 15.618101 ], [ 73.7544726, 15.6180378 ], [ 73.7547343, 15.6179664 ], [ 73.7547836, 15.6180811 ], [ 73.7551874, 15.6179423 ], [ 73.7550348, 15.6176587 ], [ 73.7555873, 15.6172661 ], [ 73.7557483, 15.6173617 ], [ 73.7561045, 15.6170461 ], [ 73.7562929, 15.6171902 ], [ 73.7568533, 15.6169561 ], [ 73.7570947, 15.6167882 ], [ 73.7572208, 15.6166022 ], [ 73.7572649, 15.6165 ], [ 73.7569843, 15.6162696 ], [ 73.756685, 15.6161142 ], [ 73.7564566, 15.6160123 ], [ 73.7563683, 15.6160613 ], [ 73.7562733, 15.616162 ], [ 73.7561687, 15.6163464 ], [ 73.7560268, 15.6166488 ], [ 73.7558962, 15.6168133 ], [ 73.7557002, 15.616912 ], [ 73.7551877, 15.6172893 ], [ 73.7549275, 15.6174701 ], [ 73.7547284, 15.6175855 ], [ 73.7546271, 15.6176484 ], [ 73.7541927, 15.618021 ] ] ] } },
{ "type": "Feature", "properties": { "osm_id": "1413043401", "code": 7215, "fclass": "orchard", "name": null }, "geometry": { "type": "Polygon", "coordinates": [ [ [ 73.7629956, 15.6296004 ], [ 73.7632799, 15.6296314 ], [ 73.7632585, 15.6299207 ], [ 73.7631431, 15.6299155 ], [ 73.7631297, 15.6301816 ], [ 73.7633899, 15.6301945 ], [ 73.7634167, 15.6299414 ], [ 73.764047, 15.6299827 ], [ 73.7640134, 15.6306759 ], [ 73.7641785, 15.6306782 ], [ 73.7642831, 15.6300989 ], [ 73.764672, 15.6300834 ], [ 73.7646854, 15.6299052 ], [ 73.7642992, 15.6298742 ], [ 73.7639827, 15.6298691 ], [ 73.7640014, 15.6294584 ], [ 73.7638244, 15.6294429 ], [ 73.763575, 15.6294351 ], [ 73.7635562, 15.6291329 ], [ 73.7632853, 15.6291096 ], [ 73.7632585, 15.6294274 ], [ 73.7630144, 15.6294041 ], [ 73.7629956, 15.6296004 ] ] ] } },
{ "type": "Feature", "properties": { "osm_id": "1415138940", "code": 7229, "fclass": "farmland", "name": null }, "geometry": { "type": "Polygon", "coordinates": [ [ [ 73.8009354, 15.6158195 ], [ 73.8009864, 15.6158763 ], [ 73.8011286, 15.6158272 ], [ 73.801311, 15.6158763 ], [ 73.8014799, 15.6160546 ], [ 73.8016275, 15.6162251 ], [ 73.8018528, 15.6163129 ], [ 73.802188, 15.6162767 ], [ 73.802534, 15.6161372 ], [ 73.8031375, 15.6157833 ], [ 73.8034889, 15.615525 ], [ 73.8036981, 15.6153416 ], [ 73.8037837, 15.6152632 ], [ 73.8038456, 15.6151014 ], [ 73.8039261, 15.6145666 ], [ 73.8039663, 15.6144581 ], [ 73.8042024, 15.6143548 ], [ 73.8045537, 15.6142825 ], [ 73.8051546, 15.6142334 ], [ 73.8053691, 15.614236 ], [ 73.8057527, 15.614205 ], [ 73.8058412, 15.614236 ], [ 73.8060048, 15.6144116 ], [ 73.8060799, 15.614422 ], [ 73.8063052, 15.614391 ], [ 73.8063723, 15.6143341 ], [ 73.8063991, 15.6141766 ], [ 73.8064393, 15.6140784 ], [ 73.8065413, 15.6140629 ], [ 73.8066834, 15.6140681 ], [ 73.8066539, 15.6140087 ], [ 73.8064688, 15.6139337 ], [ 73.805801, 15.6136858 ], [ 73.8052565, 15.6135953 ], [ 73.8048702, 15.6135979 ], [ 73.8042453, 15.6136832 ], [ 73.8039207, 15.6138924 ], [ 73.8034781, 15.614267 ], [ 73.8035439, 15.6144453 ], [ 73.8033025, 15.6145434 ], [ 73.8033897, 15.614732 ], [ 73.8033494, 15.6147513 ], [ 73.8030517, 15.6148715 ], [ 73.8030219, 15.6148547 ], [ 73.8021875, 15.6150985 ], [ 73.8021558, 15.6151995 ], [ 73.8021237, 15.6152667 ], [ 73.8022605, 15.6153545 ], [ 73.8025019, 15.615401 ], [ 73.8024831, 15.6154372 ], [ 73.8023356, 15.615463 ], [ 73.8021049, 15.6154268 ], [ 73.8018608, 15.6154372 ], [ 73.801547, 15.6156335 ], [ 73.8012493, 15.6157446 ], [ 73.8009354, 15.6158195 ] ] ] } },
{ "type": "Feature", "properties": { "osm_id": "1415138941", "code": 7229, "fclass": "farmland", "name": null }, "geometry": { "type": "Polygon", "coordinates": [ [ [ 73.8006753, 15.6161036 ], [ 73.8007182, 15.6161631 ], [ 73.8008577, 15.6161682 ], [ 73.8011393, 15.6164653 ], [ 73.8013351, 15.616566 ], [ 73.8019064, 15.6163904 ], [ 73.8016757, 15.6163697 ], [ 73.8014048, 15.616176 ], [ 73.8012573, 15.6159461 ], [ 73.80115, 15.6159228 ], [ 73.8010722, 15.6159263 ], [ 73.8010615, 15.6159745 ], [ 73.8009971, 15.6160339 ], [ 73.8009596, 15.616052 ], [ 73.8006753, 15.6161036 ] ] ] } },
{ "type": "Feature", "properties": { "osm_id": "1415248021", "code": 7229, "fclass": "farmland", "name": null }, "geometry": { "type": "Polygon", "coordinates": [ [ [ 73.8003024, 15.6158763 ], [ 73.8003802, 15.6160726 ], [ 73.8004097, 15.6159745 ], [ 73.8004661, 15.6159073 ], [ 73.800509, 15.6158892 ], [ 73.8005573, 15.6158815 ], [ 73.8008013, 15.6158815 ], [ 73.8009354, 15.6158195 ], [ 73.8012493, 15.6157446 ], [ 73.801547, 15.6156335 ], [ 73.8018608, 15.6154372 ], [ 73.8021049, 15.6154268 ], [ 73.8023356, 15.615463 ], [ 73.8024831, 15.6154372 ], [ 73.8025019, 15.615401 ], [ 73.8022605, 15.6153545 ], [ 73.8021237, 15.6152667 ], [ 73.8021558, 15.6151995 ], [ 73.8021875, 15.6150985 ], [ 73.8014422, 15.6153467 ], [ 73.8009717, 15.6154946 ], [ 73.8006721, 15.6155616 ], [ 73.8005465, 15.6155973 ], [ 73.8003668, 15.6156697 ], [ 73.8004339, 15.6158298 ], [ 73.8003024, 15.6158763 ] ] ] } },
{ "type": "Feature", "properties": { "osm_id": "1418362449", "code": 7215, "fclass": "orchard", "name": null }, "geometry": { "type": "Polygon", "coordinates": [ [ [ 73.8334287, 15.3736892 ], [ 73.8334411, 15.3737603 ], [ 73.8335162, 15.3738276 ], [ 73.8337496, 15.3739725 ], [ 73.8339025, 15.3739026 ], [ 73.8339534, 15.373794 ], [ 73.8340875, 15.3738095 ], [ 73.8341372, 15.3739207 ], [ 73.8342069, 15.3739349 ], [ 73.8342673, 15.3738961 ], [ 73.8343129, 15.3738353 ], [ 73.8343759, 15.373794 ], [ 73.8344926, 15.3737991 ], [ 73.8346012, 15.3738509 ], [ 73.8346481, 15.3739375 ], [ 73.8346776, 15.37405 ], [ 73.8347568, 15.3741379 ], [ 73.8348989, 15.374116 ], [ 73.835092, 15.3741199 ], [ 73.8351621, 15.3741386 ], [ 73.8356647, 15.3740293 ], [ 73.8360751, 15.37375 ], [ 73.8366893, 15.3733647 ], [ 73.836861, 15.373119 ], [ 73.8370262, 15.3727702 ], [ 73.8368301, 15.3726896 ], [ 73.8366276, 15.3726354 ], [ 73.8365605, 15.3726651 ], [ 73.8365257, 15.3727077 ], [ 73.8364841, 15.372797 ], [ 73.8364707, 15.3728526 ], [ 73.8364264, 15.372903 ], [ 73.8363379, 15.3728823 ], [ 73.8362682, 15.3728448 ], [ 73.8360939, 15.3727776 ], [ 73.8360013, 15.372806 ], [ 73.835949, 15.3728694 ], [ 73.8359088, 15.3729392 ], [ 73.8359074, 15.3730064 ], [ 73.8360557, 15.3729916 ], [ 73.8361381, 15.3730789 ], [ 73.8362682, 15.3731655 ], [ 73.8363486, 15.3732741 ], [ 73.8361475, 15.3734448 ], [ 73.8360214, 15.3735017 ], [ 73.8358766, 15.3735379 ], [ 73.8357022, 15.373419 ], [ 73.8356486, 15.3733491 ], [ 73.8355574, 15.3733 ], [ 73.835308, 15.3734034 ], [ 73.8350666, 15.3735276 ], [ 73.8347876, 15.3736233 ], [ 73.8343075, 15.3736621 ], [ 73.8337067, 15.3736918 ], [ 73.8334287, 15.3736892 ] ] ] } },
{ "type": "Feature", "properties": { "osm_id": "1418362450", "code": 7215, "fclass": "orchard", "name": null }, "geometry": { "type": "Polygon", "coordinates": [ [ [ 73.8370514, 15.3708069 ], [ 73.8371319, 15.3709879 ], [ 73.8374578, 15.3707713 ], [ 73.8374001, 15.3705948 ], [ 73.8375556, 15.3704706 ], [ 73.8376683, 15.3706931 ], [ 73.8379633, 15.3705482 ], [ 73.8379204, 15.3704137 ], [ 73.8382637, 15.3702689 ], [ 73.8381994, 15.3701396 ], [ 73.8385051, 15.3700258 ], [ 73.8383388, 15.3698654 ], [ 73.8381672, 15.3698654 ], [ 73.8373518, 15.3703155 ], [ 73.8373464, 15.3704034 ], [ 73.8373089, 15.3705948 ], [ 73.8370514, 15.3708069 ] ] ] } },
{ "type": "Feature", "properties": { "osm_id": "1418362451", "code": 7215, "fclass": "orchard", "name": null }, "geometry": { "type": "Polygon", "coordinates": [ [ [ 73.8388967, 15.3701086 ], [ 73.8392508, 15.370331 ], [ 73.839511, 15.370569 ], [ 73.8395888, 15.3706672 ], [ 73.8396746, 15.370856 ], [ 73.8397846, 15.3709569 ], [ 73.839975, 15.3709413 ], [ 73.8402271, 15.3707732 ], [ 73.8403907, 15.3705068 ], [ 73.8404886, 15.3702327 ], [ 73.8405852, 15.3702288 ], [ 73.8405865, 15.3703258 ], [ 73.8405745, 15.3704784 ], [ 73.8405906, 15.3705689 ], [ 73.8406751, 15.3706039 ], [ 73.8408856, 15.3706478 ], [ 73.8409929, 15.3706465 ], [ 73.841068, 15.3706142 ], [ 73.8411002, 15.3705366 ], [ 73.8411163, 15.3704357 ], [ 73.8411739, 15.3703943 ], [ 73.8412316, 15.3703762 ], [ 73.8414684, 15.3703468 ], [ 73.8416326, 15.3701396 ], [ 73.8417399, 15.3699379 ], [ 73.8422656, 15.3690896 ], [ 73.8421422, 15.3689913 ], [ 73.8420027, 15.3689577 ], [ 73.8419035, 15.369162 ], [ 73.8418284, 15.369387 ], [ 73.8416916, 15.3696611 ], [ 73.8414448, 15.369762 ], [ 73.8405436, 15.3699637 ], [ 73.8401681, 15.3699689 ], [ 73.8389611, 15.3698137 ], [ 73.8389236, 15.3699275 ], [ 73.8389879, 15.3699534 ], [ 73.8388967, 15.3701086 ] ] ] } },
{ "type": "Feature", "properties": { "osm_id": "1418362453", "code": 7229, "fclass": "farmland", "name": null }, "geometry": { "type": "Polygon", "coordinates": [ [ [ 73.8401359, 15.367305 ], [ 73.8401896, 15.3674757 ], [ 73.8407636, 15.3673929 ], [ 73.8408279, 15.3677033 ], [ 73.8409942, 15.367724 ], [ 73.8411874, 15.3682619 ], [ 73.8413751, 15.3685671 ], [ 73.8417077, 15.3684145 ], [ 73.8418472, 15.3681844 ], [ 73.8420591, 15.3679593 ], [ 73.8421208, 15.3674498 ], [ 73.8420752, 15.3673955 ], [ 73.8419974, 15.3673257 ], [ 73.8420212, 15.3668989 ], [ 73.8416487, 15.3665498 ], [ 73.8413912, 15.3664877 ], [ 73.8406616, 15.3668395 ], [ 73.8404095, 15.3671033 ], [ 73.8401359, 15.367305 ] ] ] } },
{ "type": "Feature", "properties": { "osm_id": "1418362454", "code": 7229, "fclass": "farmland", "name": null }, "geometry": { "type": "Polygon", "coordinates": [ [ [ 73.8348409, 15.3728634 ], [ 73.8349043, 15.3729819 ], [ 73.8350183, 15.3730569 ], [ 73.8351779, 15.3732473 ], [ 73.8354045, 15.3732017 ], [ 73.8356245, 15.3730776 ], [ 73.8358444, 15.3727879 ], [ 73.8359088, 15.3726664 ], [ 73.835941, 15.3724776 ], [ 73.8358498, 15.3724103 ], [ 73.835831, 15.3722939 ], [ 73.8359088, 15.3721672 ], [ 73.8360483, 15.3720974 ], [ 73.8365793, 15.3714896 ], [ 73.83646, 15.3714314 ], [ 73.836346, 15.3714495 ], [ 73.8362306, 15.3715232 ], [ 73.8359061, 15.3718026 ], [ 73.8355279, 15.3721646 ], [ 73.8353757, 15.3723205 ], [ 73.8352114, 15.3724705 ], [ 73.8349526, 15.3727181 ], [ 73.8348409, 15.3728634 ] ] ] } },
{ "type": "Feature", "properties": { "osm_id": "1418362455", "code": 7215, "fclass": "orchard", "name": null }, "geometry": { "type": "Polygon", "coordinates": [ [ [ 73.8312592, 15.371456 ], [ 73.8312699, 15.3714741 ], [ 73.8312913, 15.3714832 ], [ 73.8313168, 15.3714857 ], [ 73.8313772, 15.3714431 ], [ 73.8314335, 15.3714133 ], [ 73.8315113, 15.3713836 ], [ 73.831577, 15.3713668 ], [ 73.8316521, 15.3713551 ], [ 73.83175, 15.3713357 ], [ 73.8318104, 15.3713306 ], [ 73.8318452, 15.3713319 ], [ 73.831915, 15.371337 ], [ 73.8319994, 15.37135 ], [ 73.832033, 15.3714069 ], [ 73.8320169, 15.3715103 ], [ 73.8320169, 15.3715698 ], [ 73.8320088, 15.3717043 ], [ 73.8319901, 15.3718077 ], [ 73.8319981, 15.3718879 ], [ 73.832033, 15.3720224 ], [ 73.8320678, 15.3721026 ], [ 73.8320973, 15.3721543 ], [ 73.8321295, 15.3722138 ], [ 73.8321751, 15.372281 ], [ 73.8322368, 15.3723224 ], [ 73.8322985, 15.3723095 ], [ 73.8323736, 15.3722733 ], [ 73.8324541, 15.3721853 ], [ 73.8325292, 15.3721052 ], [ 73.8325775, 15.3720483 ], [ 73.8326606, 15.3719189 ], [ 73.8327196, 15.3718672 ], [ 73.8328242, 15.3718051 ], [ 73.8329691, 15.3717896 ], [ 73.8331033, 15.3717659 ], [ 73.8331863, 15.3717689 ], [ 73.8332748, 15.3717896 ], [ 73.8334358, 15.3718077 ], [ 73.8335216, 15.371831 ], [ 73.833645, 15.3718439 ], [ 73.8337898, 15.371862 ], [ 73.8338783, 15.3718776 ], [ 73.833991, 15.3718957 ], [ 73.8340822, 15.3719189 ], [ 73.8342243, 15.3719396 ], [ 73.8343236, 15.3719655 ], [ 73.8344014, 15.3719603 ], [ 73.8344872, 15.3718646 ], [ 73.8345784, 15.3718103 ], [ 73.8347286, 15.3718336 ], [ 73.8348815, 15.3718853 ], [ 73.8349673, 15.3719551 ], [ 73.8350666, 15.3720431 ], [ 73.8351658, 15.3721052 ], [ 73.8352516, 15.372131 ], [ 73.8353509, 15.3721026 ], [ 73.8355064, 15.3719241 ], [ 73.8356432, 15.3718207 ], [ 73.8357317, 15.3717612 ], [ 73.8358337, 15.371681 ], [ 73.8359839, 15.3715491 ], [ 73.8360885, 15.3714353 ], [ 73.8361904, 15.3713577 ], [ 73.8362923, 15.371262 ], [ 73.8363942, 15.371187 ], [ 73.8364989, 15.3710732 ], [ 73.836582, 15.3709569 ], [ 73.8366249, 15.3708715 ], [ 73.8366437, 15.3707939 ], [ 73.8366222, 15.3706879 ], [ 73.8365874, 15.3705637 ], [ 73.8365592, 15.3704991 ], [ 73.8365699, 15.3704409 ], [ 73.836637, 15.3703879 ], [ 73.8366933, 15.3703542 ], [ 73.8366933, 15.3702805 ], [ 73.8365833, 15.3702172 ], [ 73.8364049, 15.3703025 ], [ 73.8361877, 15.3701473 ], [ 73.836067, 15.3700723 ], [ 73.8359302, 15.370031 ], [ 73.8358243, 15.370128 ], [ 73.8357452, 15.3702379 ], [ 73.8356929, 15.3703374 ], [ 73.8356835, 15.3704163 ], [ 73.8358766, 15.3706646 ], [ 73.8360268, 15.3707603 ], [ 73.8361314, 15.3708767 ], [ 73.8358444, 15.3712129 ], [ 73.8354421, 15.3716629 ], [ 73.8353401, 15.3717586 ], [ 73.8352302, 15.3717715 ], [ 73.8351417, 15.3716888 ], [ 73.8350826, 15.371575 ], [ 73.835037, 15.371425 ], [ 73.8349673, 15.3713913 ], [ 73.8349217, 15.3713034 ], [ 73.8349405, 15.3712026 ], [ 73.8350451, 15.3710939 ], [ 73.8352409, 15.3709491 ], [ 73.835367, 15.3707991 ], [ 73.8354394, 15.370631 ], [ 73.8353884, 15.3705663 ], [ 73.8352811, 15.3705405 ], [ 73.8351859, 15.3706905 ], [ 73.835078, 15.3707875 ], [ 73.8349646, 15.3707913 ], [ 73.8348976, 15.3707474 ], [ 73.8349003, 15.3706672 ], [ 73.8349512, 15.3705818 ], [ 73.8347339, 15.3704862 ], [ 73.8345328, 15.3705896 ], [ 73.8344121, 15.3707293 ], [ 73.834286, 15.3709 ], [ 73.8341975, 15.3708482 ], [ 73.8340607, 15.3708405 ], [ 73.8340111, 15.3709245 ], [ 73.8340285, 15.3710189 ], [ 73.83405, 15.3711275 ], [ 73.8340125, 15.3712413 ], [ 73.8338998, 15.3713319 ], [ 73.8337711, 15.3713965 ], [ 73.8335029, 15.3713603 ], [ 73.8332836, 15.3713726 ], [ 73.8331139, 15.371337 ], [ 73.8330576, 15.3713603 ], [ 73.8329776, 15.3714443 ], [ 73.8329288, 15.3714715 ], [ 73.8328591, 15.3714767 ], [ 73.832792, 15.3714379 ], [ 73.8326606, 15.3713836 ], [ 73.8326311, 15.3714612 ], [ 73.8325962, 15.3715827 ], [ 73.832607, 15.3716758 ], [ 73.8326365, 15.3717224 ], [ 73.8325882, 15.3718026 ], [ 73.8325319, 15.3718129 ], [ 73.832497, 15.3717741 ], [ 73.8324621, 15.371712 ], [ 73.8324273, 15.3716655 ], [ 73.8323548, 15.371712 ], [ 73.8322234, 15.3717431 ], [ 73.832202, 15.3716939 ], [ 73.8321912, 15.3716474 ], [ 73.8322127, 15.3715931 ], [ 73.8322476, 15.3715491 ], [ 73.8322556, 15.3714482 ], [ 73.8322985, 15.3713551 ], [ 73.8323522, 15.3712801 ], [ 73.8323924, 15.3712284 ], [ 73.8325319, 15.3711793 ], [ 73.8325627, 15.3711599 ], [ 73.8325681, 15.3711353 ], [ 73.8325708, 15.3710978 ], [ 73.8325547, 15.3710668 ], [ 73.8325265, 15.3710099 ], [ 73.8324963, 15.3709762 ], [ 73.8324816, 15.3709472 ], [ 73.8324554, 15.3709193 ], [ 73.8324273, 15.370909 ], [ 73.8323897, 15.3709193 ], [ 73.8323481, 15.3709413 ], [ 73.8323119, 15.370975 ], [ 73.8322315, 15.371037 ], [ 73.8321188, 15.3710681 ], [ 73.8320115, 15.3710991 ], [ 73.8319324, 15.371125 ], [ 73.8318627, 15.3711353 ], [ 73.8317795, 15.3711663 ], [ 73.8316843, 15.3711961 ], [ 73.8315743, 15.3712232 ], [ 73.8314925, 15.3712581 ], [ 73.8314174, 15.3712646 ], [ 73.8313772, 15.3712969 ], [ 73.8313383, 15.3713267 ], [ 73.8313007, 15.3713745 ], [ 73.8312645, 15.3714198 ], [ 73.8312592, 15.371456 ] ] ] } },
{ "type": "Feature", "properties": { "osm_id": "1418362478", "code": 7215, "fclass": "orchard", "name": null }, "geometry": { "type": "Polygon", "coordinates": [ [ [ 73.8367295, 15.3700723 ], [ 73.8369226, 15.3702172 ], [ 73.8370889, 15.3702327 ], [ 73.838312, 15.3697258 ], [ 73.8387734, 15.3696792 ], [ 73.8400608, 15.3698396 ], [ 73.8400984, 15.3696973 ], [ 73.8400716, 15.3693973 ], [ 73.8399884, 15.3689938 ], [ 73.8400769, 15.3689758 ], [ 73.8401493, 15.3694309 ], [ 73.8401654, 15.3696741 ], [ 73.8401681, 15.3698603 ], [ 73.8402298, 15.3698719 ], [ 73.8403022, 15.3698797 ], [ 73.8404739, 15.3698499 ], [ 73.8410103, 15.3697361 ], [ 73.8415253, 15.3696016 ], [ 73.8416916, 15.3694051 ], [ 73.8418204, 15.3690637 ], [ 73.8420483, 15.3686551 ], [ 73.8421556, 15.3684042 ], [ 73.8421637, 15.3682464 ], [ 73.8420591, 15.3681895 ], [ 73.8417399, 15.3684507 ], [ 73.8413751, 15.3685671 ], [ 73.8411874, 15.3682619 ], [ 73.8409942, 15.367724 ], [ 73.8408279, 15.3677033 ], [ 73.8407636, 15.3673929 ], [ 73.8401896, 15.3674757 ], [ 73.8401359, 15.367305 ], [ 73.8404095, 15.3671033 ], [ 73.8406616, 15.3668395 ], [ 73.8413912, 15.3664877 ], [ 73.8416487, 15.3665498 ], [ 73.8420212, 15.3668989 ], [ 73.8420255, 15.3671744 ], [ 73.8420779, 15.3672482 ], [ 73.8421771, 15.367305 ], [ 73.8422133, 15.367199 ], [ 73.8423085, 15.3671343 ], [ 73.8424158, 15.3671304 ], [ 73.8425472, 15.3669908 ], [ 73.8427028, 15.3668628 ], [ 73.8429362, 15.3666442 ], [ 73.8430729, 15.366467 ], [ 73.8431802, 15.3663507 ], [ 73.8432084, 15.3662382 ], [ 73.8430703, 15.366136 ], [ 73.8432258, 15.365867 ], [ 73.8433707, 15.3659291 ], [ 73.8437194, 15.365417 ], [ 73.8436469, 15.3653382 ], [ 73.8437448, 15.3652269 ], [ 73.8438132, 15.3652463 ], [ 73.8438535, 15.3652709 ], [ 73.8439098, 15.365245 ], [ 73.84395, 15.3651584 ], [ 73.8439755, 15.3650743 ], [ 73.8440439, 15.3648364 ], [ 73.8440426, 15.3646139 ], [ 73.8439822, 15.3645105 ], [ 73.8439111, 15.3644613 ], [ 73.8438226, 15.3644368 ], [ 73.8437153, 15.3644096 ], [ 73.8436322, 15.3644497 ], [ 73.8435718, 15.3645208 ], [ 73.8435383, 15.3645635 ], [ 73.8435316, 15.3646359 ], [ 73.8437992, 15.3648512 ], [ 73.8436966, 15.3649592 ], [ 73.8434136, 15.3647497 ], [ 73.8429147, 15.3653446 ], [ 73.8425714, 15.365567 ], [ 73.8421261, 15.3657636 ], [ 73.8415253, 15.3662964 ], [ 73.840667, 15.3666584 ], [ 73.8400608, 15.3669533 ], [ 73.839802, 15.3670218 ], [ 73.8396169, 15.3671149 ], [ 73.8395405, 15.3672429 ], [ 73.8395458, 15.3673102 ], [ 73.8396009, 15.3673232 ], [ 73.839692, 15.3674847 ], [ 73.8395673, 15.3675662 ], [ 73.8394613, 15.3674058 ], [ 73.8392629, 15.3674873 ], [ 73.8390926, 15.367574 ], [ 73.8389008, 15.36768 ], [ 73.8388297, 15.3677201 ], [ 73.8387921, 15.3677499 ], [ 73.8388002, 15.3677964 ], [ 73.8389263, 15.3679491 ], [ 73.8386715, 15.3681378 ], [ 73.8385038, 15.3679568 ], [ 73.8375556, 15.3688516 ], [ 73.8371479, 15.3691568 ], [ 73.8368368, 15.3692809 ], [ 73.8367993, 15.3696948 ], [ 73.8369441, 15.3699172 ], [ 73.8367295, 15.3700723 ] ] ] } },
{ "type": "Feature", "properties": { "osm_id": "1418978077", "code": 7229, "fclass": "farmland", "name": null }, "geometry": { "type": "Polygon", "coordinates": [ [ [ 73.804661, 15.6444549 ], [ 73.8049668, 15.644987 ], [ 73.8051599, 15.6460098 ], [ 73.8048381, 15.6460459 ], [ 73.8048381, 15.6462887 ], [ 73.805809, 15.6462835 ], [ 73.8059217, 15.6456482 ], [ 73.8062328, 15.6455758 ], [ 73.8059431, 15.6445634 ], [ 73.8057929, 15.6445582 ], [ 73.8057661, 15.6443722 ], [ 73.8056427, 15.6442224 ], [ 73.8048756, 15.64399 ], [ 73.804661, 15.6444549 ] ] ] } },
{ "type": "Feature", "properties": { "osm_id": "1420740243", "code": 7215, "fclass": "orchard", "name": null }, "geometry": { "type": "Polygon", "coordinates": [ [ [ 73.8274088, 15.630693 ], [ 73.8275617, 15.630879 ], [ 73.8283979, 15.6309482 ], [ 73.8283932, 15.631065 ], [ 73.8290413, 15.6312107 ], [ 73.829686, 15.6310547 ], [ 73.829686, 15.630755 ], [ 73.8287044, 15.6306001 ], [ 73.8287768, 15.6294222 ], [ 73.828146, 15.6296935 ], [ 73.8281491, 15.630396 ], [ 73.828463, 15.6303934 ], [ 73.828479, 15.6301764 ], [ 73.8286185, 15.6301764 ], [ 73.8286185, 15.6305406 ], [ 73.8283932, 15.6305432 ], [ 73.8283879, 15.6307421 ], [ 73.8274088, 15.630693 ] ] ] } },
{ "type": "Feature", "properties": { "osm_id": "1421708372", "code": 7229, "fclass": "farmland", "name": null }, "geometry": { "type": "Polygon", "coordinates": [ [ [ 73.7801993, 15.5043137 ], [ 73.7803334, 15.5047427 ], [ 73.7808001, 15.5053785 ], [ 73.7813204, 15.5052286 ], [ 73.7809932, 15.5041017 ], [ 73.7808376, 15.5040707 ], [ 73.7801993, 15.5043137 ] ] ] } },
{ "type": "Feature", "properties": { "osm_id": "1421708373", "code": 7229, "fclass": "farmland", "name": null }, "geometry": { "type": "Polygon", "coordinates": [ [ [ 73.7809771, 15.5024579 ], [ 73.7809932, 15.5026337 ], [ 73.7812507, 15.5028714 ], [ 73.7812185, 15.5030834 ], [ 73.7815511, 15.5034866 ], [ 73.7820286, 15.5037037 ], [ 73.7821895, 15.504019 ], [ 73.7819856, 15.5041689 ], [ 73.781122, 15.5041224 ], [ 73.7814814, 15.5055181 ], [ 73.7826776, 15.5052338 ], [ 73.7827098, 15.504691 ], [ 73.7830692, 15.5044997 ], [ 73.7831926, 15.5045101 ], [ 73.7832302, 15.5043602 ], [ 73.7832355, 15.5041379 ], [ 73.78308, 15.503895 ], [ 73.7828118, 15.5038898 ], [ 73.782624, 15.5037606 ], [ 73.7831014, 15.5028094 ], [ 73.7827045, 15.5023649 ], [ 73.7825704, 15.5024631 ], [ 73.7824953, 15.50237 ], [ 73.7825704, 15.5022615 ], [ 73.7824094, 15.5021219 ], [ 73.7821519, 15.5017601 ], [ 73.7809771, 15.5024579 ] ] ] } },
{ "type": "Feature", "properties": { "osm_id": "1421708374", "code": 7229, "fclass": "farmland", "name": null }, "geometry": { "type": "Polygon", "coordinates": [ [ [ 73.7781179, 15.5018557 ], [ 73.7781447, 15.5027189 ], [ 73.7782654, 15.5032074 ], [ 73.7787509, 15.5045851 ], [ 73.7788052, 15.5046765 ], [ 73.7801832, 15.5041844 ], [ 73.7799659, 15.5036287 ], [ 73.7801617, 15.5035357 ], [ 73.7800947, 15.5033237 ], [ 73.780328, 15.5031842 ], [ 73.7802476, 15.5030084 ], [ 73.7808993, 15.5026517 ], [ 73.7808296, 15.5023985 ], [ 73.7800303, 15.5014938 ], [ 73.778995, 15.5019927 ], [ 73.7787724, 15.5014525 ], [ 73.7783056, 15.5005659 ], [ 73.7782332, 15.5011475 ], [ 73.7781179, 15.5018557 ] ] ] } },
{ "type": "Feature", "properties": { "osm_id": "1421708375", "code": 7229, "fclass": "farmland", "name": null }, "geometry": { "type": "Polygon", "coordinates": [ [ [ 73.7892652, 15.5012896 ], [ 73.7893134, 15.5031868 ], [ 73.7892812, 15.503714 ], [ 73.7893993, 15.5036572 ], [ 73.7911105, 15.5031092 ], [ 73.7911105, 15.5030058 ], [ 73.7914699, 15.5028094 ], [ 73.791427, 15.5022149 ], [ 73.7909925, 15.5011863 ], [ 73.7892652, 15.5012896 ] ] ] } },
{ "type": "Feature", "properties": { "osm_id": "1421708378", "code": 7215, "fclass": "orchard", "name": null }, "geometry": { "type": "Polygon", "coordinates": [ [ [ 73.7862772, 15.5014602 ], [ 73.786701, 15.5016877 ], [ 73.7868833, 15.5012483 ], [ 73.7888843, 15.501729 ], [ 73.7888628, 15.5015843 ], [ 73.7874573, 15.5012638 ], [ 73.7868297, 15.5010157 ], [ 73.786481, 15.5008864 ], [ 73.7862772, 15.5014602 ] ] ] } },
{ "type": "Feature", "properties": { "osm_id": "1421708379", "code": 7229, "fclass": "farmland", "name": null }, "geometry": { "type": "Polygon", "coordinates": [ [ [ 73.7853599, 15.5000387 ], [ 73.7859338, 15.5006952 ], [ 73.7865668, 15.5008503 ], [ 73.7875432, 15.5012431 ], [ 73.7887502, 15.5015171 ], [ 73.7887824, 15.5013465 ], [ 73.7883961, 15.5011759 ], [ 73.788439, 15.5010208 ], [ 73.7878382, 15.5004419 ], [ 73.7873528, 15.500035 ], [ 73.787291, 15.5001421 ], [ 73.7864998, 15.4997182 ], [ 73.7865615, 15.4996111 ], [ 73.7859929, 15.4991806 ], [ 73.7853599, 15.5000387 ] ] ] } },
{ "type": "Feature", "properties": { "osm_id": "1421708380", "code": 7229, "fclass": "farmland", "name": null }, "geometry": { "type": "Polygon", "coordinates": [ [ [ 73.7832677, 15.5026854 ], [ 73.7848127, 15.5035073 ], [ 73.7854028, 15.5038743 ], [ 73.7858319, 15.5040552 ], [ 73.7856817, 15.5046807 ], [ 73.7859285, 15.5047013 ], [ 73.7858319, 15.5053785 ], [ 73.7877685, 15.5055853 ], [ 73.7883371, 15.5055543 ], [ 73.7886912, 15.505425 ], [ 73.7887287, 15.5054974 ], [ 73.78919, 15.5053527 ], [ 73.7891686, 15.5051821 ], [ 73.789587, 15.504965 ], [ 73.7890398, 15.5035951 ], [ 73.7890184, 15.5033522 ], [ 73.7890184, 15.5028559 ], [ 73.7888896, 15.5028146 ], [ 73.7888843, 15.501729 ], [ 73.7868833, 15.5012483 ], [ 73.786701, 15.5016877 ], [ 73.7862772, 15.5014602 ], [ 73.786481, 15.5008864 ], [ 73.7858856, 15.5007314 ], [ 73.7854189, 15.5002299 ], [ 73.7850058, 15.5006952 ], [ 73.78492, 15.5006021 ], [ 73.7832677, 15.5026854 ] ] ] } },
{ "type": "Feature", "properties": { "osm_id": "1421708381", "code": 7229, "fclass": "farmland", "name": null }, "geometry": { "type": "Polygon", "coordinates": [ [ [ 73.7815189, 15.5004626 ], [ 73.781991, 15.5012535 ], [ 73.7824792, 15.502003 ], [ 73.7831658, 15.5026285 ], [ 73.7859338, 15.4991599 ], [ 73.7851721, 15.4982553 ], [ 73.7847108, 15.4976298 ], [ 73.784405, 15.4978572 ], [ 73.7832034, 15.4989531 ], [ 73.7815189, 15.5004626 ] ] ] } },
{ "type": "Feature", "properties": { "osm_id": "1421708384", "code": 7229, "fclass": "farmland", "name": null }, "geometry": { "type": "Polygon", "coordinates": [ [ [ 73.7797111, 15.4992969 ], [ 73.7797929, 15.4996729 ], [ 73.7803414, 15.4999237 ], [ 73.7807679, 15.5004936 ], [ 73.781063, 15.5011578 ], [ 73.7815565, 15.5008115 ], [ 73.7813634, 15.5003773 ], [ 73.7811783, 15.5000206 ], [ 73.7803146, 15.4989583 ], [ 73.7800062, 15.4991315 ], [ 73.7801376, 15.4993486 ], [ 73.7800887, 15.4993811 ], [ 73.7800249, 15.4994235 ], [ 73.779974, 15.4993486 ], [ 73.7800384, 15.4993046 ], [ 73.7799525, 15.4991638 ], [ 73.7797111, 15.4992969 ] ] ] } },
{ "type": "Feature", "properties": { "osm_id": "1421708386", "code": 7229, "fclass": "farmland", "name": null }, "geometry": { "type": "Polygon", "coordinates": [ [ [ 73.7823611, 15.4986972 ], [ 73.7828279, 15.4990901 ], [ 73.7835896, 15.4983871 ], [ 73.7831578, 15.4980045 ], [ 73.7826374, 15.4983767 ], [ 73.7823611, 15.4986972 ] ] ] } },
{ "type": "Feature", "properties": { "osm_id": "1421708388", "code": 7229, "fclass": "farmland", "name": null }, "geometry": { "type": "Polygon", "coordinates": [ [ [ 73.780387, 15.4988963 ], [ 73.7813634, 15.5001007 ], [ 73.7814599, 15.5003282 ], [ 73.7826723, 15.4992374 ], [ 73.7820983, 15.4986843 ], [ 73.7819964, 15.4987567 ], [ 73.7814653, 15.4982553 ], [ 73.7807143, 15.4986947 ], [ 73.7812829, 15.4993667 ], [ 73.7812132, 15.499439 ], [ 73.7805909, 15.4987619 ], [ 73.780387, 15.4988963 ] ] ] } },
{ "type": "Feature", "properties": { "osm_id": "1421961955", "code": 7229, "fclass": "farmland", "name": null }, "geometry": { "type": "Polygon", "coordinates": [ [ [ 73.7693632, 15.5341017 ], [ 73.7695241, 15.534112 ], [ 73.7697816, 15.5329439 ], [ 73.7702858, 15.5329801 ], [ 73.770377, 15.5328974 ], [ 73.7713748, 15.5327372 ], [ 73.7722385, 15.5326907 ], [ 73.7722385, 15.532763 ], [ 73.7725174, 15.5327785 ], [ 73.7734777, 15.5330525 ], [ 73.7746417, 15.5326855 ], [ 73.7753445, 15.5324116 ], [ 73.7754893, 15.5316311 ], [ 73.7743574, 15.5313727 ], [ 73.7740195, 15.5312797 ], [ 73.7739766, 15.5317293 ], [ 73.7734401, 15.53175 ], [ 73.7735313, 15.5311246 ], [ 73.7723619, 15.5308662 ], [ 73.7723243, 15.5310109 ], [ 73.7708813, 15.5307266 ], [ 73.7708384, 15.5308713 ], [ 73.7705755, 15.5308713 ], [ 73.7705809, 15.5305147 ], [ 73.7704682, 15.5305147 ], [ 73.7703502, 15.5318534 ], [ 73.7699532, 15.531874 ], [ 73.7698191, 15.5325821 ], [ 73.7696421, 15.5325873 ], [ 73.7693632, 15.5341017 ] ] ] } },
{ "type": "Feature", "properties": { "osm_id": "1421961956", "code": 7229, "fclass": "farmland", "name": null }, "geometry": { "type": "Polygon", "coordinates": [ [ [ 73.7683316, 15.5255564 ], [ 73.768816, 15.525589 ], [ 73.7692527, 15.5256846 ], [ 73.7694007, 15.5252841 ], [ 73.7688214, 15.5251962 ], [ 73.7689555, 15.5244726 ], [ 73.7686014, 15.5242917 ], [ 73.76836, 15.5251704 ], [ 73.7683316, 15.5255564 ] ] ] } },
{ "type": "Feature", "properties": { "osm_id": "1421961957", "code": 7229, "fclass": "farmland", "name": null }, "geometry": { "type": "Polygon", "coordinates": [ [ [ 73.7676305, 15.5283698 ], [ 73.7677324, 15.528928 ], [ 73.7677485, 15.5296361 ], [ 73.7679577, 15.5296516 ], [ 73.7680972, 15.5304062 ], [ 73.7690735, 15.5301994 ], [ 73.7690252, 15.529605 ], [ 73.7688214, 15.5287729 ], [ 73.7685584, 15.5283413 ], [ 73.7685799, 15.5276126 ], [ 73.7686121, 15.5273541 ], [ 73.7688804, 15.526323 ], [ 73.7690091, 15.5263436 ], [ 73.7692527, 15.5256846 ], [ 73.768816, 15.525589 ], [ 73.7683316, 15.5255564 ], [ 73.7683064, 15.5258991 ], [ 73.7680596, 15.5265866 ], [ 73.7677753, 15.5272016 ], [ 73.7676305, 15.5283698 ] ] ] } },
{ "type": "Feature", "properties": { "osm_id": "1421961958", "code": 7229, "fclass": "farmland", "name": null }, "geometry": { "type": "Polygon", "coordinates": [ [ [ 73.768698, 15.5242297 ], [ 73.7690359, 15.5243796 ], [ 73.7690681, 15.524271 ], [ 73.7693095, 15.5238885 ], [ 73.7693363, 15.5236301 ], [ 73.7688804, 15.5234027 ], [ 73.7688374, 15.523537 ], [ 73.7687945, 15.5239092 ], [ 73.768698, 15.5242297 ] ] ] } },
{ "type": "Feature", "properties": { "osm_id": "1421961960", "code": 7229, "fclass": "farmland", "name": null }, "geometry": { "type": "Polygon", "coordinates": [ [ [ 73.7693953, 15.5228651 ], [ 73.7700176, 15.5232631 ], [ 73.7701195, 15.522617 ], [ 73.7699854, 15.5222966 ], [ 73.7696743, 15.5221828 ], [ 73.7693953, 15.5228651 ] ] ] } },
{ "type": "Feature", "properties": { "osm_id": "1422298419", "code": 7215, "fclass": "orchard", "name": null }, "geometry": { "type": "Polygon", "coordinates": [ [ [ 73.8146415, 15.5883065 ], [ 73.8147337, 15.5883262 ], [ 73.8150653, 15.5876167 ], [ 73.8152665, 15.5873299 ], [ 73.8162374, 15.5868287 ], [ 73.8163447, 15.5867616 ], [ 73.8162495, 15.5866576 ], [ 73.8153443, 15.5870819 ], [ 73.8149795, 15.5874798 ], [ 73.8146415, 15.5883065 ] ] ] } },
{ "type": "Feature", "properties": { "osm_id": "1422648855", "code": 7229, "fclass": "farmland", "name": null }, "geometry": { "type": "Polygon", "coordinates": [ [ [ 73.8898992, 15.5907456 ], [ 73.8899109, 15.5909202 ], [ 73.8904373, 15.5910723 ], [ 73.8907706, 15.5913877 ], [ 73.8909226, 15.5913426 ], [ 73.8912794, 15.5918947 ], [ 73.8914197, 15.5926213 ], [ 73.8911799, 15.5930944 ], [ 73.890794, 15.5931451 ], [ 73.8907238, 15.5936915 ], [ 73.8901215, 15.593714 ], [ 73.8901332, 15.5939731 ], [ 73.8907823, 15.5940126 ], [ 73.8910688, 15.594559 ], [ 73.891256, 15.5945308 ], [ 73.8911741, 15.5955897 ], [ 73.8918232, 15.5954095 ], [ 73.891718, 15.5951785 ], [ 73.8920221, 15.5950997 ], [ 73.8920104, 15.5949251 ], [ 73.8927531, 15.5947786 ], [ 73.8928115, 15.5949307 ], [ 73.8933613, 15.5948631 ], [ 73.8934314, 15.5953025 ], [ 73.8942969, 15.595387 ], [ 73.8941683, 15.5949363 ], [ 73.8938817, 15.5944519 ], [ 73.8938817, 15.5942604 ], [ 73.8939495, 15.5940085 ], [ 73.8939381, 15.5939317 ], [ 73.8939951, 15.5937341 ], [ 73.8939894, 15.5936244 ], [ 73.8936248, 15.5933006 ], [ 73.8934026, 15.5932347 ], [ 73.8933684, 15.5931414 ], [ 73.8932772, 15.5930701 ], [ 73.8931633, 15.5930811 ], [ 73.8929696, 15.5929713 ], [ 73.892679, 15.5925049 ], [ 73.8925366, 15.5925158 ], [ 73.8925195, 15.5923841 ], [ 73.8926334, 15.5923347 ], [ 73.8926904, 15.5923457 ], [ 73.8928613, 15.5925707 ], [ 73.8929468, 15.5925762 ], [ 73.8930038, 15.5925049 ], [ 73.8930038, 15.5923786 ], [ 73.8930151, 15.5921701 ], [ 73.8927075, 15.5918792 ], [ 73.8924853, 15.5915994 ], [ 73.8921377, 15.5914677 ], [ 73.8919269, 15.590864 ], [ 73.8917531, 15.5906949 ], [ 73.8911741, 15.5905484 ], [ 73.8903437, 15.5902048 ], [ 73.8902092, 15.5902442 ], [ 73.890139, 15.5904132 ], [ 73.8898992, 15.5907456 ] ] ] } },
{ "type": "Feature", "properties": { "osm_id": "1422648859", "code": 7229, "fclass": "farmland", "name": null }, "geometry": { "type": "Polygon", "coordinates": [ [ [ 73.8851526, 15.5862816 ], [ 73.8855856, 15.586331 ], [ 73.8855856, 15.5864188 ], [ 73.8858762, 15.5864901 ], [ 73.8858762, 15.5871048 ], [ 73.8866169, 15.5870444 ], [ 73.8869929, 15.5871706 ], [ 73.8871069, 15.5874176 ], [ 73.8872493, 15.5887292 ], [ 73.8871809, 15.589267 ], [ 73.886765, 15.5901012 ], [ 73.8866055, 15.5908036 ], [ 73.8867878, 15.5908805 ], [ 73.886765, 15.5911384 ], [ 73.8863434, 15.5910561 ], [ 73.8866624, 15.591786 ], [ 73.8865998, 15.5921427 ], [ 73.8868277, 15.5922305 ], [ 73.8866283, 15.5933555 ], [ 73.8868619, 15.5934927 ], [ 73.8874259, 15.5928945 ], [ 73.8877792, 15.5931414 ], [ 73.8882407, 15.5928122 ], [ 73.8884856, 15.5920494 ], [ 73.8888332, 15.5913359 ], [ 73.88942, 15.590842 ], [ 73.889779, 15.5906994 ], [ 73.8899841, 15.590403 ], [ 73.8897648, 15.5900091 ], [ 73.8896227, 15.5901331 ], [ 73.8892123, 15.5895725 ], [ 73.8886705, 15.5889188 ], [ 73.8885069, 15.5887793 ], [ 73.8883379, 15.5885365 ], [ 73.8880616, 15.5883246 ], [ 73.8878632, 15.5883349 ], [ 73.8878363, 15.5882652 ], [ 73.8879114, 15.5879784 ], [ 73.8877639, 15.587733 ], [ 73.8875011, 15.5871491 ], [ 73.887442, 15.5869088 ], [ 73.8872949, 15.5864764 ], [ 73.8872578, 15.5864078 ], [ 73.8869901, 15.5864298 ], [ 73.8869359, 15.5865121 ], [ 73.8867764, 15.5865203 ], [ 73.8867137, 15.5860703 ], [ 73.8871903, 15.5857822 ], [ 73.8871416, 15.5856506 ], [ 73.8865599, 15.5858151 ], [ 73.8852096, 15.5860346 ], [ 73.8851526, 15.5862816 ] ] ] } },
{ "type": "Feature", "properties": { "osm_id": "19470644", "code": 7229, "fclass": "farmland", "name": null }, "geometry": { "type": "Polygon", "coordinates": [ [ [ 73.8675831, 15.5673393 ], [ 73.8682833, 15.5676518 ], [ 73.8691338, 15.5679315 ], [ 73.8692295, 15.5679315 ], [ 73.8694481, 15.5679809 ], [ 73.8696223, 15.5680204 ], [ 73.8697965, 15.5678262 ], [ 73.8702508, 15.5673853 ], [ 73.8708997, 15.5669345 ], [ 73.871255, 15.5667832 ], [ 73.8715111, 15.5666944 ], [ 73.8718459, 15.5664443 ], [ 73.8725153, 15.5655296 ], [ 73.8725153, 15.5654078 ], [ 73.872406, 15.565263 ], [ 73.8707597, 15.5644898 ], [ 73.8702089, 15.564167 ], [ 73.8703349, 15.5643401 ], [ 73.870579, 15.564583 ], [ 73.8706353, 15.5647122 ], [ 73.870571, 15.5648104 ], [ 73.8705066, 15.5648801 ], [ 73.8705066, 15.5649473 ], [ 73.870469, 15.5649809 ], [ 73.8704127, 15.5649473 ], [ 73.8702705, 15.5646708 ], [ 73.8698816, 15.5642833 ], [ 73.8696375, 15.5639577 ], [ 73.8695222, 15.5638802 ], [ 73.8691682, 15.56372 ], [ 73.869085, 15.5637096 ], [ 73.869057, 15.5637939 ], [ 73.8690177, 15.5639929 ], [ 73.8684165, 15.5654341 ], [ 73.8683277, 15.5657171 ], [ 73.8678495, 15.5669609 ], [ 73.8675831, 15.5673393 ] ] ] } },
{ "type": "Feature", "properties": { "osm_id": "1422808400", "code": 7229, "fclass": "farmland", "name": null }, "geometry": { "type": "Polygon", "coordinates": [ [ [ 73.8707938, 15.5565302 ], [ 73.8708895, 15.5568329 ], [ 73.870992, 15.5568132 ], [ 73.8725563, 15.5567539 ], [ 73.8731139, 15.5566843 ], [ 73.8728857, 15.5566142 ], [ 73.8723332, 15.5562835 ], [ 73.8723761, 15.5561853 ], [ 73.87236, 15.5557615 ], [ 73.872301, 15.555684 ], [ 73.871727, 15.5558287 ], [ 73.8717216, 15.555777 ], [ 73.8722849, 15.5555497 ], [ 73.8723654, 15.555436 ], [ 73.8723546, 15.5553223 ], [ 73.8718021, 15.5546246 ], [ 73.871786, 15.5545057 ], [ 73.8717297, 15.5545953 ], [ 73.871477, 15.5548059 ], [ 73.8711422, 15.5549705 ], [ 73.8707938, 15.5565302 ] ] ] } },
{ "type": "Feature", "properties": { "osm_id": "16354367", "code": 7229, "fclass": "farmland", "name": null }, "geometry": { "type": "Polygon", "coordinates": [ [ [ 73.7753016, 15.6361586 ], [ 73.7753016, 15.6366287 ], [ 73.775661, 15.6367579 ], [ 73.7754732, 15.6371763 ], [ 73.7765676, 15.6376309 ], [ 73.7763691, 15.6382611 ], [ 73.776462, 15.6383336 ], [ 73.7765369, 15.6383802 ], [ 73.7765891, 15.6385037 ], [ 73.7766024, 15.6386866 ], [ 73.7765994, 15.6387263 ], [ 73.776635, 15.6387375 ], [ 73.7767062, 15.6387599 ], [ 73.7768004, 15.6387686 ], [ 73.7770252, 15.638674 ], [ 73.7770367, 15.6386475 ], [ 73.7770788, 15.6386043 ], [ 73.7771447, 15.6385853 ], [ 73.7772344, 15.6385691 ], [ 73.7773534, 15.6385474 ], [ 73.7777431, 15.6384433 ], [ 73.7779736, 15.6383868 ], [ 73.7781247, 15.6383201 ], [ 73.7782062, 15.6382678 ], [ 73.778459, 15.6382521 ], [ 73.7787801, 15.6382882 ], [ 73.779153, 15.6383951 ], [ 73.7792484, 15.6383931 ], [ 73.7793032, 15.6382641 ], [ 73.7791549, 15.6376726 ], [ 73.7791234, 15.6376169 ], [ 73.7791721, 15.637448 ], [ 73.7792922, 15.6372201 ], [ 73.7793674, 15.6371306 ], [ 73.779465, 15.6370413 ], [ 73.7796496, 15.6369526 ], [ 73.7796592, 15.6369094 ], [ 73.7796259, 15.6366559 ], [ 73.7796701, 15.6364389 ], [ 73.7797574, 15.6364411 ], [ 73.7798659, 15.6364603 ], [ 73.7801426, 15.6365975 ], [ 73.7804699, 15.6366974 ], [ 73.7807946, 15.6367423 ], [ 73.7810506, 15.6366564 ], [ 73.7813265, 15.6367855 ], [ 73.7820524, 15.6367688 ], [ 73.7820963, 15.6368089 ], [ 73.7820397, 15.6368688 ], [ 73.7813194, 15.6369253 ], [ 73.7812858, 15.6372895 ], [ 73.7812947, 15.6375116 ], [ 73.7815223, 15.6375542 ], [ 73.7818694, 15.6376654 ], [ 73.7820074, 15.6378303 ], [ 73.7821135, 15.6379523 ], [ 73.7821488, 15.638068 ], [ 73.7821598, 15.6382005 ], [ 73.7821391, 15.6383293 ], [ 73.7820888, 15.6383718 ], [ 73.7820258, 15.6384319 ], [ 73.781911, 15.6384671 ], [ 73.7817272, 15.6384757 ], [ 73.7812793, 15.63842 ], [ 73.7810102, 15.6383636 ], [ 73.78076, 15.638317 ], [ 73.7803766, 15.6383355 ], [ 73.7800415, 15.6383243 ], [ 73.7798935, 15.6382349 ], [ 73.7798159, 15.6381311 ], [ 73.7797536, 15.6378441 ], [ 73.7798163, 15.637411 ], [ 73.7798072, 15.6372847 ], [ 73.7797807, 15.6371752 ], [ 73.779732, 15.6371293 ], [ 73.7796766, 15.637127 ], [ 73.7794729, 15.6372332 ], [ 73.7794221, 15.637271 ], [ 73.7793553, 15.6373798 ], [ 73.7793205, 15.637475 ], [ 73.7794118, 15.6380432 ], [ 73.7794376, 15.6382213 ], [ 73.7794073, 15.638317 ], [ 73.7793898, 15.6384111 ], [ 73.7792759, 15.6384743 ], [ 73.7791665, 15.6384913 ], [ 73.7789651, 15.6384737 ], [ 73.7783339, 15.6384028 ], [ 73.7781747, 15.6384272 ], [ 73.7780993, 15.6385407 ], [ 73.7781089, 15.6386794 ], [ 73.7782188, 15.6388051 ], [ 73.778365, 15.6389015 ], [ 73.7784696, 15.6389689 ], [ 73.7785685, 15.6390715 ], [ 73.7786601, 15.639214 ], [ 73.7787226, 15.6392137 ], [ 73.7788124, 15.6392765 ], [ 73.7789187, 15.6394516 ], [ 73.778931, 15.6395711 ], [ 73.7789427, 15.6398087 ], [ 73.7789426, 15.6398526 ], [ 73.7789096, 15.6398805 ], [ 73.7786896, 15.6400472 ], [ 73.7784984, 15.6402693 ], [ 73.7785895, 15.6401245 ], [ 73.7788687, 15.6398874 ], [ 73.7789079, 15.6398388 ], [ 73.7789119, 15.6396677 ], [ 73.7788848, 15.6394596 ], [ 73.7787969, 15.6393151 ], [ 73.7787228, 15.6392634 ], [ 73.7786694, 15.6392964 ], [ 73.7786758, 15.6394137 ], [ 73.7786481, 15.6394692 ], [ 73.7785718, 15.639737 ], [ 73.778473, 15.639891 ], [ 73.7783667, 15.6400916 ], [ 73.7783232, 15.640187 ], [ 73.7782261, 15.6403157 ], [ 73.7781606, 15.6403582 ], [ 73.7780239, 15.640468 ], [ 73.777731, 15.6408643 ], [ 73.777926, 15.6409154 ], [ 73.778006, 15.641024 ], [ 73.7780074, 15.6411895 ], [ 73.7779269, 15.6413592 ], [ 73.7780732, 15.6416936 ], [ 73.7782441, 15.6419433 ], [ 73.7785212, 15.6421685 ], [ 73.7787221, 15.6423452 ], [ 73.7788769, 15.6423776 ], [ 73.7787424, 15.6423823 ], [ 73.778702, 15.6424792 ], [ 73.7785676, 15.6430268 ], [ 73.7786152, 15.6431486 ], [ 73.7785954, 15.6432325 ], [ 73.7785434, 15.6432443 ], [ 73.7784845, 15.6432325 ], [ 73.778314, 15.6431785 ], [ 73.7782873, 15.6431821 ], [ 73.7782801, 15.6432573 ], [ 73.7783813, 15.6437085 ], [ 73.7782769, 15.6440049 ], [ 73.7782343, 15.6443985 ], [ 73.7781812, 15.6452921 ], [ 73.778195, 15.6453916 ], [ 73.7781479, 15.6455331 ], [ 73.7783585, 15.6466384 ], [ 73.778467, 15.6466539 ], [ 73.7785076, 15.647002 ], [ 73.7785281, 15.6473837 ], [ 73.7785445, 15.6474737 ], [ 73.778931, 15.6475619 ], [ 73.7790295, 15.6475545 ], [ 73.779074, 15.6475297 ], [ 73.7790465, 15.6472879 ], [ 73.7790788, 15.6471355 ], [ 73.7791562, 15.6474891 ], [ 73.7791691, 15.6475731 ], [ 73.7791835, 15.6477321 ], [ 73.7791889, 15.6477664 ], [ 73.7791567, 15.6477734 ], [ 73.7791386, 15.6476532 ], [ 73.7790725, 15.6476084 ], [ 73.7785317, 15.6475266 ], [ 73.7785192, 15.6476172 ], [ 73.7785602, 15.6482376 ], [ 73.7785712, 15.6482742 ], [ 73.7786428, 15.6482635 ], [ 73.7788635, 15.6482305 ], [ 73.7790131, 15.6481719 ], [ 73.7791742, 15.647781 ], [ 73.7791712, 15.6478282 ], [ 73.7791676, 15.6478843 ], [ 73.7790692, 15.648114 ], [ 73.7790741, 15.6482137 ], [ 73.7791115, 15.6482457 ], [ 73.7791401, 15.6482858 ], [ 73.779194, 15.6484101 ], [ 73.7793239, 15.6485885 ], [ 73.779519, 15.6488535 ], [ 73.7797335, 15.64896 ], [ 73.7799155, 15.6491683 ], [ 73.7800006, 15.6492667 ], [ 73.780065, 15.6495051 ], [ 73.7802479, 15.6496378 ], [ 73.7802948, 15.6496756 ], [ 73.7809582, 15.6497634 ], [ 73.7809976, 15.6496942 ], [ 73.7806303, 15.6492375 ], [ 73.7805067, 15.649107 ], [ 73.7803649, 15.6486233 ], [ 73.7802367, 15.6482641 ], [ 73.7802685, 15.6478453 ], [ 73.780429, 15.6476615 ], [ 73.7804841, 15.6476177 ], [ 73.7805237, 15.6476073 ], [ 73.7805421, 15.6475493 ], [ 73.7805849, 15.6475108 ], [ 73.7806342, 15.647521 ], [ 73.78066, 15.6475717 ], [ 73.7807245, 15.6474915 ], [ 73.7808036, 15.6474673 ], [ 73.7808707, 15.6474559 ], [ 73.7809253, 15.6471802 ], [ 73.7809136, 15.646927 ], [ 73.7809368, 15.6467794 ], [ 73.7809891, 15.6467088 ], [ 73.7811165, 15.6466425 ], [ 73.7812512, 15.6466391 ], [ 73.7813357, 15.6466689 ], [ 73.7813911, 15.6467547 ], [ 73.7814317, 15.6469402 ], [ 73.7813964, 15.6470653 ], [ 73.7814429, 15.647156 ], [ 73.7816094, 15.6471035 ], [ 73.781763, 15.6470101 ], [ 73.7817559, 15.6469466 ], [ 73.7817493, 15.6468867 ], [ 73.7818793, 15.6469394 ], [ 73.7819165, 15.6469168 ], [ 73.7820001, 15.6469551 ], [ 73.7820225, 15.6466123 ], [ 73.7820503, 15.6466181 ], [ 73.7820918, 15.6466393 ], [ 73.7820752, 15.6469895 ], [ 73.7821405, 15.6470195 ], [ 73.7823673, 15.6470566 ], [ 73.7825194, 15.6471366 ], [ 73.782578, 15.6472108 ], [ 73.7825993, 15.6473843 ], [ 73.7825427, 15.6477055 ], [ 73.7826282, 15.6477921 ], [ 73.7827533, 15.6477709 ], [ 73.7828857, 15.6477006 ], [ 73.7829523, 15.6475102 ], [ 73.7829921, 15.6474873 ], [ 73.7830327, 15.6475408 ], [ 73.783046, 15.6476862 ], [ 73.7831919, 15.6476494 ], [ 73.7831969, 15.6475201 ], [ 73.7832257, 15.6474943 ], [ 73.7832626, 15.6474916 ], [ 73.7832837, 15.6476362 ], [ 73.7832824, 15.6477858 ], [ 73.7832922, 15.6479408 ], [ 73.7832627, 15.6479667 ], [ 73.7832258, 15.6479529 ], [ 73.7831999, 15.6477586 ], [ 73.7831659, 15.6477495 ], [ 73.7829561, 15.6478059 ], [ 73.7828764, 15.6477887 ], [ 73.7827975, 15.6478496 ], [ 73.7826905, 15.6478989 ], [ 73.7825763, 15.6478851 ], [ 73.7824879, 15.6478234 ], [ 73.7824504, 15.6476707 ], [ 73.7824787, 15.6474195 ], [ 73.7824492, 15.6472963 ], [ 73.7820977, 15.6471425 ], [ 73.7819646, 15.6470651 ], [ 73.7818149, 15.647105 ], [ 73.7814893, 15.6472466 ], [ 73.7814038, 15.6472442 ], [ 73.781367, 15.6472145 ], [ 73.7813365, 15.6471253 ], [ 73.7813356, 15.6468526 ], [ 73.7812147, 15.6467475 ], [ 73.7810036, 15.646849 ], [ 73.780996, 15.6470379 ], [ 73.7810236, 15.6471564 ], [ 73.7809937, 15.6474029 ], [ 73.7809195, 15.6475313 ], [ 73.7807678, 15.6477163 ], [ 73.7806104, 15.647672 ], [ 73.7804675, 15.6477398 ], [ 73.7803092, 15.6479208 ], [ 73.7803161, 15.64821 ], [ 73.7805938, 15.6491292 ], [ 73.780939, 15.6495266 ], [ 73.7810758, 15.6497044 ], [ 73.7811453, 15.6498003 ], [ 73.78131, 15.6499227 ], [ 73.7818133, 15.650026 ], [ 73.7820641, 15.6501139 ], [ 73.7821677, 15.6501577 ], [ 73.7822482, 15.6501838 ], [ 73.7823621, 15.650199 ], [ 73.7825368, 15.6501155 ], [ 73.7826136, 15.6501222 ], [ 73.7827365, 15.6501562 ], [ 73.7828743, 15.6502163 ], [ 73.7829896, 15.6502051 ], [ 73.7830883, 15.6501779 ], [ 73.7832583, 15.6500865 ], [ 73.7834527, 15.6501131 ], [ 73.7835532, 15.6501708 ], [ 73.7835931, 15.6502445 ], [ 73.7837165, 15.6503877 ], [ 73.7838296, 15.6504463 ], [ 73.7839784, 15.6504705 ], [ 73.7847323, 15.6502423 ], [ 73.7848296, 15.6502644 ], [ 73.7848774, 15.6502918 ], [ 73.784891, 15.6503136 ], [ 73.7849629, 15.6502455 ], [ 73.78492, 15.6501784 ], [ 73.784405, 15.6500854 ], [ 73.7844586, 15.6497961 ], [ 73.7848127, 15.6497858 ], [ 73.7849736, 15.6470481 ], [ 73.7834072, 15.6473063 ], [ 73.7833364, 15.6465868 ], [ 73.7840538, 15.6465232 ], [ 73.7843653, 15.6464846 ], [ 73.784396, 15.6464118 ], [ 73.7843606, 15.6454711 ], [ 73.7842615, 15.645487 ], [ 73.7842072, 15.6451598 ], [ 73.7844738, 15.6451166 ], [ 73.7843192, 15.6443413 ], [ 73.7846839, 15.6442483 ], [ 73.7845981, 15.6440106 ], [ 73.7843084, 15.6428432 ], [ 73.7831068, 15.6431118 ], [ 73.783257, 15.643742 ], [ 73.7830961, 15.643804 ], [ 73.78286, 15.6431015 ], [ 73.7824845, 15.6430705 ], [ 73.7823987, 15.6428535 ], [ 73.7825811, 15.6420063 ], [ 73.7815511, 15.6412935 ], [ 73.781712, 15.6410972 ], [ 73.7828437, 15.6418695 ], [ 73.783065, 15.6420876 ], [ 73.7834316, 15.6421477 ], [ 73.7834643, 15.6418534 ], [ 73.7837917, 15.6418559 ], [ 73.7839282, 15.6409851 ], [ 73.7844492, 15.6410368 ], [ 73.7846196, 15.6402397 ], [ 73.7843513, 15.6391755 ], [ 73.7840295, 15.6392168 ], [ 73.7836456, 15.6382472 ], [ 73.7835797, 15.6376005 ], [ 73.7827206, 15.6375844 ], [ 73.7825221, 15.6367475 ], [ 73.7824899, 15.6360915 ], [ 73.7829888, 15.6359778 ], [ 73.7843889, 15.6357764 ], [ 73.7845176, 15.6351074 ], [ 73.7850487, 15.6347328 ], [ 73.7845847, 15.6346915 ], [ 73.7845901, 15.63441 ], [ 73.7828842, 15.6342808 ], [ 73.7828895, 15.6342524 ], [ 73.7843755, 15.6342834 ], [ 73.7844264, 15.6341568 ], [ 73.7853679, 15.6345107 ], [ 73.7855396, 15.633976 ], [ 73.7852257, 15.6336893 ], [ 73.7846571, 15.6333949 ], [ 73.7843943, 15.6333432 ], [ 73.7843621, 15.6335808 ], [ 73.7840778, 15.6335808 ], [ 73.7835842, 15.6334878 ], [ 73.7834018, 15.6331882 ], [ 73.7829888, 15.6329248 ], [ 73.7825811, 15.6336377 ], [ 73.7822324, 15.6334827 ], [ 73.7823405, 15.6330343 ], [ 73.7825553, 15.6330342 ], [ 73.7826436, 15.6326671 ], [ 73.7821519, 15.6326406 ], [ 73.7814277, 15.6325528 ], [ 73.7806087, 15.6320924 ], [ 73.7804031, 15.6321912 ], [ 73.7793088, 15.6314369 ], [ 73.7784827, 15.6309927 ], [ 73.7783164, 15.6306982 ], [ 73.7781554, 15.6304812 ], [ 73.7776029, 15.6302539 ], [ 73.7772435, 15.6301868 ], [ 73.7770289, 15.6303986 ], [ 73.7771684, 15.6305742 ], [ 73.7770182, 15.630972 ], [ 73.7768519, 15.6316074 ], [ 73.7764817, 15.632403 ], [ 73.7760848, 15.6329403 ], [ 73.7753859, 15.634366 ], [ 73.7753606, 15.6344177 ], [ 73.7756932, 15.634614 ], [ 73.775323, 15.6353786 ], [ 73.7753016, 15.6361586 ] ], [ [ 73.7814266, 15.6426803 ], [ 73.7814415, 15.6425511 ], [ 73.7816539, 15.6425738 ], [ 73.781639, 15.642703 ], [ 73.7814266, 15.6426803 ] ] ] } },
{ "type": "Feature", "properties": { "osm_id": "1422824969", "code": 7229, "fclass": "farmland", "name": null }, "geometry": { "type": "Polygon", "coordinates": [ [ [ 73.784816, 15.6411831 ], [ 73.784849, 15.6414058 ], [ 73.7851794, 15.641374 ], [ 73.7852549, 15.6416967 ], [ 73.7849765, 15.6417603 ], [ 73.7851863, 15.6426726 ], [ 73.7854673, 15.6435237 ], [ 73.7854909, 15.6438736 ], [ 73.7855287, 15.6441918 ], [ 73.7867509, 15.6439665 ], [ 73.7867331, 15.6438867 ], [ 73.7863915, 15.6435066 ], [ 73.7859853, 15.6425243 ], [ 73.7857777, 15.6419158 ], [ 73.7854395, 15.6414264 ], [ 73.7853352, 15.6409559 ], [ 73.7851275, 15.6409332 ], [ 73.7851275, 15.6411513 ], [ 73.784816, 15.6411831 ] ] ] } },
{ "type": "Feature", "properties": { "osm_id": "1422824973", "code": 7229, "fclass": "farmland", "name": null }, "geometry": { "type": "Polygon", "coordinates": [ [ [ 73.7751021, 15.6338717 ], [ 73.7752429, 15.633931 ], [ 73.7751461, 15.6342825 ], [ 73.7753859, 15.634366 ], [ 73.7760848, 15.6329403 ], [ 73.7755912, 15.6327233 ], [ 73.7752479, 15.6334982 ], [ 73.7751021, 15.6338717 ] ] ] } },
{ "type": "Feature", "properties": { "osm_id": "1423004379", "code": 7229, "fclass": "farmland", "name": null }, "geometry": { "type": "Polygon", "coordinates": [ [ [ 73.8581083, 15.532562 ], [ 73.85823, 15.5325955 ], [ 73.8585863, 15.5326936 ], [ 73.859207, 15.5322989 ], [ 73.8597533, 15.5323646 ], [ 73.8604051, 15.5325441 ], [ 73.8608872, 15.5326798 ], [ 73.8612007, 15.5327681 ], [ 73.8613611, 15.5328132 ], [ 73.8619384, 15.5328252 ], [ 73.8629441, 15.5326039 ], [ 73.8637883, 15.5326637 ], [ 73.8642043, 15.5330525 ], [ 73.8652099, 15.5334831 ], [ 73.8658307, 15.5335907 ], [ 73.8664701, 15.5339018 ], [ 73.8668301, 15.5343563 ], [ 73.8668177, 15.534446 ], [ 73.8663956, 15.5348109 ], [ 73.8670598, 15.535708 ], [ 73.8669481, 15.5358456 ], [ 73.8673267, 15.5361984 ], [ 73.8682082, 15.5365692 ], [ 73.8682455, 15.5364437 ], [ 73.8689221, 15.536653 ], [ 73.8691332, 15.5362941 ], [ 73.8691394, 15.5360818 ], [ 73.8690866, 15.5362014 ], [ 73.869037, 15.5361596 ], [ 73.8689842, 15.5358665 ], [ 73.8687421, 15.5354239 ], [ 73.8686397, 15.535095 ], [ 73.8685559, 15.5348946 ], [ 73.8685217, 15.534775 ], [ 73.8684845, 15.5347361 ], [ 73.8682858, 15.5341559 ], [ 73.8682983, 15.5340573 ], [ 73.8683914, 15.5340034 ], [ 73.868441, 15.5339855 ], [ 73.8684814, 15.5339526 ], [ 73.8685093, 15.5339107 ], [ 73.8685248, 15.5338659 ], [ 73.8684783, 15.5334382 ], [ 73.8683479, 15.5330644 ], [ 73.8683138, 15.5329777 ], [ 73.8682113, 15.5329418 ], [ 73.8681648, 15.5329149 ], [ 73.8681337, 15.532873 ], [ 73.8681431, 15.5327684 ], [ 73.8681151, 15.5326637 ], [ 73.8680872, 15.5326218 ], [ 73.8680096, 15.5325441 ], [ 73.8679692, 15.5325112 ], [ 73.8679258, 15.5324843 ], [ 73.8678854, 15.5324484 ], [ 73.8678296, 15.5324334 ], [ 73.867662, 15.5324304 ], [ 73.8676123, 15.5324125 ], [ 73.8674633, 15.5322899 ], [ 73.8673578, 15.532245 ], [ 73.8672523, 15.5321912 ], [ 73.8671871, 15.5321553 ], [ 73.8668798, 15.5319878 ], [ 73.866827, 15.5319789 ], [ 73.8667215, 15.531949 ], [ 73.866616, 15.5319071 ], [ 73.8665166, 15.5318353 ], [ 73.8663863, 15.5317307 ], [ 73.8661783, 15.531635 ], [ 73.8651571, 15.5312043 ], [ 73.8649989, 15.5311475 ], [ 73.864943, 15.5311355 ], [ 73.8647257, 15.5315393 ], [ 73.8641546, 15.5313239 ], [ 73.8638815, 15.5310488 ], [ 73.8636704, 15.5314854 ], [ 73.8637263, 15.5315811 ], [ 73.8636394, 15.5317127 ], [ 73.8634904, 15.5317127 ], [ 73.8634221, 15.5315781 ], [ 73.8633786, 15.5315452 ], [ 73.8632979, 15.5314645 ], [ 73.86327, 15.5314137 ], [ 73.8632421, 15.5313718 ], [ 73.8631986, 15.5313359 ], [ 73.8631024, 15.5312791 ], [ 73.863, 15.5312282 ], [ 73.8625096, 15.5309232 ], [ 73.8618422, 15.5305165 ], [ 73.8616684, 15.5305165 ], [ 73.8615567, 15.5305404 ], [ 73.8614977, 15.5305434 ], [ 73.8606348, 15.530346 ], [ 73.8605945, 15.5303102 ], [ 73.8605324, 15.5302234 ], [ 73.8604796, 15.5301995 ], [ 73.8604207, 15.5302025 ], [ 73.8603741, 15.5302354 ], [ 73.8603462, 15.5302773 ], [ 73.8603058, 15.5303131 ], [ 73.8600792, 15.530349 ], [ 73.8599023, 15.5303311 ], [ 73.8598278, 15.530343 ], [ 73.8597751, 15.5304148 ], [ 73.8596571, 15.5306152 ], [ 73.8593405, 15.5308993 ], [ 73.8591946, 15.5310608 ], [ 73.8588532, 15.5314256 ], [ 73.8584683, 15.5316051 ], [ 73.8581083, 15.532562 ] ] ] } },
{ "type": "Feature", "properties": { "osm_id": "1423004380", "code": 7229, "fclass": "farmland", "name": null }, "geometry": { "type": "Polygon", "coordinates": [ [ [ 73.8598651, 15.529727 ], [ 73.8598961, 15.5297898 ], [ 73.8598682, 15.5301427 ], [ 73.8598682, 15.5302264 ], [ 73.8599023, 15.5302653 ], [ 73.8599458, 15.5302892 ], [ 73.8599985, 15.5302952 ], [ 73.8601072, 15.5302952 ], [ 73.860163, 15.5302802 ], [ 73.8602096, 15.5302474 ], [ 73.8602841, 15.5301726 ], [ 73.8603524, 15.5300918 ], [ 73.8605883, 15.5299333 ], [ 73.8607155, 15.5298586 ], [ 73.8608211, 15.5298586 ], [ 73.8609762, 15.5299064 ], [ 73.8610228, 15.5298825 ], [ 73.8610725, 15.5297928 ], [ 73.8610849, 15.529742 ], [ 73.8610756, 15.5296941 ], [ 73.8610383, 15.5296552 ], [ 73.8609856, 15.5296373 ], [ 73.8609328, 15.5296283 ], [ 73.8607186, 15.5296762 ], [ 73.8604517, 15.5296821 ], [ 73.8601382, 15.5296433 ], [ 73.8600047, 15.5295715 ], [ 73.8599458, 15.5295595 ], [ 73.859893, 15.5296074 ], [ 73.8598651, 15.529727 ] ] ] } },
{ "type": "Feature", "properties": { "osm_id": "1423004381", "code": 7229, "fclass": "farmland", "name": null }, "geometry": { "type": "Polygon", "coordinates": [ [ [ 73.8634221, 15.5315781 ], [ 73.8634904, 15.5317127 ], [ 73.8636394, 15.5317127 ], [ 73.8637263, 15.5315811 ], [ 73.8636704, 15.5314854 ], [ 73.8638815, 15.5310488 ], [ 73.8641546, 15.5313239 ], [ 73.8647257, 15.5315393 ], [ 73.864943, 15.5311355 ], [ 73.8648995, 15.5311086 ], [ 73.8647692, 15.530995 ], [ 73.8645395, 15.5308544 ], [ 73.8644836, 15.5308455 ], [ 73.8640801, 15.5308395 ], [ 73.863987, 15.5307886 ], [ 73.8639125, 15.5307109 ], [ 73.8638318, 15.5306391 ], [ 73.863779, 15.5306271 ], [ 73.8637232, 15.5306361 ], [ 73.8636859, 15.530681 ], [ 73.8636456, 15.5307737 ], [ 73.8636394, 15.5308245 ], [ 73.8637294, 15.5309501 ], [ 73.8637511, 15.530998 ], [ 73.8637542, 15.5310518 ], [ 73.8635742, 15.5313299 ], [ 73.8635183, 15.5314824 ], [ 73.8635059, 15.5315393 ], [ 73.863478, 15.5315841 ], [ 73.8634221, 15.5315781 ] ] ] } },
{ "type": "Feature", "properties": { "osm_id": "1423004407", "code": 7229, "fclass": "farmland", "name": null }, "geometry": { "type": "Polygon", "coordinates": [ [ [ 73.861119, 15.5298915 ], [ 73.861119, 15.5299453 ], [ 73.8611842, 15.5300261 ], [ 73.8612773, 15.5300859 ], [ 73.8613301, 15.5300918 ], [ 73.8614356, 15.5300589 ], [ 73.8615536, 15.530053 ], [ 73.8619322, 15.5300111 ], [ 73.8620502, 15.530032 ], [ 73.8621526, 15.5300709 ], [ 73.8622457, 15.5301158 ], [ 73.8623295, 15.5302145 ], [ 73.862373, 15.5303161 ], [ 73.8623947, 15.5304776 ], [ 73.8624226, 15.5305225 ], [ 73.8628727, 15.5307468 ], [ 73.8630062, 15.5308365 ], [ 73.8630589, 15.5308484 ], [ 73.8631148, 15.5308455 ], [ 73.8632359, 15.5306571 ], [ 73.8632514, 15.5306062 ], [ 73.8632421, 15.5305524 ], [ 73.8631055, 15.5303999 ], [ 73.8630807, 15.530352 ], [ 73.8630776, 15.5303012 ], [ 73.8631738, 15.530053 ], [ 73.8634811, 15.5297031 ], [ 73.8635649, 15.5296253 ], [ 73.8636176, 15.5296134 ], [ 73.8637821, 15.5296283 ], [ 73.863838, 15.5296403 ], [ 73.8639901, 15.5297061 ], [ 73.8641018, 15.5296881 ], [ 73.8641515, 15.5296612 ], [ 73.8641577, 15.5296104 ], [ 73.863838, 15.5294399 ], [ 73.8637883, 15.529425 ], [ 73.863689, 15.529422 ], [ 73.8634935, 15.5293233 ], [ 73.8630962, 15.5292665 ], [ 73.8630341, 15.5293143 ], [ 73.8628603, 15.5293921 ], [ 73.8625033, 15.5293502 ], [ 73.8622737, 15.5293651 ], [ 73.8619229, 15.5295117 ], [ 73.8615691, 15.5295864 ], [ 73.861237, 15.5295655 ], [ 73.8611997, 15.5296104 ], [ 73.8611966, 15.5296941 ], [ 73.861119, 15.5298915 ] ] ] } },
{ "type": "Feature", "properties": { "osm_id": "1423004409", "code": 7229, "fclass": "farmland", "name": null }, "geometry": { "type": "Polygon", "coordinates": [ [ [ 73.867693, 15.531294 ], [ 73.8677085, 15.5313419 ], [ 73.8677334, 15.5313867 ], [ 73.8679848, 15.531611 ], [ 73.8680344, 15.531623 ], [ 73.8680748, 15.5315961 ], [ 73.8680406, 15.5314914 ], [ 73.8678327, 15.5311953 ], [ 73.8677737, 15.5311086 ], [ 73.8677209, 15.5310967 ], [ 73.8676992, 15.5311415 ], [ 73.867693, 15.531294 ] ] ] } },
{ "type": "Feature", "properties": { "osm_id": "1423004410", "code": 7229, "fclass": "farmland", "name": null }, "geometry": { "type": "Polygon", "coordinates": [ [ [ 73.8641825, 15.5292485 ], [ 73.864226, 15.5292814 ], [ 73.8648561, 15.5295924 ], [ 73.8651758, 15.5295924 ], [ 73.8652068, 15.5295535 ], [ 73.8651882, 15.5294818 ], [ 73.865064, 15.529398 ], [ 73.8647599, 15.5292485 ], [ 73.8646171, 15.5291528 ], [ 73.8645146, 15.5291169 ], [ 73.864347, 15.529105 ], [ 73.8641918, 15.5291977 ], [ 73.8641825, 15.5292485 ] ] ] } },
{ "type": "Feature", "properties": { "osm_id": "1423004411", "code": 7229, "fclass": "farmland", "name": null }, "geometry": { "type": "Polygon", "coordinates": [ [ [ 73.8644371, 15.5288298 ], [ 73.8644805, 15.5288567 ], [ 73.8646823, 15.5289225 ], [ 73.8652627, 15.5292694 ], [ 73.8658648, 15.5295446 ], [ 73.8659083, 15.5295266 ], [ 73.8659238, 15.5294788 ], [ 73.8658866, 15.5293203 ], [ 73.8658245, 15.5292964 ], [ 73.8654644, 15.529099 ], [ 73.8649057, 15.5288777 ], [ 73.8647661, 15.528782 ], [ 73.8645798, 15.5286803 ], [ 73.8645302, 15.5286982 ], [ 73.8644929, 15.5287371 ], [ 73.8644588, 15.528782 ], [ 73.8644371, 15.5288298 ] ] ] } },
{ "type": "Feature", "properties": { "osm_id": "1423004412", "code": 7229, "fclass": "farmland", "name": null }, "geometry": { "type": "Polygon", "coordinates": [ [ [ 73.8661876, 15.5296253 ], [ 73.8662063, 15.5296732 ], [ 73.8666098, 15.5299722 ], [ 73.8667494, 15.5300589 ], [ 73.8670691, 15.5302952 ], [ 73.8672088, 15.5304746 ], [ 73.8673205, 15.5306541 ], [ 73.8674012, 15.5307139 ], [ 73.867454, 15.5307079 ], [ 73.8674819, 15.530666 ], [ 73.8674819, 15.5306152 ], [ 73.8674695, 15.5305643 ], [ 73.8674385, 15.5305225 ], [ 73.8673609, 15.5304477 ], [ 73.8670784, 15.5301337 ], [ 73.8667681, 15.5298885 ], [ 73.8665849, 15.5297778 ], [ 73.8665322, 15.5297599 ], [ 73.8663583, 15.5296253 ], [ 73.8662652, 15.5295775 ], [ 73.8662125, 15.5295805 ], [ 73.8661876, 15.5296253 ] ] ] } },
{ "type": "Feature", "properties": { "osm_id": "1423004413", "code": 7229, "fclass": "farmland", "name": null }, "geometry": { "type": "Polygon", "coordinates": [ [ [ 73.8664639, 15.5315213 ], [ 73.8665508, 15.5315931 ], [ 73.8667308, 15.5317067 ], [ 73.8672088, 15.531928 ], [ 73.8674137, 15.5320058 ], [ 73.8677737, 15.5321733 ], [ 73.8680593, 15.5323826 ], [ 73.8682331, 15.5324902 ], [ 73.8683014, 15.5324185 ], [ 73.8682579, 15.5323288 ], [ 73.8681834, 15.532251 ], [ 73.8679227, 15.5320476 ], [ 73.8678544, 15.5319699 ], [ 73.8674261, 15.531629 ], [ 73.8667308, 15.5312522 ], [ 73.8666253, 15.5312582 ], [ 73.8665446, 15.5313299 ], [ 73.8664701, 15.5314137 ], [ 73.8664639, 15.5315213 ] ] ] } },
{ "type": "Feature", "properties": { "osm_id": "1423004414", "code": 7229, "fclass": "farmland", "name": null }, "geometry": { "type": "Polygon", "coordinates": [ [ [ 73.8635338, 15.5302055 ], [ 73.8636145, 15.5302773 ], [ 73.8638194, 15.5302832 ], [ 73.8640242, 15.530355 ], [ 73.8646512, 15.5304926 ], [ 73.8650113, 15.5307019 ], [ 73.8652099, 15.5307797 ], [ 73.8655141, 15.5308514 ], [ 73.8656134, 15.5308993 ], [ 73.8658741, 15.5310608 ], [ 73.8659362, 15.5311625 ], [ 73.8660231, 15.5312223 ], [ 73.8662094, 15.531312 ], [ 73.8663149, 15.5313299 ], [ 73.8664142, 15.5313299 ], [ 73.8664297, 15.5312223 ], [ 73.8663708, 15.5311266 ], [ 73.8663987, 15.5310608 ], [ 73.8664701, 15.5311026 ], [ 73.8665818, 15.5311086 ], [ 73.8672398, 15.5314196 ], [ 73.8676558, 15.5317067 ], [ 73.8679041, 15.5318981 ], [ 73.8680096, 15.5318981 ], [ 73.8680096, 15.5317964 ], [ 73.8679413, 15.5317127 ], [ 73.8677737, 15.5315751 ], [ 73.8676247, 15.5314137 ], [ 73.8675813, 15.5313239 ], [ 73.8675688, 15.5312223 ], [ 73.8675813, 15.5311206 ], [ 73.8673143, 15.5309471 ], [ 73.8672398, 15.5308754 ], [ 73.8669853, 15.5306481 ], [ 73.8668798, 15.5304687 ], [ 73.8668115, 15.5303909 ], [ 73.8665508, 15.5301995 ], [ 73.8663211, 15.5299722 ], [ 73.8661535, 15.5298406 ], [ 73.8660542, 15.5297928 ], [ 73.8657438, 15.5296911 ], [ 73.8656382, 15.5296911 ], [ 73.86557, 15.5297689 ], [ 73.8656507, 15.5298347 ], [ 73.86593, 15.5299962 ], [ 73.8660045, 15.5300619 ], [ 73.8660231, 15.5301636 ], [ 73.8658245, 15.5302533 ], [ 73.8657189, 15.5302414 ], [ 73.8655513, 15.5301218 ], [ 73.8654582, 15.5300739 ], [ 73.8653651, 15.5301158 ], [ 73.8652782, 15.5301995 ], [ 73.8651789, 15.5302294 ], [ 73.8650671, 15.5302414 ], [ 73.8649554, 15.5302174 ], [ 73.8647754, 15.5301098 ], [ 73.8646823, 15.5300679 ], [ 73.8645767, 15.530056 ], [ 73.864465, 15.5300619 ], [ 73.8642601, 15.5301337 ], [ 73.8640429, 15.5301875 ], [ 73.8639311, 15.5301816 ], [ 73.8637511, 15.5300679 ], [ 73.8636394, 15.5300619 ], [ 73.86354, 15.5300978 ], [ 73.8635338, 15.5302055 ] ] ] } },
{ "type": "Feature", "properties": { "osm_id": "1423053081", "code": 7215, "fclass": "orchard", "name": null }, "geometry": { "type": "Polygon", "coordinates": [ [ [ 73.8560804, 15.5429577 ], [ 73.8562276, 15.5431805 ], [ 73.8567413, 15.5429519 ], [ 73.8566352, 15.5426972 ], [ 73.8560804, 15.5429577 ] ] ] } },
{ "type": "Feature", "properties": { "osm_id": "1423053082", "code": 7215, "fclass": "orchard", "name": null }, "geometry": { "type": "Polygon", "coordinates": [ [ [ 73.8568666, 15.5425756 ], [ 73.8569996, 15.5428419 ], [ 73.8574171, 15.5426336 ], [ 73.8572579, 15.5424107 ], [ 73.8568666, 15.5425756 ] ] ] } },
{ "type": "Feature", "properties": { "osm_id": "1423065726", "code": 7215, "fclass": "orchard", "name": null }, "geometry": { "type": "Polygon", "coordinates": [ [ [ 73.840608, 15.5356806 ], [ 73.8407958, 15.5358021 ], [ 73.8413161, 15.5360166 ], [ 73.8413751, 15.5359287 ], [ 73.8408843, 15.5356961 ], [ 73.8412008, 15.5353085 ], [ 73.8412643, 15.5352314 ], [ 73.8411203, 15.5351379 ], [ 73.841072, 15.5352025 ], [ 73.840608, 15.5356806 ] ] ] } },
{ "type": "Feature", "properties": { "osm_id": "1423067843", "code": 7229, "fclass": "farmland", "name": null }, "geometry": { "type": "Polygon", "coordinates": [ [ [ 73.8479893, 15.5305365 ], [ 73.8480108, 15.531074 ], [ 73.8479893, 15.5315598 ], [ 73.848059, 15.5316839 ], [ 73.8482146, 15.5318131 ], [ 73.848515, 15.5318234 ], [ 73.8489013, 15.5319216 ], [ 73.8491158, 15.5319216 ], [ 73.8494592, 15.5318596 ], [ 73.8503014, 15.5318699 ], [ 73.8504623, 15.5318286 ], [ 73.8516426, 15.5312693 ], [ 73.8519859, 15.5311349 ], [ 73.852325, 15.5310216 ], [ 73.8522923, 15.5309936 ], [ 73.8522395, 15.5309813 ], [ 73.8521539, 15.5310021 ], [ 73.8519967, 15.5310574 ], [ 73.8504142, 15.5317758 ], [ 73.8500601, 15.5318068 ], [ 73.8494646, 15.5317862 ], [ 73.8490891, 15.5318585 ], [ 73.8486493, 15.5317655 ], [ 73.8483435, 15.5317293 ], [ 73.8481772, 15.5316259 ], [ 73.8481235, 15.5313727 ], [ 73.8481235, 15.5306388 ], [ 73.8481611, 15.5298273 ], [ 73.8482147, 15.5291295 ], [ 73.8483274, 15.5288194 ], [ 73.8495344, 15.5274549 ], [ 73.849647, 15.5272275 ], [ 73.8498884, 15.5259973 ], [ 73.8501835, 15.5259818 ], [ 73.850323, 15.525863 ], [ 73.8507987, 15.5249671 ], [ 73.8506019, 15.5248706 ], [ 73.8505885, 15.5246923 ], [ 73.8501002, 15.5249104 ], [ 73.849545, 15.525678 ], [ 73.8496308, 15.5262879 ], [ 73.8495557, 15.5270011 ], [ 73.8494913, 15.5272647 ], [ 73.8492875, 15.5275387 ], [ 73.8482253, 15.5287843 ], [ 73.8481395, 15.52896 ], [ 73.8480698, 15.5293529 ], [ 73.848059, 15.5299783 ], [ 73.8479893, 15.5305365 ] ] ] } },
{ "type": "Feature", "properties": { "osm_id": "1423075341", "code": 7229, "fclass": "farmland", "name": null }, "geometry": { "type": "Polygon", "coordinates": [ [ [ 73.8143599, 15.5128375 ], [ 73.8154274, 15.513127 ], [ 73.815819, 15.5137679 ], [ 73.8164681, 15.5139385 ], [ 73.8166827, 15.5131063 ], [ 73.8169992, 15.5131683 ], [ 73.8171279, 15.5126824 ], [ 73.8159987, 15.5124783 ], [ 73.8159048, 15.5129641 ], [ 73.8152021, 15.5129021 ], [ 73.8144698, 15.5127445 ], [ 73.8143599, 15.5128375 ] ] ] } },
{ "type": "Feature", "properties": { "osm_id": "1423098227", "code": 7229, "fclass": "farmland", "name": null }, "geometry": { "type": "Polygon", "coordinates": [ [ [ 73.7891847, 15.5464823 ], [ 73.7892115, 15.5469914 ], [ 73.7894824, 15.5469914 ], [ 73.7894939, 15.5473377 ], [ 73.7899438, 15.5473454 ], [ 73.7899438, 15.5475675 ], [ 73.7904963, 15.5475754 ], [ 73.7904963, 15.5474023 ], [ 73.7908423, 15.5473893 ], [ 73.7908745, 15.546963 ], [ 73.7899464, 15.5469165 ], [ 73.7899518, 15.5462265 ], [ 73.7893268, 15.5462756 ], [ 73.7892169, 15.546335 ], [ 73.7891847, 15.5464823 ] ] ] } },
{ "type": "Feature", "properties": { "osm_id": "1423333500", "code": 7229, "fclass": "farmland", "name": null }, "geometry": { "type": "Polygon", "coordinates": [ [ [ 73.7906706, 15.5725204 ], [ 73.7907216, 15.5726909 ], [ 73.7911018, 15.5725817 ], [ 73.7910553, 15.5724149 ], [ 73.7906706, 15.5725204 ] ] ] } },
{ "type": "Feature", "properties": { "osm_id": "1423333502", "code": 7229, "fclass": "farmland", "name": null }, "geometry": { "type": "Polygon", "coordinates": [ [ [ 73.789528, 15.5713629 ], [ 73.7897847, 15.5723034 ], [ 73.790051, 15.5722595 ], [ 73.7901369, 15.5725488 ], [ 73.7898874, 15.5725773 ], [ 73.7899738, 15.5729598 ], [ 73.7901258, 15.5733547 ], [ 73.7907391, 15.573368 ], [ 73.7907756, 15.5735837 ], [ 73.7908707, 15.5737767 ], [ 73.7913096, 15.5736697 ], [ 73.791176, 15.5732881 ], [ 73.7912912, 15.5732615 ], [ 73.791244, 15.5730921 ], [ 73.7911578, 15.5727828 ], [ 73.7911327, 15.5726926 ], [ 73.7911018, 15.5725817 ], [ 73.7907216, 15.5726909 ], [ 73.7906706, 15.5725204 ], [ 73.7910553, 15.5724149 ], [ 73.79104, 15.57236 ], [ 73.7914259, 15.5722885 ], [ 73.7912866, 15.5721744 ], [ 73.7903101, 15.5723475 ], [ 73.7901995, 15.5720325 ], [ 73.7908813, 15.5718727 ], [ 73.7908047, 15.571828 ], [ 73.7900028, 15.5719649 ], [ 73.7898633, 15.5714042 ], [ 73.7901959, 15.5713422 ], [ 73.7900993, 15.5712518 ], [ 73.7900189, 15.5712725 ], [ 73.789528, 15.5713629 ] ] ] } },
{ "type": "Feature", "properties": { "osm_id": "1423480360", "code": 7229, "fclass": "farmland", "name": null }, "geometry": { "type": "Polygon", "coordinates": [ [ [ 73.787798, 15.5731121 ], [ 73.7878945, 15.573727 ], [ 73.7883639, 15.5735539 ], [ 73.7886187, 15.5734015 ], [ 73.7885329, 15.5731638 ], [ 73.7881467, 15.5729752 ], [ 73.7880528, 15.5729752 ], [ 73.7878248, 15.5730346 ], [ 73.787798, 15.5731121 ] ] ] } },
{ "type": "Feature", "properties": { "osm_id": "1423480375", "code": 7229, "fclass": "farmland", "name": null }, "geometry": { "type": "Polygon", "coordinates": [ [ [ 73.7844318, 15.5725411 ], [ 73.7847805, 15.5735074 ], [ 73.7847188, 15.5735384 ], [ 73.784759, 15.573696 ], [ 73.7849012, 15.5738459 ], [ 73.7849548, 15.5739647 ], [ 73.7851453, 15.5745461 ], [ 73.7851533, 15.5749362 ], [ 73.7853116, 15.5757785 ], [ 73.7852687, 15.5761376 ], [ 73.7852848, 15.5763237 ], [ 73.7854742, 15.5768733 ], [ 73.7861377, 15.5764218 ], [ 73.7865615, 15.5761583 ], [ 73.7868297, 15.576055 ], [ 73.7877899, 15.5758896 ], [ 73.7877738, 15.5756157 ], [ 73.7879938, 15.5755176 ], [ 73.7879562, 15.575316 ], [ 73.7883317, 15.5752127 ], [ 73.7883586, 15.5754194 ], [ 73.7889379, 15.5753625 ], [ 73.7887984, 15.5748303 ], [ 73.7884873, 15.5748665 ], [ 73.7883317, 15.574267 ], [ 73.7880957, 15.574267 ], [ 73.7876022, 15.574391 ], [ 73.7876464, 15.5731521 ], [ 73.787055, 15.5732241 ], [ 73.7870148, 15.5730036 ], [ 73.7876105, 15.5729344 ], [ 73.787731, 15.5729209 ], [ 73.7875693, 15.572249 ], [ 73.7872267, 15.5723344 ], [ 73.7871838, 15.5722207 ], [ 73.7860143, 15.5724687 ], [ 73.7859017, 15.5721639 ], [ 73.7844318, 15.5725411 ] ] ] } },
{ "type": "Feature", "properties": { "osm_id": "1423480376", "code": 7229, "fclass": "farmland", "name": null }, "geometry": { "type": "Polygon", "coordinates": [ [ [ 73.7847218, 15.571304 ], [ 73.784855, 15.5717477 ], [ 73.7855583, 15.5715838 ], [ 73.7854846, 15.5713009 ], [ 73.7852834, 15.5713487 ], [ 73.7852606, 15.571257 ], [ 73.7850179, 15.5713151 ], [ 73.7849964, 15.5712402 ], [ 73.7847218, 15.571304 ] ] ] } },
{ "type": "Feature", "properties": { "osm_id": "1424105221", "code": 7215, "fclass": "orchard", "name": null }, "geometry": { "type": "Polygon", "coordinates": [ [ [ 73.8298416, 15.6159797 ], [ 73.8298467, 15.6164015 ], [ 73.8302493, 15.6164136 ], [ 73.8308716, 15.6160933 ], [ 73.8306034, 15.615649 ], [ 73.8298416, 15.6159797 ] ] ] } },
{ "type": "Feature", "properties": { "osm_id": "1424202174", "code": 7229, "fclass": "farmland", "name": null }, "geometry": { "type": "Polygon", "coordinates": [ [ [ 73.8312122, 15.6037969 ], [ 73.8312283, 15.6039002 ], [ 73.8313571, 15.6040449 ], [ 73.8314322, 15.6040707 ], [ 73.8319793, 15.6044634 ], [ 73.8325506, 15.604869 ], [ 73.8326764, 15.6049585 ], [ 73.8326832, 15.6049599 ], [ 73.8326874, 15.6049568 ], [ 73.8326887, 15.6049525 ], [ 73.8326852, 15.6049457 ], [ 73.8325372, 15.6047476 ], [ 73.8323924, 15.6044712 ], [ 73.8322958, 15.6043239 ], [ 73.832261, 15.6042722 ], [ 73.8322127, 15.604156 ], [ 73.8321, 15.6038873 ], [ 73.8320383, 15.6038227 ], [ 73.8319445, 15.6037685 ], [ 73.8319123, 15.6036652 ], [ 73.8319096, 15.603598 ], [ 73.8319498, 15.6037039 ], [ 73.8319981, 15.6037685 ], [ 73.8320947, 15.6038357 ], [ 73.8321429, 15.6039183 ], [ 73.8322502, 15.6041818 ], [ 73.8323441, 15.6043601 ], [ 73.8325131, 15.6046236 ], [ 73.8326606, 15.6048664 ], [ 73.8327353, 15.6049766 ], [ 73.8327405, 15.6049783 ], [ 73.8327449, 15.6049736 ], [ 73.832747, 15.6049688 ], [ 73.8327262, 15.6048993 ], [ 73.8326445, 15.6046983 ], [ 73.8326529, 15.6045 ], [ 73.8327009, 15.6041089 ], [ 73.8327093, 15.6038915 ], [ 73.8326727, 15.6037041 ], [ 73.8326783, 15.6035792 ], [ 73.8326275, 15.6033646 ], [ 73.8323652, 15.6028973 ], [ 73.8322947, 15.6027669 ], [ 73.8322242, 15.6023106 ], [ 73.8322186, 15.6020905 ], [ 73.8321424, 15.6019819 ], [ 73.8320804, 15.6018243 ], [ 73.8320635, 15.6013761 ], [ 73.8321706, 15.6009415 ], [ 73.8322524, 15.6007622 ], [ 73.8323201, 15.6007079 ], [ 73.8323822, 15.6006535 ], [ 73.8324019, 15.6003955 ], [ 73.8324414, 15.6002922 ], [ 73.8326952, 15.6001075 ], [ 73.8327319, 15.600026 ], [ 73.8326839, 15.5998657 ], [ 73.8326727, 15.599787 ], [ 73.8327657, 15.5993985 ], [ 73.8329209, 15.5989829 ], [ 73.8329321, 15.5988498 ], [ 73.8328533, 15.5986139 ], [ 73.8328055, 15.5986805 ], [ 73.8327786, 15.5987696 ], [ 73.8328336, 15.5989027 ], [ 73.8328323, 15.5990215 ], [ 73.8327827, 15.5991132 ], [ 73.8327625, 15.5991739 ], [ 73.8327759, 15.5992372 ], [ 73.8327424, 15.5994155 ], [ 73.8326848, 15.5995111 ], [ 73.8326445, 15.5995937 ], [ 73.8326016, 15.5997487 ], [ 73.8325104, 15.6000536 ], [ 73.832387, 15.6002758 ], [ 73.832328, 15.600454 ], [ 73.8322771, 15.6005832 ], [ 73.8321725, 15.6007175 ], [ 73.8321188, 15.6009397 ], [ 73.8320276, 15.6010844 ], [ 73.8319793, 15.6012058 ], [ 73.8319445, 15.6018439 ], [ 73.8319042, 15.6019136 ], [ 73.8316467, 15.6020531 ], [ 73.8315663, 15.6022469 ], [ 73.8314429, 15.6027739 ], [ 73.8313919, 15.6031381 ], [ 73.8312122, 15.6037969 ] ] ] } },
{ "type": "Feature", "properties": { "osm_id": "1424858530", "code": 7229, "fclass": "farmland", "name": null }, "geometry": { "type": "Polygon", "coordinates": [ [ [ 73.9088166, 15.422624 ], [ 73.9090741, 15.4227378 ], [ 73.9091706, 15.4230274 ], [ 73.909986, 15.4231619 ], [ 73.9100718, 15.4236479 ], [ 73.910222, 15.4236686 ], [ 73.9113915, 15.423741 ], [ 73.9111018, 15.4229757 ], [ 73.9104552, 15.4204942 ], [ 73.9100826, 15.4205969 ], [ 73.9099967, 15.4208244 ], [ 73.9091921, 15.4211243 ], [ 73.9088166, 15.422624 ] ] ] } },
{ "type": "Feature", "properties": { "osm_id": "1424862143", "code": 7229, "fclass": "farmland", "name": null }, "geometry": { "type": "Polygon", "coordinates": [ [ [ 73.8963336, 15.4295741 ], [ 73.8967091, 15.4297964 ], [ 73.8969934, 15.4294603 ], [ 73.897208, 15.4289277 ], [ 73.8968915, 15.4287726 ], [ 73.896473, 15.4294086 ], [ 73.8963336, 15.4295741 ] ] ] } },
{ "type": "Feature", "properties": { "osm_id": "1424862144", "code": 7229, "fclass": "farmland", "name": null }, "geometry": { "type": "Polygon", "coordinates": [ [ [ 73.8947403, 15.4311047 ], [ 73.8949066, 15.431265 ], [ 73.8960814, 15.4299981 ], [ 73.8962048, 15.4301222 ], [ 73.8950676, 15.4314305 ], [ 73.8953197, 15.4317097 ], [ 73.8963818, 15.4303187 ], [ 73.8969183, 15.4306135 ], [ 73.8967198, 15.4310892 ], [ 73.8970149, 15.4312392 ], [ 73.8972026, 15.4308358 ], [ 73.8973796, 15.4309082 ], [ 73.8974494, 15.4307583 ], [ 73.8972562, 15.4306393 ], [ 73.8977551, 15.4293672 ], [ 73.8979483, 15.4294345 ], [ 73.8980931, 15.4288553 ], [ 73.8977176, 15.4286847 ], [ 73.8975567, 15.4286433 ], [ 73.8970363, 15.4295844 ], [ 73.8967144, 15.4299878 ], [ 73.8962156, 15.4296672 ], [ 73.8955826, 15.4301067 ], [ 73.8953894, 15.4299361 ], [ 73.89525, 15.4300705 ], [ 73.8954377, 15.4303187 ], [ 73.8947403, 15.4311047 ] ] ] } },
{ "type": "Feature", "properties": { "osm_id": "1424862145", "code": 7229, "fclass": "farmland", "name": null }, "geometry": { "type": "Polygon", "coordinates": [ [ [ 73.8968298, 15.4336825 ], [ 73.8974279, 15.4345977 ], [ 73.8978383, 15.4342952 ], [ 73.8977095, 15.4340935 ], [ 73.8982487, 15.4335894 ], [ 73.8981092, 15.4334006 ], [ 73.898195, 15.4332895 ], [ 73.8980877, 15.4331705 ], [ 73.8977659, 15.4329973 ], [ 73.8973609, 15.433517 ], [ 73.8971677, 15.4333619 ], [ 73.8968298, 15.4336825 ] ] ] } },
{ "type": "Feature", "properties": { "osm_id": "1424862146", "code": 7229, "fclass": "farmland", "name": null }, "geometry": { "type": "Polygon", "coordinates": [ [ [ 73.8979483, 15.4325061 ], [ 73.8983452, 15.4326974 ], [ 73.8986939, 15.432082 ], [ 73.8992143, 15.4309651 ], [ 73.9002335, 15.4313271 ], [ 73.9004052, 15.4309134 ], [ 73.9000082, 15.4307738 ], [ 73.8996273, 15.4300498 ], [ 73.8994074, 15.4297396 ], [ 73.8993323, 15.4297861 ], [ 73.8986725, 15.429269 ], [ 73.8985705, 15.4294707 ], [ 73.8987797, 15.4296051 ], [ 73.8986617, 15.4298171 ], [ 73.8988495, 15.4299464 ], [ 73.8985813, 15.4304273 ], [ 73.8989407, 15.430629 ], [ 73.8986188, 15.4313012 ], [ 73.8979483, 15.4325061 ] ] ] } },
{ "type": "Feature", "properties": { "osm_id": "1424862147", "code": 7229, "fclass": "farmland", "name": null }, "geometry": { "type": "Polygon", "coordinates": [ [ [ 73.8892847, 15.4336126 ], [ 73.8900787, 15.4337833 ], [ 73.8903147, 15.4338091 ], [ 73.8907975, 15.4336747 ], [ 73.8913339, 15.4333438 ], [ 73.8916451, 15.4326715 ], [ 73.8912857, 15.4323147 ], [ 73.8917577, 15.4313374 ], [ 73.892085, 15.4316684 ], [ 73.8924229, 15.4313167 ], [ 73.8921171, 15.4309754 ], [ 73.8927555, 15.4302618 ], [ 73.892439, 15.4299929 ], [ 73.8929433, 15.4291656 ], [ 73.8931149, 15.4293 ], [ 73.8940912, 15.4272885 ], [ 73.8937908, 15.4270196 ], [ 73.8929218, 15.4276918 ], [ 73.892777, 15.428121 ], [ 73.8925946, 15.4284209 ], [ 73.8920635, 15.4287105 ], [ 73.8914037, 15.4294448 ], [ 73.8910067, 15.4297137 ], [ 73.8907868, 15.4300136 ], [ 73.8897085, 15.4311357 ], [ 73.8893866, 15.4317046 ], [ 73.8894671, 15.4320562 ], [ 73.8893866, 15.4326353 ], [ 73.8894296, 15.4330438 ], [ 73.8895315, 15.4331731 ], [ 73.8895315, 15.4333438 ], [ 73.8892847, 15.4336126 ] ] ] } },
{ "type": "Feature", "properties": { "osm_id": "1424862148", "code": 7229, "fclass": "farmland", "name": null }, "geometry": { "type": "Polygon", "coordinates": [ [ [ 73.8915753, 15.4339177 ], [ 73.8918596, 15.4343986 ], [ 73.892101, 15.4343159 ], [ 73.8929862, 15.4338505 ], [ 73.8932437, 15.4341556 ], [ 73.8924122, 15.4346986 ], [ 73.8927984, 15.4354535 ], [ 73.892675, 15.4355673 ], [ 73.8927609, 15.4359241 ], [ 73.8932061, 15.4359034 ], [ 73.8937372, 15.4358 ], [ 73.8936943, 15.435469 ], [ 73.8943595, 15.4350191 ], [ 73.8953519, 15.4339953 ], [ 73.8952017, 15.4337316 ], [ 73.8957971, 15.4332559 ], [ 73.8961565, 15.4328215 ], [ 73.8960224, 15.432687 ], [ 73.8961887, 15.4324285 ], [ 73.8957381, 15.4321803 ], [ 73.8953251, 15.4320355 ], [ 73.8949388, 15.4325681 ], [ 73.8944131, 15.4321958 ], [ 73.8946706, 15.4318959 ], [ 73.8943756, 15.4316063 ], [ 73.8942093, 15.4317925 ], [ 73.8939142, 15.4315081 ], [ 73.893764, 15.4316218 ], [ 73.8935387, 15.4314046 ], [ 73.892836, 15.4320872 ], [ 73.8923156, 15.4316322 ], [ 73.8920098, 15.4321027 ], [ 73.8918704, 15.4325578 ], [ 73.8920098, 15.4326508 ], [ 73.8923103, 15.4322165 ], [ 73.8926375, 15.4325267 ], [ 73.8921225, 15.4331938 ], [ 73.8922459, 15.433473 ], [ 73.8915753, 15.4339177 ] ] ] } },
{ "type": "Feature", "properties": { "osm_id": "1424862149", "code": 7229, "fclass": "farmland", "name": null }, "geometry": { "type": "Polygon", "coordinates": [ [ [ 73.9030123, 15.4325112 ], [ 73.9032912, 15.4325888 ], [ 73.90342, 15.4322682 ], [ 73.9036775, 15.4321648 ], [ 73.9039779, 15.4320717 ], [ 73.9041388, 15.4316684 ], [ 73.9043695, 15.4311668 ], [ 73.9044928, 15.43081 ], [ 73.9044124, 15.4307841 ], [ 73.9044607, 15.4306445 ], [ 73.904863, 15.4307479 ], [ 73.9049381, 15.4305928 ], [ 73.9051205, 15.429693 ], [ 73.9048576, 15.4295069 ], [ 73.9047342, 15.4300498 ], [ 73.9042729, 15.4299154 ], [ 73.903935, 15.4307169 ], [ 73.9036882, 15.4307634 ], [ 73.9034575, 15.431296 ], [ 73.9030123, 15.4325112 ] ] ] } },
{ "type": "Feature", "properties": { "osm_id": "1424862150", "code": 7229, "fclass": "farmland", "name": null }, "geometry": { "type": "Polygon", "coordinates": [ [ [ 73.9049274, 15.4294086 ], [ 73.9051795, 15.4296154 ], [ 73.905496, 15.4297551 ], [ 73.9057535, 15.4294138 ], [ 73.9063328, 15.4295741 ], [ 73.906467, 15.4294345 ], [ 73.9066011, 15.4295017 ], [ 73.9070678, 15.4287932 ], [ 73.9070249, 15.4287467 ], [ 73.9072931, 15.4280434 ], [ 73.9070785, 15.4278935 ], [ 73.9073414, 15.4273815 ], [ 73.9063436, 15.4268592 ], [ 73.9060861, 15.4267662 ], [ 73.9059144, 15.4270506 ], [ 73.9052331, 15.4282761 ], [ 73.9049703, 15.4289432 ], [ 73.9050883, 15.4290156 ], [ 73.9049274, 15.4294086 ] ] ] } },
{ "type": "Feature", "properties": { "osm_id": "1424862151", "code": 7229, "fclass": "farmland", "name": null }, "geometry": { "type": "Polygon", "coordinates": [ [ [ 73.9060163, 15.4262646 ], [ 73.9061129, 15.4263111 ], [ 73.9060861, 15.4264094 ], [ 73.9063597, 15.4264869 ], [ 73.9062685, 15.4267248 ], [ 73.9070892, 15.4271437 ], [ 73.9071965, 15.4269161 ], [ 73.907454, 15.4269523 ], [ 73.9073145, 15.4272264 ], [ 73.9076525, 15.427335 ], [ 73.9077812, 15.4271592 ], [ 73.9081192, 15.4269885 ], [ 73.9088917, 15.4270196 ], [ 73.9088917, 15.4263059 ], [ 73.9090848, 15.4263059 ], [ 73.909117, 15.4259646 ], [ 73.9096641, 15.4252924 ], [ 73.9101577, 15.4250649 ], [ 73.9098894, 15.4248684 ], [ 73.9088058, 15.4249925 ], [ 73.9087736, 15.4247236 ], [ 73.9068103, 15.4247442 ], [ 73.9067835, 15.4248632 ], [ 73.9064348, 15.4249614 ], [ 73.9060163, 15.4262646 ] ] ] } },
{ "type": "Feature", "properties": { "osm_id": "1424862153", "code": 7229, "fclass": "farmland", "name": null }, "geometry": { "type": "Polygon", "coordinates": [ [ [ 73.9022049, 15.4256337 ], [ 73.9026582, 15.4263266 ], [ 73.9033395, 15.425944 ], [ 73.9044607, 15.4252665 ], [ 73.9056838, 15.4246589 ], [ 73.9062551, 15.4243409 ], [ 73.9061236, 15.4239091 ], [ 73.9061129, 15.4236505 ], [ 73.9053002, 15.4238884 ], [ 73.9051715, 15.4242918 ], [ 73.9036721, 15.425114 ], [ 73.9032161, 15.4253208 ], [ 73.9025563, 15.4254889 ], [ 73.9024678, 15.425569 ], [ 73.9022049, 15.4256337 ] ] ] } },
{ "type": "Feature", "properties": { "osm_id": "1424862154", "code": 7229, "fclass": "farmland", "name": null }, "geometry": { "type": "Polygon", "coordinates": [ [ [ 73.9005688, 15.4270557 ], [ 73.901065, 15.4272652 ], [ 73.9018375, 15.4272626 ], [ 73.9031732, 15.4265878 ], [ 73.9029506, 15.4262904 ], [ 73.9020655, 15.4267429 ], [ 73.9009282, 15.427017 ], [ 73.9005688, 15.4270557 ] ] ] } },
{ "type": "Feature", "properties": { "osm_id": "1424862156", "code": 7229, "fclass": "farmland", "name": null }, "geometry": { "type": "Polygon", "coordinates": [ [ [ 73.9001745, 15.4275237 ], [ 73.9001772, 15.4277513 ], [ 73.9002871, 15.4282916 ], [ 73.9009952, 15.4281055 ], [ 73.9009952, 15.4278262 ], [ 73.9018911, 15.427697 ], [ 73.9020252, 15.4280383 ], [ 73.9021647, 15.4286019 ], [ 73.9030927, 15.4283951 ], [ 73.9031196, 15.4291811 ], [ 73.9035326, 15.4291707 ], [ 73.9036989, 15.4285192 ], [ 73.9043534, 15.4284158 ], [ 73.9043158, 15.4279038 ], [ 73.9039886, 15.4279917 ], [ 73.9036614, 15.4275315 ], [ 73.9037794, 15.4274436 ], [ 73.9035863, 15.4271333 ], [ 73.9025295, 15.4274436 ], [ 73.9024168, 15.4270609 ], [ 73.9018643, 15.4273453 ], [ 73.9016765, 15.4273298 ], [ 73.9010757, 15.427335 ], [ 73.9007565, 15.4272497 ], [ 73.9004669, 15.4270919 ], [ 73.9004186, 15.4274462 ], [ 73.9001745, 15.4275237 ] ] ] } },
{ "type": "Feature", "properties": { "osm_id": "1424862157", "code": 7229, "fclass": "farmland", "name": null }, "geometry": { "type": "Polygon", "coordinates": [ [ [ 73.8997292, 15.4299826 ], [ 73.9000833, 15.4306652 ], [ 73.9004213, 15.43081 ], [ 73.900727, 15.4298171 ], [ 73.9001691, 15.4294965 ], [ 73.9000457, 15.4296827 ], [ 73.8997292, 15.4299826 ] ] ] } },
{ "type": "Feature", "properties": { "osm_id": "1424862158", "code": 7229, "fclass": "farmland", "name": null }, "geometry": { "type": "Polygon", "coordinates": [ [ [ 73.9013547, 15.4310944 ], [ 73.9015639, 15.4311564 ], [ 73.9019126, 15.4301274 ], [ 73.9021218, 15.4289949 ], [ 73.9014566, 15.4291501 ], [ 73.901462, 15.4294448 ], [ 73.9015531, 15.4294448 ], [ 73.9013547, 15.4310944 ] ] ] } },
{ "type": "Feature", "properties": { "osm_id": "1424862159", "code": 7229, "fclass": "farmland", "name": null }, "geometry": { "type": "Polygon", "coordinates": [ [ [ 73.9017892, 15.4324311 ], [ 73.9027655, 15.4327956 ], [ 73.9030445, 15.4322217 ], [ 73.9032912, 15.4315494 ], [ 73.9036104, 15.4306781 ], [ 73.9031705, 15.4305721 ], [ 73.9032537, 15.4301765 ], [ 73.9040664, 15.43013 ], [ 73.90423, 15.4297034 ], [ 73.903664, 15.4296361 ], [ 73.903707, 15.4291914 ], [ 73.9034119, 15.4292793 ], [ 73.9029103, 15.4292405 ], [ 73.9028567, 15.4294629 ], [ 73.9021459, 15.4296284 ], [ 73.9020815, 15.429874 ], [ 73.9025429, 15.4298223 ], [ 73.9024276, 15.4315287 ], [ 73.9020011, 15.4314951 ], [ 73.9017892, 15.4324311 ] ] ] } },
{ "type": "Feature", "properties": { "osm_id": "1424862160", "code": 7229, "fclass": "farmland", "name": null }, "geometry": { "type": "Polygon", "coordinates": [ [ [ 73.9001182, 15.4353553 ], [ 73.9005151, 15.4356112 ], [ 73.9005929, 15.4354328 ], [ 73.9007646, 15.4352363 ], [ 73.9008236, 15.4352906 ], [ 73.9011106, 15.4350347 ], [ 73.9016551, 15.4348614 ], [ 73.9020145, 15.4343056 ], [ 73.9018723, 15.4342357 ], [ 73.9019421, 15.4341246 ], [ 73.9021111, 15.4342047 ], [ 73.902736, 15.432881 ], [ 73.9018053, 15.4325293 ], [ 73.9015692, 15.4329999 ], [ 73.9012393, 15.4329042 ], [ 73.9012098, 15.4330361 ], [ 73.9013332, 15.4330904 ], [ 73.9011669, 15.4335428 ], [ 73.9006519, 15.434577 ], [ 73.9001209, 15.4352622 ], [ 73.9001182, 15.4353553 ] ] ] } },
{ "type": "Feature", "properties": { "osm_id": "1424862161", "code": 7229, "fclass": "farmland", "name": null }, "geometry": { "type": "Polygon", "coordinates": [ [ [ 73.8919669, 15.4379097 ], [ 73.8920259, 15.4382251 ], [ 73.8927984, 15.4382044 ], [ 73.8927823, 15.4380855 ], [ 73.8933939, 15.4380441 ], [ 73.8933939, 15.4378476 ], [ 73.8939142, 15.4375322 ], [ 73.8945311, 15.4374495 ], [ 73.8945901, 15.4376098 ], [ 73.8953036, 15.438887 ], [ 73.8955235, 15.4387939 ], [ 73.8953733, 15.438344 ], [ 73.8959634, 15.438039 ], [ 73.8962316, 15.4385871 ], [ 73.8967788, 15.4384113 ], [ 73.8966823, 15.4381734 ], [ 73.8971865, 15.4379821 ], [ 73.89709, 15.4377752 ], [ 73.8974869, 15.4376305 ], [ 73.8974011, 15.4373874 ], [ 73.8976586, 15.4372892 ], [ 73.8976318, 15.4370979 ], [ 73.8987851, 15.436679 ], [ 73.8993698, 15.436436 ], [ 73.8987046, 15.435588 ], [ 73.8991445, 15.4353449 ], [ 73.8998365, 15.4361464 ], [ 73.9001101, 15.4359809 ], [ 73.900035, 15.4358155 ], [ 73.9000994, 15.4357534 ], [ 73.8999921, 15.4356603 ], [ 73.9001477, 15.4354845 ], [ 73.9000028, 15.4353449 ], [ 73.8999546, 15.435226 ], [ 73.8997883, 15.4353759 ], [ 73.8995361, 15.435195 ], [ 73.9000297, 15.4345848 ], [ 73.8994986, 15.4343211 ], [ 73.8991928, 15.4346934 ], [ 73.8989621, 15.4350398 ], [ 73.8983291, 15.4346727 ], [ 73.8977981, 15.4352467 ], [ 73.8978946, 15.4355569 ], [ 73.8978034, 15.4356035 ], [ 73.8976479, 15.4351433 ], [ 73.8965911, 15.4335196 ], [ 73.896355, 15.4338712 ], [ 73.8968807, 15.4345227 ], [ 73.8967359, 15.4346572 ], [ 73.8965106, 15.4343624 ], [ 73.8961405, 15.4347399 ], [ 73.8959688, 15.43459 ], [ 73.8958669, 15.4347554 ], [ 73.8961244, 15.4350915 ], [ 73.8951051, 15.4356707 ], [ 73.8953143, 15.4360327 ], [ 73.8970256, 15.4350864 ], [ 73.897444, 15.4357844 ], [ 73.896693, 15.4361619 ], [ 73.8966125, 15.4360637 ], [ 73.8962102, 15.4362653 ], [ 73.8960653, 15.436105 ], [ 73.8959151, 15.4361981 ], [ 73.8963818, 15.4369376 ], [ 73.8959849, 15.4371185 ], [ 73.8957006, 15.4365756 ], [ 73.8954538, 15.4366738 ], [ 73.8950193, 15.4361981 ], [ 73.8949066, 15.4362705 ], [ 73.8948047, 15.4364877 ], [ 73.8950783, 15.4367514 ], [ 73.8947296, 15.4370979 ], [ 73.8945419, 15.4365187 ], [ 73.8934421, 15.4367204 ], [ 73.8934475, 15.4375684 ], [ 73.8922459, 15.4376149 ], [ 73.8922459, 15.4378683 ], [ 73.8919669, 15.4379097 ] ] ] } },
{ "type": "Feature", "properties": { "osm_id": "1425051040", "code": 7229, "fclass": "farmland", "name": null }, "geometry": { "type": "Polygon", "coordinates": [ [ [ 73.8164314, 15.4768073 ], [ 73.8165024, 15.4774923 ], [ 73.817449, 15.4775823 ], [ 73.817427, 15.4780717 ], [ 73.8178039, 15.4781661 ], [ 73.8186729, 15.4780214 ], [ 73.8196707, 15.4780369 ], [ 73.8203469, 15.4780595 ], [ 73.8203573, 15.4777526 ], [ 73.8203251, 15.4774062 ], [ 73.8205826, 15.4758862 ], [ 73.8203466, 15.4758888 ], [ 73.8191449, 15.4760362 ], [ 73.8184047, 15.4761964 ], [ 73.8174766, 15.4765687 ], [ 73.8169563, 15.4767237 ], [ 73.8164314, 15.4768073 ] ] ] } },
{ "type": "Feature", "properties": { "osm_id": "1425051042", "code": 7229, "fclass": "farmland", "name": null }, "geometry": { "type": "Polygon", "coordinates": [ [ [ 73.8096392, 15.4731203 ], [ 73.8097043, 15.4736852 ], [ 73.810755, 15.473658 ], [ 73.8107175, 15.4740044 ], [ 73.8106531, 15.4745989 ], [ 73.8105994, 15.4761189 ], [ 73.8103527, 15.4761602 ], [ 73.8103688, 15.4763825 ], [ 73.8109374, 15.4762895 ], [ 73.8109857, 15.4761551 ], [ 73.8111037, 15.476093 ], [ 73.8114953, 15.4761861 ], [ 73.8115436, 15.4759224 ], [ 73.81127, 15.4758811 ], [ 73.8113934, 15.4743818 ], [ 73.8114041, 15.4739423 ], [ 73.8111949, 15.4739372 ], [ 73.8111091, 15.4732702 ], [ 73.8108033, 15.4733116 ], [ 73.8107496, 15.4730893 ], [ 73.8105136, 15.4731203 ], [ 73.8104653, 15.4730066 ], [ 73.8096392, 15.4731203 ] ] ] } },
{ "type": "Feature", "properties": { "osm_id": "1425051043", "code": 7229, "fclass": "farmland", "name": null }, "geometry": { "type": "Polygon", "coordinates": [ [ [ 73.8122302, 15.4721432 ], [ 73.8123107, 15.4725878 ], [ 73.8125843, 15.4725568 ], [ 73.8126379, 15.47296 ], [ 73.8128793, 15.4729187 ], [ 73.8128793, 15.4728153 ], [ 73.8133192, 15.4727222 ], [ 73.8133192, 15.4726188 ], [ 73.8136679, 15.4725516 ], [ 73.8143063, 15.4724637 ], [ 73.8148749, 15.4740871 ], [ 73.8148786, 15.4741452 ], [ 73.8152665, 15.4741491 ], [ 73.8155884, 15.4739992 ], [ 73.8155535, 15.4737924 ], [ 73.8153148, 15.4738286 ], [ 73.8150948, 15.4728256 ], [ 73.8149446, 15.4722 ], [ 73.8153738, 15.4721794 ], [ 73.8148695, 15.4709851 ], [ 73.8138235, 15.4713935 ], [ 73.8138717, 15.4722569 ], [ 73.8135606, 15.4723138 ], [ 73.8134265, 15.4723551 ], [ 73.8133031, 15.4718795 ], [ 73.8125628, 15.4719829 ], [ 73.8124931, 15.4717347 ], [ 73.8123536, 15.4717658 ], [ 73.8124287, 15.4721121 ], [ 73.8122302, 15.4721432 ] ] ] } },
{ "type": "Feature", "properties": { "osm_id": "1425051044", "code": 7229, "fclass": "farmland", "name": null }, "geometry": { "type": "Polygon", "coordinates": [ [ [ 73.8160944, 15.4703468 ], [ 73.8164145, 15.4709282 ], [ 73.8165038, 15.4708913 ], [ 73.8171186, 15.4723866 ], [ 73.8174525, 15.4732599 ], [ 73.8178387, 15.4732159 ], [ 73.8177636, 15.4729807 ], [ 73.8180426, 15.4728799 ], [ 73.8178709, 15.4722078 ], [ 73.8180828, 15.4721147 ], [ 73.8180042, 15.4719764 ], [ 73.8181043, 15.4719364 ], [ 73.8187802, 15.4731875 ], [ 73.8199514, 15.4729219 ], [ 73.8198638, 15.4724534 ], [ 73.8204386, 15.472283 ], [ 73.8203246, 15.4714594 ], [ 73.8196492, 15.4716675 ], [ 73.8194847, 15.470881 ], [ 73.8193864, 15.4708507 ], [ 73.8188177, 15.4697856 ], [ 73.8184208, 15.4691394 ], [ 73.8160944, 15.4703468 ] ] ] } },
{ "type": "Feature", "properties": { "osm_id": "1425051045", "code": 7229, "fclass": "farmland", "name": null }, "geometry": { "type": "Polygon", "coordinates": [ [ [ 73.8155937, 15.4706283 ], [ 73.8160068, 15.4714866 ], [ 73.8157493, 15.4716313 ], [ 73.815996, 15.4722724 ], [ 73.8157439, 15.4724223 ], [ 73.8158244, 15.4734357 ], [ 73.8158566, 15.47372 ], [ 73.8156295, 15.4737655 ], [ 73.8156956, 15.4739501 ], [ 73.8160309, 15.4738829 ], [ 73.8166706, 15.4738106 ], [ 73.8165953, 15.4735439 ], [ 73.8168758, 15.473477 ], [ 73.8173586, 15.4732935 ], [ 73.8170483, 15.4724189 ], [ 73.8164145, 15.4709282 ], [ 73.8160944, 15.4703468 ], [ 73.8155937, 15.4706283 ] ] ] } },
{ "type": "Feature", "properties": { "osm_id": "1425634471", "code": 7229, "fclass": "farmland", "name": null }, "geometry": { "type": "Polygon", "coordinates": [ [ [ 73.8879643, 15.5576402 ], [ 73.8882153, 15.558 ], [ 73.888301, 15.5582596 ], [ 73.8889316, 15.5578526 ], [ 73.8890602, 15.5580295 ], [ 73.8901011, 15.5574928 ], [ 73.8900521, 15.5573217 ], [ 73.8903643, 15.5571625 ], [ 73.8906276, 15.5575282 ], [ 73.8910072, 15.5575813 ], [ 73.8918277, 15.556785 ], [ 73.892495, 15.5562895 ], [ 73.892942, 15.5560713 ], [ 73.893144, 15.5554225 ], [ 73.8933767, 15.5550685 ], [ 73.8925746, 15.5537945 ], [ 73.8921766, 15.5544669 ], [ 73.8918093, 15.5547028 ], [ 73.8909093, 15.5547087 ], [ 73.8903888, 15.5542782 ], [ 73.8893296, 15.5552042 ], [ 73.8890602, 15.5549447 ], [ 73.8880316, 15.5557646 ], [ 73.8889255, 15.5567024 ], [ 73.8883806, 15.5572745 ], [ 73.8879643, 15.5576402 ] ] ] } },
{ "type": "Feature", "properties": { "osm_id": "19535348", "code": 7229, "fclass": "farmland", "name": null }, "geometry": { "type": "Polygon", "coordinates": [ [ [ 73.8927038, 15.5536275 ], [ 73.893357, 15.5548358 ], [ 73.8935713, 15.5546747 ], [ 73.8937176, 15.5548106 ], [ 73.8947889, 15.5539094 ], [ 73.8954683, 15.5535923 ], [ 73.8960693, 15.553557 ], [ 73.8959805, 15.5532096 ], [ 73.8965054, 15.5529982 ], [ 73.896487, 15.5528448 ], [ 73.8963768, 15.5525853 ], [ 73.8965054, 15.552485 ], [ 73.8966033, 15.5522137 ], [ 73.896738, 15.5521724 ], [ 73.8968115, 15.5522196 ], [ 73.8968727, 15.5522196 ], [ 73.8969768, 15.5524083 ], [ 73.897087, 15.5526443 ], [ 73.8969707, 15.552833 ], [ 73.8969768, 15.5529451 ], [ 73.8975156, 15.5533875 ], [ 73.8976136, 15.5534052 ], [ 73.8977177, 15.5533875 ], [ 73.8980789, 15.5531987 ], [ 73.8983605, 15.5531162 ], [ 73.8985381, 15.5529982 ], [ 73.8988442, 15.5529864 ], [ 73.8989422, 15.5529569 ], [ 73.8991197, 15.5528802 ], [ 73.8992544, 15.5527387 ], [ 73.8994381, 15.5526915 ], [ 73.8994994, 15.5526089 ], [ 73.8995483, 15.5525263 ], [ 73.8995606, 15.552426 ], [ 73.8992422, 15.5510281 ], [ 73.8993157, 15.550804 ], [ 73.8995147, 15.5509411 ], [ 73.8995284, 15.5509175 ], [ 73.8994029, 15.5507936 ], [ 73.9001055, 15.5504088 ], [ 73.900779, 15.5497009 ], [ 73.9012015, 15.5490108 ], [ 73.9011892, 15.5488043 ], [ 73.9012382, 15.54871 ], [ 73.9013545, 15.5486687 ], [ 73.9020047, 15.5479675 ], [ 73.9013058, 15.5473139 ], [ 73.9001874, 15.5486431 ], [ 73.899529, 15.5491969 ], [ 73.8985517, 15.5501536 ], [ 73.8979037, 15.5504103 ], [ 73.8962261, 15.5511404 ], [ 73.8955729, 15.5515381 ], [ 73.8951286, 15.5518301 ], [ 73.8948987, 15.5517697 ], [ 73.893749, 15.5521423 ], [ 73.8933727, 15.5525753 ], [ 73.8927038, 15.5536275 ] ] ] } },
{ "type": "Feature", "properties": { "osm_id": "1427179983", "code": 7215, "fclass": "orchard", "name": null }, "geometry": { "type": "Polygon", "coordinates": [ [ [ 73.8523346, 15.5670015 ], [ 73.8523507, 15.5674562 ], [ 73.8527209, 15.5674355 ], [ 73.8527262, 15.5673064 ], [ 73.8532144, 15.567203 ], [ 73.8532144, 15.5670841 ], [ 73.8538152, 15.5671151 ], [ 73.8538474, 15.5673994 ], [ 73.8543785, 15.5675699 ], [ 73.8544375, 15.5680298 ], [ 73.85396, 15.568283 ], [ 73.8541371, 15.5685621 ], [ 73.8543302, 15.5684742 ], [ 73.8546038, 15.5688308 ], [ 73.8551724, 15.5686706 ], [ 73.8551778, 15.5683967 ], [ 73.8553494, 15.5683864 ], [ 73.8553494, 15.5686861 ], [ 73.8554889, 15.5686861 ], [ 73.855505, 15.5683916 ], [ 73.8556552, 15.5683864 ], [ 73.8556713, 15.5687068 ], [ 73.8558483, 15.5687688 ], [ 73.8558376, 15.5681642 ], [ 73.8560361, 15.5681693 ], [ 73.8560414, 15.5686138 ], [ 73.8562077, 15.5686189 ], [ 73.8562667, 15.5682727 ], [ 73.8564759, 15.5682934 ], [ 73.8564277, 15.5687946 ], [ 73.8566261, 15.568836 ], [ 73.8566959, 15.5684587 ], [ 73.8569266, 15.5685156 ], [ 73.8569426, 15.5683709 ], [ 73.856889, 15.5679265 ], [ 73.8567924, 15.5675699 ], [ 73.8564277, 15.5676112 ], [ 73.8563365, 15.5671307 ], [ 73.8557571, 15.5671978 ], [ 73.8557249, 15.5669394 ], [ 73.8551134, 15.5669601 ], [ 73.8550919, 15.5667741 ], [ 73.8546306, 15.5667741 ], [ 73.8545769, 15.567358 ], [ 73.8539869, 15.5672237 ], [ 73.8539815, 15.5670118 ], [ 73.8533109, 15.5669808 ], [ 73.8532036, 15.5667948 ], [ 73.8523346, 15.5670015 ] ] ] } },
{ "type": "Feature", "properties": { "osm_id": "1427179984", "code": 7215, "fclass": "orchard", "name": null }, "geometry": { "type": "Polygon", "coordinates": [ [ [ 73.8569534, 15.5676991 ], [ 73.8570714, 15.5680402 ], [ 73.8571036, 15.5683606 ], [ 73.8570928, 15.5685879 ], [ 73.8572431, 15.5686189 ], [ 73.8571572, 15.5689497 ], [ 73.8575005, 15.5690427 ], [ 73.8575113, 15.5689083 ], [ 73.8577473, 15.5689083 ], [ 73.8577473, 15.5690323 ], [ 73.8585412, 15.569239 ], [ 73.8585412, 15.5691047 ], [ 73.8588631, 15.5690943 ], [ 73.8588416, 15.5685776 ], [ 73.8589597, 15.5685776 ], [ 73.8589919, 15.568743 ], [ 73.8591528, 15.5687326 ], [ 73.8590455, 15.5676784 ], [ 73.8596678, 15.5674821 ], [ 73.8595927, 15.5671927 ], [ 73.8592601, 15.567296 ], [ 73.8591421, 15.5670273 ], [ 73.8589811, 15.567079 ], [ 73.8588631, 15.5668619 ], [ 73.8581765, 15.56711 ], [ 73.8582086, 15.5673787 ], [ 73.8578224, 15.5674717 ], [ 73.8577366, 15.5672133 ], [ 73.857522, 15.567265 ], [ 73.8575542, 15.5675647 ], [ 73.8569534, 15.5676991 ] ] ] } },
{ "type": "Feature", "properties": { "osm_id": "1443693917", "code": 7215, "fclass": "orchard", "name": null }, "geometry": { "type": "Polygon", "coordinates": [ [ [ 73.8578932, 15.5313656 ], [ 73.8579265, 15.5316674 ], [ 73.8580789, 15.5316941 ], [ 73.8580678, 15.5317876 ], [ 73.858233, 15.5318338 ], [ 73.8583521, 15.5314702 ], [ 73.8578932, 15.5313656 ] ] ] } },
{ "type": "Feature", "properties": { "osm_id": "1445435441", "code": 7215, "fclass": "orchard", "name": null }, "geometry": { "type": "Polygon", "coordinates": [ [ [ 73.9193523, 15.4857243 ], [ 73.9200926, 15.486872 ], [ 73.9201516, 15.4868332 ], [ 73.9201435, 15.4867764 ], [ 73.9202535, 15.4867402 ], [ 73.920275, 15.48681 ], [ 73.921667, 15.486536 ], [ 73.921431, 15.4859027 ], [ 73.9210126, 15.485957 ], [ 73.9195052, 15.4857011 ], [ 73.9193523, 15.4857243 ] ] ] } },
{ "type": "Feature", "properties": { "osm_id": "1445435442", "code": 7215, "fclass": "orchard", "name": null }, "geometry": { "type": "Polygon", "coordinates": [ [ [ 73.9203876, 15.4880662 ], [ 73.9207685, 15.4884384 ], [ 73.9210689, 15.4882782 ], [ 73.9207631, 15.4878232 ], [ 73.9203876, 15.4880662 ] ] ] } },
{ "type": "Feature", "properties": { "osm_id": "1445435443", "code": 7215, "fclass": "orchard", "name": null }, "geometry": { "type": "Polygon", "coordinates": [ [ [ 73.9196849, 15.4886452 ], [ 73.9199263, 15.4894827 ], [ 73.9202642, 15.4904132 ], [ 73.9205271, 15.4903356 ], [ 73.9204091, 15.4886452 ], [ 73.9196849, 15.4886452 ] ] ] } },
{ "type": "Feature", "properties": { "osm_id": "1445435444", "code": 7215, "fclass": "orchard", "name": null }, "geometry": { "type": "Polygon", "coordinates": [ [ [ 73.9210153, 15.4876733 ], [ 73.9215034, 15.4895085 ], [ 73.9222062, 15.4888571 ], [ 73.9220399, 15.4884384 ], [ 73.922292, 15.4883298 ], [ 73.9219218, 15.4872442 ], [ 73.9210153, 15.4876733 ] ] ] } },
{ "type": "Feature", "properties": { "osm_id": "1445435445", "code": 7215, "fclass": "orchard", "name": null }, "geometry": { "type": "Polygon", "coordinates": [ [ [ 73.9215034, 15.4895085 ], [ 73.9215678, 15.4902478 ], [ 73.9223027, 15.4903563 ], [ 73.9224261, 15.4902271 ], [ 73.9227962, 15.4904339 ], [ 73.922866, 15.4900617 ], [ 73.9228499, 15.489219 ], [ 73.9227587, 15.4892035 ], [ 73.9227641, 15.4890743 ], [ 73.9228553, 15.4890794 ], [ 73.9228499, 15.4889916 ], [ 73.9222062, 15.4888571 ], [ 73.9215034, 15.4895085 ] ] ] } },
{ "type": "Feature", "properties": { "osm_id": "1445435854", "code": 7229, "fclass": "farmland", "name": null }, "geometry": { "type": "Polygon", "coordinates": [ [ [ 73.9185852, 15.4803737 ], [ 73.919245, 15.4804409 ], [ 73.9197171, 15.480446 ], [ 73.9192182, 15.4791122 ], [ 73.9186227, 15.4790709 ], [ 73.9185852, 15.4803737 ] ] ] } },
{ "type": "Feature", "properties": { "osm_id": "1445692657", "code": 7215, "fclass": "orchard", "name": null }, "geometry": { "type": "Polygon", "coordinates": [ [ [ 73.8804603, 15.4879602 ], [ 73.8805139, 15.4881877 ], [ 73.8808948, 15.4882032 ], [ 73.8809431, 15.4883557 ], [ 73.881222, 15.4883014 ], [ 73.8815868, 15.4882032 ], [ 73.8816136, 15.4883815 ], [ 73.8823834, 15.4881231 ], [ 73.8827267, 15.4879964 ], [ 73.8830379, 15.4878103 ], [ 73.8830087, 15.4876416 ], [ 73.8829511, 15.4873697 ], [ 73.8828211, 15.4873879 ], [ 73.8822169, 15.487441 ], [ 73.882032, 15.4875725 ], [ 73.8814473, 15.487924 ], [ 73.8810986, 15.4879576 ], [ 73.8804603, 15.4879602 ] ] ] } },
{ "type": "Feature", "properties": { "osm_id": "1445695548", "code": 7229, "fclass": "farmland", "name": null }, "geometry": { "type": "Polygon", "coordinates": [ [ [ 73.8860714, 15.4703388 ], [ 73.8865489, 15.4707007 ], [ 73.8867795, 15.4700545 ], [ 73.8863718, 15.470132 ], [ 73.8860714, 15.4703388 ] ] ] } },
{ "type": "Feature", "properties": { "osm_id": "1445695549", "code": 7229, "fclass": "farmland", "name": null }, "geometry": { "type": "Polygon", "coordinates": [ [ [ 73.884784, 15.4711092 ], [ 73.8851863, 15.4716313 ], [ 73.8861895, 15.4719932 ], [ 73.8863772, 15.4708972 ], [ 73.8858408, 15.470892 ], [ 73.8853258, 15.4708869 ], [ 73.884961, 15.4709592 ], [ 73.884784, 15.4711092 ] ] ] } },
{ "type": "Feature", "properties": { "osm_id": "1445706956", "code": 7215, "fclass": "orchard", "name": null }, "geometry": { "type": "Polygon", "coordinates": [ [ [ 73.8697611, 15.48564 ], [ 73.8699541, 15.48727 ], [ 73.8709143, 15.4871434 ], [ 73.8708767, 15.486355 ], [ 73.8713863, 15.4863447 ], [ 73.8713756, 15.4860604 ], [ 73.8715553, 15.4860371 ], [ 73.8715339, 15.4855925 ], [ 73.8713837, 15.4856235 ], [ 73.871043, 15.4854814 ], [ 73.8710457, 15.485334 ], [ 73.8703537, 15.4853754 ], [ 73.8703671, 15.4856261 ], [ 73.8701338, 15.4856365 ], [ 73.8701096, 15.4854323 ], [ 73.8698816, 15.48544 ], [ 73.8698977, 15.485652 ], [ 73.8697611, 15.48564 ] ] ] } },
{ "type": "Feature", "properties": { "osm_id": "1445706957", "code": 7229, "fclass": "farmland", "name": null }, "geometry": { "type": "Polygon", "coordinates": [ [ [ 73.8697539, 15.4949984 ], [ 73.8698333, 15.4956602 ], [ 73.8698119, 15.4960272 ], [ 73.870182, 15.4960014 ], [ 73.8707399, 15.4958526 ], [ 73.8704985, 15.4948693 ], [ 73.8697539, 15.4949984 ] ] ] } },
{ "type": "Feature", "properties": { "osm_id": "1445706958", "code": 7229, "fclass": "farmland", "name": null }, "geometry": { "type": "Polygon", "coordinates": [ [ [ 73.8691038, 15.4938664 ], [ 73.8691038, 15.4943213 ], [ 73.869667, 15.4942748 ], [ 73.8697539, 15.4949984 ], [ 73.8704985, 15.4948693 ], [ 73.8707399, 15.4958526 ], [ 73.8714802, 15.4956551 ], [ 73.8713622, 15.4949365 ], [ 73.8718557, 15.4948796 ], [ 73.872022, 15.495288 ], [ 73.8723761, 15.495195 ], [ 73.8724136, 15.4953656 ], [ 73.872993, 15.4951174 ], [ 73.8728589, 15.4939853 ], [ 73.8728589, 15.4928584 ], [ 73.8732719, 15.4928325 ], [ 73.8732934, 15.4917573 ], [ 73.8730091, 15.4918038 ], [ 73.8728106, 15.492755 ], [ 73.8711637, 15.492817 ], [ 73.8699889, 15.4929463 ], [ 73.8697261, 15.4931013 ], [ 73.8691038, 15.4938664 ] ] ] } },
{ "type": "Feature", "properties": { "osm_id": "1445808940", "code": 7229, "fclass": "farmland", "name": null }, "geometry": { "type": "Polygon", "coordinates": [ [ [ 73.8830996, 15.4875311 ], [ 73.8831288, 15.4877394 ], [ 73.8835072, 15.4878801 ], [ 73.8838261, 15.4879178 ], [ 73.8837165, 15.48742 ], [ 73.8830996, 15.4875311 ] ] ] } },
{ "type": "Feature", "properties": { "osm_id": "1445808941", "code": 7229, "fclass": "farmland", "name": null }, "geometry": { "type": "Polygon", "coordinates": [ [ [ 73.8811013, 15.4889347 ], [ 73.8811496, 15.4891725 ], [ 73.8811791, 15.4892991 ], [ 73.8813186, 15.4892862 ], [ 73.8818577, 15.4891958 ], [ 73.8823807, 15.4893198 ], [ 73.8826543, 15.4892836 ], [ 73.8826543, 15.4888623 ], [ 73.8821635, 15.4889373 ], [ 73.881745, 15.4889941 ], [ 73.8816994, 15.4888365 ], [ 73.8811013, 15.4889347 ] ] ] } },
{ "type": "Feature", "properties": { "osm_id": "1445809535", "code": 7215, "fclass": "orchard", "name": null }, "geometry": { "type": "Polygon", "coordinates": [ [ [ 73.8790922, 15.4896601 ], [ 73.8793069, 15.4904649 ], [ 73.8800096, 15.4903098 ], [ 73.8798003, 15.4895303 ], [ 73.8796355, 15.489527 ], [ 73.879441, 15.489586 ], [ 73.8790922, 15.4896601 ] ] ] } },
{ "type": "Feature", "properties": { "osm_id": "1445809536", "code": 7229, "fclass": "farmland", "name": null }, "geometry": { "type": "Polygon", "coordinates": [ [ [ 73.879264, 15.4885004 ], [ 73.8796355, 15.489527 ], [ 73.8798003, 15.4895303 ], [ 73.8805005, 15.4895447 ], [ 73.8802189, 15.488821 ], [ 73.8800445, 15.488472 ], [ 73.8797012, 15.4886012 ], [ 73.8796663, 15.4885521 ], [ 73.8795268, 15.4883867 ], [ 73.879264, 15.4885004 ] ] ] } },
{ "type": "Feature", "properties": { "osm_id": "1445809537", "code": 7229, "fclass": "farmland", "name": null }, "geometry": { "type": "Polygon", "coordinates": [ [ [ 73.8799185, 15.4881592 ], [ 73.8800311, 15.4884074 ], [ 73.8801572, 15.4883634 ], [ 73.8802886, 15.4885625 ], [ 73.8805702, 15.4884798 ], [ 73.8809431, 15.4883557 ], [ 73.8808948, 15.4882032 ], [ 73.8805139, 15.4881877 ], [ 73.8804603, 15.4879602 ], [ 73.8802242, 15.4880274 ], [ 73.8799185, 15.4881592 ] ] ] } },
{ "type": "Feature", "properties": { "osm_id": "1445809538", "code": 7229, "fclass": "farmland", "name": null }, "geometry": { "type": "Polygon", "coordinates": [ [ [ 73.8788804, 15.4880765 ], [ 73.8792559, 15.4883764 ], [ 73.8794249, 15.4883195 ], [ 73.8793284, 15.4879887 ], [ 73.8788804, 15.4880765 ] ] ] } },
{ "type": "Feature", "properties": { "osm_id": "1445809540", "code": 7229, "fclass": "farmland", "name": null }, "geometry": { "type": "Polygon", "coordinates": [ [ [ 73.8809377, 15.486934 ], [ 73.8810074, 15.4871822 ], [ 73.8812756, 15.4871253 ], [ 73.8813561, 15.4875286 ], [ 73.8818175, 15.4874717 ], [ 73.881517, 15.486779 ], [ 73.8809377, 15.486934 ] ] ] } },
{ "type": "Feature", "properties": { "osm_id": "1448136061", "code": 7215, "fclass": "orchard", "name": null }, "geometry": { "type": "Polygon", "coordinates": [ [ [ 73.7526486, 15.6185123 ], [ 73.7528488, 15.6186997 ], [ 73.7530428, 15.6185218 ], [ 73.752907, 15.6183256 ], [ 73.7526486, 15.6185123 ] ] ] } },
{ "type": "Feature", "properties": { "osm_id": "1448136175", "code": 7229, "fclass": "farmland", "name": null }, "geometry": { "type": "Polygon", "coordinates": [ [ [ 73.7532377, 15.6192293 ], [ 73.7536213, 15.6194437 ], [ 73.7547988, 15.619764 ], [ 73.7549356, 15.6191285 ], [ 73.7547473, 15.6190889 ], [ 73.7538782, 15.6188682 ], [ 73.753566, 15.6189026 ], [ 73.7533461, 15.6190429 ], [ 73.7532377, 15.6192293 ] ] ] } },
{ "type": "Feature", "properties": { "osm_id": "19856609", "code": 7229, "fclass": "farmland", "name": null }, "geometry": { "type": "Polygon", "coordinates": [ [ [ 73.8356888, 15.6132724 ], [ 73.8358283, 15.614905 ], [ 73.8362253, 15.614998 ], [ 73.8362521, 15.6150549 ], [ 73.8363004, 15.6155767 ], [ 73.8368744, 15.6155147 ], [ 73.8375234, 15.6155663 ], [ 73.8375878, 15.61599 ], [ 73.8388324, 15.61599 ], [ 73.8389718, 15.6156697 ], [ 73.8391542, 15.6156283 ], [ 73.8391972, 15.6154423 ], [ 73.8395137, 15.6150445 ], [ 73.8399911, 15.6146674 ], [ 73.8405114, 15.6146312 ], [ 73.8409996, 15.6146002 ], [ 73.8416594, 15.6144969 ], [ 73.8424802, 15.6140991 ], [ 73.8427859, 15.6138717 ], [ 73.842963, 15.6138717 ], [ 73.8432419, 15.6134688 ], [ 73.8427913, 15.6127868 ], [ 73.8423541, 15.6127145 ], [ 73.8420296, 15.6126602 ], [ 73.8414502, 15.6124613 ], [ 73.8409117, 15.6120507 ], [ 73.8408241, 15.6113859 ], [ 73.8403908, 15.6115895 ], [ 73.8404068, 15.6116553 ], [ 73.8404578, 15.6117742 ], [ 73.8406, 15.6118568 ], [ 73.8407823, 15.6120971 ], [ 73.8408521, 15.6123709 ], [ 73.8408145, 15.612469 ], [ 73.8406455, 15.6125724 ], [ 73.8406053, 15.612748 ], [ 73.8406053, 15.6129366 ], [ 73.8406724, 15.613058 ], [ 73.840962, 15.6132983 ], [ 73.8410157, 15.6134584 ], [ 73.8409674, 15.613709 ], [ 73.8408574, 15.6138227 ], [ 73.8407823, 15.6138252 ], [ 73.8406911, 15.6137142 ], [ 73.8406241, 15.6136832 ], [ 73.8403934, 15.6137245 ], [ 73.8403478, 15.6135592 ], [ 73.8402459, 15.6135127 ], [ 73.8401279, 15.6133603 ], [ 73.8402593, 15.6132569 ], [ 73.8403746, 15.6132983 ], [ 73.8404337, 15.6132518 ], [ 73.8403988, 15.6131743 ], [ 73.8402459, 15.6127248 ], [ 73.8402539, 15.6125388 ], [ 73.8404685, 15.6121616 ], [ 73.8404927, 15.6121022 ], [ 73.8403264, 15.6119007 ], [ 73.840372, 15.6118052 ], [ 73.8403586, 15.6117561 ], [ 73.8402041, 15.6117299 ], [ 73.8401944, 15.6116487 ], [ 73.8401759, 15.6115304 ], [ 73.8401637, 15.6114122 ], [ 73.8400286, 15.6113649 ], [ 73.8399365, 15.6114713 ], [ 73.8398997, 15.6116605 ], [ 73.8394024, 15.6121098 ], [ 73.8389789, 15.6124587 ], [ 73.8390157, 15.6127247 ], [ 73.8392919, 15.6131208 ], [ 73.8390218, 15.6135288 ], [ 73.8389175, 15.6135938 ], [ 73.8387701, 15.6136411 ], [ 73.8386351, 15.6136116 ], [ 73.8386965, 15.6134578 ], [ 73.8386412, 15.6133514 ], [ 73.8385307, 15.6132627 ], [ 73.838365, 15.6131918 ], [ 73.8382176, 15.6133987 ], [ 73.837966, 15.6134283 ], [ 73.8377143, 15.6134046 ], [ 73.837659, 15.6134756 ], [ 73.8376222, 15.6133159 ], [ 73.8377081, 15.6130794 ], [ 73.837966, 15.6130913 ], [ 73.8380887, 15.6130617 ], [ 73.8382176, 15.6129316 ], [ 73.8385123, 15.6128075 ], [ 73.8385676, 15.6127838 ], [ 73.8385, 15.6126065 ], [ 73.8385184, 15.6123877 ], [ 73.8386903, 15.6121276 ], [ 73.8389911, 15.6118142 ], [ 73.8392367, 15.6115186 ], [ 73.8395743, 15.6113353 ], [ 73.8394945, 15.6111047 ], [ 73.8393595, 15.6108801 ], [ 73.8393104, 15.6107086 ], [ 73.8390341, 15.6108091 ], [ 73.8389727, 15.6105371 ], [ 73.8380642, 15.6104898 ], [ 73.8371986, 15.6104307 ], [ 73.8370697, 15.6102356 ], [ 73.8370635, 15.6097626 ], [ 73.8370206, 15.6093547 ], [ 73.8370329, 15.6091742 ], [ 73.8368993, 15.608972 ], [ 73.836751, 15.6090307 ], [ 73.8367832, 15.6093097 ], [ 73.8366705, 15.6106892 ], [ 73.8357586, 15.6127868 ], [ 73.8356888, 15.6132724 ] ] ] } },
{ "type": "Feature", "properties": { "osm_id": "1459615196", "code": 7229, "fclass": "farmland", "name": null }, "geometry": { "type": "Polygon", "coordinates": [ [ [ 73.8762009, 15.5877175 ], [ 73.8764906, 15.5883479 ], [ 73.8769948, 15.5873764 ], [ 73.8781106, 15.5862603 ], [ 73.8787436, 15.5858056 ], [ 73.8792157, 15.5858676 ], [ 73.8805675, 15.5856713 ], [ 73.8807177, 15.5853716 ], [ 73.8813937, 15.5851649 ], [ 73.8815117, 15.5843278 ], [ 73.8807499, 15.5842348 ], [ 73.880707, 15.5840591 ], [ 73.8802135, 15.5840281 ], [ 73.8801384, 15.583284 ], [ 73.879755, 15.5833449 ], [ 73.8797951, 15.5835941 ], [ 73.8798004, 15.5843226 ], [ 73.8798541, 15.5844002 ], [ 73.8800204, 15.5845707 ], [ 73.8799506, 15.584829 ], [ 73.8796771, 15.5847464 ], [ 73.8793552, 15.5844983 ], [ 73.8791513, 15.584395 ], [ 73.8791084, 15.5842916 ], [ 73.879146, 15.5839041 ], [ 73.8791031, 15.5837904 ], [ 73.8790065, 15.5837749 ], [ 73.8788724, 15.5839196 ], [ 73.8788724, 15.5840488 ], [ 73.8789153, 15.584333 ], [ 73.8788241, 15.5845552 ], [ 73.8786471, 15.5846947 ], [ 73.8785291, 15.5846482 ], [ 73.8783199, 15.584705 ], [ 73.8781857, 15.5845035 ], [ 73.8782179, 15.5844002 ], [ 73.8784325, 15.5842968 ], [ 73.8784325, 15.5840695 ], [ 73.8784862, 15.5838989 ], [ 73.878513, 15.5838111 ], [ 73.8784218, 15.5838059 ], [ 73.8781911, 15.5840488 ], [ 73.8779122, 15.5844777 ], [ 73.8776815, 15.5847257 ], [ 73.8775152, 15.584953 ], [ 73.8774079, 15.5849634 ], [ 73.8772094, 15.5851804 ], [ 73.8771772, 15.5853406 ], [ 73.8770217, 15.5855886 ], [ 73.8764691, 15.5866324 ], [ 73.8763833, 15.5872938 ], [ 73.8762009, 15.5877175 ] ] ] } },
{ "type": "Feature", "properties": { "osm_id": "1460978766", "code": 7229, "fclass": "farmland", "name": null }, "geometry": { "type": "Polygon", "coordinates": [ [ [ 73.8298926, 15.6061064 ], [ 73.830075, 15.6061503 ], [ 73.8299918, 15.6064474 ], [ 73.8299328, 15.6068194 ], [ 73.8301983, 15.6075892 ], [ 73.8300589, 15.6076538 ], [ 73.8300884, 15.6077468 ], [ 73.8301527, 15.6085735 ], [ 73.8302091, 15.6091005 ], [ 73.8304639, 15.6091599 ], [ 73.8304961, 15.6093459 ], [ 73.8306463, 15.609333 ], [ 73.830649, 15.6094363 ], [ 73.8310647, 15.6094053 ], [ 73.8312203, 15.6092167 ], [ 73.8320866, 15.6089816 ], [ 73.8322797, 15.6094544 ], [ 73.8332695, 15.6089481 ], [ 73.8332509, 15.608513 ], [ 73.833157, 15.608482 ], [ 73.8330495, 15.6084053 ], [ 73.8329424, 15.6083374 ], [ 73.8327654, 15.6082547 ], [ 73.8325935, 15.6082297 ], [ 73.8322826, 15.6082728 ], [ 73.83206, 15.6081746 ], [ 73.8319498, 15.6080181 ], [ 73.8316708, 15.6078577 ], [ 73.8314617, 15.6077442 ], [ 73.8312684, 15.607434 ], [ 73.8309869, 15.6069951 ], [ 73.8308557, 15.6065756 ], [ 73.8306894, 15.6059866 ], [ 73.8307001, 15.6057799 ], [ 73.8307305, 15.605663 ], [ 73.8301125, 15.6055587 ], [ 73.8298926, 15.6061064 ] ] ] } },
{ "type": "Feature", "properties": { "osm_id": "1461460912", "code": 7215, "fclass": "orchard", "name": null }, "geometry": { "type": "Polygon", "coordinates": [ [ [ 73.8318331, 15.3726185 ], [ 73.8318747, 15.3727077 ], [ 73.8318895, 15.3727957 ], [ 73.8318962, 15.3728991 ], [ 73.8318948, 15.3730478 ], [ 73.8319243, 15.373128 ], [ 73.8319793, 15.3731823 ], [ 73.8320504, 15.3732134 ], [ 73.8321255, 15.3731862 ], [ 73.8321899, 15.3731151 ], [ 73.8323079, 15.3730685 ], [ 73.8323897, 15.3731164 ], [ 73.8324112, 15.3732043 ], [ 73.8323522, 15.3733362 ], [ 73.8325185, 15.37345 ], [ 73.8328886, 15.3735431 ], [ 73.8331783, 15.3735793 ], [ 73.8333231, 15.3735897 ], [ 73.8343531, 15.3735379 ], [ 73.8347769, 15.3735069 ], [ 73.8351101, 15.3733672 ], [ 73.8351524, 15.3733446 ], [ 73.8351752, 15.3733019 ], [ 73.8351852, 15.3732735 ], [ 73.8351779, 15.3732473 ], [ 73.8350183, 15.3730569 ], [ 73.8349043, 15.3729819 ], [ 73.8348409, 15.3728634 ], [ 73.8349526, 15.3727181 ], [ 73.8352114, 15.3724705 ], [ 73.8354086, 15.3723289 ], [ 73.8353536, 15.3722674 ], [ 73.8352959, 15.3722539 ], [ 73.835206, 15.3722552 ], [ 73.8351095, 15.3722293 ], [ 73.8350438, 15.3721918 ], [ 73.8349941, 15.372162 ], [ 73.8349566, 15.3721103 ], [ 73.8348815, 15.3720664 ], [ 73.8348117, 15.3720043 ], [ 73.8346991, 15.3719991 ], [ 73.8346159, 15.372012 ], [ 73.834514, 15.3720922 ], [ 73.834396, 15.372131 ], [ 73.8343504, 15.372175 ], [ 73.8342699, 15.3721827 ], [ 73.8342284, 15.3722254 ], [ 73.8341895, 15.3722836 ], [ 73.8341573, 15.3723508 ], [ 73.8340902, 15.372356 ], [ 73.8340607, 15.3722888 ], [ 73.8341117, 15.3722086 ], [ 73.8341519, 15.3721491 ], [ 73.8341171, 15.3720806 ], [ 73.8340728, 15.3720521 ], [ 73.8339843, 15.3720095 ], [ 73.8339065, 15.3720004 ], [ 73.8338099, 15.3720224 ], [ 73.8337053, 15.3719991 ], [ 73.8336235, 15.3720146 ], [ 73.8335712, 15.3719978 ], [ 73.8335444, 15.3719655 ], [ 73.8335243, 15.3719448 ], [ 73.8334452, 15.3719293 ], [ 73.83324, 15.3718879 ], [ 73.8331434, 15.3718879 ], [ 73.8330911, 15.3719512 ], [ 73.8331421, 15.3720754 ], [ 73.8332534, 15.3721543 ], [ 73.8333768, 15.3721439 ], [ 73.8334626, 15.372228 ], [ 73.8334841, 15.372334 ], [ 73.8336531, 15.3721931 ], [ 73.8336343, 15.3723211 ], [ 73.8337, 15.3724581 ], [ 73.8338153, 15.372484 ], [ 73.833877, 15.3726896 ], [ 73.8337831, 15.3727996 ], [ 73.8337228, 15.3728823 ], [ 73.8336249, 15.3730595 ], [ 73.8336048, 15.37315 ], [ 73.8336289, 15.3732612 ], [ 73.8335793, 15.3733491 ], [ 73.8335001, 15.3734203 ], [ 73.8333473, 15.373419 ], [ 73.8332104, 15.373353 ], [ 73.8330978, 15.3732715 ], [ 73.8330737, 15.3730931 ], [ 73.8330764, 15.3730103 ], [ 73.8331327, 15.3729509 ], [ 73.8332668, 15.3730621 ], [ 73.833378, 15.3729612 ], [ 73.8335733, 15.3728429 ], [ 73.8334438, 15.3728189 ], [ 73.8333661, 15.3727129 ], [ 73.8332614, 15.3726354 ], [ 73.8333687, 15.3724284 ], [ 73.8333741, 15.3723353 ], [ 73.8332882, 15.3722655 ], [ 73.8330764, 15.3722319 ], [ 73.8329583, 15.3721362 ], [ 73.832843, 15.3720043 ], [ 73.8327008, 15.3720819 ], [ 73.8325909, 15.3722164 ], [ 73.8325667, 15.3723095 ], [ 73.8326231, 15.3723948 ], [ 73.8327223, 15.3723948 ], [ 73.8328859, 15.3724284 ], [ 73.8330938, 15.3725345 ], [ 73.8331065, 15.3727498 ], [ 73.8329717, 15.3728552 ], [ 73.8327961, 15.3729625 ], [ 73.8328283, 15.3730452 ], [ 73.8328175, 15.373097 ], [ 73.8328363, 15.3731797 ], [ 73.8329034, 15.3732082 ], [ 73.8329543, 15.3732638 ], [ 73.8329034, 15.3733775 ], [ 73.8328591, 15.3734319 ], [ 73.8326941, 15.3734228 ], [ 73.8325882, 15.373353 ], [ 73.8325828, 15.3733013 ], [ 73.8326003, 15.3732521 ], [ 73.8326056, 15.3732172 ], [ 73.8326325, 15.3731978 ], [ 73.8326888, 15.3732237 ], [ 73.8327384, 15.373234 ], [ 73.8327706, 15.3731681 ], [ 73.8327987, 15.3730569 ], [ 73.8327478, 15.3729289 ], [ 73.8327116, 15.3727802 ], [ 73.8326714, 15.3727453 ], [ 73.832611, 15.3726793 ], [ 73.8324877, 15.3726534 ], [ 73.832332, 15.3726767 ], [ 73.832155, 15.3726405 ], [ 73.8320746, 15.3726612 ], [ 73.8320169, 15.3726185 ], [ 73.8319713, 15.3725681 ], [ 73.8319539, 15.3724957 ], [ 73.8318868, 15.3725021 ], [ 73.8318331, 15.3726185 ] ] ] } },
{ "type": "Feature", "properties": { "osm_id": "1461463127", "code": 7215, "fclass": "orchard", "name": null }, "geometry": { "type": "Polygon", "coordinates": [ [ [ 73.8319579, 15.3738017 ], [ 73.8319686, 15.373944 ], [ 73.8321188, 15.3740836 ], [ 73.8324326, 15.3741767 ], [ 73.8327384, 15.3742569 ], [ 73.8329154, 15.3742672 ], [ 73.8330173, 15.374275 ], [ 73.8330897, 15.3741819 ], [ 73.8331595, 15.3739362 ], [ 73.8331126, 15.3738858 ], [ 73.8330603, 15.3738974 ], [ 73.8329637, 15.3739103 ], [ 73.8328403, 15.3739103 ], [ 73.8328215, 15.3738716 ], [ 73.8328162, 15.3737875 ], [ 73.8328202, 15.3737422 ], [ 73.8328631, 15.3737409 ], [ 73.8329972, 15.373719 ], [ 73.8330388, 15.373719 ], [ 73.8331152, 15.3737216 ], [ 73.8331716, 15.3737487 ], [ 73.8332212, 15.3737409 ], [ 73.8332319, 15.3737203 ], [ 73.8332601, 15.3737125 ], [ 73.8333553, 15.3737099 ], [ 73.8334287, 15.3736892 ], [ 73.8333493, 15.3736795 ], [ 73.8333064, 15.3736718 ], [ 73.8330187, 15.3736556 ], [ 73.8328403, 15.3736259 ], [ 73.8327599, 15.3736052 ], [ 73.8326552, 15.3736026 ], [ 73.8326043, 15.3736181 ], [ 73.8325601, 15.3736912 ], [ 73.8324038, 15.373677 ], [ 73.8323468, 15.3736026 ], [ 73.8323146, 15.3735328 ], [ 73.8323629, 15.3734603 ], [ 73.8323227, 15.3734241 ], [ 73.8322851, 15.3733569 ], [ 73.8322932, 15.3733 ], [ 73.8322073, 15.3733207 ], [ 73.8321725, 15.3733465 ], [ 73.8320866, 15.3733776 ], [ 73.8320437, 15.3733776 ], [ 73.8319686, 15.3733362 ], [ 73.8319927, 15.3734448 ], [ 73.8319954, 15.3736569 ], [ 73.8319579, 15.3738017 ] ] ] } },
{ "type": "Feature", "properties": { "osm_id": "1462795471", "code": 7215, "fclass": "orchard", "name": null }, "geometry": { "type": "Polygon", "coordinates": [ [ [ 73.836346, 15.3714495 ], [ 73.83646, 15.3714314 ], [ 73.8365793, 15.3714896 ], [ 73.8369012, 15.3710189 ], [ 73.8369226, 15.3707965 ], [ 73.8368891, 15.3705728 ], [ 73.8368744, 15.3704021 ], [ 73.83681, 15.3704254 ], [ 73.8367268, 15.3704732 ], [ 73.8366812, 15.3704836 ], [ 73.8366491, 15.3705236 ], [ 73.8366705, 15.3705935 ], [ 73.836696, 15.3706362 ], [ 73.8367282, 15.3707668 ], [ 73.8367376, 15.3708198 ], [ 73.8367255, 15.3708715 ], [ 73.8367121, 15.3709142 ], [ 73.8366812, 15.3709944 ], [ 73.8366504, 15.3710448 ], [ 73.8366048, 15.3710991 ], [ 73.8365498, 15.3711883 ], [ 73.8364895, 15.3712491 ], [ 73.8364278, 15.3713125 ], [ 73.8363513, 15.3713719 ], [ 73.836346, 15.3714495 ] ] ] } }
]
}
