{
"type": "FeatureCollection",
"name": "Nationalhighway",
"crs": { "type": "name", "properties": { "name": "urn:ogc:def:crs:OGC:1.3:CRS84" } },
"features": [
{ "type": "Feature", "properties": { "osm_id": "40190563", "code": 5112, "fclass": "trunk", "name": null, "ref": "NH66", "oneway": "F", "maxspeed": 70, "layer": 0, "bridge": "F", "tunnel": "F" }, "geometry": { "type": "LineString", "coordinates": [ [ 73.8067317, 15.5705723 ], [ 73.8068018, 15.5702282 ], [ 73.8070213, 15.5692215 ], [ 73.8072198, 15.5683958 ], [ 73.8074301, 15.5675212 ], [ 73.8075636, 15.5671605 ], [ 73.8075975, 15.5670942 ], [ 73.8076454, 15.5670004 ], [ 73.8077956, 15.5667062 ], [ 73.8081779, 15.5660591 ], [ 73.8084581, 15.5656838 ] ] } },
{ "type": "Feature", "properties": { "osm_id": "42411271", "code": 5112, "fclass": "trunk", "name": null, "ref": "NH366", "oneway": "F", "maxspeed": 0, "layer": 0, "bridge": "F", "tunnel": "F" }, "geometry": { "type": "LineString", "coordinates": [ [ 73.8451006, 15.3979638 ], [ 73.845652, 15.3978215 ], [ 73.8459712, 15.3977301 ], [ 73.8463704, 15.397681 ] ] } },
{ "type": "Feature", "properties": { "osm_id": "89417305", "code": 5112, "fclass": "trunk", "name": null, "ref": "NH66", "oneway": "F", "maxspeed": 60, "layer": 0, "bridge": "F", "tunnel": "F" }, "geometry": { "type": "LineString", "coordinates": [ [ 73.8339325, 15.51647 ], [ 73.8335088, 15.5168579 ], [ 73.8330193, 15.5170516 ], [ 73.8308289, 15.5175029 ], [ 73.8302, 15.517611 ], [ 73.8300019, 15.5176822 ], [ 73.8297451, 15.5177997 ], [ 73.8293001, 15.5181869 ], [ 73.8290559, 15.5185504 ], [ 73.8289321, 15.5187627 ], [ 73.8287706, 15.5193247 ], [ 73.8286868, 15.5195524 ], [ 73.8284732, 15.5202343 ], [ 73.8284557, 15.5202901 ], [ 73.8283391, 15.5206659 ], [ 73.8282057, 15.5210932 ], [ 73.8280507, 15.5215898 ], [ 73.827897, 15.5220178 ], [ 73.8276857, 15.5226465 ], [ 73.8275867, 15.5229409 ], [ 73.8275145, 15.5231797 ], [ 73.8273837, 15.5235652 ], [ 73.8271054, 15.5244007 ] ] } },
{ "type": "Feature", "properties": { "osm_id": "91549534", "code": 5112, "fclass": "trunk", "name": null, "ref": "NH566", "oneway": "F", "maxspeed": 30, "layer": 0, "bridge": "F", "tunnel": "F" }, "geometry": { "type": "LineString", "coordinates": [ [ 73.8270488, 15.3892581 ], [ 73.8274923, 15.3889965 ], [ 73.8281711, 15.388568 ], [ 73.8297261, 15.3876312 ], [ 73.8306937, 15.3870373 ], [ 73.8316165, 15.3865023 ], [ 73.8321125, 15.3862906 ], [ 73.832641, 15.3860868 ], [ 73.8331171, 15.3859235 ], [ 73.8334131, 15.3858352 ], [ 73.8336062, 15.3857906 ], [ 73.8337044, 15.385768 ], [ 73.8340755, 15.3856952 ], [ 73.8343223, 15.3856688 ], [ 73.8344443, 15.3856557 ], [ 73.8348976, 15.3856294 ], [ 73.8353852, 15.385634 ], [ 73.8369298, 15.3858051 ], [ 73.8380512, 15.3859698 ], [ 73.8382759, 15.3860099 ], [ 73.8386774, 15.3860733 ], [ 73.8390958, 15.3861046 ] ] } },
{ "type": "Feature", "properties": { "osm_id": "132715999", "code": 5112, "fclass": "trunk", "name": null, "ref": null, "oneway": "F", "maxspeed": 50, "layer": 0, "bridge": "F", "tunnel": "F" }, "geometry": { "type": "LineString", "coordinates": [ [ 73.838343, 15.4954123 ], [ 73.8385442, 15.4951732 ], [ 73.8385978, 15.4951173 ], [ 73.8386841, 15.4950439 ], [ 73.8387621, 15.4949776 ], [ 73.8391817, 15.4946336 ], [ 73.8402338, 15.4939122 ], [ 73.8412491, 15.4932355 ], [ 73.8422609, 15.4925863 ], [ 73.8427774, 15.4922515 ] ] } },
{ "type": "Feature", "properties": { "osm_id": "149321444", "code": 5112, "fclass": "trunk", "name": "Belgaum - Panaji Highway", "ref": "NH748", "oneway": "F", "maxspeed": 0, "layer": 0, "bridge": "F", "tunnel": "F" }, "geometry": { "type": "LineString", "coordinates": [ [ 73.8487052, 15.4932204 ], [ 73.8485837, 15.4931018 ], [ 73.8483836, 15.4929629 ], [ 73.8479125, 15.4927531 ], [ 73.8457844, 15.491834 ], [ 73.8444999, 15.4913263 ], [ 73.8442692, 15.4913124 ], [ 73.8440752, 15.4913007 ] ] } },
{ "type": "Feature", "properties": { "osm_id": "156468600", "code": 5112, "fclass": "trunk", "name": null, "ref": "NH66", "oneway": "F", "maxspeed": 0, "layer": 0, "bridge": "F", "tunnel": "F" }, "geometry": { "type": "LineString", "coordinates": [ [ 73.8630436, 15.4516043 ], [ 73.863579, 15.4521028 ], [ 73.8639633, 15.452511 ], [ 73.8641543, 15.4527456 ], [ 73.8645237, 15.4533269 ], [ 73.8649425, 15.4541726 ], [ 73.8651046, 15.4545252 ], [ 73.8656612, 15.4557358 ], [ 73.865863, 15.4563859 ], [ 73.8660022, 15.4570319 ], [ 73.8660677, 15.4574949 ], [ 73.8661002, 15.4584057 ], [ 73.8660968, 15.4592613 ], [ 73.8661021, 15.4596225 ], [ 73.8661371, 15.4600165 ], [ 73.8662041, 15.4604582 ], [ 73.8663302, 15.4612693 ], [ 73.8663773, 15.4618807 ], [ 73.8663775, 15.461948 ], [ 73.8663782, 15.4622484 ], [ 73.866369, 15.462524 ] ] } },
{ "type": "Feature", "properties": { "osm_id": "156468602", "code": 5112, "fclass": "trunk", "name": null, "ref": "NH66", "oneway": "F", "maxspeed": 50, "layer": 0, "bridge": "F", "tunnel": "F" }, "geometry": { "type": "LineString", "coordinates": [ [ 73.8646259, 15.4661195 ], [ 73.8650159, 15.4657281 ], [ 73.8652508, 15.4654302 ], [ 73.8654903, 15.4650889 ], [ 73.865657, 15.4648374 ], [ 73.8659268, 15.4644066 ], [ 73.866061, 15.4641847 ], [ 73.866142, 15.4640325 ], [ 73.8662475, 15.4637588 ] ] } },
{ "type": "Feature", "properties": { "osm_id": "156468616", "code": 5112, "fclass": "trunk", "name": null, "ref": null, "oneway": "F", "maxspeed": 50, "layer": 0, "bridge": "F", "tunnel": "F" }, "geometry": { "type": "LineString", "coordinates": [ [ 73.8438105, 15.4913745 ], [ 73.8433034, 15.4917189 ], [ 73.8422036, 15.4924676 ], [ 73.8390895, 15.4945693 ], [ 73.8386528, 15.4949393 ], [ 73.8384503, 15.4951106 ], [ 73.8383876, 15.4951615 ], [ 73.8382097, 15.4953081 ] ] } },
{ "type": "Feature", "properties": { "osm_id": "156468634", "code": 5112, "fclass": "trunk", "name": "Panaji Circle", "ref": null, "oneway": "F", "maxspeed": 0, "layer": 0, "bridge": "F", "tunnel": "F" }, "geometry": { "type": "LineString", "coordinates": [ [ 73.8379385, 15.4954922 ], [ 73.8379444, 15.4955579 ], [ 73.8379674, 15.495612 ], [ 73.8380052, 15.4956578 ], [ 73.8380548, 15.4956916 ], [ 73.8381123, 15.4957106 ], [ 73.838173, 15.4957133 ], [ 73.838232, 15.4956995 ], [ 73.8382886, 15.4956674 ], [ 73.8383323, 15.4956203 ], [ 73.8383593, 15.4955626 ], [ 73.838367, 15.4954998 ], [ 73.8383545, 15.4954377 ], [ 73.838343, 15.4954123 ], [ 73.8383188, 15.4953768 ], [ 73.8382876, 15.4953468 ], [ 73.8382507, 15.4953236 ], [ 73.8382097, 15.4953081 ], [ 73.8381562, 15.4953007 ], [ 73.8381024, 15.4953063 ], [ 73.8380519, 15.4953248 ], [ 73.8380078, 15.4953547 ], [ 73.8379728, 15.4953944 ], [ 73.8379492, 15.4954412 ], [ 73.8379385, 15.4954922 ] ] } },
{ "type": "Feature", "properties": { "osm_id": "156594409", "code": 5112, "fclass": "trunk", "name": "Chicalim Circle", "ref": "NH366", "oneway": "F", "maxspeed": 0, "layer": 0, "bridge": "F", "tunnel": "F" }, "geometry": { "type": "LineString", "coordinates": [ [ 73.8328005, 15.3989993 ], [ 73.8327796, 15.3990087 ], [ 73.8327612, 15.3990241 ], [ 73.832748, 15.399044 ], [ 73.8327412, 15.3990666 ], [ 73.832741, 15.3990884 ], [ 73.8327467, 15.3991096 ], [ 73.832758, 15.3991285 ], [ 73.8327757, 15.3991451 ], [ 73.8327976, 15.3991561 ], [ 73.8328218, 15.3991607 ], [ 73.8328463, 15.3991585 ], [ 73.8328692, 15.3991496 ], [ 73.8328885, 15.3991348 ], [ 73.8329026, 15.3991153 ], [ 73.83291, 15.399095 ], [ 73.8329116, 15.3990736 ], [ 73.8329075, 15.3990525 ], [ 73.8328982, 15.3990335 ], [ 73.8328842, 15.3990175 ], [ 73.8328665, 15.3990053 ], [ 73.8328462, 15.3989979 ], [ 73.8328232, 15.3989956 ], [ 73.8328005, 15.3989993 ] ] } },
{ "type": "Feature", "properties": { "osm_id": "156594410", "code": 5112, "fclass": "trunk", "name": null, "ref": "NH366", "oneway": "B", "maxspeed": 0, "layer": 0, "bridge": "F", "tunnel": "F" }, "geometry": { "type": "LineString", "coordinates": [ [ 73.8592816, 15.3973873 ], [ 73.859569, 15.397817 ], [ 73.8600164, 15.3985066 ], [ 73.8604736, 15.3991614 ], [ 73.8610255, 15.3998541 ], [ 73.8614011, 15.4002949 ], [ 73.8618485, 15.4006161 ], [ 73.8622452, 15.4008485 ], [ 73.8624886, 15.4009907 ], [ 73.8630307, 15.4012804 ], [ 73.8635532, 15.4015008 ], [ 73.8638242, 15.401548 ], [ 73.8640822, 15.4015763 ], [ 73.8645982, 15.4016645 ], [ 73.8647133, 15.4016797 ], [ 73.8659731, 15.4018377 ], [ 73.8664107, 15.4018534 ], [ 73.8665969, 15.4018377 ], [ 73.8667406, 15.4018062 ], [ 73.866979, 15.4017117 ], [ 73.8671782, 15.4016393 ], [ 73.8674884, 15.4015386 ], [ 73.867926, 15.4014252 ], [ 73.8682494, 15.4013276 ], [ 73.8685498, 15.4011954 ], [ 73.8689221, 15.4009687 ], [ 73.8692421, 15.4007042 ], [ 73.8695034, 15.4004146 ], [ 73.8696896, 15.4001783 ], [ 73.8697614, 15.4000871 ], [ 73.8699639, 15.399766 ], [ 73.8700586, 15.3995865 ], [ 73.8700945, 15.3994448 ], [ 73.8701337, 15.3991016 ], [ 73.8701729, 15.3988371 ], [ 73.8702284, 15.398579 ], [ 73.8703884, 15.3977352 ], [ 73.8704374, 15.397477 ], [ 73.8704341, 15.397266 ], [ 73.8704897, 15.3970771 ], [ 73.8706007, 15.3968284 ], [ 73.8707966, 15.3965324 ], [ 73.871022, 15.3962774 ], [ 73.871114, 15.3962162 ], [ 73.8711591, 15.3961861 ], [ 73.8713486, 15.3960727 ], [ 73.8715445, 15.395994 ], [ 73.8717633, 15.3959216 ], [ 73.8719527, 15.3958649 ], [ 73.8722238, 15.3958303 ], [ 73.8728018, 15.3957988 ], [ 73.8732296, 15.3957642 ], [ 73.8735987, 15.395761 ], [ 73.8738207, 15.3957831 ], [ 73.8741832, 15.3958523 ], [ 73.8747221, 15.395994 ], [ 73.8761754, 15.3965198 ], [ 73.8765836, 15.3966363 ], [ 73.8769134, 15.396693 ], [ 73.8772824, 15.3967339 ], [ 73.8778801, 15.3967969 ], [ 73.8780695, 15.3968536 ], [ 73.8787749, 15.3970897 ], [ 73.8798134, 15.3975022 ], [ 73.8800747, 15.3975651 ], [ 73.8804241, 15.3976218 ], [ 73.8808552, 15.3976627 ], [ 73.8814594, 15.3977415 ], [ 73.88175, 15.3978076 ], [ 73.8820341, 15.3979556 ], [ 73.8824424, 15.3982326 ], [ 73.882991, 15.3986923 ], [ 73.8833862, 15.3989159 ], [ 73.8837258, 15.3990827 ], [ 73.8842026, 15.3992433 ], [ 73.8850321, 15.3995267 ], [ 73.8855807, 15.3997187 ], [ 73.885953, 15.3998762 ], [ 73.8865997, 15.4001564 ], [ 73.8876708, 15.4006664 ], [ 73.888128, 15.4008459 ], [ 73.8888139, 15.4010474 ], [ 73.8888522, 15.4010573 ], [ 73.8893013, 15.4011733 ], [ 73.8894964, 15.4012237 ], [ 73.8899667, 15.4013559 ], [ 73.8901985, 15.401463 ], [ 73.8903945, 15.4016299 ], [ 73.8907015, 15.402036 ], [ 73.8910836, 15.4025996 ], [ 73.8912403, 15.4027696 ], [ 73.8913416, 15.4028735 ], [ 73.8914885, 15.402968 ], [ 73.8916877, 15.4030467 ], [ 73.8921809, 15.4032041 ], [ 73.8927458, 15.4033804 ], [ 73.8930071, 15.4034339 ], [ 73.8930669, 15.4034347 ], [ 73.8932455, 15.4034371 ], [ 73.8935263, 15.4034213 ], [ 73.8943395, 15.4033489 ], [ 73.8949339, 15.4033017 ], [ 73.8956491, 15.4032765 ], [ 73.8965188, 15.4032274 ], [ 73.896766, 15.4032135 ], [ 73.8972558, 15.4031978 ], [ 73.8974975, 15.4031411 ], [ 73.8977784, 15.4030624 ], [ 73.8981017, 15.4028735 ], [ 73.8988038, 15.4023824 ], [ 73.8994076, 15.4020263 ], [ 73.8997156, 15.4018855 ], [ 73.8999479, 15.4018162 ], [ 73.9002064, 15.4018077 ], [ 73.9053363, 15.4018618 ], [ 73.9055753, 15.40189 ], [ 73.9058009, 15.4019582 ], [ 73.9060782, 15.4020606 ], [ 73.906307, 15.4021485 ] ] } },
{ "type": "Feature", "properties": { "osm_id": "156594413", "code": 5112, "fclass": "trunk", "name": null, "ref": "NH366", "oneway": "F", "maxspeed": 0, "layer": 0, "bridge": "F", "tunnel": "F" }, "geometry": { "type": "LineString", "coordinates": [ [ 73.9081743, 15.4026056 ], [ 73.9081976, 15.4025577 ], [ 73.9082064, 15.4025056 ], [ 73.9081999, 15.4024531 ], [ 73.9081786, 15.4024044 ], [ 73.9081367, 15.4023568 ], [ 73.908081, 15.4023249 ], [ 73.9080176, 15.4023122 ], [ 73.9079533, 15.40232 ], [ 73.9079186, 15.4023336 ], [ 73.9078871, 15.4023533 ], [ 73.9078601, 15.4023785 ] ] } },
{ "type": "Feature", "properties": { "osm_id": "156594414", "code": 5112, "fclass": "trunk", "name": null, "ref": "NH366", "oneway": "F", "maxspeed": 0, "layer": 0, "bridge": "F", "tunnel": "F" }, "geometry": { "type": "LineString", "coordinates": [ [ 73.9078601, 15.4023785 ], [ 73.9073346, 15.4022818 ], [ 73.9071248, 15.4022559 ], [ 73.9069062, 15.4022243 ], [ 73.906823, 15.4022113 ], [ 73.9067231, 15.4021906 ], [ 73.906307, 15.4021485 ] ] } },
{ "type": "Feature", "properties": { "osm_id": "156594415", "code": 5112, "fclass": "trunk", "name": null, "ref": "NH366", "oneway": "F", "maxspeed": 0, "layer": 0, "bridge": "F", "tunnel": "F" }, "geometry": { "type": "LineString", "coordinates": [ [ 73.8332008, 15.3990695 ], [ 73.8329075, 15.3990525 ] ] } },
{ "type": "Feature", "properties": { "osm_id": "156594418", "code": 5112, "fclass": "trunk", "name": null, "ref": "NH366", "oneway": "B", "maxspeed": 0, "layer": 0, "bridge": "F", "tunnel": "F" }, "geometry": { "type": "LineString", "coordinates": [ [ 73.846724, 15.397701 ], [ 73.847925, 15.398076 ], [ 73.8490778, 15.3984696 ], [ 73.8492802, 15.3985766 ], [ 73.8493978, 15.3987309 ], [ 73.8494991, 15.3989387 ], [ 73.8499334, 15.4000029 ], [ 73.8500477, 15.4002453 ], [ 73.8502012, 15.4004437 ], [ 73.850309, 15.400535 ], [ 73.8504527, 15.4006137 ], [ 73.8506519, 15.4006609 ], [ 73.8519027, 15.4008152 ], [ 73.8524252, 15.4008719 ], [ 73.8528073, 15.4008561 ], [ 73.8530783, 15.4008121 ], [ 73.853382, 15.4007554 ], [ 73.8552403, 15.4003807 ], [ 73.8555603, 15.4002894 ], [ 73.8562298, 15.4000155 ], [ 73.8568535, 15.3997195 ], [ 73.8570103, 15.3995904 ], [ 73.8571573, 15.3993921 ], [ 73.8573114, 15.3991414 ], [ 73.8574447, 15.3988411 ], [ 73.8577216, 15.3978103 ] ] } },
{ "type": "Feature", "properties": { "osm_id": "156594419", "code": 5112, "fclass": "trunk", "name": null, "ref": "NH366", "oneway": "F", "maxspeed": 0, "layer": 0, "bridge": "F", "tunnel": "F" }, "geometry": { "type": "LineString", "coordinates": [ [ 73.8463759, 15.3975759 ], [ 73.846263, 15.3975503 ], [ 73.8461149, 15.3975402 ], [ 73.8457064, 15.3976244 ], [ 73.845066, 15.3978655 ] ] } },
{ "type": "Feature", "properties": { "osm_id": "156594420", "code": 5112, "fclass": "trunk", "name": null, "ref": "NH366", "oneway": "F", "maxspeed": 0, "layer": 0, "bridge": "F", "tunnel": "F" }, "geometry": { "type": "LineString", "coordinates": [ [ 73.8577216, 15.3978103 ], [ 73.8578235, 15.397606 ], [ 73.8578988, 15.3974397 ], [ 73.8579795, 15.3973303 ], [ 73.858133, 15.3972341 ], [ 73.8583647, 15.3971747 ], [ 73.8585541, 15.3971457 ], [ 73.8587447, 15.3971461 ], [ 73.8589698, 15.3972078 ] ] } },
{ "type": "Feature", "properties": { "osm_id": "156594421", "code": 5112, "fclass": "trunk", "name": null, "ref": "NH366", "oneway": "F", "maxspeed": 0, "layer": 0, "bridge": "F", "tunnel": "F" }, "geometry": { "type": "LineString", "coordinates": [ [ 73.859082, 15.3971598 ], [ 73.8589144, 15.3970567 ], [ 73.8587706, 15.3970239 ], [ 73.8585303, 15.3970132 ], [ 73.8583592, 15.397021 ], [ 73.8581321, 15.397079 ], [ 73.8579841, 15.3971704 ], [ 73.8578608, 15.3973164 ], [ 73.857795, 15.3974541 ], [ 73.8577516, 15.3975727 ], [ 73.8577216, 15.3978103 ] ] } },
{ "type": "Feature", "properties": { "osm_id": "156594422", "code": 5112, "fclass": "trunk", "name": null, "ref": "NH566", "oneway": "F", "maxspeed": 50, "layer": 0, "bridge": "F", "tunnel": "F" }, "geometry": { "type": "LineString", "coordinates": [ [ 73.9258337, 15.3760161 ], [ 73.9257575, 15.3760112 ], [ 73.9252116, 15.3760449 ], [ 73.9248948, 15.3760713 ], [ 73.9245564, 15.3760996 ], [ 73.9238792, 15.3761759 ], [ 73.9226172, 15.3763052 ], [ 73.9217213, 15.3764074 ], [ 73.9212721, 15.3764746 ], [ 73.9208215, 15.3765612 ], [ 73.9206592, 15.3766065 ], [ 73.9204902, 15.3766634 ], [ 73.9196373, 15.3771147 ], [ 73.9184866, 15.3777121 ], [ 73.9183304, 15.3777756 ], [ 73.9179394, 15.3779293 ], [ 73.917407, 15.3780793 ], [ 73.9168773, 15.3781931 ], [ 73.9161987, 15.3782746 ], [ 73.9156488, 15.3783082 ], [ 73.9151097, 15.3783095 ], [ 73.9145129, 15.3782707 ], [ 73.9139161, 15.3782255 ], [ 73.9128126, 15.3781372 ], [ 73.9127038, 15.3781285 ], [ 73.9120077, 15.3780871 ], [ 73.9117073, 15.3780638 ], [ 73.9114498, 15.3780328 ], [ 73.911077, 15.3779655 ], [ 73.9107069, 15.377875 ], [ 73.9104252, 15.3777858 ], [ 73.9100819, 15.3776798 ], [ 73.9092504, 15.3773875 ], [ 73.9066996, 15.3764436 ], [ 73.9051661, 15.3758521 ], [ 73.9045864, 15.3756663 ], [ 73.902536, 15.3750179 ], [ 73.900008, 15.3739514 ], [ 73.8998865, 15.3739001 ], [ 73.899711, 15.373826 ], [ 73.8987441, 15.3734181 ], [ 73.8986459, 15.3733783 ], [ 73.8979868, 15.3731113 ], [ 73.897217, 15.3728271 ], [ 73.8966331, 15.3726194 ], [ 73.8964678, 15.3725606 ], [ 73.8959799, 15.3723877 ], [ 73.8957996, 15.3723238 ], [ 73.8954044, 15.3722269 ], [ 73.8949876, 15.3721509 ], [ 73.894677, 15.3721175 ], [ 73.8946198, 15.3721113 ], [ 73.8942817, 15.3721102 ], [ 73.8939562, 15.3721278 ], [ 73.8936158, 15.3721708 ], [ 73.8929692, 15.3722885 ], [ 73.8922891, 15.3724275 ], [ 73.892126, 15.3724584 ] ] } },
{ "type": "Feature", "properties": { "osm_id": "157087121", "code": 5112, "fclass": "trunk", "name": "Belgaum - Panaji Highway", "ref": "NH748", "oneway": "B", "maxspeed": 40, "layer": 0, "bridge": "F", "tunnel": "F" }, "geometry": { "type": "LineString", "coordinates": [ [ 73.921966, 15.4981273 ], [ 73.922298, 15.4979974 ], [ 73.9228365, 15.4978164 ], [ 73.9231506, 15.4977418 ], [ 73.9234738, 15.4976887 ], [ 73.9237451, 15.4976533 ], [ 73.9239824, 15.4976291 ], [ 73.9245283, 15.4975947 ] ] } },
{ "type": "Feature", "properties": { "osm_id": "178427517", "code": 5112, "fclass": "trunk", "name": null, "ref": "NH566", "oneway": "F", "maxspeed": 50, "layer": 1, "bridge": "T", "tunnel": "F" }, "geometry": { "type": "LineString", "coordinates": [ [ 73.8479409, 15.3893083 ], [ 73.8482258, 15.3897178 ] ] } },
{ "type": "Feature", "properties": { "osm_id": "178427522", "code": 5112, "fclass": "trunk", "name": null, "ref": "NH566", "oneway": "F", "maxspeed": 50, "layer": 0, "bridge": "F", "tunnel": "F" }, "geometry": { "type": "LineString", "coordinates": [ [ 73.8482258, 15.3897178 ], [ 73.8485356, 15.3901645 ], [ 73.8487353, 15.39043 ], [ 73.8489476, 15.3906693 ], [ 73.8491906, 15.3908612 ], [ 73.8493275, 15.3909561 ], [ 73.849468, 15.3910249 ], [ 73.8494938, 15.3910375 ], [ 73.8497218, 15.3911009 ], [ 73.8499364, 15.39115 ], [ 73.8502703, 15.3911668 ], [ 73.8506445, 15.3911229 ], [ 73.8508382, 15.3910704 ], [ 73.8510213, 15.3910207 ], [ 73.8515967, 15.3907376 ], [ 73.8521411, 15.3904376 ], [ 73.8523866, 15.3903329 ], [ 73.8526575, 15.3902488 ], [ 73.8528452, 15.3902139 ], [ 73.8530544, 15.3901971 ], [ 73.8539515, 15.3902118 ], [ 73.854385, 15.390203 ], [ 73.8544614, 15.3902014 ], [ 73.8545096, 15.3901954 ], [ 73.8545275, 15.3902044 ], [ 73.8545474, 15.3902078 ], [ 73.8545674, 15.3902053 ], [ 73.8545858, 15.3901972 ], [ 73.8546029, 15.3901836 ], [ 73.854845, 15.3901376 ], [ 73.8550176, 15.3900663 ], [ 73.8551516, 15.3899786 ], [ 73.855395, 15.3897781 ], [ 73.8556892, 15.3895018 ], [ 73.8562115, 15.3889865 ], [ 73.8564205, 15.3887934 ], [ 73.8565237, 15.3886981 ], [ 73.8567599, 15.38848 ], [ 73.8569925, 15.3882943 ], [ 73.8572683, 15.3881161 ], [ 73.8574316, 15.3880388 ], [ 73.8575979, 15.3879809 ], [ 73.8577859, 15.3879334 ], [ 73.8579707, 15.3879007 ], [ 73.858405, 15.3878594 ], [ 73.8584699, 15.3878532 ], [ 73.8590368, 15.3878116 ], [ 73.8591509, 15.387803 ], [ 73.8601385, 15.3877286 ], [ 73.8610659, 15.3876587 ], [ 73.8612644, 15.3876437 ], [ 73.861368, 15.3876362 ], [ 73.8618753, 15.3875997 ], [ 73.8623967, 15.3875621 ], [ 73.8629436, 15.3875249 ], [ 73.8634981, 15.3874685 ], [ 73.8638114, 15.3874297 ], [ 73.8639418, 15.3874135 ], [ 73.8640758, 15.3873931 ], [ 73.864093, 15.3873905 ], [ 73.8642239, 15.3873547 ], [ 73.8645316, 15.3872473 ], [ 73.8648355, 15.387104 ], [ 73.8651825, 15.3869353 ], [ 73.8653986, 15.3868398 ], [ 73.8657437, 15.3867135 ], [ 73.8660777, 15.3866171 ], [ 73.8664615, 15.386535 ], [ 73.8669983, 15.3864494 ], [ 73.8674784, 15.3863935 ], [ 73.8678948, 15.3863334 ], [ 73.86832, 15.3862721 ], [ 73.8686668, 15.3862352 ], [ 73.8690185, 15.3862114 ], [ 73.8694097, 15.3861995 ], [ 73.8697861, 15.3862031 ], [ 73.8701798, 15.3862364 ], [ 73.8705488, 15.3862745 ], [ 73.8709312, 15.386324 ], [ 73.8710634, 15.3863411 ], [ 73.8729564, 15.3865743 ], [ 73.8739239, 15.3866921 ], [ 73.8748433, 15.3868099 ], [ 73.8758036, 15.3869405 ] ] } },
{ "type": "Feature", "properties": { "osm_id": "179776571", "code": 5112, "fclass": "trunk", "name": null, "ref": "NH66", "oneway": "B", "maxspeed": 50, "layer": 1, "bridge": "T", "tunnel": "F" }, "geometry": { "type": "LineString", "coordinates": [ [ 73.8217537, 15.5893206 ], [ 73.8213564, 15.5888669 ] ] } },
{ "type": "Feature", "properties": { "osm_id": "273392705", "code": 5112, "fclass": "trunk", "name": "Airport Road", "ref": "NH366", "oneway": "F", "maxspeed": 50, "layer": 0, "bridge": "F", "tunnel": "F" }, "geometry": { "type": "LineString", "coordinates": [ [ 73.8328462, 15.3989979 ], [ 73.8328195, 15.39873 ], [ 73.832777, 15.3981849 ], [ 73.8327389, 15.3977899 ], [ 73.8327062, 15.397389 ], [ 73.8327053, 15.3972952 ], [ 73.8327115, 15.397163 ], [ 73.8327327, 15.397 ], [ 73.8327867, 15.3966213 ], [ 73.832846, 15.3964012 ], [ 73.8329672, 15.3960566 ], [ 73.8330238, 15.3959277 ], [ 73.8331751, 15.395613 ], [ 73.8332792, 15.3953979 ], [ 73.8335388, 15.3948836 ], [ 73.8337972, 15.3943718 ], [ 73.8340237, 15.3939017 ], [ 73.8342873, 15.3933541 ], [ 73.834304, 15.3933128 ], [ 73.8343725, 15.3931436 ], [ 73.8344935, 15.3928499 ], [ 73.8347527, 15.3923406 ], [ 73.8349589, 15.3919499 ], [ 73.8350876, 15.3916975 ], [ 73.8352128, 15.3914518 ], [ 73.835333, 15.391255 ], [ 73.8355942, 15.3908273 ], [ 73.8357795, 15.3905244 ], [ 73.8359251, 15.3902865 ], [ 73.8362065, 15.3898514 ], [ 73.8366046, 15.3892107 ], [ 73.8367506, 15.388983 ], [ 73.8369877, 15.3886102 ], [ 73.8370518, 15.3885079 ], [ 73.8371198, 15.3883996 ], [ 73.8372921, 15.3881248 ], [ 73.8376151, 15.38763 ], [ 73.8377894, 15.3873493 ], [ 73.8380292, 15.3870124 ], [ 73.8382628, 15.386711 ], [ 73.8383452, 15.386607 ], [ 73.8383961, 15.3865298 ], [ 73.8384361, 15.3864436 ], [ 73.8384559, 15.3863736 ] ] } },
{ "type": "Feature", "properties": { "osm_id": "273431780", "code": 5112, "fclass": "trunk", "name": null, "ref": "NH66", "oneway": "F", "maxspeed": 50, "layer": 0, "bridge": "F", "tunnel": "F" }, "geometry": { "type": "LineString", "coordinates": [ [ 73.8939668, 15.4265021 ], [ 73.8930754, 15.4272331 ], [ 73.892451, 15.4277615 ], [ 73.891829, 15.4283123 ], [ 73.8912894, 15.4288072 ], [ 73.8903371, 15.4297034 ], [ 73.8890138, 15.4309418 ], [ 73.888244, 15.4316684 ], [ 73.887662, 15.4321823 ], [ 73.8873228, 15.4324639 ], [ 73.887177, 15.4325712 ], [ 73.8869706, 15.4327229 ], [ 73.8863497, 15.4331505 ], [ 73.8862402, 15.4332259 ], [ 73.8857419, 15.4336232 ], [ 73.8852931, 15.4340231 ], [ 73.8847809, 15.4344939 ], [ 73.8847597, 15.4345134 ], [ 73.8843231, 15.4349331 ] ] } },
{ "type": "Feature", "properties": { "osm_id": "274469361", "code": 5112, "fclass": "trunk", "name": null, "ref": "NH66", "oneway": "F", "maxspeed": 80, "layer": 0, "bridge": "F", "tunnel": "F" }, "geometry": { "type": "LineString", "coordinates": [ [ 73.9251956, 15.3822178 ], [ 73.9255855, 15.3814567 ], [ 73.92569, 15.3812039 ], [ 73.9257163, 15.3811403 ], [ 73.9258541, 15.3807182 ], [ 73.925923, 15.3803602 ], [ 73.9259533, 15.3801396 ], [ 73.9259533, 15.3799539 ], [ 73.9259428, 15.3796905 ], [ 73.9259241, 15.3794777 ], [ 73.9258796, 15.3790012 ], [ 73.9258716, 15.378916 ], [ 73.9258319, 15.378549 ], [ 73.925784, 15.3781381 ], [ 73.9257698, 15.3780145 ], [ 73.9257455, 15.3778038 ], [ 73.9257081, 15.3774211 ], [ 73.9256941, 15.3772083 ], [ 73.9256941, 15.3770192 ], [ 73.9257, 15.3768346 ], [ 73.9257268, 15.3766094 ], [ 73.925763, 15.3763561 ], [ 73.9258123, 15.3761033 ] ] } },
{ "type": "Feature", "properties": { "osm_id": "274471668", "code": 5112, "fclass": "trunk", "name": null, "ref": "NH566", "oneway": "F", "maxspeed": 50, "layer": 0, "bridge": "F", "tunnel": "F" }, "geometry": { "type": "LineString", "coordinates": [ [ 73.8476176, 15.3885969 ], [ 73.847501, 15.3884154 ], [ 73.8472764, 15.388066 ], [ 73.8469086, 15.3875451 ], [ 73.8467757, 15.3873692 ], [ 73.8466583, 15.3872465 ], [ 73.8465112, 15.3870883 ], [ 73.8462793, 15.3869015 ], [ 73.8460021, 15.3867079 ], [ 73.8457475, 15.3865647 ], [ 73.8454364, 15.3864284 ], [ 73.8450699, 15.3863095 ], [ 73.8446986, 15.3862303 ], [ 73.844204, 15.3861655 ], [ 73.8436722, 15.3861151 ], [ 73.8428809, 15.3860324 ], [ 73.8422184, 15.3859622 ], [ 73.841891, 15.3859411 ], [ 73.841817, 15.3859366 ], [ 73.8417724, 15.3859334 ], [ 73.8413264, 15.385937 ], [ 73.8411903, 15.3859449 ], [ 73.8409868, 15.3859506 ], [ 73.8409407, 15.3859519 ], [ 73.8407724, 15.3859566 ], [ 73.8406359, 15.3859604 ], [ 73.8400387, 15.3859748 ], [ 73.8396877, 15.385984 ], [ 73.8386845, 15.3859112 ] ] } },
{ "type": "Feature", "properties": { "osm_id": "274471669", "code": 5112, "fclass": "trunk", "name": null, "ref": "NH566", "oneway": "F", "maxspeed": 50, "layer": 1, "bridge": "T", "tunnel": "F" }, "geometry": { "type": "LineString", "coordinates": [ [ 73.8483439, 15.3896636 ], [ 73.8480696, 15.3892471 ] ] } },
{ "type": "Feature", "properties": { "osm_id": "274491735", "code": 5112, "fclass": "trunk", "name": null, "ref": "NH366", "oneway": "F", "maxspeed": 0, "layer": 0, "bridge": "F", "tunnel": "F" }, "geometry": { "type": "LineString", "coordinates": [ [ 73.8329026, 15.3991153 ], [ 73.8332008, 15.3990695 ] ] } },
{ "type": "Feature", "properties": { "osm_id": "274491736", "code": 5112, "fclass": "trunk", "name": null, "ref": "NH366", "oneway": "B", "maxspeed": 0, "layer": 0, "bridge": "F", "tunnel": "F" }, "geometry": { "type": "LineString", "coordinates": [ [ 73.8332008, 15.3990695 ], [ 73.8334009, 15.3990436 ], [ 73.8336025, 15.3989979 ], [ 73.8337021, 15.3989664 ], [ 73.8337888, 15.3989016 ], [ 73.8340337, 15.3986812 ], [ 73.8343799, 15.3980893 ], [ 73.8348175, 15.3975477 ], [ 73.8351898, 15.3971605 ], [ 73.8354641, 15.3969716 ], [ 73.8356895, 15.3968991 ], [ 73.8358593, 15.3968865 ], [ 73.8360454, 15.3969243 ], [ 73.8361728, 15.3969936 ], [ 73.8363393, 15.3972045 ], [ 73.8366333, 15.397639 ], [ 73.8368096, 15.3978531 ], [ 73.8369071, 15.39793 ], [ 73.8369892, 15.3979948 ], [ 73.837195, 15.3981113 ], [ 73.8376965, 15.3983503 ], [ 73.837935, 15.3984639 ], [ 73.8380539, 15.3985206 ], [ 73.8393765, 15.3991535 ], [ 73.8401701, 15.3995282 ], [ 73.8403138, 15.3995533 ], [ 73.8404869, 15.3995408 ], [ 73.8407612, 15.399462 ], [ 73.8409035, 15.3994108 ], [ 73.8424137, 15.398867 ], [ 73.8445265, 15.3981119 ] ] } },
{ "type": "Feature", "properties": { "osm_id": "275716517", "code": 5112, "fclass": "trunk", "name": null, "ref": "NH66", "oneway": "F", "maxspeed": 0, "layer": 0, "bridge": "F", "tunnel": "F" }, "geometry": { "type": "LineString", "coordinates": [ [ 73.8229952, 15.6207535 ], [ 73.8227794, 15.6187411 ], [ 73.8227418, 15.6183743 ], [ 73.8227069, 15.6161346 ], [ 73.8227096, 15.6152951 ], [ 73.8227257, 15.6150057 ] ] } },
{ "type": "Feature", "properties": { "osm_id": "275716518", "code": 5112, "fclass": "trunk", "name": null, "ref": "NH66", "oneway": "F", "maxspeed": 50, "layer": 0, "bridge": "F", "tunnel": "F" }, "geometry": { "type": "LineString", "coordinates": [ [ 73.8226452, 15.6145098 ], [ 73.8226344, 15.6148366 ], [ 73.8225996, 15.6157058 ], [ 73.8226157, 15.6167908 ], [ 73.8226533, 15.618382 ], [ 73.8227016, 15.618909 ], [ 73.8228907, 15.6207537 ] ] } },
{ "type": "Feature", "properties": { "osm_id": "275716519", "code": 5112, "fclass": "trunk", "name": null, "ref": "NH66", "oneway": "F", "maxspeed": 50, "layer": 0, "bridge": "F", "tunnel": "F" }, "geometry": { "type": "LineString", "coordinates": [ [ 73.8217537, 15.5893206 ], [ 73.8237047, 15.5915669 ], [ 73.8243404, 15.5922231 ], [ 73.8246247, 15.5926468 ], [ 73.8247937, 15.5930034 ], [ 73.8249546, 15.5933961 ], [ 73.825078, 15.5940032 ], [ 73.825184, 15.6000027 ], [ 73.8251199, 15.6010282 ], [ 73.8250518, 15.6016311 ], [ 73.825011, 15.6018981 ], [ 73.8243402, 15.6053782 ], [ 73.8238913, 15.6081539 ] ] } },
{ "type": "Feature", "properties": { "osm_id": "276480069", "code": 5112, "fclass": "trunk", "name": null, "ref": "NH66", "oneway": "F", "maxspeed": 0, "layer": 0, "bridge": "F", "tunnel": "F" }, "geometry": { "type": "LineString", "coordinates": [ [ 73.860054, 15.4658833 ], [ 73.8606239, 15.4661331 ], [ 73.8613704, 15.4664539 ], [ 73.8613934, 15.4664624 ], [ 73.8620099, 15.4666905 ], [ 73.8622886, 15.4667627 ], [ 73.8625858, 15.4667897 ], [ 73.8628076, 15.4667925 ], [ 73.8630004, 15.466781 ], [ 73.8631862, 15.4667639 ], [ 73.8633754, 15.4667307 ], [ 73.8636697, 15.4666558 ], [ 73.8639477, 15.4665514 ], [ 73.8644624, 15.4662618 ] ] } },
{ "type": "Feature", "properties": { "osm_id": "276480072", "code": 5112, "fclass": "trunk", "name": null, "ref": "NH66", "oneway": "F", "maxspeed": 50, "layer": 0, "bridge": "F", "tunnel": "F" }, "geometry": { "type": "LineString", "coordinates": [ [ 73.866282, 15.4601442 ], [ 73.8662511, 15.4598796 ], [ 73.866227, 15.4596102 ], [ 73.8662266, 15.4588534 ], [ 73.8662338, 15.4580934 ], [ 73.8662264, 15.4578189 ], [ 73.8661947, 15.4574035 ], [ 73.8661588, 15.4571439 ], [ 73.8661104, 15.4568773 ], [ 73.8659423, 15.4562405 ], [ 73.8658054, 15.4557963 ], [ 73.8656707, 15.4554425 ], [ 73.8653119, 15.4546878 ], [ 73.8650966, 15.454235 ], [ 73.8650473, 15.4541269 ], [ 73.864843, 15.4536845 ], [ 73.8645763, 15.4531586 ], [ 73.8643534, 15.4528224 ], [ 73.8641028, 15.4525 ], [ 73.863861, 15.4522373 ], [ 73.8637534, 15.4521452 ], [ 73.8634362, 15.451846 ], [ 73.863359, 15.4517661 ], [ 73.8631295, 15.4515261 ], [ 73.8630054, 15.451381 ], [ 73.8628584, 15.451158 ], [ 73.862747, 15.4509812 ], [ 73.8626276, 15.45068 ], [ 73.8625317, 15.4503771 ], [ 73.8624652, 15.4501407 ] ] } },
{ "type": "Feature", "properties": { "osm_id": "306647080", "code": 5112, "fclass": "trunk", "name": null, "ref": "NH566", "oneway": "F", "maxspeed": 30, "layer": 0, "bridge": "F", "tunnel": "F" }, "geometry": { "type": "LineString", "coordinates": [ [ 73.8386845, 15.3859112 ], [ 73.8379929, 15.3858403 ], [ 73.8370313, 15.3857168 ], [ 73.8359405, 15.3855959 ], [ 73.8352273, 15.3855261 ], [ 73.8346312, 15.3855409 ], [ 73.8342121, 15.3855751 ], [ 73.8338073, 15.3856384 ], [ 73.8336647, 15.3856676 ], [ 73.8334589, 15.38572 ], [ 73.8332811, 15.3857716 ], [ 73.8327836, 15.3859354 ], [ 73.8321409, 15.3861657 ], [ 73.8317322, 15.3863367 ], [ 73.831353, 15.3865337 ], [ 73.8312681, 15.3865854 ], [ 73.8309393, 15.3867854 ], [ 73.8303532, 15.3871463 ], [ 73.8296194, 15.3875926 ], [ 73.827908, 15.388623 ], [ 73.8272358, 15.3890313 ], [ 73.8270659, 15.3891303 ] ] } },
{ "type": "Feature", "properties": { "osm_id": "306647083", "code": 5112, "fclass": "trunk", "name": null, "ref": "NH566", "oneway": "F", "maxspeed": 60, "layer": 0, "bridge": "F", "tunnel": "F" }, "geometry": { "type": "LineString", "coordinates": [ [ 73.8390958, 15.3861046 ], [ 73.8393947, 15.3860824 ], [ 73.8397939, 15.3860845 ], [ 73.8401726, 15.3860739 ], [ 73.8408744, 15.3860455 ], [ 73.8415876, 15.3860243 ], [ 73.8417982, 15.3860297 ], [ 73.8418728, 15.3860329 ], [ 73.8419713, 15.3860404 ], [ 73.8423244, 15.3860671 ], [ 73.8428494, 15.3861216 ], [ 73.843061, 15.3861436 ], [ 73.8437853, 15.3862207 ], [ 73.8444363, 15.38629 ], [ 73.8446363, 15.3863228 ], [ 73.8448383, 15.386356 ], [ 73.8451904, 15.3864487 ], [ 73.8452373, 15.3864611 ], [ 73.8453448, 15.3865078 ], [ 73.8457556, 15.3866862 ], [ 73.8461175, 15.3869158 ], [ 73.8463051, 15.387069 ], [ 73.8464538, 15.3871905 ], [ 73.8466028, 15.3873391 ], [ 73.8467641, 15.3875341 ], [ 73.8470413, 15.3879037 ], [ 73.8471745, 15.3880951 ], [ 73.8473468, 15.3883427 ], [ 73.8475525, 15.388644 ] ] } },
{ "type": "Feature", "properties": { "osm_id": "308000504", "code": 5112, "fclass": "trunk", "name": null, "ref": "NH566", "oneway": "F", "maxspeed": 50, "layer": 0, "bridge": "F", "tunnel": "F" }, "geometry": { "type": "LineString", "coordinates": [ [ 73.892126, 15.3724584 ], [ 73.8920246, 15.3724793 ] ] } },
{ "type": "Feature", "properties": { "osm_id": "308000506", "code": 5112, "fclass": "trunk", "name": null, "ref": "NH566", "oneway": "F", "maxspeed": 50, "layer": 0, "bridge": "F", "tunnel": "F" }, "geometry": { "type": "LineString", "coordinates": [ [ 73.8920246, 15.3724793 ], [ 73.8917512, 15.3725368 ], [ 73.8909403, 15.3727007 ], [ 73.8901492, 15.3729031 ], [ 73.8892888, 15.3731749 ], [ 73.8884407, 15.3734548 ], [ 73.8880857, 15.3735814 ], [ 73.8879471, 15.3736437 ], [ 73.8877466, 15.3737338 ], [ 73.887516, 15.3738671 ], [ 73.8873171, 15.3739984 ], [ 73.8870866, 15.3741776 ], [ 73.8868559, 15.3743659 ], [ 73.8866526, 15.3745553 ], [ 73.8864607, 15.3747535 ], [ 73.8855805, 15.3757839 ], [ 73.8847113, 15.3768115 ], [ 73.8829279, 15.3788543 ], [ 73.8828795, 15.3789103 ], [ 73.8824493, 15.3794073 ], [ 73.8820176, 15.379926 ], [ 73.881756, 15.3802679 ], [ 73.8815917, 15.3805012 ], [ 73.881386, 15.3808279 ], [ 73.8812126, 15.3811348 ], [ 73.8810599, 15.3814431 ], [ 73.8809346, 15.3817603 ], [ 73.8808244, 15.3820757 ], [ 73.8807337, 15.3823914 ], [ 73.8806241, 15.3828817 ], [ 73.8805524, 15.3832025 ], [ 73.8802673, 15.3844779 ], [ 73.8801021, 15.3852172 ], [ 73.8799897, 15.3855844 ], [ 73.8798694, 15.3858432 ], [ 73.8796895, 15.3861356 ], [ 73.8793653, 15.3864961 ], [ 73.8789587, 15.3867741 ], [ 73.8786385, 15.386914 ], [ 73.8783024, 15.3870137 ], [ 73.8779733, 15.3870617 ], [ 73.8775428, 15.387053 ], [ 73.8771839, 15.3870106 ], [ 73.8758204, 15.3868425 ], [ 73.8747549, 15.3867083 ], [ 73.873697, 15.3865759 ], [ 73.8726634, 15.386449 ], [ 73.8712179, 15.3862704 ], [ 73.8705185, 15.386182 ], [ 73.8698506, 15.3861233 ], [ 73.869293, 15.386116 ], [ 73.8688847, 15.3861374 ], [ 73.8687098, 15.3861465 ], [ 73.8682124, 15.3862061 ], [ 73.8676804, 15.3862744 ], [ 73.8666631, 15.3864023 ], [ 73.8662366, 15.3864909 ], [ 73.8658384, 15.3865927 ], [ 73.8653213, 15.3867787 ], [ 73.8648709, 15.3869925 ], [ 73.8644831, 15.3871669 ], [ 73.8643328, 15.3872121 ], [ 73.8641392, 15.3872774 ], [ 73.8640938, 15.3872927 ] ] } },
{ "type": "Feature", "properties": { "osm_id": "308000507", "code": 5112, "fclass": "trunk", "name": null, "ref": "NH566", "oneway": "F", "maxspeed": 50, "layer": 0, "bridge": "F", "tunnel": "F" }, "geometry": { "type": "LineString", "coordinates": [ [ 73.8830055, 15.378909 ], [ 73.8833931, 15.3784578 ], [ 73.8835902, 15.3782346 ], [ 73.8838064, 15.3779897 ], [ 73.8843408, 15.3773713 ], [ 73.884658, 15.3770036 ], [ 73.8850344, 15.3765681 ], [ 73.8853565, 15.3761957 ], [ 73.885739, 15.3757495 ], [ 73.8861907, 15.3752164 ], [ 73.8865486, 15.3747976 ], [ 73.8868534, 15.3744894 ], [ 73.8872829, 15.3741419 ], [ 73.8875864, 15.3739277 ], [ 73.8877765, 15.3738183 ], [ 73.8880073, 15.3737112 ], [ 73.8883404, 15.3735815 ], [ 73.8890217, 15.3733554 ], [ 73.8898904, 15.3730781 ], [ 73.8901901, 15.3729889 ], [ 73.890526, 15.3728889 ], [ 73.8911097, 15.3727569 ], [ 73.8921082, 15.3725598 ] ] } },
{ "type": "Feature", "properties": { "osm_id": "308000510", "code": 5112, "fclass": "trunk", "name": null, "ref": "NH566", "oneway": "F", "maxspeed": 50, "layer": 0, "bridge": "F", "tunnel": "F" }, "geometry": { "type": "LineString", "coordinates": [ [ 73.8829579, 15.3789636 ], [ 73.8830055, 15.378909 ] ] } },
{ "type": "Feature", "properties": { "osm_id": "308000512", "code": 5112, "fclass": "trunk", "name": null, "ref": "NH566", "oneway": "F", "maxspeed": 50, "layer": 0, "bridge": "F", "tunnel": "F" }, "geometry": { "type": "LineString", "coordinates": [ [ 73.8758036, 15.3869405 ], [ 73.8770237, 15.3870837 ], [ 73.8775266, 15.38714 ], [ 73.8778302, 15.3871543 ], [ 73.8780684, 15.3871447 ], [ 73.8782769, 15.3871138 ], [ 73.8784769, 15.3870638 ], [ 73.8786484, 15.3870067 ], [ 73.8788002, 15.3869484 ], [ 73.8789804, 15.3868604 ], [ 73.8791618, 15.3867592 ], [ 73.8793864, 15.3865938 ], [ 73.8795443, 15.3864546 ], [ 73.8797134, 15.3862666 ], [ 73.879812, 15.3861193 ], [ 73.8798368, 15.3860822 ], [ 73.8799528, 15.3859014 ], [ 73.8800577, 15.3856717 ], [ 73.8801441, 15.3854123 ], [ 73.880207, 15.3851708 ], [ 73.8802626, 15.3849495 ], [ 73.8803761, 15.3844319 ], [ 73.8805772, 15.3834729 ], [ 73.8808167, 15.3824377 ], [ 73.8809577, 15.3819854 ], [ 73.8810866, 15.3816166 ], [ 73.8811962, 15.3813763 ], [ 73.8814089, 15.3809682 ], [ 73.8815786, 15.3806906 ], [ 73.8818843, 15.3802308 ], [ 73.882148, 15.3799062 ], [ 73.8825296, 15.3794734 ], [ 73.8829579, 15.3789636 ] ] } },
{ "type": "Feature", "properties": { "osm_id": "308000514", "code": 5112, "fclass": "trunk", "name": null, "ref": "NH566", "oneway": "F", "maxspeed": 50, "layer": 0, "bridge": "F", "tunnel": "F" }, "geometry": { "type": "LineString", "coordinates": [ [ 73.8640938, 15.3872927 ], [ 73.8636587, 15.387359 ], [ 73.8630628, 15.3874233 ], [ 73.8623596, 15.3874749 ], [ 73.8614193, 15.3875458 ], [ 73.8604353, 15.387614 ], [ 73.8595886, 15.3876739 ], [ 73.8590876, 15.3877106 ], [ 73.8582959, 15.3877711 ], [ 73.8581051, 15.3877897 ], [ 73.8579937, 15.3878041 ], [ 73.8578672, 15.3878269 ], [ 73.8577171, 15.3878517 ], [ 73.8575628, 15.387893 ], [ 73.8573806, 15.3879571 ], [ 73.8572584, 15.3880129 ], [ 73.8571105, 15.3880956 ], [ 73.8568639, 15.388265 ], [ 73.8563782, 15.3886926 ], [ 73.856223, 15.3888293 ], [ 73.8554556, 15.3895878 ], [ 73.8552498, 15.3897842 ], [ 73.8551447, 15.3898772 ], [ 73.8550375, 15.3899557 ], [ 73.8549496, 15.3900074 ], [ 73.8548532, 15.3900466 ], [ 73.8547226, 15.3900839 ], [ 73.854632, 15.3900892 ], [ 73.8546023, 15.3900909 ], [ 73.8545904, 15.3900922 ], [ 73.8545723, 15.3900824 ], [ 73.8545519, 15.3900785 ], [ 73.8545313, 15.3900807 ], [ 73.8545123, 15.390089 ], [ 73.8544969, 15.3901024 ], [ 73.8544494, 15.3901068 ], [ 73.8539177, 15.3901409 ], [ 73.8538656, 15.3901396 ], [ 73.8535145, 15.3901305 ], [ 73.8531894, 15.3901233 ], [ 73.852945, 15.3901305 ], [ 73.8527527, 15.3901575 ], [ 73.8525424, 15.3902117 ], [ 73.8525083, 15.3902205 ], [ 73.8523142, 15.3902955 ], [ 73.8521873, 15.3903446 ], [ 73.8519204, 15.3904796 ], [ 73.8514072, 15.3907692 ], [ 73.8510788, 15.390924 ], [ 73.850922, 15.3909816 ], [ 73.8508254, 15.3910032 ], [ 73.8507439, 15.3910214 ], [ 73.8506887, 15.3910337 ], [ 73.8505133, 15.3910643 ], [ 73.8503211, 15.3910805 ], [ 73.8501364, 15.3910751 ], [ 73.8499143, 15.3910427 ], [ 73.8497071, 15.3909995 ], [ 73.849541, 15.3909384 ], [ 73.8493544, 15.3908484 ], [ 73.8492014, 15.3907387 ], [ 73.8489961, 15.3905641 ], [ 73.8489314, 15.3904835 ], [ 73.8488431, 15.3903734 ], [ 73.8486621, 15.3901305 ], [ 73.8483439, 15.3896636 ] ] } },
{ "type": "Feature", "properties": { "osm_id": "313665893", "code": 5112, "fclass": "trunk", "name": "Airport Road", "ref": "NH366", "oneway": "F", "maxspeed": 60, "layer": 0, "bridge": "F", "tunnel": "F" }, "geometry": { "type": "LineString", "coordinates": [ [ 73.8383391, 15.386356 ], [ 73.8383083, 15.3864614 ], [ 73.8382775, 15.3865387 ], [ 73.8382186, 15.3866294 ], [ 73.8380312, 15.3868625 ], [ 73.8377701, 15.3872472 ], [ 73.8374738, 15.3877157 ], [ 73.8374427, 15.3877648 ], [ 73.8372733, 15.388027 ], [ 73.8371005, 15.3882815 ], [ 73.837044, 15.3883701 ], [ 73.8369753, 15.3884777 ], [ 73.8369144, 15.3885733 ], [ 73.8365993, 15.3890671 ], [ 73.8361127, 15.3898528 ], [ 73.8357986, 15.3903595 ], [ 73.8357715, 15.3904056 ], [ 73.8355021, 15.3908637 ], [ 73.8353408, 15.3911471 ], [ 73.8352894, 15.3912374 ], [ 73.8351933, 15.3914062 ], [ 73.8349022, 15.391936 ], [ 73.8345899, 15.3925306 ], [ 73.8343025, 15.3931189 ], [ 73.8342314, 15.3932803 ], [ 73.8341997, 15.3933504 ], [ 73.8338277, 15.3941178 ], [ 73.8337635, 15.3942503 ], [ 73.8333167, 15.395129 ], [ 73.833199, 15.3953678 ], [ 73.832975, 15.3958246 ], [ 73.8328637, 15.3960974 ], [ 73.8327725, 15.396365 ], [ 73.8326947, 15.3966857 ], [ 73.8326505, 15.3971344 ], [ 73.8326465, 15.3973296 ], [ 73.8326559, 15.3975248 ], [ 73.8327001, 15.3982541 ], [ 73.8327336, 15.3986588 ], [ 73.8327796, 15.3990087 ] ] } },
{ "type": "Feature", "properties": { "osm_id": "371579692", "code": 5112, "fclass": "trunk", "name": "Belgaum - Panaji Highway", "ref": "NH748", "oneway": "F", "maxspeed": 50, "layer": 0, "bridge": "F", "tunnel": "F" }, "geometry": { "type": "LineString", "coordinates": [ [ 73.9363732, 15.4950511 ], [ 73.9364967, 15.4950361 ], [ 73.9370224, 15.4948329 ], [ 73.9377481, 15.4945447 ], [ 73.938053, 15.4944293 ], [ 73.9393772, 15.4939274 ], [ 73.9400446, 15.4936692 ], [ 73.9406588, 15.4934265 ], [ 73.9410677, 15.4932858 ], [ 73.9412897, 15.4932223 ], [ 73.9417605, 15.4931149 ], [ 73.9419386, 15.4930992 ], [ 73.9421378, 15.4930885 ], [ 73.9423549, 15.493087 ], [ 73.9433595, 15.493099 ], [ 73.9437678, 15.4931051 ], [ 73.9442346, 15.4930773 ], [ 73.9444746, 15.4930677 ], [ 73.9446772, 15.493055 ], [ 73.9450959, 15.4930287 ], [ 73.9462163, 15.4930011 ], [ 73.9467731, 15.4929812 ], [ 73.9469001, 15.4929718 ], [ 73.9470624, 15.4929554 ], [ 73.9472327, 15.4929284 ], [ 73.9475611, 15.4928563 ], [ 73.9479944, 15.4927597 ], [ 73.9480796, 15.4927075 ] ] } },
{ "type": "Feature", "properties": { "osm_id": "371579695", "code": 5112, "fclass": "trunk", "name": "Belgaum - Panaji Highway", "ref": "NH748", "oneway": "B", "maxspeed": 40, "layer": 1, "bridge": "T", "tunnel": "F" }, "geometry": { "type": "LineString", "coordinates": [ [ 73.9245283, 15.4975947 ], [ 73.9250919, 15.49757 ] ] } },
{ "type": "Feature", "properties": { "osm_id": "371581341", "code": 5112, "fclass": "trunk", "name": "Belgaum - Panaji Highway", "ref": "NH748", "oneway": "F", "maxspeed": 0, "layer": 0, "bridge": "F", "tunnel": "F" }, "geometry": { "type": "LineString", "coordinates": [ [ 73.8440547, 15.4914751 ], [ 73.8442028, 15.4914559 ], [ 73.8442784, 15.4914599 ], [ 73.8443578, 15.4914756 ], [ 73.8444376, 15.4915087 ], [ 73.8445213, 15.4915385 ], [ 73.844592, 15.491567 ], [ 73.8447836, 15.4916442 ], [ 73.8452373, 15.4918424 ] ] } },
{ "type": "Feature", "properties": { "osm_id": "399296322", "code": 5112, "fclass": "trunk", "name": null, "ref": "NH748", "oneway": "F", "maxspeed": 40, "layer": 0, "bridge": "F", "tunnel": "F" }, "geometry": { "type": "LineString", "coordinates": [ [ 73.9019578, 15.4867275 ], [ 73.9024007, 15.4867815 ], [ 73.902669, 15.4868694 ], [ 73.9034738, 15.487174 ], [ 73.9045568, 15.4878052 ], [ 73.9048185, 15.487995 ], [ 73.9051446, 15.4882316 ], [ 73.9054692, 15.4885159 ], [ 73.9058098, 15.4889243 ], [ 73.9061578, 15.4894296 ], [ 73.9065599, 15.4900476 ], [ 73.9078769, 15.4925941 ], [ 73.9080947, 15.4930152 ], [ 73.9081911, 15.4931906 ] ] } },
{ "type": "Feature", "properties": { "osm_id": "411009189", "code": 5112, "fclass": "trunk", "name": "Belgaum - Panaji Highway", "ref": "NH748", "oneway": "F", "maxspeed": 0, "layer": 0, "bridge": "F", "tunnel": "F" }, "geometry": { "type": "LineString", "coordinates": [ [ 73.8789074, 15.4965942 ], [ 73.8791814, 15.4963918 ], [ 73.8801009, 15.4957256 ], [ 73.8803638, 15.4955345 ], [ 73.8808229, 15.4951856 ], [ 73.8810477, 15.494996 ], [ 73.8815818, 15.4946015 ], [ 73.8820516, 15.4942858 ], [ 73.8822962, 15.4941166 ], [ 73.8825984, 15.4939266 ], [ 73.8827767, 15.4938228 ], [ 73.8829277, 15.4937547 ], [ 73.8830275, 15.493711 ], [ 73.8830861, 15.4936844 ], [ 73.8832674, 15.4936022 ], [ 73.8836499, 15.4934464 ], [ 73.8840017, 15.4933182 ], [ 73.8844576, 15.4931713 ], [ 73.8851888, 15.4929451 ], [ 73.8866101, 15.4924465 ], [ 73.8887604, 15.4917482 ], [ 73.8908718, 15.4911336 ], [ 73.8924571, 15.4906614 ], [ 73.8944061, 15.4900907 ] ] } },
{ "type": "Feature", "properties": { "osm_id": "411009193", "code": 5112, "fclass": "trunk", "name": null, "ref": "NH748", "oneway": "F", "maxspeed": 0, "layer": 0, "bridge": "F", "tunnel": "F" }, "geometry": { "type": "LineString", "coordinates": [ [ 73.8944061, 15.4900907 ], [ 73.8956478, 15.4896465 ], [ 73.8959733, 15.489544 ], [ 73.8962276, 15.4894284 ], [ 73.8964824, 15.4893043 ], [ 73.8966876, 15.4892022 ], [ 73.8969089, 15.489073 ], [ 73.8975352, 15.4885315 ], [ 73.8978074, 15.4883092 ] ] } },
{ "type": "Feature", "properties": { "osm_id": "456932884", "code": 5112, "fclass": "trunk", "name": null, "ref": "NH748", "oneway": "F", "maxspeed": 40, "layer": 0, "bridge": "F", "tunnel": "F" }, "geometry": { "type": "LineString", "coordinates": [ [ 73.9109456, 15.4976382 ], [ 73.9104767, 15.4970047 ], [ 73.9100146, 15.4962016 ], [ 73.9083599, 15.4931205 ], [ 73.9078722, 15.492253 ], [ 73.9077904, 15.4920923 ], [ 73.9077145, 15.4919573 ], [ 73.9071402, 15.4909353 ], [ 73.9066306, 15.4900059 ], [ 73.9062244, 15.4893825 ], [ 73.9058179, 15.4887563 ], [ 73.9055035, 15.4884112 ], [ 73.9054153, 15.4883225 ], [ 73.9051849, 15.4880907 ], [ 73.9048912, 15.4878788 ], [ 73.9044969, 15.4875919 ], [ 73.9037311, 15.4871563 ], [ 73.9033543, 15.4869819 ], [ 73.9030338, 15.4868611 ], [ 73.9026985, 15.4867299 ], [ 73.9023751, 15.48664 ], [ 73.9019809, 15.4865947 ] ] } },
{ "type": "Feature", "properties": { "osm_id": "475585096", "code": 5112, "fclass": "trunk", "name": null, "ref": "NH66", "oneway": "F", "maxspeed": 70, "layer": 0, "bridge": "F", "tunnel": "F" }, "geometry": { "type": "LineString", "coordinates": [ [ 73.8083561, 15.565621 ], [ 73.8079333, 15.5662031 ], [ 73.8076339, 15.5667244 ], [ 73.8074566, 15.5671237 ], [ 73.8073343, 15.5676053 ], [ 73.8072029, 15.5681226 ], [ 73.8070224, 15.5689257 ], [ 73.8069558, 15.5692222 ], [ 73.8069358, 15.5693112 ], [ 73.8068944, 15.5694953 ], [ 73.806712, 15.5702752 ], [ 73.8066471, 15.570553 ] ] } },
{ "type": "Feature", "properties": { "osm_id": "556894835", "code": 5112, "fclass": "trunk", "name": "Belgaum - Panaji Highway", "ref": "NH748", "oneway": "F", "maxspeed": 60, "layer": 0, "bridge": "T", "tunnel": "F" }, "geometry": { "type": "LineString", "coordinates": [ [ 73.8612988, 15.4978044 ], [ 73.8618909, 15.4982521 ] ] } },
{ "type": "Feature", "properties": { "osm_id": "556894836", "code": 5112, "fclass": "trunk", "name": "Belgaum - Panaji Highway", "ref": "NH748", "oneway": "F", "maxspeed": 60, "layer": 0, "bridge": "F", "tunnel": "F" }, "geometry": { "type": "LineString", "coordinates": [ [ 73.8588558, 15.4964785 ], [ 73.8602928, 15.4970669 ], [ 73.8605898, 15.4972694 ], [ 73.8612988, 15.4978044 ] ] } },
{ "type": "Feature", "properties": { "osm_id": "556894841", "code": 5112, "fclass": "trunk", "name": "Belgaum - Panaji Highway", "ref": "NH748", "oneway": "F", "maxspeed": 60, "layer": 1, "bridge": "T", "tunnel": "F" }, "geometry": { "type": "LineString", "coordinates": [ [ 73.8553061, 15.4956482 ], [ 73.8582749, 15.4963221 ] ] } },
{ "type": "Feature", "properties": { "osm_id": "621092007", "code": 5112, "fclass": "trunk", "name": "Belgaum - Panaji Highway", "ref": "NH748", "oneway": "B", "maxspeed": 40, "layer": 0, "bridge": "F", "tunnel": "F" }, "geometry": { "type": "LineString", "coordinates": [ [ 73.9250919, 15.49757 ], [ 73.9255025, 15.497542 ], [ 73.9259224, 15.4974969 ], [ 73.926312, 15.4974467 ] ] } },
{ "type": "Feature", "properties": { "osm_id": "621256888", "code": 5112, "fclass": "trunk", "name": null, "ref": "NH748", "oneway": "F", "maxspeed": 40, "layer": 0, "bridge": "F", "tunnel": "F" }, "geometry": { "type": "LineString", "coordinates": [ [ 73.9081911, 15.4931906 ], [ 73.9086459, 15.4940649 ], [ 73.9092693, 15.4952355 ], [ 73.9096886, 15.495986 ], [ 73.9097088, 15.4960199 ], [ 73.9100444, 15.4965827 ], [ 73.9103893, 15.4971843 ], [ 73.910671, 15.4975265 ], [ 73.9108661, 15.4977618 ] ] } },
{ "type": "Feature", "properties": { "osm_id": "621256890", "code": 5112, "fclass": "trunk", "name": "Belgaum - Panaji Highway", "ref": "NH748", "oneway": "F", "maxspeed": 0, "layer": 0, "bridge": "F", "tunnel": "F" }, "geometry": { "type": "LineString", "coordinates": [ [ 73.8937257, 15.4901215 ], [ 73.8927442, 15.4904106 ], [ 73.8908905, 15.4909242 ], [ 73.8866678, 15.4922764 ], [ 73.8866467, 15.4922841 ], [ 73.8852694, 15.4927838 ], [ 73.8845323, 15.493032 ], [ 73.8840881, 15.4931802 ], [ 73.8837289, 15.4933004 ], [ 73.8833368, 15.4934293 ], [ 73.8830381, 15.4935614 ], [ 73.8829601, 15.4936008 ], [ 73.8826437, 15.4937776 ], [ 73.8823707, 15.4939378 ], [ 73.8820938, 15.4941086 ], [ 73.8817062, 15.4943961 ], [ 73.8810947, 15.4948315 ], [ 73.8809016, 15.4949771 ], [ 73.8805594, 15.4952489 ], [ 73.8804493, 15.4953363 ], [ 73.8803926, 15.4953785 ], [ 73.879794, 15.4958234 ], [ 73.8791063, 15.4963224 ], [ 73.8788301, 15.4965224 ] ] } },
{ "type": "Feature", "properties": { "osm_id": "621256891", "code": 5112, "fclass": "trunk", "name": "Belgaum - Panaji Highway", "ref": "NH748", "oneway": "F", "maxspeed": 60, "layer": 0, "bridge": "F", "tunnel": "F" }, "geometry": { "type": "LineString", "coordinates": [ [ 73.8618909, 15.4982521 ], [ 73.8620954, 15.498428 ], [ 73.8622936, 15.4985668 ], [ 73.8624565, 15.4987108 ], [ 73.8626633, 15.4989087 ], [ 73.8631269, 15.4992946 ], [ 73.8634881, 15.4995716 ], [ 73.8637369, 15.4997411 ], [ 73.8639453, 15.4998556 ], [ 73.8641798, 15.4999856 ] ] } },
{ "type": "Feature", "properties": { "osm_id": "658699077", "code": 5112, "fclass": "trunk", "name": "Atal Setu", "ref": "NH66", "oneway": "F", "maxspeed": 50, "layer": 1, "bridge": "T", "tunnel": "F" }, "geometry": { "type": "LineString", "coordinates": [ [ 73.8350816, 15.5150264 ], [ 73.8352369, 15.5145601 ], [ 73.8352847, 15.5142754 ], [ 73.8353133, 15.5139566 ], [ 73.8353133, 15.5136697 ], [ 73.8352945, 15.5133854 ], [ 73.835198, 15.512999 ], [ 73.8349995, 15.5123956 ], [ 73.8349352, 15.5119226 ], [ 73.8349753, 15.511522 ], [ 73.8350853, 15.5111472 ], [ 73.8355527, 15.5101276 ], [ 73.8357981, 15.5095157 ], [ 73.8359707, 15.5089382 ], [ 73.8361743, 15.5081027 ], [ 73.8363299, 15.5074798 ], [ 73.836458, 15.5068745 ], [ 73.8365484, 15.5062379 ], [ 73.8365857, 15.5059072 ], [ 73.8366356, 15.5054651 ], [ 73.8367563, 15.5044287 ], [ 73.8369307, 15.5026091 ], [ 73.8372795, 15.4989804 ], [ 73.8373696, 15.4978956 ], [ 73.8374388, 15.4970621 ], [ 73.8375165, 15.4966816 ], [ 73.8375585, 15.4965251 ] ] } },
{ "type": "Feature", "properties": { "osm_id": "679212754", "code": 5112, "fclass": "trunk", "name": null, "ref": null, "oneway": "F", "maxspeed": 0, "layer": 0, "bridge": "F", "tunnel": "F" }, "geometry": { "type": "LineString", "coordinates": [ [ 73.8544969, 15.3901024 ], [ 73.8544861, 15.3901205 ], [ 73.854482, 15.3901411 ], [ 73.8544848, 15.3901618 ], [ 73.8544943, 15.3901806 ], [ 73.8545096, 15.3901954 ] ] } },
{ "type": "Feature", "properties": { "osm_id": "679212755", "code": 5112, "fclass": "trunk", "name": null, "ref": null, "oneway": "F", "maxspeed": 0, "layer": 0, "bridge": "F", "tunnel": "F" }, "geometry": { "type": "LineString", "coordinates": [ [ 73.8546029, 15.3901836 ], [ 73.8546116, 15.3901665 ], [ 73.8546161, 15.3901464 ], [ 73.8546138, 15.390126 ], [ 73.8546049, 15.3901073 ], [ 73.8545904, 15.3900922 ] ] } },
{ "type": "Feature", "properties": { "osm_id": "684705033", "code": 5112, "fclass": "trunk", "name": null, "ref": "NH66", "oneway": "F", "maxspeed": 0, "layer": 0, "bridge": "F", "tunnel": "F" }, "geometry": { "type": "LineString", "coordinates": [ [ 73.8664334, 15.4630176 ], [ 73.8664735, 15.4627905 ], [ 73.8665003, 15.4625481 ], [ 73.8665105, 15.462343 ], [ 73.8665109, 15.4619753 ], [ 73.866452, 15.4612582 ] ] } },
{ "type": "Feature", "properties": { "osm_id": "684705035", "code": 5112, "fclass": "trunk", "name": null, "ref": "NH66", "oneway": "F", "maxspeed": 0, "layer": 0, "bridge": "F", "tunnel": "F" }, "geometry": { "type": "LineString", "coordinates": [ [ 73.866452, 15.4612582 ], [ 73.866282, 15.4601442 ] ] } },
{ "type": "Feature", "properties": { "osm_id": "684705486", "code": 5112, "fclass": "trunk", "name": null, "ref": "NH66", "oneway": "F", "maxspeed": 0, "layer": 1, "bridge": "F", "tunnel": "F" }, "geometry": { "type": "LineString", "coordinates": [ [ 73.8487405, 15.4784958 ], [ 73.8494271, 15.4763619 ], [ 73.8495666, 15.4758294 ], [ 73.8499957, 15.4745679 ], [ 73.8501567, 15.4739527 ], [ 73.8503176, 15.4731668 ], [ 73.8504509, 15.4720378 ] ] } },
{ "type": "Feature", "properties": { "osm_id": "691631669", "code": 5112, "fclass": "trunk", "name": null, "ref": "NH66", "oneway": "F", "maxspeed": 0, "layer": 1, "bridge": "T", "tunnel": "F" }, "geometry": { "type": "LineString", "coordinates": [ [ 73.834321, 15.5161823 ], [ 73.8347393, 15.5156262 ], [ 73.8349861, 15.5152462 ], [ 73.8350816, 15.5150264 ] ] } },
{ "type": "Feature", "properties": { "osm_id": "691631670", "code": 5112, "fclass": "trunk", "name": null, "ref": "NH66", "oneway": "F", "maxspeed": 0, "layer": 1, "bridge": "T", "tunnel": "F" }, "geometry": { "type": "LineString", "coordinates": [ [ 73.8397717, 15.4939473 ], [ 73.8394842, 15.4941766 ], [ 73.838973, 15.4945185 ], [ 73.8386233, 15.4947823 ], [ 73.8382569, 15.4951338 ], [ 73.8380452, 15.4953801 ], [ 73.8378942, 15.4955933 ] ] } },
{ "type": "Feature", "properties": { "osm_id": "691631672", "code": 5112, "fclass": "trunk", "name": null, "ref": "NH66", "oneway": "F", "maxspeed": 0, "layer": 1, "bridge": "T", "tunnel": "F" }, "geometry": { "type": "LineString", "coordinates": [ [ 73.8375585, 15.4965251 ], [ 73.8377491, 15.4960931 ], [ 73.8378988, 15.4958372 ], [ 73.8381047, 15.4955794 ], [ 73.838348, 15.4953396 ], [ 73.8386493, 15.4951212 ], [ 73.8388451, 15.4949862 ], [ 73.8393808, 15.4946329 ] ] } },
{ "type": "Feature", "properties": { "osm_id": "691631674", "code": 5112, "fclass": "trunk", "name": "Belgaum - Panaji Highway", "ref": "NH748", "oneway": "F", "maxspeed": 0, "layer": 0, "bridge": "F", "tunnel": "F" }, "geometry": { "type": "LineString", "coordinates": [ [ 73.8613943, 15.4976932 ], [ 73.8605877, 15.4970229 ], [ 73.8602716, 15.496814 ], [ 73.8598856, 15.4966766 ], [ 73.858859, 15.4963741 ] ] } },
{ "type": "Feature", "properties": { "osm_id": "691631677", "code": 5112, "fclass": "trunk", "name": "Belgaum - Panaji Highway", "ref": "NH748", "oneway": "F", "maxspeed": 60, "layer": 0, "bridge": "F", "tunnel": "F" }, "geometry": { "type": "LineString", "coordinates": [ [ 73.8582749, 15.4963221 ], [ 73.8588558, 15.4964785 ] ] } },
{ "type": "Feature", "properties": { "osm_id": "691631679", "code": 5112, "fclass": "trunk", "name": "Belgaum - Panaji Highway", "ref": "NH748", "oneway": "F", "maxspeed": 60, "layer": 1, "bridge": "T", "tunnel": "F" }, "geometry": { "type": "LineString", "coordinates": [ [ 73.8583114, 15.4962237 ], [ 73.8553372, 15.4955564 ] ] } },
{ "type": "Feature", "properties": { "osm_id": "691631682", "code": 5112, "fclass": "trunk", "name": "Belgaum - Panaji Highway", "ref": "NH748", "oneway": "F", "maxspeed": 60, "layer": 0, "bridge": "F", "tunnel": "F" }, "geometry": { "type": "LineString", "coordinates": [ [ 73.858859, 15.4963741 ], [ 73.8586486, 15.4963239 ], [ 73.8583114, 15.4962237 ] ] } },
{ "type": "Feature", "properties": { "osm_id": "691631683", "code": 5112, "fclass": "trunk", "name": "Belgaum - Panaji Highway", "ref": "NH748", "oneway": "F", "maxspeed": 60, "layer": 0, "bridge": "F", "tunnel": "F" }, "geometry": { "type": "LineString", "coordinates": [ [ 73.8553372, 15.4955564 ], [ 73.8541536, 15.495296 ], [ 73.8528715, 15.4950006 ], [ 73.8524338, 15.4948589 ], [ 73.8518786, 15.4946574 ], [ 73.8487052, 15.4932204 ] ] } },
{ "type": "Feature", "properties": { "osm_id": "691631688", "code": 5112, "fclass": "trunk", "name": "Belgaum - Panaji Highway", "ref": "NH748", "oneway": "F", "maxspeed": 60, "layer": 0, "bridge": "F", "tunnel": "F" }, "geometry": { "type": "LineString", "coordinates": [ [ 73.8452373, 15.4918424 ], [ 73.8478875, 15.4930238 ] ] } },
{ "type": "Feature", "properties": { "osm_id": "691633085", "code": 5112, "fclass": "trunk", "name": null, "ref": "NH66", "oneway": "F", "maxspeed": 50, "layer": 0, "bridge": "F", "tunnel": "F" }, "geometry": { "type": "LineString", "coordinates": [ [ 73.8622968, 15.4499485 ], [ 73.8623567, 15.4501691 ], [ 73.8624058, 15.4503903 ], [ 73.8624126, 15.450421 ], [ 73.8624974, 15.4507008 ], [ 73.8625728, 15.4508832 ], [ 73.8626719, 15.4510724 ], [ 73.8628087, 15.4512995 ], [ 73.8630436, 15.4516043 ] ] } },
{ "type": "Feature", "properties": { "osm_id": "691633086", "code": 5112, "fclass": "trunk", "name": null, "ref": "NH66", "oneway": "F", "maxspeed": 0, "layer": 0, "bridge": "F", "tunnel": "F" }, "geometry": { "type": "LineString", "coordinates": [ [ 73.8643643, 15.4661717 ], [ 73.8637849, 15.4664844 ], [ 73.8634892, 15.4665854 ], [ 73.8632134, 15.4666343 ], [ 73.8628683, 15.4666726 ], [ 73.8624902, 15.4666619 ], [ 73.8622609, 15.466634 ], [ 73.8620013, 15.4665724 ], [ 73.8614219, 15.4663708 ], [ 73.8605666, 15.4659954 ], [ 73.8600972, 15.4657922 ] ] } },
{ "type": "Feature", "properties": { "osm_id": "759633066", "code": 5112, "fclass": "trunk", "name": null, "ref": "NH66", "oneway": "F", "maxspeed": 0, "layer": 1, "bridge": "T", "tunnel": "F" }, "geometry": { "type": "LineString", "coordinates": [ [ 73.8378942, 15.4955933 ], [ 73.8377869, 15.495788 ], [ 73.8376148, 15.4961093 ] ] } },
{ "type": "Feature", "properties": { "osm_id": "759634255", "code": 5112, "fclass": "trunk", "name": "New Zuari Bridge", "ref": "NH66", "oneway": "F", "maxspeed": 0, "layer": 1, "bridge": "T", "tunnel": "F" }, "geometry": { "type": "LineString", "coordinates": [ [ 73.9057639, 15.4084402 ], [ 73.9057824, 15.4086013 ], [ 73.9059381, 15.4144015 ], [ 73.9059755, 15.4147383 ], [ 73.9059968, 15.4149261 ], [ 73.9060194, 15.4152625 ], [ 73.9060128, 15.4155287 ], [ 73.9059743, 15.4157752 ], [ 73.9058957, 15.4160154 ], [ 73.9057659, 15.4162847 ], [ 73.9055512, 15.4166542 ], [ 73.9052779, 15.417093 ], [ 73.9050854, 15.4173713 ], [ 73.9048903, 15.4176045 ], [ 73.9046339, 15.4178476 ], [ 73.9042859, 15.4181323 ], [ 73.9038873, 15.4184434 ], [ 73.9035694, 15.4187022 ], [ 73.9031574, 15.4190763 ], [ 73.9027931, 15.4194291 ], [ 73.9023744, 15.4198646 ], [ 73.9021173, 15.420125 ], [ 73.9019353, 15.4203614 ] ] } },
{ "type": "Feature", "properties": { "osm_id": "812658839", "code": 5112, "fclass": "trunk", "name": null, "ref": "NH66", "oneway": "F", "maxspeed": 0, "layer": 1, "bridge": "T", "tunnel": "F" }, "geometry": { "type": "LineString", "coordinates": [ [ 73.8349989, 15.5150178 ], [ 73.8346149, 15.5156339 ], [ 73.8342437, 15.5161304 ] ] } },
{ "type": "Feature", "properties": { "osm_id": "815870932", "code": 5112, "fclass": "trunk", "name": null, "ref": null, "oneway": "F", "maxspeed": 0, "layer": 0, "bridge": "F", "tunnel": "F" }, "geometry": { "type": "LineString", "coordinates": [ [ 73.907621, 15.4024565 ], [ 73.9077088, 15.4025328 ], [ 73.9077671, 15.4026223 ], [ 73.9078378, 15.4027629 ], [ 73.9077491, 15.4031223 ], [ 73.907713, 15.4033112 ], [ 73.9076333, 15.4037379 ], [ 73.907581, 15.4039738 ], [ 73.9075271, 15.4041846 ], [ 73.9073934, 15.4044809 ], [ 73.9072814, 15.4046833 ] ] } },
{ "type": "Feature", "properties": { "osm_id": "837098406", "code": 5112, "fclass": "trunk", "name": "Atal Setu", "ref": "NH66", "oneway": "F", "maxspeed": 50, "layer": 1, "bridge": "T", "tunnel": "F" }, "geometry": { "type": "LineString", "coordinates": [ [ 73.8376148, 15.4961093 ], [ 73.8374711, 15.4965009 ], [ 73.8374282, 15.4966566 ], [ 73.8373878, 15.4968388 ], [ 73.8373565, 15.4970691 ], [ 73.8372814, 15.4978892 ], [ 73.8371774, 15.4989714 ], [ 73.8368286, 15.5026 ], [ 73.8366543, 15.5044186 ], [ 73.8365337, 15.5054542 ], [ 73.8364836, 15.5058977 ], [ 73.8364466, 15.5062258 ], [ 73.8363569, 15.506858 ], [ 73.8362298, 15.5074584 ], [ 73.8360745, 15.5080798 ], [ 73.8358715, 15.5089132 ], [ 73.8357008, 15.5094841 ], [ 73.8354579, 15.5100898 ], [ 73.8349886, 15.5111136 ], [ 73.8348742, 15.5115037 ], [ 73.834832, 15.5119242 ], [ 73.834899, 15.5124171 ], [ 73.8350991, 15.5130256 ], [ 73.8351927, 15.5134002 ], [ 73.8352329, 15.513665 ], [ 73.8352376, 15.5139422 ], [ 73.835203, 15.5142686 ], [ 73.8351546, 15.5145474 ], [ 73.8349989, 15.5150178 ] ] } },
{ "type": "Feature", "properties": { "osm_id": "837806232", "code": 5112, "fclass": "trunk", "name": null, "ref": "NH66", "oneway": "F", "maxspeed": 0, "layer": 1, "bridge": "T", "tunnel": "F" }, "geometry": { "type": "LineString", "coordinates": [ [ 73.8564091, 15.4648211 ], [ 73.8568717, 15.4648393 ] ] } },
{ "type": "Feature", "properties": { "osm_id": "837806233", "code": 5112, "fclass": "trunk", "name": null, "ref": "NH66", "oneway": "F", "maxspeed": 50, "layer": 0, "bridge": "F", "tunnel": "F" }, "geometry": { "type": "LineString", "coordinates": [ [ 73.8511182, 15.4684467 ], [ 73.8511106, 15.4683058 ], [ 73.8511261, 15.4678229 ], [ 73.8511314, 15.4675091 ], [ 73.8511602, 15.4673597 ], [ 73.8512029, 15.4672027 ], [ 73.8512977, 15.4670066 ], [ 73.8516439, 15.4663798 ], [ 73.8522681, 15.4653297 ], [ 73.8524372, 15.4651184 ], [ 73.8526176, 15.4649725 ], [ 73.8528018, 15.4648675 ], [ 73.8530045, 15.4647862 ], [ 73.8532602, 15.4647449 ], [ 73.8535029, 15.4647345 ], [ 73.8539415, 15.4647511 ], [ 73.8547433, 15.4647805 ] ] } },
{ "type": "Feature", "properties": { "osm_id": "838224969", "code": 5112, "fclass": "trunk", "name": "New Zuari Bridge", "ref": "NH66", "oneway": "F", "maxspeed": 50, "layer": 1, "bridge": "F", "tunnel": "F" }, "geometry": { "type": "LineString", "coordinates": [ [ 73.8996217, 15.4233053 ], [ 73.8992233, 15.4234651 ], [ 73.8984992, 15.4237221 ], [ 73.8977974, 15.4239754 ], [ 73.8972003, 15.4242234 ], [ 73.8968432, 15.4243977 ] ] } },
{ "type": "Feature", "properties": { "osm_id": "956685744", "code": 5112, "fclass": "trunk", "name": null, "ref": "NH66", "oneway": "F", "maxspeed": 0, "layer": 1, "bridge": "T", "tunnel": "F" }, "geometry": { "type": "LineString", "coordinates": [ [ 73.8785436, 15.439706 ], [ 73.8782692, 15.439859 ], [ 73.877938, 15.4400251 ], [ 73.8776614, 15.440179 ], [ 73.8773605, 15.4403214 ], [ 73.8769493, 15.4405217 ], [ 73.8764974, 15.4407036 ], [ 73.8760675, 15.4408798 ], [ 73.8757981, 15.4409853 ], [ 73.8754552, 15.4411103 ], [ 73.8751673, 15.4412156 ], [ 73.8746862, 15.4413685 ], [ 73.8743303, 15.4414786 ], [ 73.8709457, 15.4425344 ], [ 73.8685262, 15.4432791 ], [ 73.8650116, 15.4443355 ], [ 73.8647826, 15.4444054 ], [ 73.8645566, 15.4444811 ], [ 73.8643346, 15.4445624 ], [ 73.8641105, 15.4446612 ], [ 73.8638667, 15.4447797 ], [ 73.8637052, 15.4448696 ], [ 73.8634939, 15.4449878 ], [ 73.8632811, 15.4451125 ], [ 73.8630894, 15.4452325 ], [ 73.8628875, 15.44535 ], [ 73.8626354, 15.4454938 ], [ 73.8625556, 15.4455433 ], [ 73.862474, 15.445603 ], [ 73.8623324, 15.4457202 ], [ 73.8622544, 15.4457916 ], [ 73.8621807, 15.4458719 ], [ 73.8621152, 15.445961 ] ] } },
{ "type": "Feature", "properties": { "osm_id": "956685745", "code": 5112, "fclass": "trunk", "name": null, "ref": "NH66", "oneway": "F", "maxspeed": 0, "layer": 1, "bridge": "T", "tunnel": "F" }, "geometry": { "type": "LineString", "coordinates": [ [ 73.8622084, 15.4460012 ], [ 73.8623818, 15.4458107 ], [ 73.8624672, 15.445728 ], [ 73.8625693, 15.4456511 ], [ 73.8627128, 15.4455576 ], [ 73.8631455, 15.4453139 ], [ 73.8633526, 15.4451859 ], [ 73.8635756, 15.4450618 ], [ 73.8637854, 15.4449476 ], [ 73.8639782, 15.4448486 ], [ 73.8641801, 15.4447557 ], [ 73.8643456, 15.4446885 ], [ 73.8646147, 15.4445865 ], [ 73.8648241, 15.4445121 ], [ 73.8650511, 15.4444385 ], [ 73.868567, 15.4434032 ], [ 73.8709862, 15.4426587 ], [ 73.8743524, 15.4415883 ], [ 73.8747439, 15.441478 ], [ 73.8752045, 15.4413172 ], [ 73.8754995, 15.4412107 ], [ 73.8758683, 15.4410877 ], [ 73.876144, 15.4409777 ], [ 73.8765066, 15.4408345 ], [ 73.8768537, 15.4406862 ], [ 73.8771277, 15.4405604 ], [ 73.8774042, 15.4404328 ], [ 73.8777457, 15.4402608 ], [ 73.87801, 15.4401182 ], [ 73.8782978, 15.4399558 ], [ 73.8785905, 15.4397925 ] ] } },
{ "type": "Feature", "properties": { "osm_id": "978893691", "code": 5112, "fclass": "trunk", "name": null, "ref": "NH66", "oneway": "F", "maxspeed": 50, "layer": 1, "bridge": "T", "tunnel": "F" }, "geometry": { "type": "LineString", "coordinates": [ [ 73.8503833, 15.4716339 ], [ 73.8503458, 15.4720204 ] ] } },
{ "type": "Feature", "properties": { "osm_id": "978893692", "code": 5112, "fclass": "trunk", "name": null, "ref": "NH66", "oneway": "F", "maxspeed": 50, "layer": 1, "bridge": "F", "tunnel": "F" }, "geometry": { "type": "LineString", "coordinates": [ [ 73.8503458, 15.4720204 ], [ 73.850221, 15.4731875 ], [ 73.8500869, 15.4738079 ], [ 73.8499045, 15.4745162 ], [ 73.8494432, 15.4758862 ], [ 73.8492769, 15.4764549 ], [ 73.8486261, 15.4784722 ] ] } },
{ "type": "Feature", "properties": { "osm_id": "978893693", "code": 5112, "fclass": "trunk", "name": null, "ref": "NH66", "oneway": "F", "maxspeed": 0, "layer": 1, "bridge": "T", "tunnel": "F" }, "geometry": { "type": "LineString", "coordinates": [ [ 73.8504509, 15.4720378 ], [ 73.8504922, 15.4716496 ] ] } },
{ "type": "Feature", "properties": { "osm_id": "978893694", "code": 5112, "fclass": "trunk", "name": null, "ref": "NH66", "oneway": "F", "maxspeed": 0, "layer": 1, "bridge": "F", "tunnel": "F" }, "geometry": { "type": "LineString", "coordinates": [ [ 73.8504922, 15.4716496 ], [ 73.8508755, 15.4695064 ], [ 73.8509774, 15.4690877 ] ] } },
{ "type": "Feature", "properties": { "osm_id": "978893696", "code": 5112, "fclass": "trunk", "name": null, "ref": "NH66", "oneway": "F", "maxspeed": 0, "layer": 1, "bridge": "T", "tunnel": "F" }, "geometry": { "type": "LineString", "coordinates": [ [ 73.8486216, 15.4788885 ], [ 73.8487405, 15.4784958 ] ] } },
{ "type": "Feature", "properties": { "osm_id": "978893697", "code": 5112, "fclass": "trunk", "name": null, "ref": "NH66", "oneway": "F", "maxspeed": 50, "layer": 1, "bridge": "T", "tunnel": "F" }, "geometry": { "type": "LineString", "coordinates": [ [ 73.8486261, 15.4784722 ], [ 73.8485098, 15.4788564 ] ] } },
{ "type": "Feature", "properties": { "osm_id": "978893698", "code": 5112, "fclass": "trunk", "name": null, "ref": "NH66", "oneway": "F", "maxspeed": 50, "layer": 0, "bridge": "F", "tunnel": "F" }, "geometry": { "type": "LineString", "coordinates": [ [ 73.847627, 15.4819324 ], [ 73.8474342, 15.4825863 ], [ 73.8467717, 15.484768 ], [ 73.8455915, 15.4885366 ], [ 73.8454252, 15.4890433 ], [ 73.8452429, 15.4894258 ], [ 73.8448914, 15.4900672 ], [ 73.8444782, 15.4906252 ], [ 73.8439598, 15.4912373 ] ] } },
{ "type": "Feature", "properties": { "osm_id": "978893705", "code": 5112, "fclass": "trunk", "name": null, "ref": "NH66", "oneway": "F", "maxspeed": 0, "layer": 0, "bridge": "F", "tunnel": "F" }, "geometry": { "type": "LineString", "coordinates": [ [ 73.8438416, 15.491277 ], [ 73.8436943, 15.4912889 ], [ 73.8435919, 15.4913346 ], [ 73.8435212, 15.4913833 ], [ 73.8433461, 15.4915671 ], [ 73.8432658, 15.4916431 ], [ 73.8426653, 15.4920419 ], [ 73.841216, 15.4930323 ] ] } },
{ "type": "Feature", "properties": { "osm_id": "978893706", "code": 5112, "fclass": "trunk", "name": null, "ref": "NH66", "oneway": "F", "maxspeed": 50, "layer": 0, "bridge": "F", "tunnel": "F" }, "geometry": { "type": "LineString", "coordinates": [ [ 73.8547394, 15.4646906 ], [ 73.8544769, 15.464692 ], [ 73.8544378, 15.4646917 ], [ 73.8539444, 15.4646838 ], [ 73.8535041, 15.4646672 ], [ 73.8531818, 15.4646685 ], [ 73.8529165, 15.4647012 ], [ 73.8527207, 15.4647806 ], [ 73.8525412, 15.4648929 ], [ 73.8523705, 15.4650321 ], [ 73.8521875, 15.4652548 ], [ 73.8515136, 15.4664119 ], [ 73.851139, 15.4670793 ], [ 73.851074, 15.467229 ], [ 73.8510304, 15.4673698 ], [ 73.8510108, 15.4675395 ], [ 73.8510023, 15.4677898 ], [ 73.8510284, 15.4679787 ], [ 73.851015, 15.4685215 ], [ 73.8509506, 15.4687956 ], [ 73.8508165, 15.4691937 ], [ 73.8507763, 15.4694186 ], [ 73.8507011, 15.4698333 ] ] } },
{ "type": "Feature", "properties": { "osm_id": "1009939434", "code": 5112, "fclass": "trunk", "name": "New Zuari Bridge", "ref": "NH66", "oneway": "F", "maxspeed": 0, "layer": 1, "bridge": "T", "tunnel": "F" }, "geometry": { "type": "LineString", "coordinates": [ [ 73.9020607, 15.4204043 ], [ 73.90221, 15.4202272 ], [ 73.9022811, 15.4201428 ], [ 73.9028122, 15.4195835 ], [ 73.9037499, 15.4187404 ], [ 73.9047557, 15.4179362 ], [ 73.9049971, 15.4176906 ], [ 73.9052063, 15.4174501 ], [ 73.905488, 15.417039 ], [ 73.9058335, 15.4164871 ], [ 73.9059766, 15.4162406 ], [ 73.9060162, 15.4161489 ], [ 73.9060958, 15.4159252 ], [ 73.9061479, 15.415767 ], [ 73.906209, 15.4155619 ], [ 73.9062571, 15.4153113 ], [ 73.9062883, 15.4151622 ], [ 73.9063112, 15.4149539 ], [ 73.9063688, 15.4143918 ], [ 73.9061858, 15.4085966 ] ] } },
{ "type": "Feature", "properties": { "osm_id": "1009939435", "code": 5112, "fclass": "trunk", "name": "New Zuari Bridge", "ref": "NH66", "oneway": "F", "maxspeed": 0, "layer": 2, "bridge": "T", "tunnel": "F" }, "geometry": { "type": "LineString", "coordinates": [ [ 73.925037, 15.3822905 ], [ 73.9247388, 15.3826365 ], [ 73.9243549, 15.3829889 ], [ 73.9239626, 15.3832198 ], [ 73.92237, 15.384016 ], [ 73.9219229, 15.3842544 ], [ 73.921749, 15.3843671 ], [ 73.9216258, 15.3844768 ], [ 73.9214577, 15.3846299 ], [ 73.9212878, 15.3848423 ], [ 73.9211156, 15.3851204 ], [ 73.9210527, 15.3852554 ], [ 73.9209908, 15.385389 ], [ 73.9209336, 15.3855805 ], [ 73.9207899, 15.3862271 ], [ 73.9207065, 15.3865485 ], [ 73.920659, 15.3866559 ], [ 73.9205533, 15.3868277 ], [ 73.9204589, 15.3869707 ], [ 73.9202407, 15.3872327 ], [ 73.9200393, 15.3874585 ], [ 73.9198313, 15.3876863 ], [ 73.9193696, 15.3880984 ], [ 73.9188828, 15.3885965 ], [ 73.9184498, 15.3890481 ], [ 73.9133485, 15.3948356 ], [ 73.9129451, 15.3952897 ], [ 73.9118754, 15.3964317 ], [ 73.9107604, 15.3975672 ], [ 73.910477, 15.3979158 ], [ 73.9086825, 15.4006709 ], [ 73.9084411, 15.4010536 ], [ 73.9082476, 15.4014013 ], [ 73.908079, 15.4018342 ], [ 73.9079513, 15.4022713 ], [ 73.9075962, 15.4040461 ], [ 73.9074405, 15.4044647 ], [ 73.9072889, 15.4047539 ] ] } },
{ "type": "Feature", "properties": { "osm_id": "1015711523", "code": 5112, "fclass": "trunk", "name": null, "ref": "NH66", "oneway": "F", "maxspeed": 0, "layer": 0, "bridge": "F", "tunnel": "F" }, "geometry": { "type": "LineString", "coordinates": [ [ 73.8239863, 15.6081653 ], [ 73.8242707, 15.606481 ], [ 73.8251443, 15.6016577 ], [ 73.8252156, 15.6012539 ], [ 73.825292, 15.600234 ], [ 73.8252708, 15.5988193 ], [ 73.8251531, 15.5939954 ], [ 73.8250378, 15.5933625 ], [ 73.824909, 15.5930292 ], [ 73.8247213, 15.5926339 ], [ 73.8244799, 15.5922877 ], [ 73.8244691, 15.5922722 ], [ 73.8243404, 15.5920914 ], [ 73.8240319, 15.5917633 ], [ 73.8237691, 15.5914998 ], [ 73.822266, 15.58968 ], [ 73.8217923, 15.5891901 ] ] } },
{ "type": "Feature", "properties": { "osm_id": "1076262185", "code": 5112, "fclass": "trunk", "name": "Zuari Road", "ref": "NH566", "oneway": "F", "maxspeed": 0, "layer": 0, "bridge": "F", "tunnel": "F" }, "geometry": { "type": "LineString", "coordinates": [ [ 73.8195856, 15.3856016 ], [ 73.819475, 15.3854936 ], [ 73.819349, 15.3853721 ], [ 73.8191076, 15.3851678 ], [ 73.8188715, 15.3849894 ], [ 73.8186125, 15.384833 ], [ 73.8181079, 15.3845829 ], [ 73.8176683, 15.3843649 ], [ 73.8173974, 15.3842511 ], [ 73.817156, 15.3841761 ], [ 73.816928, 15.3841347 ], [ 73.8167188, 15.3841088 ], [ 73.8164054, 15.3840981 ], [ 73.816152, 15.3840943 ], [ 73.814216, 15.3840652 ], [ 73.8133536, 15.3840549 ], [ 73.8128872, 15.384043 ], [ 73.812624, 15.3840342 ], [ 73.8121788, 15.3840109 ], [ 73.811527, 15.3839618 ], [ 73.8107938, 15.3838954 ] ] } },
{ "type": "Feature", "properties": { "osm_id": "1076262186", "code": 5112, "fclass": "trunk", "name": "Zuari Road", "ref": "NH566", "oneway": "F", "maxspeed": 0, "layer": 0, "bridge": "F", "tunnel": "F" }, "geometry": { "type": "LineString", "coordinates": [ [ 73.8107795, 15.383983 ], [ 73.8115282, 15.3840474 ], [ 73.812005, 15.3840905 ], [ 73.8124351, 15.3841111 ], [ 73.8128839, 15.384131 ], [ 73.8130384, 15.3841337 ], [ 73.813348, 15.3841392 ], [ 73.814222, 15.3841581 ], [ 73.8143926, 15.3841595 ], [ 73.8161549, 15.3841733 ], [ 73.8164016, 15.3841752 ], [ 73.8166969, 15.3841891 ], [ 73.8169517, 15.3842278 ], [ 73.8172655, 15.3843054 ], [ 73.8175177, 15.3843959 ], [ 73.8178047, 15.3845278 ], [ 73.8180729, 15.3846524 ], [ 73.8185342, 15.3848795 ], [ 73.8187349, 15.385003 ], [ 73.8189669, 15.3851631 ], [ 73.8192692, 15.3854237 ], [ 73.8194971, 15.3856689 ] ] } },
{ "type": "Feature", "properties": { "osm_id": "1078707895", "code": 5112, "fclass": "trunk", "name": null, "ref": "NH66", "oneway": "B", "maxspeed": 70, "layer": 0, "bridge": "F", "tunnel": "F" }, "geometry": { "type": "LineString", "coordinates": [ [ 73.8178949, 15.5497756 ], [ 73.8179187, 15.5494761 ] ] } },
{ "type": "Feature", "properties": { "osm_id": "1080195870", "code": 5112, "fclass": "trunk", "name": null, "ref": "NH66", "oneway": "F", "maxspeed": 0, "layer": 0, "bridge": "F", "tunnel": "F" }, "geometry": { "type": "LineString", "coordinates": [ [ 73.8662475, 15.4637588 ], [ 73.8663492, 15.4634026 ], [ 73.8664334, 15.4630176 ] ] } },
{ "type": "Feature", "properties": { "osm_id": "1094693601", "code": 5112, "fclass": "trunk", "name": null, "ref": null, "oneway": "F", "maxspeed": 0, "layer": 0, "bridge": "F", "tunnel": "F" }, "geometry": { "type": "LineString", "coordinates": [ [ 73.883664, 15.4355176 ], [ 73.8832041, 15.4359253 ], [ 73.8820969, 15.4369434 ], [ 73.8817962, 15.4372199 ], [ 73.8815978, 15.4374023 ], [ 73.8812483, 15.4376848 ], [ 73.880986, 15.4378968 ], [ 73.8805379, 15.4382695 ], [ 73.8799176, 15.4387962 ], [ 73.879285, 15.4392437 ], [ 73.8785436, 15.439706 ] ] } },
{ "type": "Feature", "properties": { "osm_id": "1100381293", "code": 5112, "fclass": "trunk", "name": null, "ref": null, "oneway": "F", "maxspeed": 0, "layer": 0, "bridge": "F", "tunnel": "F" }, "geometry": { "type": "LineString", "coordinates": [ [ 73.921713, 15.4981531 ], [ 73.9207795, 15.4983944 ], [ 73.9198271, 15.4986308 ] ] } },
{ "type": "Feature", "properties": { "osm_id": "1100381295", "code": 5112, "fclass": "trunk", "name": "Belgaum - Panaji Highway", "ref": "NH748", "oneway": "F", "maxspeed": 40, "layer": 0, "bridge": "F", "tunnel": "F" }, "geometry": { "type": "LineString", "coordinates": [ [ 73.9197852, 15.4987489 ], [ 73.9208332, 15.4984815 ], [ 73.9217341, 15.4982449 ] ] } },
{ "type": "Feature", "properties": { "osm_id": "1124222245", "code": 5112, "fclass": "trunk", "name": null, "ref": "NH66", "oneway": "F", "maxspeed": 50, "layer": 0, "bridge": "F", "tunnel": "F" }, "geometry": { "type": "LineString", "coordinates": [ [ 73.8624652, 15.4501407 ], [ 73.8624378, 15.4500548 ], [ 73.8623537, 15.4497809 ] ] } },
{ "type": "Feature", "properties": { "osm_id": "1124600990", "code": 5112, "fclass": "trunk", "name": null, "ref": null, "oneway": "F", "maxspeed": 0, "layer": 1, "bridge": "F", "tunnel": "F" }, "geometry": { "type": "LineString", "coordinates": [ [ 73.9137517, 15.4993929 ], [ 73.9141466, 15.4994753 ], [ 73.9146236, 15.4995321 ], [ 73.9150634, 15.4995243 ], [ 73.915962, 15.499483 ], [ 73.9168605, 15.4993615 ], [ 73.9179773, 15.4991462 ] ] } },
{ "type": "Feature", "properties": { "osm_id": "1124600991", "code": 5112, "fclass": "trunk", "name": null, "ref": null, "oneway": "F", "maxspeed": 0, "layer": 1, "bridge": "F", "tunnel": "F" }, "geometry": { "type": "LineString", "coordinates": [ [ 73.9179711, 15.4990448 ], [ 73.9168015, 15.4992788 ], [ 73.9159754, 15.4993925 ], [ 73.9150581, 15.4994442 ], [ 73.9146048, 15.4994468 ], [ 73.9141569, 15.4994003 ], [ 73.9137652, 15.4993072 ] ] } },
{ "type": "Feature", "properties": { "osm_id": "1127423672", "code": 5112, "fclass": "trunk", "name": null, "ref": "NH66", "oneway": "F", "maxspeed": 70, "layer": 0, "bridge": "F", "tunnel": "F" }, "geometry": { "type": "LineString", "coordinates": [ [ 73.8238776, 15.534297 ], [ 73.8239388, 15.5341581 ], [ 73.8240619, 15.5337867 ], [ 73.8243986, 15.5327706 ], [ 73.8244233, 15.5326959 ], [ 73.8245972, 15.5321715 ], [ 73.824776, 15.5316321 ], [ 73.8248743, 15.5313354 ] ] } },
{ "type": "Feature", "properties": { "osm_id": "1127535559", "code": 5112, "fclass": "trunk", "name": null, "ref": "NH66", "oneway": "F", "maxspeed": 70, "layer": 1, "bridge": "T", "tunnel": "F" }, "geometry": { "type": "LineString", "coordinates": [ [ 73.8084581, 15.5656838 ], [ 73.8086928, 15.5653602 ] ] } },
{ "type": "Feature", "properties": { "osm_id": "1127535561", "code": 5112, "fclass": "trunk", "name": null, "ref": "NH66", "oneway": "F", "maxspeed": 70, "layer": 1, "bridge": "T", "tunnel": "F" }, "geometry": { "type": "LineString", "coordinates": [ [ 73.8085872, 15.5652888 ], [ 73.8083561, 15.565621 ] ] } },
{ "type": "Feature", "properties": { "osm_id": "1127535562", "code": 5112, "fclass": "trunk", "name": null, "ref": "NH66", "oneway": "F", "maxspeed": 70, "layer": 0, "bridge": "F", "tunnel": "F" }, "geometry": { "type": "LineString", "coordinates": [ [ 73.8178949, 15.5497756 ], [ 73.8178845, 15.5499372 ], [ 73.8177824, 15.551162 ], [ 73.8177428, 15.5515402 ], [ 73.8177234, 15.5516633 ], [ 73.8176188, 15.5520277 ], [ 73.817387, 15.5526315 ], [ 73.8171756, 15.5530572 ], [ 73.8171375, 15.5531339 ], [ 73.8170257, 15.5533591 ], [ 73.8152648, 15.5558674 ], [ 73.8126164, 15.5596399 ], [ 73.8117787, 15.5608332 ], [ 73.8085872, 15.5652888 ] ] } },
{ "type": "Feature", "properties": { "osm_id": "1127535564", "code": 5112, "fclass": "trunk", "name": null, "ref": "NH66", "oneway": "F", "maxspeed": 70, "layer": 0, "bridge": "F", "tunnel": "F" }, "geometry": { "type": "LineString", "coordinates": [ [ 73.8070333, 15.5739731 ], [ 73.8074666, 15.5745797 ], [ 73.8078346, 15.5750211 ], [ 73.8146328, 15.5819294 ], [ 73.8147315, 15.5820327 ] ] } },
{ "type": "Feature", "properties": { "osm_id": "1127535565", "code": 5112, "fclass": "trunk", "name": null, "ref": "NH66", "oneway": "F", "maxspeed": 70, "layer": 1, "bridge": "T", "tunnel": "F" }, "geometry": { "type": "LineString", "coordinates": [ [ 73.8067396, 15.5733408 ], [ 73.8068896, 15.5736761 ], [ 73.8070333, 15.5739731 ] ] } },
{ "type": "Feature", "properties": { "osm_id": "1127535566", "code": 5112, "fclass": "trunk", "name": null, "ref": "NH66", "oneway": "F", "maxspeed": 70, "layer": 1, "bridge": "T", "tunnel": "F" }, "geometry": { "type": "LineString", "coordinates": [ [ 73.807194, 15.5740008 ], [ 73.8070163, 15.5736864 ], [ 73.806841, 15.5732822 ] ] } },
{ "type": "Feature", "properties": { "osm_id": "1144641902", "code": 5112, "fclass": "trunk", "name": null, "ref": "NH66", "oneway": "F", "maxspeed": 0, "layer": 0, "bridge": "F", "tunnel": "F" }, "geometry": { "type": "LineString", "coordinates": [ [ 73.8247164, 15.5314214 ], [ 73.8247092, 15.5315923 ], [ 73.8246985, 15.5316531 ], [ 73.8246525, 15.5317881 ], [ 73.8240242, 15.5336338 ], [ 73.8238604, 15.5341149 ], [ 73.8238776, 15.534297 ] ] } },
{ "type": "Feature", "properties": { "osm_id": "1153314335", "code": 5112, "fclass": "trunk", "name": null, "ref": "NH66", "oneway": "F", "maxspeed": 0, "layer": 1, "bridge": "T", "tunnel": "F" }, "geometry": { "type": "LineString", "coordinates": [ [ 73.8217923, 15.5891901 ], [ 73.8215041, 15.5888629 ] ] } },
{ "type": "Feature", "properties": { "osm_id": "1153314336", "code": 5112, "fclass": "trunk", "name": null, "ref": "NH66", "oneway": "F", "maxspeed": 0, "layer": 0, "bridge": "F", "tunnel": "F" }, "geometry": { "type": "LineString", "coordinates": [ [ 73.8215041, 15.5888629 ], [ 73.8214423, 15.5888011 ], [ 73.820255, 15.5876146 ] ] } },
{ "type": "Feature", "properties": { "osm_id": "1153314337", "code": 5112, "fclass": "trunk", "name": null, "ref": "NH66", "oneway": "F", "maxspeed": 0, "layer": 1, "bridge": "T", "tunnel": "F" }, "geometry": { "type": "LineString", "coordinates": [ [ 73.820255, 15.5876146 ], [ 73.8200162, 15.5873768 ] ] } },
{ "type": "Feature", "properties": { "osm_id": "1153314338", "code": 5112, "fclass": "trunk", "name": null, "ref": "NH66", "oneway": "F", "maxspeed": 0, "layer": 0, "bridge": "F", "tunnel": "F" }, "geometry": { "type": "LineString", "coordinates": [ [ 73.8148108, 15.5819748 ], [ 73.8140869, 15.5812221 ], [ 73.8128446, 15.579971 ], [ 73.8117687, 15.5788425 ], [ 73.8102716, 15.5773289 ], [ 73.8091603, 15.5761731 ], [ 73.8089785, 15.5759868 ], [ 73.8079393, 15.574922 ], [ 73.8075401, 15.5745197 ], [ 73.807194, 15.5740008 ] ] } },
{ "type": "Feature", "properties": { "osm_id": "1153314339", "code": 5112, "fclass": "trunk", "name": null, "ref": "NH66", "oneway": "F", "maxspeed": 50, "layer": 1, "bridge": "T", "tunnel": "F" }, "geometry": { "type": "LineString", "coordinates": [ [ 73.8199217, 15.5874369 ], [ 73.8202058, 15.5877032 ] ] } },
{ "type": "Feature", "properties": { "osm_id": "1153314340", "code": 5112, "fclass": "trunk", "name": null, "ref": "NH66", "oneway": "F", "maxspeed": 50, "layer": 0, "bridge": "F", "tunnel": "F" }, "geometry": { "type": "LineString", "coordinates": [ [ 73.8202058, 15.5877032 ], [ 73.8213564, 15.5888669 ] ] } },
{ "type": "Feature", "properties": { "osm_id": "1153314346", "code": 5112, "fclass": "trunk", "name": null, "ref": "NH66", "oneway": "F", "maxspeed": 0, "layer": 1, "bridge": "T", "tunnel": "F" }, "geometry": { "type": "LineString", "coordinates": [ [ 73.8230556, 15.6213165 ], [ 73.8229952, 15.6207535 ] ] } },
{ "type": "Feature", "properties": { "osm_id": "1153314347", "code": 5112, "fclass": "trunk", "name": null, "ref": "NH66", "oneway": "F", "maxspeed": 50, "layer": 1, "bridge": "T", "tunnel": "F" }, "geometry": { "type": "LineString", "coordinates": [ [ 73.8228907, 15.6207537 ], [ 73.8229483, 15.6213165 ] ] } },
{ "type": "Feature", "properties": { "osm_id": "1153314348", "code": 5112, "fclass": "trunk", "name": null, "ref": "NH66", "oneway": "F", "maxspeed": 50, "layer": 0, "bridge": "F", "tunnel": "F" }, "geometry": { "type": "LineString", "coordinates": [ [ 73.8229483, 15.6213165 ], [ 73.8231297, 15.6235988 ] ] } },
{ "type": "Feature", "properties": { "osm_id": "1153314349", "code": 5112, "fclass": "trunk", "name": null, "ref": "NH66", "oneway": "F", "maxspeed": 0, "layer": 0, "bridge": "F", "tunnel": "F" }, "geometry": { "type": "LineString", "coordinates": [ [ 73.8232242, 15.6236011 ], [ 73.8230556, 15.6213165 ] ] } },
{ "type": "Feature", "properties": { "osm_id": "1153314354", "code": 5112, "fclass": "trunk", "name": null, "ref": "NH66", "oneway": "F", "maxspeed": 0, "layer": 1, "bridge": "T", "tunnel": "F" }, "geometry": { "type": "LineString", "coordinates": [ [ 73.8238425, 15.608863 ], [ 73.8239863, 15.6081653 ] ] } },
{ "type": "Feature", "properties": { "osm_id": "1153314355", "code": 5112, "fclass": "trunk", "name": null, "ref": "NH66", "oneway": "F", "maxspeed": 50, "layer": 1, "bridge": "T", "tunnel": "F" }, "geometry": { "type": "LineString", "coordinates": [ [ 73.8238913, 15.6081539 ], [ 73.8237408, 15.608854 ] ] } },
{ "type": "Feature", "properties": { "osm_id": "1159076882", "code": 5112, "fclass": "trunk", "name": "Mumbai - Goa Highway", "ref": "NH66", "oneway": "F", "maxspeed": 0, "layer": 0, "bridge": "F", "tunnel": "F" }, "geometry": { "type": "LineString", "coordinates": [ [ 73.8295792, 15.6344142 ], [ 73.8277522, 15.6314316 ] ] } },
{ "type": "Feature", "properties": { "osm_id": "1159076883", "code": 5112, "fclass": "trunk", "name": "Mumbai - Goa Highway", "ref": "NH66", "oneway": "F", "maxspeed": 0, "layer": 0, "bridge": "F", "tunnel": "F" }, "geometry": { "type": "LineString", "coordinates": [ [ 73.827676, 15.6314707 ], [ 73.8294871, 15.6344647 ] ] } },
{ "type": "Feature", "properties": { "osm_id": "1159076884", "code": 5112, "fclass": "trunk", "name": "Mumbai - Goa Highway", "ref": "NH66", "oneway": "F", "maxspeed": 0, "layer": 0, "bridge": "F", "tunnel": "F" }, "geometry": { "type": "LineString", "coordinates": [ [ 73.8302743, 15.6358194 ], [ 73.8305817, 15.6363616 ], [ 73.8308905, 15.6369064 ], [ 73.8310976, 15.6372681 ], [ 73.8311914, 15.6374467 ], [ 73.8312746, 15.6376131 ], [ 73.8313067, 15.637688 ], [ 73.8313599, 15.6378122 ], [ 73.8314281, 15.6379971 ], [ 73.8314985, 15.6382106 ], [ 73.8315582, 15.6384303 ], [ 73.8316549, 15.6387195 ], [ 73.8317397, 15.6390636 ], [ 73.8317518, 15.6391128 ], [ 73.83182, 15.6393919 ] ] } },
{ "type": "Feature", "properties": { "osm_id": "1159076885", "code": 5112, "fclass": "trunk", "name": "Mumbai - Goa Highway", "ref": "NH66", "oneway": "F", "maxspeed": 0, "layer": 0, "bridge": "F", "tunnel": "F" }, "geometry": { "type": "LineString", "coordinates": [ [ 73.8358982, 15.6480014 ], [ 73.8358468, 15.647886 ], [ 73.8355043, 15.6471034 ], [ 73.8352339, 15.646464 ], [ 73.8351224, 15.6461874 ], [ 73.835043, 15.6459693 ], [ 73.834994, 15.6457855 ], [ 73.8349112, 15.6453982 ], [ 73.8348706, 15.6451525 ], [ 73.8348449, 15.6449715 ], [ 73.8348184, 15.6447845 ], [ 73.8347418, 15.6442556 ], [ 73.834735, 15.6442204 ], [ 73.8346821, 15.6439461 ], [ 73.8346098, 15.6436693 ], [ 73.834531, 15.6434582 ], [ 73.8344395, 15.6432593 ], [ 73.8344077, 15.6432053 ], [ 73.8343394, 15.6430892 ], [ 73.8342136, 15.6429171 ], [ 73.8339649, 15.642653 ], [ 73.8338823, 15.6425785 ], [ 73.8336793, 15.6423954 ], [ 73.8335263, 15.6422574 ], [ 73.8331112, 15.6418576 ], [ 73.8328941, 15.6416261 ], [ 73.8327471, 15.6414406 ], [ 73.8326238, 15.6412421 ], [ 73.8325072, 15.6410224 ], [ 73.832345, 15.6406612 ], [ 73.8322013, 15.6403162 ], [ 73.8320949, 15.6400136 ], [ 73.8319986, 15.6396914 ], [ 73.8319056, 15.63934 ], [ 73.8317438, 15.6387545 ], [ 73.8316558, 15.6383992 ], [ 73.8315864, 15.6381385 ], [ 73.8315153, 15.6379266 ], [ 73.8314612, 15.6377734 ], [ 73.8314031, 15.6376467 ], [ 73.8313969, 15.6376332 ], [ 73.8313359, 15.6375094 ], [ 73.8312784, 15.6373953 ], [ 73.8311955, 15.6372453 ], [ 73.8309852, 15.6368609 ], [ 73.8305432, 15.63609 ], [ 73.8303656, 15.6357802 ] ] } },
{ "type": "Feature", "properties": { "osm_id": "1159076886", "code": 5112, "fclass": "trunk", "name": "Mumbai - Goa Highway", "ref": "NH66", "oneway": "F", "maxspeed": 0, "layer": 0, "bridge": "F", "tunnel": "F" }, "geometry": { "type": "LineString", "coordinates": [ [ 73.8231297, 15.6235988 ], [ 73.8231364, 15.6236624 ], [ 73.8231533, 15.623783 ], [ 73.8231803, 15.6239604 ], [ 73.8232278, 15.6241628 ], [ 73.8232701, 15.6243274 ], [ 73.8233072, 15.6244885 ], [ 73.8233711, 15.6246438 ], [ 73.8233903, 15.6246974 ], [ 73.823458, 15.6248593 ], [ 73.8235341, 15.6250239 ], [ 73.8236103, 15.625169 ], [ 73.8237287, 15.6253662 ], [ 73.823832, 15.6255161 ], [ 73.8239606, 15.6256889 ], [ 73.8241284, 15.6259002 ], [ 73.8242076, 15.6259998 ], [ 73.8246072, 15.6265054 ], [ 73.8247032, 15.6266266 ], [ 73.8248247, 15.6267991 ], [ 73.8249526, 15.626988 ], [ 73.8251898, 15.6273565 ], [ 73.8255247, 15.6279143 ], [ 73.8256068, 15.628051 ], [ 73.8260618, 15.6288088 ], [ 73.8263361, 15.6292615 ], [ 73.8267874, 15.6300062 ], [ 73.8271204, 15.6305564 ], [ 73.8275458, 15.6312565 ], [ 73.827676, 15.6314707 ] ] } },
{ "type": "Feature", "properties": { "osm_id": "1159076887", "code": 5112, "fclass": "trunk", "name": "Mumbai - Goa Highway", "ref": "NH66", "oneway": "F", "maxspeed": 0, "layer": 0, "bridge": "F", "tunnel": "F" }, "geometry": { "type": "LineString", "coordinates": [ [ 73.8277522, 15.6314316 ], [ 73.8275862, 15.6311616 ], [ 73.8275015, 15.6310237 ], [ 73.8271883, 15.6305083 ], [ 73.8258666, 15.6283239 ], [ 73.8256767, 15.62801 ], [ 73.825595, 15.6278743 ], [ 73.8254751, 15.6276751 ], [ 73.8252533, 15.6273066 ], [ 73.8250408, 15.6269618 ], [ 73.8249004, 15.6267483 ], [ 73.8248039, 15.6266098 ], [ 73.8246668, 15.6264337 ], [ 73.8242706, 15.6259378 ], [ 73.824051, 15.6256697 ], [ 73.823941, 15.6255231 ], [ 73.823853, 15.6254008 ], [ 73.8237684, 15.6252688 ], [ 73.8236922, 15.6251303 ], [ 73.8236042, 15.6249705 ], [ 73.8235331, 15.6248189 ], [ 73.8234722, 15.624669 ], [ 73.8233957, 15.6244567 ], [ 73.8233424, 15.6242575 ], [ 73.8232997, 15.6240583 ], [ 73.8232809, 15.6239759 ], [ 73.8232656, 15.6239093 ], [ 73.82324, 15.6237547 ], [ 73.8232242, 15.6236011 ] ] } },
{ "type": "Feature", "properties": { "osm_id": "1159076905", "code": 5112, "fclass": "trunk", "name": "Mumbai - Goa Highway", "ref": "NH66", "oneway": "F", "maxspeed": 0, "layer": 1, "bridge": "T", "tunnel": "F" }, "geometry": { "type": "LineString", "coordinates": [ [ 73.8294871, 15.6344647 ], [ 73.8297611, 15.6349259 ] ] } },
{ "type": "Feature", "properties": { "osm_id": "1159076906", "code": 5112, "fclass": "trunk", "name": "Mumbai - Goa Highway", "ref": "NH66", "oneway": "F", "maxspeed": 0, "layer": 1, "bridge": "T", "tunnel": "F" }, "geometry": { "type": "LineString", "coordinates": [ [ 73.8298518, 15.6348761 ], [ 73.8295792, 15.6344142 ] ] } },
{ "type": "Feature", "properties": { "osm_id": "1159076907", "code": 5112, "fclass": "trunk", "name": "Mumbai - Goa Highway", "ref": "NH66", "oneway": "F", "maxspeed": 0, "layer": 0, "bridge": "F", "tunnel": "F" }, "geometry": { "type": "LineString", "coordinates": [ [ 73.8297611, 15.6349259 ], [ 73.8302743, 15.6358194 ] ] } },
{ "type": "Feature", "properties": { "osm_id": "1159076908", "code": 5112, "fclass": "trunk", "name": "Mumbai - Goa Highway", "ref": "NH66", "oneway": "F", "maxspeed": 0, "layer": 0, "bridge": "F", "tunnel": "F" }, "geometry": { "type": "LineString", "coordinates": [ [ 73.8303656, 15.6357802 ], [ 73.8298518, 15.6348761 ] ] } },
{ "type": "Feature", "properties": { "osm_id": "1178275421", "code": 5112, "fclass": "trunk", "name": null, "ref": "NH66", "oneway": "F", "maxspeed": 50, "layer": 0, "bridge": "F", "tunnel": "F" }, "geometry": { "type": "LineString", "coordinates": [ [ 73.8842756, 15.4351387 ], [ 73.8848978, 15.4345974 ], [ 73.885491, 15.4341022 ], [ 73.8855122, 15.4340827 ], [ 73.8860244, 15.4336119 ], [ 73.8864339, 15.433247 ], [ 73.8864732, 15.433212 ], [ 73.8867757, 15.4329647 ], [ 73.8872292, 15.4326738 ], [ 73.8877045, 15.4323022 ], [ 73.8880192, 15.4320294 ], [ 73.888337, 15.4317297 ], [ 73.8890862, 15.4310116 ], [ 73.8904274, 15.4297912 ], [ 73.8914733, 15.4288155 ], [ 73.8919097, 15.4283897 ], [ 73.8925173, 15.4278572 ], [ 73.8931487, 15.4273258 ], [ 73.8935693, 15.4269796 ] ] } },
{ "type": "Feature", "properties": { "osm_id": "1178275425", "code": 5112, "fclass": "trunk", "name": "New Zuari Bridge", "ref": "NH66", "oneway": "F", "maxspeed": 80, "layer": 1, "bridge": "T", "tunnel": "F" }, "geometry": { "type": "LineString", "coordinates": [ [ 73.9019353, 15.4203614 ], [ 73.9017598, 15.4206252 ], [ 73.901528, 15.4210582 ], [ 73.9012939, 15.4215597 ], [ 73.9010351, 15.4220678 ], [ 73.900961, 15.4221929 ], [ 73.9008681, 15.4223413 ], [ 73.9007091, 15.4225445 ], [ 73.9005447, 15.4227195 ], [ 73.9002866, 15.4229267 ], [ 73.8999911, 15.4231245 ] ] } },
{ "type": "Feature", "properties": { "osm_id": "1178564579", "code": 5112, "fclass": "trunk", "name": "Mumbai - Goa Highway", "ref": "NH66", "oneway": "F", "maxspeed": 0, "layer": 0, "bridge": "F", "tunnel": "F" }, "geometry": { "type": "LineString", "coordinates": [ [ 73.83182, 15.6393919 ], [ 73.8319248, 15.6398263 ], [ 73.8319839, 15.6400346 ], [ 73.8320718, 15.6402803 ], [ 73.8322052, 15.6406171 ], [ 73.832337, 15.6409198 ], [ 73.8324249, 15.641102 ], [ 73.8325297, 15.6412859 ], [ 73.8326716, 15.6414893 ], [ 73.8328845, 15.6417431 ], [ 73.8328942, 15.6417532 ], [ 73.8331532, 15.6420246 ], [ 73.8333914, 15.642254 ], [ 73.8337547, 15.6425811 ], [ 73.8339676, 15.6427909 ], [ 73.834163, 15.6430099 ], [ 73.8342462, 15.6431171 ], [ 73.8343508, 15.6432824 ], [ 73.8344138, 15.6434038 ], [ 73.8344983, 15.6436182 ], [ 73.8345474, 15.6437803 ], [ 73.8345942, 15.6439853 ], [ 73.8346389, 15.6442477 ], [ 73.834747, 15.6449867 ], [ 73.8347696, 15.6451412 ], [ 73.8348186, 15.6454113 ], [ 73.8348471, 15.6455478 ], [ 73.8348812, 15.6457107 ], [ 73.8349335, 15.645919 ], [ 73.8349792, 15.6460687 ], [ 73.8350434, 15.6462444 ], [ 73.8351312, 15.6464673 ], [ 73.8354687, 15.647283 ], [ 73.8358221, 15.6481368 ] ] } },
{ "type": "Feature", "properties": { "osm_id": "1182078616", "code": 5112, "fclass": "trunk", "name": null, "ref": "NH66", "oneway": "F", "maxspeed": 0, "layer": 1, "bridge": "T", "tunnel": "F" }, "geometry": { "type": "LineString", "coordinates": [ [ 73.8153093, 15.5824782 ], [ 73.8148108, 15.5819748 ] ] } },
{ "type": "Feature", "properties": { "osm_id": "1182078617", "code": 5112, "fclass": "trunk", "name": null, "ref": "NH66", "oneway": "F", "maxspeed": 50, "layer": 1, "bridge": "T", "tunnel": "F" }, "geometry": { "type": "LineString", "coordinates": [ [ 73.8147315, 15.5820327 ], [ 73.8152297, 15.5825537 ] ] } },
{ "type": "Feature", "properties": { "osm_id": "1182078620", "code": 5112, "fclass": "trunk", "name": null, "ref": "NH66", "oneway": "F", "maxspeed": 50, "layer": 0, "bridge": "F", "tunnel": "F" }, "geometry": { "type": "LineString", "coordinates": [ [ 73.8152297, 15.5825537 ], [ 73.8194891, 15.5870087 ], [ 73.8199217, 15.5874369 ] ] } },
{ "type": "Feature", "properties": { "osm_id": "1182078621", "code": 5112, "fclass": "trunk", "name": null, "ref": "NH66", "oneway": "F", "maxspeed": 0, "layer": 0, "bridge": "F", "tunnel": "F" }, "geometry": { "type": "LineString", "coordinates": [ [ 73.8200162, 15.5873768 ], [ 73.8194028, 15.5867108 ], [ 73.8179906, 15.5852994 ], [ 73.8167378, 15.5839767 ], [ 73.8155167, 15.5826881 ], [ 73.8153093, 15.5824782 ] ] } },
{ "type": "Feature", "properties": { "osm_id": "1193391326", "code": 5112, "fclass": "trunk", "name": null, "ref": "NH66", "oneway": "F", "maxspeed": 50, "layer": 0, "bridge": "F", "tunnel": "F" }, "geometry": { "type": "LineString", "coordinates": [ [ 73.8230208, 15.6121281 ], [ 73.8228303, 15.6132001 ], [ 73.8227123, 15.6140216 ], [ 73.8226452, 15.6145098 ] ] } },
{ "type": "Feature", "properties": { "osm_id": "1193391327", "code": 5112, "fclass": "trunk", "name": null, "ref": "NH66", "oneway": "F", "maxspeed": 0, "layer": 0, "bridge": "F", "tunnel": "F" }, "geometry": { "type": "LineString", "coordinates": [ [ 73.8227257, 15.6150057 ], [ 73.8227525, 15.6145098 ], [ 73.8229295, 15.6131924 ], [ 73.8231307, 15.6121461 ] ] } },
{ "type": "Feature", "properties": { "osm_id": "1193391328", "code": 5112, "fclass": "trunk", "name": null, "ref": "NH66", "oneway": "F", "maxspeed": 50, "layer": 0, "bridge": "F", "tunnel": "F" }, "geometry": { "type": "LineString", "coordinates": [ [ 73.8237408, 15.608854 ], [ 73.8231951, 15.6114073 ], [ 73.8230978, 15.6118308 ], [ 73.8230208, 15.6121281 ] ] } },
{ "type": "Feature", "properties": { "osm_id": "1193391329", "code": 5112, "fclass": "trunk", "name": null, "ref": "NH66", "oneway": "F", "maxspeed": 0, "layer": 0, "bridge": "F", "tunnel": "F" }, "geometry": { "type": "LineString", "coordinates": [ [ 73.8231307, 15.6121461 ], [ 73.8231903, 15.6118957 ], [ 73.8233023, 15.6114125 ], [ 73.8238425, 15.608863 ] ] } },
{ "type": "Feature", "properties": { "osm_id": "1196688598", "code": 5112, "fclass": "trunk", "name": null, "ref": "NH748", "oneway": "F", "maxspeed": 0, "layer": 0, "bridge": "F", "tunnel": "F" }, "geometry": { "type": "LineString", "coordinates": [ [ 73.8440972, 15.4913914 ], [ 73.8440944, 15.4913442 ], [ 73.8440752, 15.4913007 ], [ 73.8440446, 15.4912679 ], [ 73.8440048, 15.491246 ], [ 73.8439598, 15.4912373 ], [ 73.8439165, 15.4912387 ], [ 73.8438727, 15.4912534 ], [ 73.8438416, 15.491277 ], [ 73.8438245, 15.4913057 ], [ 73.8438151, 15.4913295 ], [ 73.8438105, 15.4913745 ], [ 73.8438173, 15.4914181 ], [ 73.8438381, 15.4914575 ], [ 73.8438733, 15.4914904 ], [ 73.843918, 15.4915099 ], [ 73.8439669, 15.4915139 ], [ 73.8440143, 15.4915018 ], [ 73.8440547, 15.4914751 ], [ 73.8440835, 15.4914368 ], [ 73.8440972, 15.4913914 ] ] } },
{ "type": "Feature", "properties": { "osm_id": "1203153941", "code": 5112, "fclass": "trunk", "name": null, "ref": "NH66", "oneway": "F", "maxspeed": 0, "layer": 1, "bridge": "T", "tunnel": "F" }, "geometry": { "type": "LineString", "coordinates": [ [ 73.8393808, 15.4946329 ], [ 73.8398787, 15.494308 ] ] } },
{ "type": "Feature", "properties": { "osm_id": "1203153951", "code": 5112, "fclass": "trunk", "name": null, "ref": "NH66", "oneway": "F", "maxspeed": 0, "layer": 0, "bridge": "F", "tunnel": "F" }, "geometry": { "type": "LineString", "coordinates": [ [ 73.8440752, 15.4913007 ], [ 73.8447004, 15.4905073 ], [ 73.8449914, 15.4901231 ], [ 73.845334, 15.4895137 ], [ 73.8455164, 15.4890794 ], [ 73.8456988, 15.4885625 ], [ 73.846871, 15.484799 ], [ 73.8477217, 15.4819605 ] ] } },
{ "type": "Feature", "properties": { "osm_id": "1235818132", "code": 5112, "fclass": "trunk", "name": "New Zuari Bridge", "ref": "NH66", "oneway": "F", "maxspeed": 0, "layer": 2, "bridge": "T", "tunnel": "F" }, "geometry": { "type": "LineString", "coordinates": [ [ 73.9074056, 15.4048196 ], [ 73.9075765, 15.4044922 ], [ 73.9077278, 15.4040839 ], [ 73.9078188, 15.4036395 ], [ 73.9080873, 15.4023044 ], [ 73.9082009, 15.4018745 ], [ 73.9083632, 15.401449 ], [ 73.9085915, 15.4010316 ], [ 73.9105773, 15.3979677 ], [ 73.9108313, 15.3976262 ], [ 73.9119751, 15.3964809 ], [ 73.9130511, 15.395353 ], [ 73.9185991, 15.3890678 ], [ 73.9201132, 15.3875411 ], [ 73.9204157, 15.3871898 ], [ 73.9205131, 15.3870839 ], [ 73.9206403, 15.3869223 ], [ 73.9207802, 15.386696 ], [ 73.9208845, 15.3864586 ], [ 73.9209358, 15.3862684 ], [ 73.9210659, 15.3856435 ], [ 73.9211085, 15.3854489 ], [ 73.9211801, 15.3852724 ], [ 73.9212696, 15.3850928 ], [ 73.9214124, 15.3848942 ], [ 73.921641, 15.3846262 ], [ 73.9219114, 15.3843981 ], [ 73.9223483, 15.3841537 ], [ 73.924017, 15.383313 ], [ 73.9244245, 15.3830576 ], [ 73.9248253, 15.3826874 ], [ 73.9251249, 15.3823272 ] ] } },
{ "type": "Feature", "properties": { "osm_id": "1236242730", "code": 5112, "fclass": "trunk", "name": null, "ref": "NH366", "oneway": "F", "maxspeed": 0, "layer": 0, "bridge": "F", "tunnel": "F" }, "geometry": { "type": "LineString", "coordinates": [ [ 73.9078189, 15.4025481 ], [ 73.9078389, 15.402596 ], [ 73.9078716, 15.4026369 ] ] } },
{ "type": "Feature", "properties": { "osm_id": "1236242731", "code": 5112, "fclass": "trunk", "name": null, "ref": "NH366", "oneway": "F", "maxspeed": 0, "layer": 0, "bridge": "F", "tunnel": "F" }, "geometry": { "type": "LineString", "coordinates": [ [ 73.9078716, 15.4026369 ], [ 73.9079183, 15.4026697 ], [ 73.9079729, 15.402688 ], [ 73.9080307, 15.4026903 ], [ 73.9080866, 15.4026763 ], [ 73.9081359, 15.4026472 ], [ 73.9081743, 15.4026056 ] ] } },
{ "type": "Feature", "properties": { "osm_id": "1236242732", "code": 5112, "fclass": "trunk", "name": null, "ref": "NH366", "oneway": "F", "maxspeed": 0, "layer": 0, "bridge": "F", "tunnel": "F" }, "geometry": { "type": "LineString", "coordinates": [ [ 73.906307, 15.4021485 ], [ 73.9064876, 15.4022158 ], [ 73.9066954, 15.4022766 ], [ 73.9068308, 15.4023128 ], [ 73.906988, 15.4023443 ], [ 73.9073083, 15.4023843 ], [ 73.9073815, 15.4024005 ], [ 73.907621, 15.4024565 ], [ 73.907694, 15.4024908 ], [ 73.9078189, 15.4025481 ] ] } },
{ "type": "Feature", "properties": { "osm_id": "1236242733", "code": 5112, "fclass": "trunk", "name": null, "ref": null, "oneway": "F", "maxspeed": 0, "layer": 0, "bridge": "F", "tunnel": "F" }, "geometry": { "type": "LineString", "coordinates": [ [ 73.9078601, 15.4023785 ], [ 73.9078341, 15.402416 ], [ 73.9078181, 15.4024584 ], [ 73.9078129, 15.4025033 ], [ 73.9078189, 15.4025481 ] ] } },
{ "type": "Feature", "properties": { "osm_id": "1240920528", "code": 5112, "fclass": "trunk", "name": null, "ref": "NH748", "oneway": "F", "maxspeed": 0, "layer": 0, "bridge": "F", "tunnel": "F" }, "geometry": { "type": "LineString", "coordinates": [ [ 73.8978074, 15.4883092 ], [ 73.8982473, 15.487915 ], [ 73.8986658, 15.4875286 ], [ 73.899111, 15.4871563 ], [ 73.8993108, 15.4870387 ] ] } },
{ "type": "Feature", "properties": { "osm_id": "1240920530", "code": 5112, "fclass": "trunk", "name": null, "ref": "NH748", "oneway": "F", "maxspeed": 40, "layer": 0, "bridge": "F", "tunnel": "F" }, "geometry": { "type": "LineString", "coordinates": [ [ 73.8977196, 15.4881877 ], [ 73.8975154, 15.4883652 ], [ 73.8968419, 15.4889192 ], [ 73.8966541, 15.4890445 ], [ 73.8963671, 15.4891919 ], [ 73.895867, 15.4894217 ], [ 73.8948068, 15.4897887 ], [ 73.89399, 15.4900402 ], [ 73.8937257, 15.4901215 ] ] } },
{ "type": "Feature", "properties": { "osm_id": "1284847460", "code": 5112, "fclass": "trunk", "name": null, "ref": null, "oneway": "F", "maxspeed": 0, "layer": 0, "bridge": "F", "tunnel": "F" }, "geometry": { "type": "LineString", "coordinates": [ [ 73.8785905, 15.4397925 ], [ 73.8792022, 15.4394356 ], [ 73.880045, 15.4388912 ], [ 73.8808282, 15.4382542 ], [ 73.8812168, 15.4379108 ], [ 73.8813185, 15.4377944 ], [ 73.8814396, 15.4376853 ], [ 73.8818688, 15.4372986 ], [ 73.8819596, 15.4372207 ], [ 73.8834629, 15.435858 ], [ 73.8837712, 15.4355851 ] ] } },
{ "type": "Feature", "properties": { "osm_id": "1305932035", "code": 5112, "fclass": "trunk", "name": "Belgaum - Panaji Highway", "ref": "NH748", "oneway": "F", "maxspeed": 40, "layer": 0, "bridge": "F", "tunnel": "F" }, "geometry": { "type": "LineString", "coordinates": [ [ 73.9182541, 15.4990944 ], [ 73.9197852, 15.4987489 ] ] } },
{ "type": "Feature", "properties": { "osm_id": "1305932036", "code": 5112, "fclass": "trunk", "name": null, "ref": null, "oneway": "F", "maxspeed": 0, "layer": 0, "bridge": "F", "tunnel": "F" }, "geometry": { "type": "LineString", "coordinates": [ [ 73.9182391, 15.4989867 ], [ 73.9179711, 15.4990448 ] ] } },
{ "type": "Feature", "properties": { "osm_id": "1305932037", "code": 5112, "fclass": "trunk", "name": null, "ref": null, "oneway": "F", "maxspeed": 0, "layer": 0, "bridge": "F", "tunnel": "F" }, "geometry": { "type": "LineString", "coordinates": [ [ 73.9179773, 15.4991462 ], [ 73.9182541, 15.4990944 ] ] } },
{ "type": "Feature", "properties": { "osm_id": "1305932038", "code": 5112, "fclass": "trunk", "name": null, "ref": null, "oneway": "F", "maxspeed": 0, "layer": 0, "bridge": "F", "tunnel": "F" }, "geometry": { "type": "LineString", "coordinates": [ [ 73.9108661, 15.4977618 ], [ 73.9111564, 15.4979697 ] ] } },
{ "type": "Feature", "properties": { "osm_id": "1305932039", "code": 5112, "fclass": "trunk", "name": null, "ref": null, "oneway": "F", "maxspeed": 0, "layer": 0, "bridge": "F", "tunnel": "F" }, "geometry": { "type": "LineString", "coordinates": [ [ 73.9112465, 15.4978999 ], [ 73.9109456, 15.4976382 ] ] } },
{ "type": "Feature", "properties": { "osm_id": "1305932040", "code": 5112, "fclass": "trunk", "name": "Belgaum - Panaji Highway", "ref": "NH748", "oneway": "F", "maxspeed": 40, "layer": 0, "bridge": "F", "tunnel": "F" }, "geometry": { "type": "LineString", "coordinates": [ [ 73.9198271, 15.4986308 ], [ 73.9196424, 15.4986874 ], [ 73.9182391, 15.4989867 ] ] } },
{ "type": "Feature", "properties": { "osm_id": "1318538523", "code": 5112, "fclass": "trunk", "name": null, "ref": "NH66", "oneway": "F", "maxspeed": 50, "layer": 0, "bridge": "F", "tunnel": "F" }, "geometry": { "type": "LineString", "coordinates": [ [ 73.8283314, 15.5252124 ], [ 73.8283787, 15.5247653 ] ] } },
{ "type": "Feature", "properties": { "osm_id": "1323681004", "code": 5112, "fclass": "trunk", "name": null, "ref": "NH66", "oneway": "F", "maxspeed": 50, "layer": 0, "bridge": "F", "tunnel": "F" }, "geometry": { "type": "LineString", "coordinates": [ [ 73.8329498, 15.5174938 ], [ 73.8329154, 15.5173216 ], [ 73.8329369, 15.5172078 ] ] } },
{ "type": "Feature", "properties": { "osm_id": "1323681005", "code": 5112, "fclass": "trunk", "name": null, "ref": "NH66", "oneway": "F", "maxspeed": 0, "layer": 0, "bridge": "F", "tunnel": "F" }, "geometry": { "type": "LineString", "coordinates": [ [ 73.8329369, 15.5172078 ], [ 73.8331059, 15.5171613 ], [ 73.8333875, 15.5170579 ], [ 73.8337177, 15.5168891 ] ] } },
{ "type": "Feature", "properties": { "osm_id": "1323681009", "code": 5112, "fclass": "trunk", "name": null, "ref": "NH66", "oneway": "F", "maxspeed": 50, "layer": 0, "bridge": "F", "tunnel": "F" }, "geometry": { "type": "LineString", "coordinates": [ [ 73.8248743, 15.5313354 ], [ 73.8248625, 15.5312725 ], [ 73.8249562, 15.5310469 ], [ 73.8253726, 15.5298062 ], [ 73.8258285, 15.528448 ], [ 73.8259643, 15.5280434 ], [ 73.8263956, 15.5267583 ], [ 73.8265552, 15.5263704 ], [ 73.8267078, 15.5259994 ], [ 73.8267265, 15.5258256 ] ] } },
{ "type": "Feature", "properties": { "osm_id": "1327074766", "code": 5112, "fclass": "trunk", "name": null, "ref": "NH66", "oneway": "F", "maxspeed": 0, "layer": 1, "bridge": "T", "tunnel": "F" }, "geometry": { "type": "LineString", "coordinates": [ [ 73.862562, 15.4484604 ], [ 73.8625383, 15.4482771 ], [ 73.8625025, 15.4481706 ], [ 73.8624384, 15.4480392 ], [ 73.8621143, 15.4475056 ], [ 73.8620362, 15.4473101 ], [ 73.8619923, 15.4471678 ], [ 73.8619605, 15.4469702 ], [ 73.8619718, 15.4466617 ], [ 73.8620285, 15.4463887 ], [ 73.8621252, 15.4461471 ], [ 73.8622084, 15.4460012 ] ] } },
{ "type": "Feature", "properties": { "osm_id": "1327074767", "code": 5112, "fclass": "trunk", "name": null, "ref": "NH66", "oneway": "F", "maxspeed": 0, "layer": 0, "bridge": "F", "tunnel": "F" }, "geometry": { "type": "LineString", "coordinates": [ [ 73.8622069, 15.4478784 ], [ 73.8623734, 15.448159 ], [ 73.8624258, 15.4483076 ], [ 73.8624437, 15.4484779 ], [ 73.8624127, 15.4486329 ], [ 73.8623593, 15.4487978 ], [ 73.8623, 15.4489577 ], [ 73.8622467, 15.4491014 ], [ 73.8622068, 15.4493218 ], [ 73.8622001, 15.4494823 ], [ 73.8622113, 15.4496068 ], [ 73.8622431, 15.4497626 ], [ 73.8622968, 15.4499485 ] ] } },
{ "type": "Feature", "properties": { "osm_id": "1333171893", "code": 5112, "fclass": "trunk", "name": null, "ref": "NH66", "oneway": "F", "maxspeed": 70, "layer": 0, "bridge": "F", "tunnel": "F" }, "geometry": { "type": "LineString", "coordinates": [ [ 73.8086928, 15.5653602 ], [ 73.8119317, 15.5608274 ], [ 73.8135552, 15.5585126 ], [ 73.8171624, 15.5533694 ], [ 73.8173483, 15.5530732 ], [ 73.817532, 15.5526159 ], [ 73.8176461, 15.5523034 ], [ 73.8176688, 15.5522412 ], [ 73.8177629, 15.5519848 ], [ 73.8178262, 15.5517587 ], [ 73.8178589, 15.5515161 ], [ 73.8178979, 15.5512484 ], [ 73.8179028, 15.5509112 ], [ 73.8179201, 15.5505022 ], [ 73.8179622, 15.5500467 ], [ 73.8179419, 15.5499444 ], [ 73.8178949, 15.5497756 ] ] } },
{ "type": "Feature", "properties": { "osm_id": "1333392261", "code": 5112, "fclass": "trunk", "name": null, "ref": "NH66", "oneway": "F", "maxspeed": 50, "layer": 0, "bridge": "F", "tunnel": "F" }, "geometry": { "type": "LineString", "coordinates": [ [ 73.8294281, 15.5205994 ], [ 73.8295665, 15.5200499 ], [ 73.8297006, 15.5195149 ], [ 73.829727, 15.5194418 ], [ 73.8299462, 15.518836 ], [ 73.8300616, 15.518606 ], [ 73.8301688, 15.5184251 ], [ 73.8302976, 15.5182752 ], [ 73.8304853, 15.518146 ], [ 73.8306865, 15.5180194 ], [ 73.8309199, 15.5179211 ], [ 73.8312766, 15.5178204 ], [ 73.8316935, 15.5176593 ], [ 73.8319311, 15.5175955 ], [ 73.8320813, 15.5175748 ], [ 73.832297, 15.517574 ], [ 73.8324434, 15.51758 ], [ 73.8327116, 15.5175542 ], [ 73.8329498, 15.5174938 ] ] } },
{ "type": "Feature", "properties": { "osm_id": "1338822879", "code": 5112, "fclass": "trunk", "name": null, "ref": null, "oneway": "F", "maxspeed": 0, "layer": 1, "bridge": "T", "tunnel": "F" }, "geometry": { "type": "LineString", "coordinates": [ [ 73.8080165, 15.3954215 ], [ 73.808156, 15.3953413 ], [ 73.8084054, 15.3951526 ], [ 73.8087165, 15.3948629 ], [ 73.8089633, 15.3945604 ], [ 73.8091457, 15.3942759 ], [ 73.8092422, 15.3940458 ], [ 73.80933, 15.3937464 ] ] } },
{ "type": "Feature", "properties": { "osm_id": "1338822880", "code": 5112, "fclass": "trunk", "name": null, "ref": null, "oneway": "F", "maxspeed": 0, "layer": 0, "bridge": "F", "tunnel": "F" }, "geometry": { "type": "LineString", "coordinates": [ [ 73.8086187, 15.3974626 ], [ 73.8085153, 15.3974825 ], [ 73.8079226, 15.3973842 ] ] } },
{ "type": "Feature", "properties": { "osm_id": "1338822881", "code": 5112, "fclass": "trunk", "name": null, "ref": null, "oneway": "F", "maxspeed": 0, "layer": 0, "bridge": "F", "tunnel": "F" }, "geometry": { "type": "LineString", "coordinates": [ [ 73.8086575, 15.3943974 ], [ 73.8076485, 15.3951338 ] ] } },
{ "type": "Feature", "properties": { "osm_id": "1338822882", "code": 5112, "fclass": "trunk", "name": null, "ref": null, "oneway": "F", "maxspeed": 0, "layer": 1, "bridge": "T", "tunnel": "F" }, "geometry": { "type": "LineString", "coordinates": [ [ 73.8094166, 15.393451 ], [ 73.8091913, 15.3936889 ], [ 73.8089821, 15.3940173 ], [ 73.808797, 15.394263 ], [ 73.8086575, 15.3943974 ] ] } },
{ "type": "Feature", "properties": { "osm_id": "1338822883", "code": 5112, "fclass": "trunk", "name": null, "ref": null, "oneway": "F", "maxspeed": 0, "layer": 0, "bridge": "F", "tunnel": "F" }, "geometry": { "type": "LineString", "coordinates": [ [ 73.8098942, 15.3925583 ], [ 73.8098404, 15.3926778 ], [ 73.8091725, 15.3939475 ], [ 73.8091055, 15.3940173 ], [ 73.8089901, 15.3940509 ], [ 73.8088641, 15.3940794 ], [ 73.8087729, 15.3941337 ], [ 73.8069195, 15.3955689 ], [ 73.806847, 15.3956387 ], [ 73.8068336, 15.3957344 ], [ 73.8068524, 15.3958223 ], [ 73.8069007, 15.395887 ], [ 73.8069758, 15.3959206 ], [ 73.8070589, 15.3959051 ], [ 73.8074194, 15.3957313 ], [ 73.8080165, 15.3954215 ] ] } },
{ "type": "Feature", "properties": { "osm_id": "1338822887", "code": 5112, "fclass": "trunk", "name": null, "ref": null, "oneway": "F", "maxspeed": 0, "layer": 0, "bridge": "F", "tunnel": "F" }, "geometry": { "type": "LineString", "coordinates": [ [ 73.8078421, 15.4002494 ], [ 73.8077952, 15.4003968 ], [ 73.8077134, 15.4004912 ], [ 73.8075954, 15.4005533 ], [ 73.8074894, 15.400574 ], [ 73.8065171, 15.400477 ], [ 73.8063401, 15.4004899 ] ] } },
{ "type": "Feature", "properties": { "osm_id": "1338822888", "code": 5112, "fclass": "trunk", "name": null, "ref": null, "oneway": "F", "maxspeed": 0, "layer": 0, "bridge": "F", "tunnel": "F" }, "geometry": { "type": "LineString", "coordinates": [ [ 73.8063401, 15.4004899 ], [ 73.8065064, 15.4005391 ], [ 73.8074854, 15.4006373 ], [ 73.8076222, 15.4006192 ], [ 73.8077429, 15.4005701 ], [ 73.8078368, 15.4004796 ], [ 73.8078904, 15.4003942 ], [ 73.807926, 15.4002482 ] ] } },
{ "type": "Feature", "properties": { "osm_id": "1338822892", "code": 5112, "fclass": "trunk", "name": null, "ref": null, "oneway": "F", "maxspeed": 0, "layer": 1, "bridge": "T", "tunnel": "F" }, "geometry": { "type": "LineString", "coordinates": [ [ 73.8079226, 15.3973842 ], [ 73.807539, 15.3973041 ], [ 73.8072467, 15.3972058 ], [ 73.8066056, 15.3969162 ], [ 73.806493, 15.3968308 ], [ 73.8064125, 15.3967093 ], [ 73.8063964, 15.3965929 ], [ 73.8065037, 15.3962542 ], [ 73.8065869, 15.3961637 ], [ 73.8067183, 15.3960628 ], [ 73.8069609, 15.3958837 ] ] } },
{ "type": "Feature", "properties": { "osm_id": "1338822893", "code": 5112, "fclass": "trunk", "name": null, "ref": null, "oneway": "F", "maxspeed": 0, "layer": 0, "bridge": "F", "tunnel": "F" }, "geometry": { "type": "LineString", "coordinates": [ [ 73.807926, 15.4002482 ], [ 73.8079232, 15.4000682 ], [ 73.8078904, 15.3998959 ], [ 73.8078278, 15.3997692 ], [ 73.8077368, 15.3996595 ], [ 73.807609, 15.3995882 ], [ 73.8074484, 15.3995584 ], [ 73.8072538, 15.3995557 ], [ 73.8069262, 15.3995878 ] ] } },
{ "type": "Feature", "properties": { "osm_id": "1338822894", "code": 5112, "fclass": "trunk", "name": null, "ref": null, "oneway": "F", "maxspeed": 0, "layer": 0, "bridge": "F", "tunnel": "F" }, "geometry": { "type": "LineString", "coordinates": [ [ 73.8069404, 15.3996677 ], [ 73.8072574, 15.3996366 ], [ 73.8074398, 15.3996392 ], [ 73.8075793, 15.399665 ], [ 73.8076812, 15.3997219 ], [ 73.8077563, 15.3998124 ], [ 73.8078099, 15.399921 ], [ 73.8078395, 15.4000762 ], [ 73.8078421, 15.4002494 ] ] } },
{ "type": "Feature", "properties": { "osm_id": "1338822897", "code": 5112, "fclass": "trunk", "name": null, "ref": null, "oneway": "F", "maxspeed": 0, "layer": 1, "bridge": "T", "tunnel": "F" }, "geometry": { "type": "LineString", "coordinates": [ [ 73.8069262, 15.3995878 ], [ 73.8067737, 15.3996027 ], [ 73.8066747, 15.3996135 ], [ 73.8065794, 15.3996152 ], [ 73.8064844, 15.3996085 ], [ 73.8063904, 15.3995933 ], [ 73.8062981, 15.3995697 ], [ 73.8062162, 15.3995411 ], [ 73.806137, 15.3995058 ], [ 73.8060612, 15.3994641 ], [ 73.8059893, 15.3994165 ], [ 73.8059219, 15.3993631 ], [ 73.8058576, 15.3993027 ], [ 73.8054195, 15.3988701 ], [ 73.8053548, 15.3987875 ], [ 73.8052936, 15.3986991 ], [ 73.8052377, 15.3986075 ], [ 73.8051874, 15.3985132 ], [ 73.8051371, 15.3984026 ], [ 73.8050945, 15.3982893 ], [ 73.8050595, 15.3981736 ], [ 73.8050324, 15.3980559 ], [ 73.8050133, 15.3979368 ], [ 73.8050024, 15.3978173 ], [ 73.8050014, 15.3977099 ], [ 73.8050084, 15.3976022 ], [ 73.8050232, 15.3974952 ], [ 73.8050458, 15.3973896 ], [ 73.8050761, 15.3972857 ], [ 73.8051139, 15.3971842 ], [ 73.805159, 15.3970855 ], [ 73.8052113, 15.39699 ], [ 73.8052684, 15.3969012 ], [ 73.8053317, 15.3968163 ], [ 73.8054009, 15.3967357 ], [ 73.8054756, 15.39666 ], [ 73.8055556, 15.3965893 ], [ 73.8056403, 15.396524 ], [ 73.8057295, 15.3964645 ], [ 73.8058227, 15.396411 ], [ 73.8059212, 15.3963629 ], [ 73.8069609, 15.3958837 ], [ 73.8072702, 15.3957411 ], [ 73.8077652, 15.3954579 ], [ 73.8082239, 15.3951315 ], [ 73.8085529, 15.3948196 ], [ 73.8088229, 15.3945093 ], [ 73.8090038, 15.3942689 ], [ 73.80933, 15.3937464 ], [ 73.8094888, 15.3934921 ], [ 73.8096662, 15.3931967 ], [ 73.8096976, 15.3931444 ], [ 73.8097242, 15.3930844 ], [ 73.8097432, 15.3930217 ], [ 73.8097542, 15.3929573 ], [ 73.8097571, 15.3928921 ], [ 73.8097519, 15.3928269 ], [ 73.8097373, 15.3927581 ], [ 73.8097136, 15.3926915 ], [ 73.8096811, 15.3926284 ], [ 73.8096404, 15.39257 ], [ 73.8095922, 15.3925171 ], [ 73.8095373, 15.3924706 ], [ 73.8093499, 15.3923798 ], [ 73.8078, 15.3917338 ], [ 73.8076968, 15.3916394 ], [ 73.807629, 15.3915286 ] ] } },
{ "type": "Feature", "properties": { "osm_id": "1338822898", "code": 5112, "fclass": "trunk", "name": null, "ref": null, "oneway": "F", "maxspeed": 0, "layer": 1, "bridge": "T", "tunnel": "F" }, "geometry": { "type": "LineString", "coordinates": [ [ 73.8074818, 15.3918602 ], [ 73.8076182, 15.3918181 ], [ 73.8077716, 15.3918281 ], [ 73.80932, 15.3924554 ], [ 73.8094861, 15.3925348 ], [ 73.8095328, 15.3925744 ], [ 73.8095738, 15.3926194 ], [ 73.8096084, 15.3926691 ], [ 73.809636, 15.3927228 ], [ 73.8096563, 15.3927794 ], [ 73.8096687, 15.3928381 ], [ 73.8096731, 15.3928935 ], [ 73.8096706, 15.3929489 ], [ 73.8096612, 15.3930037 ], [ 73.8096451, 15.393057 ], [ 73.8096225, 15.3931081 ], [ 73.8095936, 15.3931562 ], [ 73.8094166, 15.393451 ], [ 73.8089338, 15.3942242 ], [ 73.8087568, 15.3944595 ], [ 73.8084912, 15.3947647 ], [ 73.8081694, 15.3950698 ], [ 73.8077188, 15.3953905 ], [ 73.8072306, 15.3956697 ], [ 73.8058841, 15.3962904 ], [ 73.8057822, 15.3963401 ], [ 73.8056841, 15.3963965 ], [ 73.8055902, 15.3964591 ], [ 73.805501, 15.3965278 ], [ 73.8054168, 15.3966023 ], [ 73.8053382, 15.396682 ], [ 73.8052653, 15.3967668 ], [ 73.8051986, 15.3968562 ], [ 73.8051385, 15.3969498 ], [ 73.8050835, 15.3970502 ], [ 73.805036, 15.3971542 ], [ 73.8049962, 15.3972611 ], [ 73.8049643, 15.3973705 ], [ 73.8049405, 15.3974817 ], [ 73.8049249, 15.3975943 ], [ 73.8049176, 15.3977077 ], [ 73.8049185, 15.3978213 ], [ 73.80493, 15.3979466 ], [ 73.80495, 15.3980709 ], [ 73.8049782, 15.3981937 ], [ 73.8050147, 15.3983145 ], [ 73.8050592, 15.3984327 ], [ 73.8051116, 15.3985479 ], [ 73.8051642, 15.3986465 ], [ 73.8052225, 15.3987421 ], [ 73.8052864, 15.3988343 ], [ 73.8053557, 15.3989229 ], [ 73.8057983, 15.3993599 ], [ 73.8058659, 15.3994234 ], [ 73.8059388, 15.3994811 ], [ 73.8060166, 15.3995327 ], [ 73.8060986, 15.3995777 ], [ 73.8061843, 15.3996159 ], [ 73.806273, 15.3996469 ], [ 73.8063727, 15.3996724 ], [ 73.8064743, 15.3996888 ], [ 73.8065772, 15.3996961 ], [ 73.8066802, 15.3996942 ], [ 73.8067827, 15.3996831 ], [ 73.8069404, 15.3996677 ] ] } },
{ "type": "Feature", "properties": { "osm_id": "1338822899", "code": 5112, "fclass": "trunk", "name": null, "ref": null, "oneway": "F", "maxspeed": 0, "layer": 0, "bridge": "F", "tunnel": "F" }, "geometry": { "type": "LineString", "coordinates": [ [ 73.8076485, 15.3951338 ], [ 73.8073003, 15.3953879 ], [ 73.8072386, 15.3954758 ], [ 73.8072386, 15.395556 ], [ 73.8073164, 15.3957085 ], [ 73.8073593, 15.3957318 ], [ 73.8074194, 15.3957313 ] ] } },
{ "type": "Feature", "properties": { "osm_id": "1340005363", "code": 5112, "fclass": "trunk", "name": null, "ref": "NH66", "oneway": "B", "maxspeed": 70, "layer": 0, "bridge": "F", "tunnel": "F" }, "geometry": { "type": "LineString", "coordinates": [ [ 73.8181209, 15.5478649 ], [ 73.8182021, 15.5472797 ], [ 73.8182545, 15.5471619 ], [ 73.8184242, 15.5469876 ], [ 73.8188744, 15.5466509 ], [ 73.8189668, 15.5465752 ], [ 73.8197548, 15.5454454 ], [ 73.8205038, 15.5441614 ], [ 73.820682, 15.5437643 ], [ 73.8208982, 15.5433031 ], [ 73.8211214, 15.5427075 ], [ 73.8211612, 15.5426044 ], [ 73.8213885, 15.5419374 ], [ 73.8214757, 15.5416902 ], [ 73.8215957, 15.5413243 ], [ 73.8217919, 15.5407259 ], [ 73.8219358, 15.5402872 ], [ 73.8220806, 15.5398458 ], [ 73.8221156, 15.5397392 ], [ 73.8225557, 15.5383971 ], [ 73.8226721, 15.538042 ], [ 73.8227045, 15.5379434 ], [ 73.8228792, 15.5374106 ], [ 73.8229328, 15.5372183 ], [ 73.8230918, 15.5367388 ], [ 73.8232454, 15.5362938 ], [ 73.8233999, 15.5357998 ], [ 73.8235769, 15.5352829 ], [ 73.8238776, 15.534297 ] ] } },
{ "type": "Feature", "properties": { "osm_id": "1340005366", "code": 5112, "fclass": "trunk", "name": null, "ref": "NH66", "oneway": "B", "maxspeed": 70, "layer": 0, "bridge": "F", "tunnel": "F" }, "geometry": { "type": "LineString", "coordinates": [ [ 73.8179187, 15.5494761 ], [ 73.8179977, 15.5486882 ], [ 73.8181209, 15.5478649 ] ] } },
{ "type": "Feature", "properties": { "osm_id": "1349265058", "code": 5112, "fclass": "trunk", "name": null, "ref": null, "oneway": "F", "maxspeed": 0, "layer": 1, "bridge": "T", "tunnel": "F" }, "geometry": { "type": "LineString", "coordinates": [ [ 73.9137652, 15.4993072 ], [ 73.9135373, 15.4992348 ], [ 73.9132492, 15.4991234 ] ] } },
{ "type": "Feature", "properties": { "osm_id": "1349265059", "code": 5112, "fclass": "trunk", "name": null, "ref": null, "oneway": "F", "maxspeed": 0, "layer": 1, "bridge": "T", "tunnel": "F" }, "geometry": { "type": "LineString", "coordinates": [ [ 73.9132135, 15.499196 ], [ 73.9134863, 15.4993046 ], [ 73.9137517, 15.4993929 ] ] } },
{ "type": "Feature", "properties": { "osm_id": "1349265060", "code": 5112, "fclass": "trunk", "name": null, "ref": null, "oneway": "F", "maxspeed": 0, "layer": 1, "bridge": "F", "tunnel": "F" }, "geometry": { "type": "LineString", "coordinates": [ [ 73.9132492, 15.4991234 ], [ 73.9129928, 15.4989919 ], [ 73.9116857, 15.4981985 ], [ 73.9112465, 15.4978999 ] ] } },
{ "type": "Feature", "properties": { "osm_id": "1349265061", "code": 5112, "fclass": "trunk", "name": null, "ref": null, "oneway": "F", "maxspeed": 0, "layer": 1, "bridge": "F", "tunnel": "F" }, "geometry": { "type": "LineString", "coordinates": [ [ 73.9111564, 15.4979697 ], [ 73.9116195, 15.4982604 ], [ 73.9129686, 15.4990694 ], [ 73.9132135, 15.499196 ] ] } },
{ "type": "Feature", "properties": { "osm_id": "1363485031", "code": 5112, "fclass": "trunk", "name": "Airport Road", "ref": "NH366", "oneway": "F", "maxspeed": 60, "layer": 0, "bridge": "F", "tunnel": "F" }, "geometry": { "type": "LineString", "coordinates": [ [ 73.8382759, 15.3860099 ], [ 73.838323, 15.3860787 ], [ 73.8383498, 15.3861332 ], [ 73.8383603, 15.3861822 ] ] } },
{ "type": "Feature", "properties": { "osm_id": "1363485032", "code": 5112, "fclass": "trunk", "name": "Airport Road", "ref": "NH366", "oneway": "F", "maxspeed": 60, "layer": 1, "bridge": "T", "tunnel": "F" }, "geometry": { "type": "LineString", "coordinates": [ [ 73.8383603, 15.3861822 ], [ 73.8383391, 15.386356 ] ] } },
{ "type": "Feature", "properties": { "osm_id": "1363485033", "code": 5112, "fclass": "trunk", "name": "Airport Road", "ref": "NH366", "oneway": "F", "maxspeed": 50, "layer": 0, "bridge": "F", "tunnel": "F" }, "geometry": { "type": "LineString", "coordinates": [ [ 73.8384955, 15.3861991 ], [ 73.8385024, 15.3861822 ], [ 73.8385347, 15.3861391 ], [ 73.8385809, 15.3861154 ], [ 73.8386774, 15.3860733 ] ] } },
{ "type": "Feature", "properties": { "osm_id": "1363485034", "code": 5112, "fclass": "trunk", "name": "Airport Road", "ref": "NH366", "oneway": "F", "maxspeed": 50, "layer": 1, "bridge": "T", "tunnel": "F" }, "geometry": { "type": "LineString", "coordinates": [ [ 73.8384559, 15.3863736 ], [ 73.8384955, 15.3861991 ] ] } },
{ "type": "Feature", "properties": { "osm_id": "1363486817", "code": 5112, "fclass": "trunk", "name": null, "ref": "NH66", "oneway": "F", "maxspeed": 50, "layer": 0, "bridge": "F", "tunnel": "F" }, "geometry": { "type": "LineString", "coordinates": [ [ 73.8966916, 15.4244877 ], [ 73.8960709, 15.4248584 ] ] } },
{ "type": "Feature", "properties": { "osm_id": "1366395970", "code": 5112, "fclass": "trunk", "name": "Belgaum - Panaji Highway", "ref": "NH748", "oneway": "F", "maxspeed": 0, "layer": 0, "bridge": "F", "tunnel": "F" }, "geometry": { "type": "LineString", "coordinates": [ [ 73.8648738, 15.5000046 ], [ 73.8645813, 15.4999347 ], [ 73.8643001, 15.4998076 ], [ 73.8640543, 15.4996744 ], [ 73.8633184, 15.4992328 ], [ 73.8631112, 15.499081 ], [ 73.8628888, 15.4989094 ], [ 73.862658, 15.4987066 ] ] } },
{ "type": "Feature", "properties": { "osm_id": "1366395971", "code": 5112, "fclass": "trunk", "name": "Belgaum - Panaji Highway", "ref": "NH748", "oneway": "F", "maxspeed": 0, "layer": 1, "bridge": "T", "tunnel": "F" }, "geometry": { "type": "LineString", "coordinates": [ [ 73.8620088, 15.4981643 ], [ 73.8613943, 15.4976932 ] ] } },
{ "type": "Feature", "properties": { "osm_id": "1366521493", "code": 5112, "fclass": "trunk", "name": null, "ref": "NH66", "oneway": "F", "maxspeed": 50, "layer": 1, "bridge": "T", "tunnel": "F" }, "geometry": { "type": "LineString", "coordinates": [ [ 73.8575895, 15.4648329 ], [ 73.8572692, 15.4647761 ] ] } },
{ "type": "Feature", "properties": { "osm_id": "1366521494", "code": 5112, "fclass": "trunk", "name": null, "ref": "NH66", "oneway": "F", "maxspeed": 50, "layer": 0, "bridge": "F", "tunnel": "F" }, "geometry": { "type": "LineString", "coordinates": [ [ 73.8547433, 15.4647805 ], [ 73.8558785, 15.4648046 ], [ 73.8564091, 15.4648211 ] ] } },
{ "type": "Feature", "properties": { "osm_id": "1366521495", "code": 5112, "fclass": "trunk", "name": null, "ref": "NH66", "oneway": "F", "maxspeed": 50, "layer": 1, "bridge": "F", "tunnel": "F" }, "geometry": { "type": "LineString", "coordinates": [ [ 73.8507011, 15.4698333 ], [ 73.8506877, 15.4699071 ], [ 73.8503833, 15.4716339 ] ] } },
{ "type": "Feature", "properties": { "osm_id": "1366521496", "code": 5112, "fclass": "trunk", "name": null, "ref": "NH66", "oneway": "F", "maxspeed": 0, "layer": 0, "bridge": "F", "tunnel": "F" }, "geometry": { "type": "LineString", "coordinates": [ [ 73.8509774, 15.4690877 ], [ 73.8510472, 15.4688292 ], [ 73.8511182, 15.4684467 ] ] } },
{ "type": "Feature", "properties": { "osm_id": "1366521497", "code": 5112, "fclass": "trunk", "name": null, "ref": "NH66", "oneway": "F", "maxspeed": 50, "layer": 0, "bridge": "F", "tunnel": "F" }, "geometry": { "type": "LineString", "coordinates": [ [ 73.8485098, 15.4788564 ], [ 73.8477588, 15.4814852 ], [ 73.847627, 15.4819324 ] ] } },
{ "type": "Feature", "properties": { "osm_id": "1366521498", "code": 5112, "fclass": "trunk", "name": null, "ref": "NH66", "oneway": "F", "maxspeed": 0, "layer": 0, "bridge": "F", "tunnel": "F" }, "geometry": { "type": "LineString", "coordinates": [ [ 73.8477217, 15.4819605 ], [ 73.847858, 15.4815136 ], [ 73.8486216, 15.4788885 ] ] } },
{ "type": "Feature", "properties": { "osm_id": "1366521499", "code": 5112, "fclass": "trunk", "name": null, "ref": "NH66", "oneway": "F", "maxspeed": 0, "layer": 0, "bridge": "F", "tunnel": "F" }, "geometry": { "type": "LineString", "coordinates": [ [ 73.8398787, 15.494308 ], [ 73.8423337, 15.4926377 ], [ 73.8424793, 15.4925411 ], [ 73.8427774, 15.4922515 ], [ 73.8433492, 15.491871 ], [ 73.843918, 15.4915099 ] ] } },
{ "type": "Feature", "properties": { "osm_id": "1366521504", "code": 5112, "fclass": "trunk", "name": "Belgaum - Panaji Highway", "ref": "NH748", "oneway": "F", "maxspeed": 60, "layer": 0, "bridge": "F", "tunnel": "F" }, "geometry": { "type": "LineString", "coordinates": [ [ 73.8478875, 15.4930238 ], [ 73.8492093, 15.4935902 ], [ 73.8518316, 15.4947857 ], [ 73.8524197, 15.4949896 ], [ 73.8528557, 15.4951186 ], [ 73.854145, 15.4954107 ], [ 73.8553061, 15.4956482 ] ] } },
{ "type": "Feature", "properties": { "osm_id": "1366743125", "code": 5112, "fclass": "trunk", "name": null, "ref": "NH66", "oneway": "F", "maxspeed": 0, "layer": 0, "bridge": "F", "tunnel": "F" }, "geometry": { "type": "LineString", "coordinates": [ [ 73.9251249, 15.3823272 ], [ 73.9251956, 15.3822178 ] ] } },
{ "type": "Feature", "properties": { "osm_id": "1366743126", "code": 5112, "fclass": "trunk", "name": null, "ref": "NH66", "oneway": "F", "maxspeed": 0, "layer": 0, "bridge": "F", "tunnel": "F" }, "geometry": { "type": "LineString", "coordinates": [ [ 73.9251553, 15.3821093 ], [ 73.925037, 15.3822905 ] ] } },
{ "type": "Feature", "properties": { "osm_id": "1366743127", "code": 5112, "fclass": "trunk", "name": null, "ref": "NH66", "oneway": "F", "maxspeed": 80, "layer": 0, "bridge": "F", "tunnel": "F" }, "geometry": { "type": "LineString", "coordinates": [ [ 73.9257351, 15.3761082 ], [ 73.9256369, 15.376605 ], [ 73.9256157, 15.3769829 ], [ 73.9256192, 15.3772832 ], [ 73.9256325, 15.3774862 ], [ 73.9256741, 15.3778906 ], [ 73.9257174, 15.3782958 ], [ 73.9257926, 15.3789783 ], [ 73.9258395, 15.3794467 ], [ 73.925867, 15.3799287 ], [ 73.9258643, 15.3801002 ], [ 73.925851, 15.3802691 ], [ 73.9257885, 15.3806153 ], [ 73.9257059, 15.3809013 ], [ 73.9256078, 15.3811848 ], [ 73.9254529, 15.3815328 ], [ 73.9251553, 15.3821093 ] ] } },
{ "type": "Feature", "properties": { "osm_id": "1366762855", "code": 5112, "fclass": "trunk", "name": null, "ref": "NH66", "oneway": "F", "maxspeed": 0, "layer": 0, "bridge": "F", "tunnel": "F" }, "geometry": { "type": "LineString", "coordinates": [ [ 73.8600972, 15.4657922 ], [ 73.8587143, 15.4651893 ], [ 73.858381, 15.4650584 ], [ 73.8580961, 15.4649574 ], [ 73.8579576, 15.4649163 ], [ 73.8575895, 15.4648329 ] ] } },
{ "type": "Feature", "properties": { "osm_id": "1366762856", "code": 5112, "fclass": "trunk", "name": null, "ref": "NH66", "oneway": "F", "maxspeed": 0, "layer": 0, "bridge": "F", "tunnel": "F" }, "geometry": { "type": "LineString", "coordinates": [ [ 73.8575052, 15.4649215 ], [ 73.8577285, 15.4649693 ], [ 73.857913, 15.4650131 ], [ 73.8581069, 15.4650725 ], [ 73.8583193, 15.4651432 ], [ 73.858524, 15.4652264 ], [ 73.8587948, 15.46534 ], [ 73.8591799, 15.4655038 ], [ 73.860054, 15.4658833 ] ] } },
{ "type": "Feature", "properties": { "osm_id": "1366778647", "code": 5112, "fclass": "trunk", "name": null, "ref": "NH66", "oneway": "F", "maxspeed": 0, "layer": 0, "bridge": "F", "tunnel": "F" }, "geometry": { "type": "LineString", "coordinates": [ [ 73.8623537, 15.4497809 ], [ 73.8623237, 15.4496271 ], [ 73.862306, 15.4495475 ], [ 73.8622992, 15.4493875 ], [ 73.8623288, 15.4492489 ], [ 73.8623803, 15.4490846 ], [ 73.8624376, 15.4489488 ], [ 73.8625266, 15.4486807 ], [ 73.862562, 15.4484604 ] ] } },
{ "type": "Feature", "properties": { "osm_id": "1366778648", "code": 5112, "fclass": "trunk", "name": null, "ref": "NH66", "oneway": "F", "maxspeed": 0, "layer": 1, "bridge": "T", "tunnel": "F" }, "geometry": { "type": "LineString", "coordinates": [ [ 73.8621152, 15.445961 ], [ 73.861988, 15.4461554 ], [ 73.8619161, 15.446328 ], [ 73.8618715, 15.4464799 ], [ 73.8618454, 15.4466377 ], [ 73.861833, 15.446813 ], [ 73.8618411, 15.4469803 ], [ 73.8618595, 15.4471462 ], [ 73.8619026, 15.4473091 ], [ 73.8619562, 15.4474472 ], [ 73.8620342, 15.4475958 ], [ 73.8622069, 15.4478784 ] ] } },
{ "type": "Feature", "properties": { "osm_id": "1366778656", "code": 5112, "fclass": "trunk", "name": null, "ref": "NH66", "oneway": "F", "maxspeed": 50, "layer": 1, "bridge": "T", "tunnel": "F" }, "geometry": { "type": "LineString", "coordinates": [ [ 73.8644624, 15.4662618 ], [ 73.864524, 15.466211 ], [ 73.8646259, 15.4661195 ] ] } },
{ "type": "Feature", "properties": { "osm_id": "1366778657", "code": 5112, "fclass": "trunk", "name": null, "ref": "NH66", "oneway": "F", "maxspeed": 0, "layer": 0, "bridge": "F", "tunnel": "F" }, "geometry": { "type": "LineString", "coordinates": [ [ 73.866369, 15.462524 ], [ 73.8663524, 15.4627485 ], [ 73.8662922, 15.463128 ], [ 73.8662285, 15.463394 ], [ 73.8661295, 15.4637508 ], [ 73.8659419, 15.4641521 ], [ 73.8657457, 15.4644551 ], [ 73.8653514, 15.4650317 ], [ 73.8648927, 15.4656547 ], [ 73.8645604, 15.4660102 ] ] } },
{ "type": "Feature", "properties": { "osm_id": "1366778658", "code": 5112, "fclass": "trunk", "name": null, "ref": "NH66", "oneway": "F", "maxspeed": 0, "layer": 1, "bridge": "T", "tunnel": "F" }, "geometry": { "type": "LineString", "coordinates": [ [ 73.8645604, 15.4660102 ], [ 73.8644824, 15.4660838 ], [ 73.8643643, 15.4661717 ] ] } },
{ "type": "Feature", "properties": { "osm_id": "1366790696", "code": 5112, "fclass": "trunk", "name": null, "ref": "NH66", "oneway": "F", "maxspeed": 0, "layer": 0, "bridge": "F", "tunnel": "F" }, "geometry": { "type": "LineString", "coordinates": [ [ 73.8337177, 15.5168891 ], [ 73.8339402, 15.5166641 ], [ 73.8339776, 15.5166263 ], [ 73.834321, 15.5161823 ] ] } },
{ "type": "Feature", "properties": { "osm_id": "1366790697", "code": 5112, "fclass": "trunk", "name": null, "ref": "NH66", "oneway": "F", "maxspeed": 0, "layer": 0, "bridge": "F", "tunnel": "F" }, "geometry": { "type": "LineString", "coordinates": [ [ 73.8342437, 15.5161304 ], [ 73.8340607, 15.5163753 ], [ 73.8339325, 15.51647 ] ] } },
{ "type": "Feature", "properties": { "osm_id": "1368616443", "code": 5112, "fclass": "trunk", "name": null, "ref": "NH566", "oneway": "F", "maxspeed": 50, "layer": 0, "bridge": "F", "tunnel": "F" }, "geometry": { "type": "LineString", "coordinates": [ [ 73.8480696, 15.3892471 ], [ 73.8479828, 15.3891121 ], [ 73.8478441, 15.3889051 ], [ 73.8476908, 15.3886843 ] ] } },
{ "type": "Feature", "properties": { "osm_id": "1368616444", "code": 5112, "fclass": "trunk", "name": null, "ref": "NH566", "oneway": "F", "maxspeed": 60, "layer": 0, "bridge": "F", "tunnel": "F" }, "geometry": { "type": "LineString", "coordinates": [ [ 73.8476241, 15.3887361 ], [ 73.8477767, 15.3890123 ], [ 73.8479306, 15.3892897 ], [ 73.8479409, 15.3893083 ] ] } },
{ "type": "Feature", "properties": { "osm_id": "1368616445", "code": 5112, "fclass": "trunk", "name": null, "ref": "NH566", "oneway": "F", "maxspeed": 60, "layer": 0, "bridge": "F", "tunnel": "F" }, "geometry": { "type": "LineString", "coordinates": [ [ 73.8475624, 15.3886256 ], [ 73.8475525, 15.388644 ], [ 73.8475487, 15.3886662 ], [ 73.8475523, 15.3886884 ], [ 73.8475631, 15.3887083 ], [ 73.8475799, 15.3887238 ], [ 73.8476009, 15.3887334 ], [ 73.8476241, 15.3887361 ], [ 73.8476464, 15.3887317 ], [ 73.8476662, 15.3887208 ], [ 73.8476815, 15.3887044 ], [ 73.8476908, 15.3886843 ], [ 73.8476941, 15.3886706 ], [ 73.8476919, 15.3886565 ], [ 73.8476885, 15.3886403 ], [ 73.8476759, 15.3886201 ], [ 73.8476546, 15.3886046 ], [ 73.8476409, 15.3885996 ], [ 73.8476176, 15.3885969 ], [ 73.8475965, 15.3886009 ], [ 73.8475775, 15.3886108 ], [ 73.8475624, 15.3886256 ] ] } },
{ "type": "Feature", "properties": { "osm_id": "1368644019", "code": 5112, "fclass": "trunk", "name": "Belgaum - Panaji Highway", "ref": "NH748", "oneway": "F", "maxspeed": 0, "layer": 0, "bridge": "F", "tunnel": "F" }, "geometry": { "type": "LineString", "coordinates": [ [ 73.8787349, 15.4965895 ], [ 73.8782231, 15.4969576 ], [ 73.877263, 15.4975704 ], [ 73.8765792, 15.4980068 ], [ 73.875767, 15.4984614 ], [ 73.8748212, 15.4989348 ], [ 73.8743011, 15.4991451 ], [ 73.874025, 15.4992208 ], [ 73.8737036, 15.4992725 ], [ 73.8732116, 15.4993243 ], [ 73.8726224, 15.4993646 ], [ 73.8721657, 15.4993763 ], [ 73.8709996, 15.4993811 ], [ 73.8705833, 15.4994139 ], [ 73.8702842, 15.4994458 ], [ 73.8695164, 15.4995258 ], [ 73.8692982, 15.4995589 ], [ 73.8692227, 15.4995698 ], [ 73.8661326, 15.5000352 ], [ 73.8654439, 15.5000657 ], [ 73.8651474, 15.5000449 ], [ 73.864907, 15.5000095 ], [ 73.8648738, 15.5000046 ] ] } },
{ "type": "Feature", "properties": { "osm_id": "1368644020", "code": 5112, "fclass": "trunk", "name": "Belgaum - Panaji Highway", "ref": "NH748", "oneway": "F", "maxspeed": 0, "layer": 1, "bridge": "T", "tunnel": "F" }, "geometry": { "type": "LineString", "coordinates": [ [ 73.8788301, 15.4965224 ], [ 73.8787896, 15.4965502 ], [ 73.8787349, 15.4965895 ] ] } },
{ "type": "Feature", "properties": { "osm_id": "1368644021", "code": 5112, "fclass": "trunk", "name": "Belgaum - Panaji Highway", "ref": "NH748", "oneway": "F", "maxspeed": 0, "layer": 0, "bridge": "F", "tunnel": "F" }, "geometry": { "type": "LineString", "coordinates": [ [ 73.8641798, 15.4999856 ], [ 73.8646467, 15.5000659 ], [ 73.8648486, 15.5001259 ], [ 73.865133, 15.5001725 ], [ 73.8654226, 15.5001934 ], [ 73.8661279, 15.5001653 ], [ 73.8692618, 15.4996828 ], [ 73.8695075, 15.4996517 ], [ 73.8695719, 15.4996472 ], [ 73.8703669, 15.4995545 ], [ 73.87087, 15.4995066 ], [ 73.8712007, 15.4994956 ], [ 73.8721872, 15.4994923 ], [ 73.8729915, 15.4994566 ], [ 73.873289, 15.49944 ], [ 73.8735858, 15.4994106 ], [ 73.8736319, 15.4994046 ], [ 73.87373, 15.4993917 ], [ 73.8740156, 15.4993502 ], [ 73.8742953, 15.4992803 ], [ 73.8745159, 15.499197 ], [ 73.874986, 15.4989931 ], [ 73.8758182, 15.4985782 ], [ 73.8766415, 15.4981062 ], [ 73.8776782, 15.4974411 ], [ 73.878306, 15.4970384 ], [ 73.8788055, 15.4966694 ] ] } },
{ "type": "Feature", "properties": { "osm_id": "1368644022", "code": 5112, "fclass": "trunk", "name": "Belgaum - Panaji Highway", "ref": "NH748", "oneway": "F", "maxspeed": 0, "layer": 1, "bridge": "T", "tunnel": "F" }, "geometry": { "type": "LineString", "coordinates": [ [ 73.8788055, 15.4966694 ], [ 73.8789074, 15.4965942 ] ] } },
{ "type": "Feature", "properties": { "osm_id": "1374372651", "code": 5112, "fclass": "trunk", "name": null, "ref": "NH366", "oneway": "F", "maxspeed": 0, "layer": 0, "bridge": "F", "tunnel": "F" }, "geometry": { "type": "LineString", "coordinates": [ [ 73.846724, 15.397701 ], [ 73.8466129, 15.3976296 ], [ 73.8463759, 15.3975759 ] ] } },
{ "type": "Feature", "properties": { "osm_id": "1374372652", "code": 5112, "fclass": "trunk", "name": null, "ref": "NH366", "oneway": "F", "maxspeed": 0, "layer": 0, "bridge": "F", "tunnel": "F" }, "geometry": { "type": "LineString", "coordinates": [ [ 73.8463704, 15.397681 ], [ 73.8465798, 15.3977196 ], [ 73.846724, 15.397701 ] ] } },
{ "type": "Feature", "properties": { "osm_id": "1374372654", "code": 5112, "fclass": "trunk", "name": null, "ref": "NH366", "oneway": "F", "maxspeed": 0, "layer": 0, "bridge": "F", "tunnel": "F" }, "geometry": { "type": "LineString", "coordinates": [ [ 73.845066, 15.3978655 ], [ 73.8447704, 15.397964 ], [ 73.8446316, 15.3980167 ], [ 73.8445265, 15.3981119 ] ] } },
{ "type": "Feature", "properties": { "osm_id": "1374372655", "code": 5112, "fclass": "trunk", "name": null, "ref": "NH366", "oneway": "F", "maxspeed": 0, "layer": 0, "bridge": "F", "tunnel": "F" }, "geometry": { "type": "LineString", "coordinates": [ [ 73.8445265, 15.3981119 ], [ 73.8446829, 15.3981118 ], [ 73.8451006, 15.3979638 ] ] } },
{ "type": "Feature", "properties": { "osm_id": "1374642148", "code": 5112, "fclass": "trunk", "name": "Belgaum - Panaji Highway", "ref": "NH748", "oneway": "F", "maxspeed": 0, "layer": 0, "bridge": "F", "tunnel": "F" }, "geometry": { "type": "LineString", "coordinates": [ [ 73.8625338, 15.4986051 ], [ 73.8624532, 15.4985459 ], [ 73.8620088, 15.4981643 ] ] } },
{ "type": "Feature", "properties": { "osm_id": "1374642149", "code": 5112, "fclass": "trunk", "name": "Belgaum - Panaji Highway", "ref": "NH748", "oneway": "F", "maxspeed": 0, "layer": 1, "bridge": "T", "tunnel": "F" }, "geometry": { "type": "LineString", "coordinates": [ [ 73.862658, 15.4987066 ], [ 73.8625868, 15.498644 ], [ 73.8625338, 15.4986051 ] ] } },
{ "type": "Feature", "properties": { "osm_id": "1374955676", "code": 5112, "fclass": "trunk", "name": null, "ref": "NH366", "oneway": "F", "maxspeed": 0, "layer": 0, "bridge": "F", "tunnel": "F" }, "geometry": { "type": "LineString", "coordinates": [ [ 73.9078716, 15.4026369 ], [ 73.9078593, 15.4027032 ], [ 73.9078378, 15.4027629 ] ] } },
{ "type": "Feature", "properties": { "osm_id": "1376377895", "code": 5112, "fclass": "trunk", "name": "Belgaum - Panaji Highway", "ref": "NH748", "oneway": "F", "maxspeed": 40, "layer": 0, "bridge": "F", "tunnel": "F" }, "geometry": { "type": "LineString", "coordinates": [ [ 73.9217341, 15.4982449 ], [ 73.921966, 15.4981273 ] ] } },
{ "type": "Feature", "properties": { "osm_id": "1376377896", "code": 5112, "fclass": "trunk", "name": null, "ref": null, "oneway": "F", "maxspeed": 0, "layer": 0, "bridge": "F", "tunnel": "F" }, "geometry": { "type": "LineString", "coordinates": [ [ 73.921966, 15.4981273 ], [ 73.921713, 15.4981531 ] ] } },
{ "type": "Feature", "properties": { "osm_id": "1377760871", "code": 5112, "fclass": "trunk", "name": null, "ref": "NH66", "oneway": "F", "maxspeed": 70, "layer": 1, "bridge": "F", "tunnel": "F" }, "geometry": { "type": "LineString", "coordinates": [ [ 73.806841, 15.5732822 ], [ 73.8067412, 15.5729618 ], [ 73.806665, 15.5726435 ], [ 73.8066003, 15.5721019 ], [ 73.806593, 15.571493 ], [ 73.8066205, 15.5711797 ], [ 73.8066925, 15.5707646 ], [ 73.8067317, 15.5705723 ] ] } },
{ "type": "Feature", "properties": { "osm_id": "1377760872", "code": 5112, "fclass": "trunk", "name": null, "ref": "NH66", "oneway": "F", "maxspeed": 70, "layer": 1, "bridge": "F", "tunnel": "F" }, "geometry": { "type": "LineString", "coordinates": [ [ 73.8066471, 15.570553 ], [ 73.8065968, 15.5707681 ], [ 73.8065154, 15.5711579 ], [ 73.8064849, 15.5715018 ], [ 73.806478, 15.5721246 ], [ 73.8065581, 15.5727068 ], [ 73.8067396, 15.5733408 ] ] } },
{ "type": "Feature", "properties": { "osm_id": "1378007955", "code": 5112, "fclass": "trunk", "name": null, "ref": "NH748", "oneway": "F", "maxspeed": 40, "layer": 0, "bridge": "F", "tunnel": "F" }, "geometry": { "type": "LineString", "coordinates": [ [ 73.8993108, 15.4870387 ], [ 73.8995308, 15.4869263 ], [ 73.8997802, 15.4868604 ], [ 73.9004324, 15.4867426 ], [ 73.9010841, 15.4866823 ], [ 73.9017978, 15.4867143 ] ] } },
{ "type": "Feature", "properties": { "osm_id": "1378007956", "code": 5112, "fclass": "trunk", "name": null, "ref": "NH748", "oneway": "F", "maxspeed": 40, "layer": 1, "bridge": "T", "tunnel": "F" }, "geometry": { "type": "LineString", "coordinates": [ [ 73.9017978, 15.4867143 ], [ 73.9019578, 15.4867275 ] ] } },
{ "type": "Feature", "properties": { "osm_id": "1378007957", "code": 5112, "fclass": "trunk", "name": null, "ref": "NH748", "oneway": "F", "maxspeed": 40, "layer": 0, "bridge": "F", "tunnel": "F" }, "geometry": { "type": "LineString", "coordinates": [ [ 73.9018055, 15.4865777 ], [ 73.9013828, 15.4865424 ], [ 73.9009188, 15.486545 ], [ 73.9005795, 15.4865799 ], [ 73.9001678, 15.4866252 ], [ 73.8998151, 15.4866949 ], [ 73.8995294, 15.4867828 ], [ 73.8991941, 15.4869392 ], [ 73.8987999, 15.4872235 ], [ 73.8982473, 15.487694 ], [ 73.8977196, 15.4881877 ] ] } },
{ "type": "Feature", "properties": { "osm_id": "1378007958", "code": 5112, "fclass": "trunk", "name": null, "ref": "NH748", "oneway": "F", "maxspeed": 40, "layer": 1, "bridge": "T", "tunnel": "F" }, "geometry": { "type": "LineString", "coordinates": [ [ 73.9019809, 15.4865947 ], [ 73.9018055, 15.4865777 ] ] } },
{ "type": "Feature", "properties": { "osm_id": "1378322089", "code": 5112, "fclass": "trunk", "name": "Belgaum - Panaji Highway", "ref": "NH748", "oneway": "B", "maxspeed": 50, "layer": 0, "bridge": "F", "tunnel": "F" }, "geometry": { "type": "LineString", "coordinates": [ [ 73.926312, 15.4974467 ], [ 73.9270209, 15.497324 ], [ 73.9274016, 15.497264 ], [ 73.9278832, 15.4971553 ], [ 73.928912, 15.4969558 ], [ 73.9295333, 15.4968436 ], [ 73.9307894, 15.4966232 ], [ 73.9313543, 15.4965177 ], [ 73.9316501, 15.4964647 ], [ 73.9318553, 15.496428 ], [ 73.932292, 15.4963501 ], [ 73.9328558, 15.4962496 ], [ 73.9332525, 15.4961543 ], [ 73.9336291, 15.4960448 ], [ 73.9339382, 15.4959392 ], [ 73.9339878, 15.4959223 ], [ 73.9349459, 15.4955758 ], [ 73.9357341, 15.4952908 ], [ 73.9360186, 15.4951879 ], [ 73.9361519, 15.4951371 ], [ 73.9363732, 15.4950511 ] ] } },
{ "type": "Feature", "properties": { "osm_id": "1378322090", "code": 5112, "fclass": "trunk", "name": "Belgaum - Panaji Highway", "ref": "NH748", "oneway": "B", "maxspeed": 50, "layer": 0, "bridge": "F", "tunnel": "F" }, "geometry": { "type": "LineString", "coordinates": [ [ 73.9480796, 15.4927075 ], [ 73.9525773, 15.4915935 ], [ 73.9528981, 15.4915126 ], [ 73.9538141, 15.4912691 ] ] } },
{ "type": "Feature", "properties": { "osm_id": "1378322091", "code": 5112, "fclass": "trunk", "name": "Belgaum - Panaji Highway", "ref": "NH748", "oneway": "F", "maxspeed": 50, "layer": 0, "bridge": "F", "tunnel": "F" }, "geometry": { "type": "LineString", "coordinates": [ [ 73.9480796, 15.4927075 ], [ 73.9479813, 15.4926987 ], [ 73.9473366, 15.4928264 ], [ 73.9471985, 15.4928512 ], [ 73.9471813, 15.4928543 ], [ 73.9470329, 15.4928743 ], [ 73.9468797, 15.4928831 ], [ 73.9467377, 15.492895 ], [ 73.946501, 15.4929092 ], [ 73.9453899, 15.4929474 ], [ 73.9450882, 15.4929477 ], [ 73.9447198, 15.4929482 ], [ 73.9444702, 15.4929527 ], [ 73.9436245, 15.4929944 ], [ 73.9433504, 15.4930019 ], [ 73.9428588, 15.4930013 ], [ 73.9423072, 15.492982 ], [ 73.9420791, 15.492986 ], [ 73.9418589, 15.4930096 ], [ 73.9415904, 15.4930493 ], [ 73.9412742, 15.493126 ], [ 73.9406234, 15.4933526 ], [ 73.9397909, 15.4936777 ], [ 73.9393635, 15.4938298 ], [ 73.9384309, 15.4941754 ], [ 73.9380222, 15.4943247 ], [ 73.936466, 15.4949681 ], [ 73.9363732, 15.4950511 ] ] } },
{ "type": "Feature", "properties": { "osm_id": "1381299847", "code": 5112, "fclass": "trunk", "name": "New Zuari Bridge", "ref": "NH66", "oneway": "F", "maxspeed": 0, "layer": 1, "bridge": "T", "tunnel": "F" }, "geometry": { "type": "LineString", "coordinates": [ [ 73.8996606, 15.4234247 ], [ 73.9000467, 15.4232325 ], [ 73.9003341, 15.4230476 ], [ 73.9006235, 15.4228123 ], [ 73.900856, 15.4225565 ], [ 73.9010797, 15.4222429 ], [ 73.9012308, 15.4219749 ], [ 73.9015816, 15.4212317 ], [ 73.9018506, 15.4207248 ], [ 73.9020607, 15.4204043 ] ] } },
{ "type": "Feature", "properties": { "osm_id": "1381299855", "code": 5112, "fclass": "trunk", "name": "New Zuari Bridge", "ref": "NH66", "oneway": "F", "maxspeed": 0, "layer": 1, "bridge": "T", "tunnel": "F" }, "geometry": { "type": "LineString", "coordinates": [ [ 73.9068408, 15.4054422 ], [ 73.9063543, 15.4062926 ], [ 73.9060995, 15.4067994 ], [ 73.9059922, 15.4070942 ], [ 73.9059278, 15.4073631 ], [ 73.9058903, 15.4076605 ], [ 73.9058688, 15.4080458 ], [ 73.9057639, 15.4084402 ] ] } },
{ "type": "Feature", "properties": { "osm_id": "1381303044", "code": 5112, "fclass": "trunk", "name": "New Zuari Bridge", "ref": "NH66", "oneway": "F", "maxspeed": 0, "layer": 2, "bridge": "T", "tunnel": "F" }, "geometry": { "type": "LineString", "coordinates": [ [ 73.9072889, 15.4047539 ], [ 73.9068408, 15.4054422 ] ] } },
{ "type": "Feature", "properties": { "osm_id": "1381303045", "code": 5112, "fclass": "trunk", "name": "New Zuari Bridge", "ref": "NH66", "oneway": "F", "maxspeed": 0, "layer": 2, "bridge": "T", "tunnel": "F" }, "geometry": { "type": "LineString", "coordinates": [ [ 73.9068727, 15.4056534 ], [ 73.9074056, 15.4048196 ] ] } },
{ "type": "Feature", "properties": { "osm_id": "1381303046", "code": 5112, "fclass": "trunk", "name": "New Zuari Bridge", "ref": "NH66", "oneway": "F", "maxspeed": 0, "layer": 2, "bridge": "T", "tunnel": "F" }, "geometry": { "type": "LineString", "coordinates": [ [ 73.9061189, 15.4083462 ], [ 73.9060821, 15.4082604 ], [ 73.9060007, 15.4078906 ], [ 73.9059927, 15.4077252 ], [ 73.9060459, 15.4073838 ], [ 73.9061294, 15.4071123 ], [ 73.9062233, 15.4068563 ], [ 73.9064616, 15.4063495 ], [ 73.9068727, 15.4056534 ] ] } },
{ "type": "Feature", "properties": { "osm_id": "1381303047", "code": 5112, "fclass": "trunk", "name": null, "ref": "NH66", "oneway": "F", "maxspeed": 50, "layer": 0, "bridge": "F", "tunnel": "F" }, "geometry": { "type": "LineString", "coordinates": [ [ 73.894518, 15.4260485 ], [ 73.8939668, 15.4265021 ] ] } },
{ "type": "Feature", "properties": { "osm_id": "1381303048", "code": 5112, "fclass": "trunk", "name": null, "ref": "NH66", "oneway": "F", "maxspeed": 50, "layer": 0, "bridge": "F", "tunnel": "F" }, "geometry": { "type": "LineString", "coordinates": [ [ 73.8960709, 15.4248584 ], [ 73.8958121, 15.4250627 ], [ 73.8951274, 15.4255847 ], [ 73.894518, 15.4260485 ] ] } },
{ "type": "Feature", "properties": { "osm_id": "1381303049", "code": 5112, "fclass": "trunk", "name": null, "ref": "NH66", "oneway": "F", "maxspeed": 50, "layer": 0, "bridge": "F", "tunnel": "F" }, "geometry": { "type": "LineString", "coordinates": [ [ 73.8940351, 15.4266059 ], [ 73.8948975, 15.4259306 ], [ 73.8951742, 15.4257097 ], [ 73.8958748, 15.4251813 ], [ 73.8960395, 15.4250508 ], [ 73.8967902, 15.4245636 ] ] } },
{ "type": "Feature", "properties": { "osm_id": "1381303050", "code": 5112, "fclass": "trunk", "name": null, "ref": "NH66", "oneway": "F", "maxspeed": 50, "layer": 0, "bridge": "F", "tunnel": "F" }, "geometry": { "type": "LineString", "coordinates": [ [ 73.8935693, 15.4269796 ], [ 73.8940351, 15.4266059 ] ] } },
{ "type": "Feature", "properties": { "osm_id": "1381303052", "code": 5112, "fclass": "trunk", "name": "New Zuari Bridge", "ref": "NH66", "oneway": "F", "maxspeed": 0, "layer": 2, "bridge": "T", "tunnel": "F" }, "geometry": { "type": "LineString", "coordinates": [ [ 73.9061858, 15.4085966 ], [ 73.9061189, 15.4083462 ] ] } },
{ "type": "Feature", "properties": { "osm_id": "1381915109", "code": 5112, "fclass": "trunk", "name": null, "ref": "NH66", "oneway": "F", "maxspeed": 0, "layer": 1, "bridge": "T", "tunnel": "F" }, "geometry": { "type": "LineString", "coordinates": [ [ 73.8572307, 15.4648716 ], [ 73.8575052, 15.4649215 ] ] } },
{ "type": "Feature", "properties": { "osm_id": "1381915110", "code": 5112, "fclass": "trunk", "name": null, "ref": "NH66", "oneway": "F", "maxspeed": 50, "layer": 0, "bridge": "F", "tunnel": "F" }, "geometry": { "type": "LineString", "coordinates": [ [ 73.8572692, 15.4647761 ], [ 73.8568733, 15.4647386 ] ] } },
{ "type": "Feature", "properties": { "osm_id": "1381915111", "code": 5112, "fclass": "trunk", "name": null, "ref": "NH66", "oneway": "F", "maxspeed": 0, "layer": 0, "bridge": "F", "tunnel": "F" }, "geometry": { "type": "LineString", "coordinates": [ [ 73.8568717, 15.4648393 ], [ 73.8572307, 15.4648716 ] ] } },
{ "type": "Feature", "properties": { "osm_id": "1381915112", "code": 5112, "fclass": "trunk", "name": null, "ref": "NH66", "oneway": "F", "maxspeed": 50, "layer": 1, "bridge": "T", "tunnel": "F" }, "geometry": { "type": "LineString", "coordinates": [ [ 73.8568733, 15.4647386 ], [ 73.8563024, 15.464712 ] ] } },
{ "type": "Feature", "properties": { "osm_id": "1381915113", "code": 5112, "fclass": "trunk", "name": null, "ref": "NH66", "oneway": "F", "maxspeed": 50, "layer": 0, "bridge": "F", "tunnel": "F" }, "geometry": { "type": "LineString", "coordinates": [ [ 73.8563024, 15.464712 ], [ 73.8547394, 15.4646906 ] ] } },
{ "type": "Feature", "properties": { "osm_id": "1382929983", "code": 5112, "fclass": "trunk", "name": null, "ref": null, "oneway": "F", "maxspeed": 0, "layer": 0, "bridge": "F", "tunnel": "F" }, "geometry": { "type": "LineString", "coordinates": [ [ 73.8843231, 15.4349331 ], [ 73.8839361, 15.4352762 ] ] } },
{ "type": "Feature", "properties": { "osm_id": "1382929984", "code": 5112, "fclass": "trunk", "name": null, "ref": null, "oneway": "F", "maxspeed": 0, "layer": 0, "bridge": "F", "tunnel": "F" }, "geometry": { "type": "LineString", "coordinates": [ [ 73.8839361, 15.4352762 ], [ 73.8838136, 15.4353849 ] ] } },
{ "type": "Feature", "properties": { "osm_id": "1382929985", "code": 5112, "fclass": "trunk", "name": null, "ref": null, "oneway": "F", "maxspeed": 0, "layer": 0, "bridge": "F", "tunnel": "F" }, "geometry": { "type": "LineString", "coordinates": [ [ 73.8838136, 15.4353849 ], [ 73.883664, 15.4355176 ] ] } },
{ "type": "Feature", "properties": { "osm_id": "1382929986", "code": 5112, "fclass": "trunk", "name": null, "ref": null, "oneway": "F", "maxspeed": 0, "layer": 0, "bridge": "F", "tunnel": "F" }, "geometry": { "type": "LineString", "coordinates": [ [ 73.8840095, 15.4353747 ], [ 73.8842756, 15.4351387 ] ] } },
{ "type": "Feature", "properties": { "osm_id": "1382929987", "code": 5112, "fclass": "trunk", "name": null, "ref": null, "oneway": "F", "maxspeed": 0, "layer": 0, "bridge": "F", "tunnel": "F" }, "geometry": { "type": "LineString", "coordinates": [ [ 73.8837712, 15.4355851 ], [ 73.8838953, 15.4354753 ] ] } },
{ "type": "Feature", "properties": { "osm_id": "1382929988", "code": 5112, "fclass": "trunk", "name": null, "ref": null, "oneway": "F", "maxspeed": 0, "layer": 0, "bridge": "F", "tunnel": "F" }, "geometry": { "type": "LineString", "coordinates": [ [ 73.8838953, 15.4354753 ], [ 73.8840095, 15.4353747 ] ] } },
{ "type": "Feature", "properties": { "osm_id": "1389991567", "code": 5112, "fclass": "trunk", "name": null, "ref": "NH566", "oneway": "F", "maxspeed": 50, "layer": 0, "bridge": "F", "tunnel": "F" }, "geometry": { "type": "LineString", "coordinates": [ [ 73.8922076, 15.3725368 ], [ 73.8930124, 15.3723713 ], [ 73.8934632, 15.3722879 ], [ 73.8937595, 15.3722428 ], [ 73.89407, 15.3722113 ], [ 73.8943719, 15.3722004 ], [ 73.8945803, 15.3722045 ], [ 73.8947943, 15.3722195 ], [ 73.8950197, 15.3722482 ], [ 73.8952267, 15.372281 ], [ 73.8954974, 15.3723357 ], [ 73.8957356, 15.3724041 ], [ 73.8960645, 15.3725066 ], [ 73.8964557, 15.3726474 ], [ 73.896906, 15.372812 ], [ 73.8969193, 15.3728168 ], [ 73.8980023, 15.3732173 ], [ 73.8987113, 15.3735039 ], [ 73.8996064, 15.3738844 ], [ 73.9002246, 15.3741396 ], [ 73.9009045, 15.3744246 ], [ 73.9017768, 15.3748009 ], [ 73.9024679, 15.3750901 ], [ 73.9028554, 15.3752209 ], [ 73.9035823, 15.3754518 ], [ 73.9042351, 15.3756481 ], [ 73.9046605, 15.3757826 ], [ 73.90492, 15.3758647 ], [ 73.9051215, 15.375937 ], [ 73.9055506, 15.3760967 ], [ 73.9063496, 15.3764096 ], [ 73.9067128, 15.3765481 ], [ 73.9072404, 15.3767492 ], [ 73.9076181, 15.3768932 ], [ 73.9089745, 15.3773893 ], [ 73.9102805, 15.3778399 ], [ 73.9106007, 15.3779395 ], [ 73.9109302, 15.3780299 ], [ 73.9111325, 15.3780728 ], [ 73.9113731, 15.3781147 ], [ 73.9117977, 15.3781668 ], [ 73.9123074, 15.3781989 ], [ 73.912827, 15.3782338 ], [ 73.9133286, 15.3782675 ], [ 73.9140743, 15.378329 ], [ 73.9145279, 15.3783604 ], [ 73.9150113, 15.3783973 ], [ 73.9154351, 15.3784083 ], [ 73.9158531, 15.3783931 ], [ 73.9163637, 15.3783588 ], [ 73.916678, 15.3783245 ], [ 73.9171115, 15.3782461 ], [ 73.9174963, 15.3781518 ], [ 73.917714, 15.3780985 ], [ 73.9181032, 15.3779855 ], [ 73.9184338, 15.3778615 ], [ 73.9187594, 15.377695 ], [ 73.9192724, 15.3774203 ], [ 73.919927, 15.3770796 ], [ 73.920409, 15.3768158 ], [ 73.9205604, 15.3767514 ], [ 73.9207167, 15.3766965 ], [ 73.920891, 15.3766494 ], [ 73.9211564, 15.3765928 ], [ 73.9214234, 15.3765505 ], [ 73.9217507, 15.3765096 ], [ 73.9224607, 15.376428 ], [ 73.9234947, 15.376304 ], [ 73.9242747, 15.376216 ], [ 73.9246476, 15.3761815 ], [ 73.924734, 15.3761754 ], [ 73.925294, 15.3761358 ], [ 73.9257351, 15.3761082 ], [ 73.9258123, 15.3761033 ] ] } },
{ "type": "Feature", "properties": { "osm_id": "1389991568", "code": 5112, "fclass": "trunk", "name": null, "ref": "NH566", "oneway": "F", "maxspeed": 50, "layer": 0, "bridge": "F", "tunnel": "F" }, "geometry": { "type": "LineString", "coordinates": [ [ 73.8921082, 15.3725598 ], [ 73.8922076, 15.3725368 ] ] } },
{ "type": "Feature", "properties": { "osm_id": "1390056023", "code": 5112, "fclass": "trunk", "name": null, "ref": "NH566", "oneway": "F", "maxspeed": 30, "layer": 0, "bridge": "F", "tunnel": "F" }, "geometry": { "type": "LineString", "coordinates": [ [ 73.8194971, 15.3856689 ], [ 73.8205279, 15.3874832 ], [ 73.8208184, 15.3878624 ], [ 73.8211271, 15.3881679 ], [ 73.8211913, 15.3882164 ], [ 73.8214796, 15.3884342 ], [ 73.8219784, 15.3888054 ], [ 73.8224966, 15.3891296 ], [ 73.8235721, 15.3897358 ], [ 73.8239035, 15.3898783 ], [ 73.8240839, 15.3899332 ], [ 73.8242496, 15.3899692 ], [ 73.8244039, 15.3899911 ], [ 73.8245599, 15.3899974 ], [ 73.8247792, 15.3899833 ], [ 73.8250018, 15.3899551 ], [ 73.825213, 15.3899144 ], [ 73.8254307, 15.3898564 ], [ 73.8258693, 15.3897186 ], [ 73.8262722, 15.3895792 ], [ 73.8267991, 15.3893837 ] ] } },
{ "type": "Feature", "properties": { "osm_id": "1390056024", "code": 5112, "fclass": "trunk", "name": null, "ref": "NH566", "oneway": "F", "maxspeed": 30, "layer": 0, "bridge": "F", "tunnel": "F" }, "geometry": { "type": "LineString", "coordinates": [ [ 73.8267741, 15.3892878 ], [ 73.8266546, 15.3893447 ], [ 73.8263739, 15.3894492 ], [ 73.8259356, 15.3896011 ], [ 73.8254751, 15.3897555 ], [ 73.825224, 15.3898243 ], [ 73.8250368, 15.3898599 ], [ 73.8249226, 15.3898718 ], [ 73.8246958, 15.3898955 ], [ 73.8243621, 15.389892 ], [ 73.8241556, 15.3898545 ], [ 73.8239321, 15.3897904 ], [ 73.8237186, 15.3896963 ], [ 73.823481, 15.3895763 ], [ 73.8230199, 15.3893118 ], [ 73.822358, 15.3889368 ], [ 73.8219436, 15.3886627 ], [ 73.8216394, 15.3884404 ], [ 73.8215519, 15.3883764 ], [ 73.8212888, 15.3881718 ], [ 73.8210767, 15.3879946 ], [ 73.8209168, 15.3878255 ], [ 73.8207938, 15.38767 ], [ 73.8206213, 15.3874178 ], [ 73.8204247, 15.3870796 ], [ 73.820197, 15.3866746 ], [ 73.8200089, 15.3863187 ], [ 73.8198618, 15.3860255 ], [ 73.8197302, 15.3858033 ], [ 73.8195856, 15.3856016 ] ] } },
{ "type": "Feature", "properties": { "osm_id": "1390056025", "code": 5112, "fclass": "trunk", "name": null, "ref": "NH566", "oneway": "F", "maxspeed": 30, "layer": 0, "bridge": "F", "tunnel": "F" }, "geometry": { "type": "LineString", "coordinates": [ [ 73.8270659, 15.3891303 ], [ 73.8268935, 15.3892308 ], [ 73.8267741, 15.3892878 ] ] } },
{ "type": "Feature", "properties": { "osm_id": "1390056026", "code": 5112, "fclass": "trunk", "name": null, "ref": "NH566", "oneway": "F", "maxspeed": 30, "layer": 0, "bridge": "F", "tunnel": "F" }, "geometry": { "type": "LineString", "coordinates": [ [ 73.8267991, 15.3893837 ], [ 73.8268619, 15.3893521 ], [ 73.8270488, 15.3892581 ] ] } },
{ "type": "Feature", "properties": { "osm_id": "1391535251", "code": 5112, "fclass": "trunk", "name": null, "ref": null, "oneway": "F", "maxspeed": 0, "layer": 1, "bridge": "T", "tunnel": "F" }, "geometry": { "type": "LineString", "coordinates": [ [ 73.807629, 15.3915286 ], [ 73.8075443, 15.3915022 ] ] } },
{ "type": "Feature", "properties": { "osm_id": "1391535252", "code": 5112, "fclass": "trunk", "name": null, "ref": null, "oneway": "F", "maxspeed": 0, "layer": 1, "bridge": "T", "tunnel": "F" }, "geometry": { "type": "LineString", "coordinates": [ [ 73.8073964, 15.3918369 ], [ 73.8074818, 15.3918602 ] ] } },
{ "type": "Feature", "properties": { "osm_id": "1392071114", "code": 5112, "fclass": "trunk", "name": null, "ref": "NH366", "oneway": "F", "maxspeed": 0, "layer": 0, "bridge": "F", "tunnel": "F" }, "geometry": { "type": "LineString", "coordinates": [ [ 73.8589698, 15.3972078 ], [ 73.8592816, 15.3973873 ] ] } },
{ "type": "Feature", "properties": { "osm_id": "1392071115", "code": 5112, "fclass": "trunk", "name": null, "ref": "NH366", "oneway": "F", "maxspeed": 0, "layer": 0, "bridge": "F", "tunnel": "F" }, "geometry": { "type": "LineString", "coordinates": [ [ 73.8592816, 15.3973873 ], [ 73.859082, 15.3971598 ] ] } },
{ "type": "Feature", "properties": { "osm_id": "1408893458", "code": 5112, "fclass": "trunk", "name": "Baina Beach Flyover", "ref": "NH566", "oneway": "F", "maxspeed": 0, "layer": 1, "bridge": "T", "tunnel": "F" }, "geometry": { "type": "LineString", "coordinates": [ [ 73.8074818, 15.3918602 ], [ 73.807629, 15.3915286 ], [ 73.8076473, 15.3914865 ], [ 73.8076845, 15.3913725 ], [ 73.8077182, 15.3912373 ], [ 73.8078058, 15.3907895 ], [ 73.8079374, 15.3901129 ], [ 73.8080688, 15.3894276 ], [ 73.8082005, 15.388749 ], [ 73.8083322, 15.3880647 ], [ 73.8083663, 15.3878287 ], [ 73.8083924, 15.3875861 ], [ 73.8084134, 15.3873749 ], [ 73.8084814, 15.3866854 ], [ 73.8085379, 15.3860018 ], [ 73.8085541, 15.3857909 ], [ 73.808576, 15.3856002 ], [ 73.8085963, 15.3854732 ], [ 73.8086318, 15.3853151 ], [ 73.8086821, 15.3851624 ], [ 73.8087632, 15.3849734 ], [ 73.8088392, 15.3848496 ], [ 73.8089305, 15.3847176 ], [ 73.8090751, 15.3845371 ], [ 73.8092187, 15.3844068 ], [ 73.8094282, 15.3842602 ], [ 73.8096102, 15.3841622 ], [ 73.8097944, 15.384084 ], [ 73.8099617, 15.3840351 ], [ 73.8100986, 15.3840058 ], [ 73.8103385, 15.3839765 ], [ 73.810543, 15.3839716 ], [ 73.8107795, 15.383983 ] ] } },
{ "type": "Feature", "properties": { "osm_id": "1408893459", "code": 5112, "fclass": "trunk", "name": "Baina Beach Flyover", "ref": "NH566", "oneway": "F", "maxspeed": 0, "layer": 1, "bridge": "T", "tunnel": "F" }, "geometry": { "type": "LineString", "coordinates": [ [ 73.8107938, 15.3838954 ], [ 73.810618, 15.3838872 ], [ 73.8104744, 15.3838839 ], [ 73.8102733, 15.3838954 ], [ 73.8100831, 15.3839223 ], [ 73.8099771, 15.3839443 ], [ 73.8098336, 15.3839857 ], [ 73.8096016, 15.3840723 ], [ 73.8093908, 15.3841837 ], [ 73.8092245, 15.3842975 ], [ 73.8091132, 15.384388 ], [ 73.8090126, 15.3844889 ], [ 73.8088663, 15.3846576 ], [ 73.8087939, 15.3847572 ], [ 73.8087148, 15.3848852 ], [ 73.8086343, 15.3850533 ], [ 73.808551, 15.3852922 ], [ 73.8085107, 15.3854552 ], [ 73.8084866, 15.3856297 ], [ 73.8084526, 15.385994 ], [ 73.8083986, 15.3866822 ], [ 73.8083257, 15.3873661 ], [ 73.8083038, 15.3875827 ], [ 73.8082804, 15.3877942 ], [ 73.8082415, 15.3880532 ], [ 73.8081149, 15.3887354 ], [ 73.8079829, 15.3894132 ], [ 73.8078517, 15.3900897 ], [ 73.807716, 15.390779 ], [ 73.8076256, 15.3912176 ], [ 73.8075952, 15.3913431 ], [ 73.8075631, 15.3914555 ], [ 73.8075443, 15.3915022 ], [ 73.8075009, 15.3916104 ], [ 73.8073964, 15.3918369 ] ] } },
{ "type": "Feature", "properties": { "osm_id": "1424858512", "code": 5112, "fclass": "trunk", "name": "New Zuari Bridge", "ref": "NH66", "oneway": "F", "maxspeed": 0, "layer": 1, "bridge": "T", "tunnel": "F" }, "geometry": { "type": "LineString", "coordinates": [ [ 73.8967902, 15.4245636 ], [ 73.8969451, 15.4244805 ] ] } },
{ "type": "Feature", "properties": { "osm_id": "1424858513", "code": 5112, "fclass": "trunk", "name": "New Zuari Bridge", "ref": "NH66", "oneway": "F", "maxspeed": 50, "layer": 1, "bridge": "T", "tunnel": "F" }, "geometry": { "type": "LineString", "coordinates": [ [ 73.8968432, 15.4243977 ], [ 73.8967988, 15.4244241 ], [ 73.8966916, 15.4244877 ] ] } },
{ "type": "Feature", "properties": { "osm_id": "1424858514", "code": 5112, "fclass": "trunk", "name": "New Zuari Bridge", "ref": "NH66", "oneway": "F", "maxspeed": 50, "layer": 1, "bridge": "T", "tunnel": "F" }, "geometry": { "type": "LineString", "coordinates": [ [ 73.8999911, 15.4231245 ], [ 73.8996217, 15.4233053 ] ] } },
{ "type": "Feature", "properties": { "osm_id": "1424858515", "code": 5112, "fclass": "trunk", "name": "New Zuari Bridge", "ref": "NH66", "oneway": "F", "maxspeed": 0, "layer": 1, "bridge": "F", "tunnel": "F" }, "geometry": { "type": "LineString", "coordinates": [ [ 73.8969451, 15.4244805 ], [ 73.8975415, 15.4242024 ], [ 73.8980142, 15.4240066 ], [ 73.8992147, 15.4236013 ], [ 73.8996606, 15.4234247 ] ] } },
{ "type": "Feature", "properties": { "osm_id": "1426636650", "code": 5112, "fclass": "trunk", "name": null, "ref": "NH66", "oneway": "F", "maxspeed": 50, "layer": 0, "bridge": "F", "tunnel": "F" }, "geometry": { "type": "LineString", "coordinates": [ [ 73.8272486, 15.5250924 ], [ 73.8273632, 15.5250618 ], [ 73.8274804, 15.5250795 ], [ 73.8279294, 15.5252081 ], [ 73.8282585, 15.5252469 ] ] } },
{ "type": "Feature", "properties": { "osm_id": "1426636651", "code": 5112, "fclass": "trunk", "name": null, "ref": "NH66", "oneway": "F", "maxspeed": 50, "layer": 0, "bridge": "F", "tunnel": "F" }, "geometry": { "type": "LineString", "coordinates": [ [ 73.8283136, 15.5252088 ], [ 73.8282956, 15.525211 ], [ 73.8282792, 15.5252187 ], [ 73.8282664, 15.5252312 ], [ 73.8282585, 15.5252469 ], [ 73.8282562, 15.525262 ], [ 73.8282585, 15.525277 ], [ 73.8282651, 15.5252908 ], [ 73.8282754, 15.5253022 ], [ 73.8282892, 15.5253105 ], [ 73.8283048, 15.5253147 ], [ 73.8283211, 15.5253142 ], [ 73.8283365, 15.5253092 ], [ 73.8283497, 15.5253001 ], [ 73.8283596, 15.5252877 ], [ 73.8283658, 15.5252707 ], [ 73.8283657, 15.5252527 ], [ 73.8283593, 15.5252357 ], [ 73.8283475, 15.5252217 ], [ 73.8283314, 15.5252124 ], [ 73.8283136, 15.5252088 ] ] } },
{ "type": "Feature", "properties": { "osm_id": "1427856020", "code": 5112, "fclass": "trunk", "name": null, "ref": "NH66", "oneway": "F", "maxspeed": 50, "layer": 0, "bridge": "F", "tunnel": "F" }, "geometry": { "type": "LineString", "coordinates": [ [ 73.8283787, 15.5247653 ], [ 73.8284981, 15.5242815 ], [ 73.828566, 15.5240066 ], [ 73.8287323, 15.5233321 ], [ 73.8288321, 15.5229321 ], [ 73.8290113, 15.5221924 ], [ 73.8291132, 15.5217815 ], [ 73.8293304, 15.5210139 ], [ 73.8294281, 15.5205994 ] ] } },
{ "type": "Feature", "properties": { "osm_id": "1427856021", "code": 5112, "fclass": "trunk", "name": null, "ref": "NH66", "oneway": "B", "maxspeed": 0, "layer": 0, "bridge": "F", "tunnel": "F" }, "geometry": { "type": "LineString", "coordinates": [ [ 73.8271054, 15.5244007 ], [ 73.8269174, 15.5250059 ], [ 73.8267099, 15.5255998 ] ] } },
{ "type": "Feature", "properties": { "osm_id": "1427856022", "code": 5112, "fclass": "trunk", "name": null, "ref": null, "oneway": "F", "maxspeed": 0, "layer": 0, "bridge": "F", "tunnel": "F" }, "geometry": { "type": "LineString", "coordinates": [ [ 73.8267265, 15.5258256 ], [ 73.8267099, 15.5255998 ] ] } },
{ "type": "Feature", "properties": { "osm_id": "1427856024", "code": 5112, "fclass": "trunk", "name": null, "ref": "NH66", "oneway": "F", "maxspeed": 0, "layer": 0, "bridge": "F", "tunnel": "F" }, "geometry": { "type": "LineString", "coordinates": [ [ 73.8267099, 15.5255998 ], [ 73.8266675, 15.5257213 ], [ 73.826604, 15.5259031 ], [ 73.8260125, 15.5274755 ], [ 73.8252596, 15.5297604 ], [ 73.824897, 15.5309786 ], [ 73.8247998, 15.5311674 ], [ 73.8247439, 15.5313172 ], [ 73.8247164, 15.5314214 ] ] } },
{ "type": "Feature", "properties": { "osm_id": "1427856027", "code": 5112, "fclass": "trunk", "name": null, "ref": "NH66", "oneway": "F", "maxspeed": 50, "layer": 0, "bridge": "F", "tunnel": "F" }, "geometry": { "type": "LineString", "coordinates": [ [ 73.8267265, 15.5258256 ], [ 73.8272486, 15.5250924 ] ] } },
{ "type": "Feature", "properties": { "osm_id": "1445782406", "code": 5112, "fclass": "trunk", "name": null, "ref": "NH66", "oneway": "F", "maxspeed": 0, "layer": 1, "bridge": "T", "tunnel": "F" }, "geometry": { "type": "LineString", "coordinates": [ [ 73.8408494, 15.4932332 ], [ 73.8397717, 15.4939473 ] ] } },
{ "type": "Feature", "properties": { "osm_id": "1445782407", "code": 5112, "fclass": "trunk", "name": null, "ref": "NH66", "oneway": "F", "maxspeed": 0, "layer": 1, "bridge": "T", "tunnel": "F" }, "geometry": { "type": "LineString", "coordinates": [ [ 73.841216, 15.4930323 ], [ 73.8408494, 15.4932332 ] ] } }
]
}
