{
"type": "FeatureCollection",
"name": "Satehighway",
"crs": { "type": "name", "properties": { "name": "urn:ogc:def:crs:OGC:1.3:CRS84" } },
"features": [
{ "type": "Feature", "properties": { "osm_id": "22865489", "code": 5113, "fclass": "primary", "name": null, "ref": null, "oneway": "F", "maxspeed": 0, "layer": 0, "bridge": "F", "tunnel": "F" }, "geometry": { "type": "LineString", "coordinates": [ [ 73.8324169, 15.3991337 ], [ 73.832758, 15.3991285 ] ] } },
{ "type": "Feature", "properties": { "osm_id": "38333961", "code": 5113, "fclass": "primary", "name": "Avenida Dom João de Castro", "ref": null, "oneway": "F", "maxspeed": 0, "layer": 1, "bridge": "T", "tunnel": "F" }, "geometry": { "type": "LineString", "coordinates": [ [ 73.835235, 15.4994507 ], [ 73.833821, 15.4996879 ] ] } },
{ "type": "Feature", "properties": { "osm_id": "38333962", "code": 5113, "fclass": "primary", "name": "Avenida Dom João de Castro", "ref": null, "oneway": "F", "maxspeed": 0, "layer": 0, "bridge": "F", "tunnel": "F" }, "geometry": { "type": "LineString", "coordinates": [ [ 73.8279098, 15.501195 ], [ 73.8276878, 15.5012108 ], [ 73.8273343, 15.5011965 ], [ 73.8267514, 15.501152 ], [ 73.8259533, 15.5010819 ], [ 73.8251871, 15.5009963 ], [ 73.8238455, 15.5007642 ], [ 73.8231345, 15.5006452 ], [ 73.8226671, 15.5005557 ], [ 73.8222067, 15.5004464 ], [ 73.8216398, 15.5002875 ], [ 73.8214814, 15.5002496 ], [ 73.821412, 15.5002048 ] ] } },
{ "type": "Feature", "properties": { "osm_id": "38333963", "code": 5113, "fclass": "primary", "name": "Avenida Dom João de Castro", "ref": null, "oneway": "F", "maxspeed": 0, "layer": 1, "bridge": "T", "tunnel": "F" }, "geometry": { "type": "LineString", "coordinates": [ [ 73.8338068, 15.4997751 ], [ 73.8352541, 15.4995287 ] ] } },
{ "type": "Feature", "properties": { "osm_id": "38333964", "code": 5113, "fclass": "primary", "name": "Avenida Dom João de Castro", "ref": null, "oneway": "F", "maxspeed": 0, "layer": 0, "bridge": "F", "tunnel": "F" }, "geometry": { "type": "LineString", "coordinates": [ [ 73.8352541, 15.4995287 ], [ 73.8357243, 15.4994583 ], [ 73.8359624, 15.4994313 ], [ 73.8361766, 15.4994323 ], [ 73.836784, 15.4995473 ], [ 73.8369827, 15.4995489 ], [ 73.837393, 15.4994552 ], [ 73.8375441, 15.4993742 ], [ 73.8375869, 15.4993513 ], [ 73.8375957, 15.4993466 ], [ 73.8377004, 15.4992698 ], [ 73.8379872, 15.4989299 ] ] } },
{ "type": "Feature", "properties": { "osm_id": "38344743", "code": 5113, "fclass": "primary", "name": "Avenida Dom João de Castro", "ref": null, "oneway": "F", "maxspeed": 0, "layer": 0, "bridge": "F", "tunnel": "F" }, "geometry": { "type": "LineString", "coordinates": [ [ 73.8212957, 15.5002507 ], [ 73.8214404, 15.5003434 ], [ 73.8226836, 15.5006216 ], [ 73.8238146, 15.5008345 ], [ 73.8251631, 15.5010731 ], [ 73.8257609, 15.5011414 ], [ 73.826731, 15.5012351 ], [ 73.8273189, 15.5012989 ], [ 73.827409, 15.5013026 ], [ 73.8276945, 15.5013142 ], [ 73.8279154, 15.5012915 ] ] } },
{ "type": "Feature", "properties": { "osm_id": "40130468", "code": 5113, "fclass": "primary", "name": "Panaji - Ribandar - Old Goa Road", "ref": null, "oneway": "F", "maxspeed": 0, "layer": 0, "bridge": "F", "tunnel": "F" }, "geometry": { "type": "LineString", "coordinates": [ [ 73.863695, 15.5040391 ], [ 73.8636173, 15.5039311 ], [ 73.86351, 15.503852 ], [ 73.8633491, 15.5037941 ], [ 73.8631652, 15.503751 ], [ 73.8626316, 15.5037418 ], [ 73.8624989, 15.5037134 ], [ 73.8622464, 15.5036759 ], [ 73.8620898, 15.5036504 ] ] } },
{ "type": "Feature", "properties": { "osm_id": "40190556", "code": 5113, "fclass": "primary", "name": "Panaji - Ribandar - Old Goa Road", "ref": null, "oneway": "F", "maxspeed": 0, "layer": 0, "bridge": "F", "tunnel": "F" }, "geometry": { "type": "LineString", "coordinates": [ [ 73.8660572, 15.5053477 ], [ 73.8657331, 15.5053667 ], [ 73.86564, 15.5053616 ], [ 73.8652465, 15.5053371 ], [ 73.8652106, 15.5053436 ], [ 73.8650632, 15.5054143 ], [ 73.8649734, 15.5054391 ], [ 73.8642895, 15.5054792 ], [ 73.8641413, 15.505445 ], [ 73.8640451, 15.5053565 ], [ 73.8638802, 15.5051058 ], [ 73.8638114, 15.5049416 ], [ 73.8637876, 15.5047556 ], [ 73.8637734, 15.5044571 ], [ 73.8637434, 15.5042555 ], [ 73.863695, 15.5040391 ] ] } },
{ "type": "Feature", "properties": { "osm_id": "44016381", "code": 5113, "fclass": "primary", "name": "Ponte Conde de Linhares", "ref": null, "oneway": "B", "maxspeed": 40, "layer": 0, "bridge": "F", "tunnel": "F" }, "geometry": { "type": "LineString", "coordinates": [ [ 73.8458762, 15.5008373 ], [ 73.8460631, 15.5008745 ], [ 73.8472793, 15.5011356 ], [ 73.8482313, 15.5013685 ], [ 73.8513151, 15.5021033 ], [ 73.853477, 15.5024457 ], [ 73.8562131, 15.5028456 ], [ 73.8593983, 15.5032584 ], [ 73.8609309, 15.5034942 ] ] } },
{ "type": "Feature", "properties": { "osm_id": "44016382", "code": 5113, "fclass": "primary", "name": "Gandhi Circle", "ref": null, "oneway": "B", "maxspeed": 40, "layer": 0, "bridge": "F", "tunnel": "F" }, "geometry": { "type": "LineString", "coordinates": [ [ 73.9133424, 15.5012308 ], [ 73.9133457, 15.5012502 ], [ 73.9133531, 15.5012685 ], [ 73.91337, 15.5012915 ], [ 73.9133932, 15.5013088 ], [ 73.9134205, 15.5013188 ], [ 73.9134503, 15.5013209 ], [ 73.9134793, 15.5013142 ], [ 73.9135051, 15.5012997 ], [ 73.9135203, 15.5012849 ], [ 73.9135318, 15.5012674 ], [ 73.9135393, 15.501248 ], [ 73.9135421, 15.5012274 ], [ 73.9135389, 15.5012004 ], [ 73.913528, 15.5011754 ], [ 73.9135103, 15.5011543 ], [ 73.9134872, 15.5011388 ], [ 73.9134605, 15.5011301 ], [ 73.9134304, 15.5011291 ], [ 73.9134013, 15.5011369 ], [ 73.9133759, 15.5011526 ], [ 73.9133566, 15.5011749 ], [ 73.9133451, 15.5012018 ], [ 73.9133424, 15.5012308 ] ] } },
{ "type": "Feature", "properties": { "osm_id": "58759518", "code": 5113, "fclass": "primary", "name": null, "ref": null, "oneway": "F", "maxspeed": 0, "layer": 0, "bridge": "F", "tunnel": "F" }, "geometry": { "type": "LineString", "coordinates": [ [ 73.8329498, 15.5174938 ], [ 73.8334476, 15.5173569 ], [ 73.8336032, 15.5172975 ], [ 73.8338212, 15.5171625 ], [ 73.8340002, 15.5170055 ], [ 73.8341806, 15.5168202 ], [ 73.8342442, 15.5167548 ], [ 73.8344213, 15.5165325 ], [ 73.8348323, 15.5160125 ], [ 73.8349944, 15.5155466 ], [ 73.8350516, 15.5154356 ], [ 73.8351591, 15.5151004 ], [ 73.8352141, 15.514962 ], [ 73.8353589, 15.5145717 ], [ 73.8354635, 15.5142719 ], [ 73.835485, 15.5141401 ], [ 73.8354681, 15.5139575 ] ] } },
{ "type": "Feature", "properties": { "osm_id": "59875306", "code": 5113, "fclass": "primary", "name": null, "ref": null, "oneway": "F", "maxspeed": 0, "layer": 0, "bridge": "F", "tunnel": "F" }, "geometry": { "type": "LineString", "coordinates": [ [ 73.8361933, 15.5076952 ], [ 73.836249, 15.5077132 ], [ 73.8363077, 15.5077151 ], [ 73.8363646, 15.5077007 ], [ 73.8364148, 15.5076714 ], [ 73.8364543, 15.5076294 ], [ 73.8364787, 15.5075814 ], [ 73.8364887, 15.5075281 ], [ 73.8364833, 15.5074741 ], [ 73.8364627, 15.5074236 ], [ 73.8364287, 15.5073805 ], [ 73.8363836, 15.507348 ], [ 73.8363311, 15.5073286 ], [ 73.8362751, 15.5073238 ], [ 73.8362202, 15.5073338 ], [ 73.836171, 15.5073573 ], [ 73.8361301, 15.5073925 ], [ 73.8361005, 15.5074369 ], [ 73.8360842, 15.5074874 ], [ 73.8360837, 15.5075494 ], [ 73.8360929, 15.507585 ], [ 73.8361088, 15.5076183 ], [ 73.8361452, 15.5076627 ], [ 73.8361933, 15.5076952 ] ] } },
{ "type": "Feature", "properties": { "osm_id": "61898805", "code": 5113, "fclass": "primary", "name": null, "ref": null, "oneway": "F", "maxspeed": 0, "layer": 0, "bridge": "F", "tunnel": "F" }, "geometry": { "type": "LineString", "coordinates": [ [ 73.8361088, 15.5076183 ], [ 73.8360364, 15.5079453 ], [ 73.8358162, 15.508871 ], [ 73.8356837, 15.5093353 ], [ 73.8355831, 15.5096089 ], [ 73.8354363, 15.5100084 ], [ 73.8354259, 15.5100317 ], [ 73.8349654, 15.511062 ], [ 73.8349299, 15.5111414 ], [ 73.8349, 15.5112234 ], [ 73.8348606, 15.5113351 ], [ 73.8348373, 15.511401 ], [ 73.834794, 15.5115686 ], [ 73.8347803, 15.5117499 ], [ 73.8347898, 15.5121369 ], [ 73.8348327, 15.5123752 ], [ 73.8348943, 15.5125711 ], [ 73.8351318, 15.51342 ], [ 73.8351788, 15.5138451 ] ] } },
{ "type": "Feature", "properties": { "osm_id": "61898808", "code": 5113, "fclass": "primary", "name": null, "ref": null, "oneway": "F", "maxspeed": 0, "layer": 0, "bridge": "F", "tunnel": "F" }, "geometry": { "type": "LineString", "coordinates": [ [ 73.8354391, 15.5138321 ], [ 73.8354317, 15.5136808 ], [ 73.8353763, 15.5134397 ], [ 73.8350884, 15.5125503 ], [ 73.8350398, 15.5122842 ], [ 73.8350132, 15.5120207 ], [ 73.8350096, 15.51177 ], [ 73.8350204, 15.5116212 ], [ 73.8350622, 15.5114971 ], [ 73.8351219, 15.5113053 ], [ 73.8351722, 15.5110669 ], [ 73.8356002, 15.5102001 ], [ 73.8358837, 15.5093907 ], [ 73.8360449, 15.5089452 ], [ 73.8362898, 15.508001 ], [ 73.8364543, 15.5076294 ] ] } },
{ "type": "Feature", "properties": { "osm_id": "85189925", "code": 5113, "fclass": "primary", "name": "Duler Ground Road", "ref": null, "oneway": "B", "maxspeed": 0, "layer": 0, "bridge": "F", "tunnel": "F" }, "geometry": { "type": "LineString", "coordinates": [ [ 73.8165746, 15.6028771 ], [ 73.816757, 15.6029382 ], [ 73.817004, 15.6029958 ], [ 73.8177971, 15.6033069 ], [ 73.8179173, 15.6033541 ], [ 73.8180664, 15.6034126 ], [ 73.8183079, 15.6035213 ], [ 73.8183616, 15.6035452 ], [ 73.8187958, 15.6037388 ], [ 73.8190988, 15.6038738 ], [ 73.8192932, 15.6039604 ], [ 73.8195452, 15.6040618 ], [ 73.8197905, 15.6041602 ], [ 73.8198933, 15.6042014 ], [ 73.8200778, 15.604276 ], [ 73.8202828, 15.6043589 ], [ 73.8205475, 15.6044709 ], [ 73.8214374, 15.6048605 ], [ 73.8224293, 15.6052913 ], [ 73.8226097, 15.6054495 ], [ 73.8227297, 15.605691 ], [ 73.8230513, 15.60655 ], [ 73.8236592, 15.6081609 ], [ 73.8237229, 15.6083107 ] ] } },
{ "type": "Feature", "properties": { "osm_id": "85192605", "code": 5113, "fclass": "primary", "name": null, "ref": null, "oneway": "B", "maxspeed": 0, "layer": 1, "bridge": "T", "tunnel": "F" }, "geometry": { "type": "LineString", "coordinates": [ [ 73.8376085, 15.4980447 ], [ 73.8374191, 15.4999285 ], [ 73.8372502, 15.5014858 ], [ 73.8370952, 15.5030008 ], [ 73.8369472, 15.5044492 ], [ 73.836788, 15.5058869 ], [ 73.8367662, 15.5061257 ], [ 73.8367547, 15.5062332 ] ] } },
{ "type": "Feature", "properties": { "osm_id": "89417250", "code": 5113, "fclass": "primary", "name": null, "ref": null, "oneway": "F", "maxspeed": 0, "layer": 0, "bridge": "F", "tunnel": "F" }, "geometry": { "type": "LineString", "coordinates": [ [ 73.8366405, 15.5066036 ], [ 73.8364858, 15.5069569 ], [ 73.8363311, 15.5073286 ] ] } },
{ "type": "Feature", "properties": { "osm_id": "89417266", "code": 5113, "fclass": "primary", "name": null, "ref": null, "oneway": "F", "maxspeed": 0, "layer": 0, "bridge": "F", "tunnel": "F" }, "geometry": { "type": "LineString", "coordinates": [ [ 73.7647495, 15.5370747 ], [ 73.7644956, 15.5367922 ], [ 73.7644198, 15.5366432 ] ] } },
{ "type": "Feature", "properties": { "osm_id": "89417274", "code": 5113, "fclass": "primary", "name": "Dr. Jack Sequeira Road", "ref": null, "oneway": "F", "maxspeed": 0, "layer": 0, "bridge": "F", "tunnel": "F" }, "geometry": { "type": "LineString", "coordinates": [ [ 73.8034704, 15.457435 ], [ 73.8035117, 15.4575658 ], [ 73.8035356, 15.4576428 ], [ 73.803547, 15.4577669 ], [ 73.8035732, 15.4588785 ], [ 73.8035428, 15.4594946 ], [ 73.8035428, 15.4595415 ], [ 73.8035426, 15.4597434 ], [ 73.803542, 15.4603515 ] ] } },
{ "type": "Feature", "properties": { "osm_id": "89417286", "code": 5113, "fclass": "primary", "name": "Dayanand Bandodkar Marg", "ref": null, "oneway": "F", "maxspeed": 0, "layer": 0, "bridge": "F", "tunnel": "F" }, "geometry": { "type": "LineString", "coordinates": [ [ 73.8182411, 15.4940126 ], [ 73.8182836, 15.4941184 ] ] } },
{ "type": "Feature", "properties": { "osm_id": "89417298", "code": 5113, "fclass": "primary", "name": null, "ref": null, "oneway": "F", "maxspeed": 0, "layer": 0, "bridge": "F", "tunnel": "F" }, "geometry": { "type": "LineString", "coordinates": [ [ 73.8091529, 15.4830935 ], [ 73.8090345, 15.4828492 ], [ 73.8086964, 15.4812366 ], [ 73.80863, 15.4809199 ], [ 73.8086221, 15.4808821 ], [ 73.8084819, 15.4784378 ], [ 73.8084023, 15.4770499 ], [ 73.80836, 15.4763131 ], [ 73.8084164, 15.4757607 ], [ 73.8086152, 15.474104 ], [ 73.8085934, 15.4737991 ], [ 73.8085733, 15.4736003 ], [ 73.8083517, 15.4727885 ], [ 73.8083063, 15.4726203 ], [ 73.8082924, 15.4725592 ], [ 73.8082876, 15.4725378 ], [ 73.8082733, 15.4724747 ], [ 73.8082447, 15.4723488 ], [ 73.8078233, 15.4704908 ], [ 73.8078141, 15.4704501 ], [ 73.8077776, 15.4702891 ], [ 73.8074863, 15.4692642 ], [ 73.8070627, 15.4677337 ], [ 73.8065444, 15.4661134 ], [ 73.8062368, 15.4654048 ], [ 73.805097, 15.4634352 ], [ 73.8043475, 15.4621709 ], [ 73.8037263, 15.4610992 ], [ 73.8036294, 15.4605418 ], [ 73.8036132, 15.4603463 ] ] } },
{ "type": "Feature", "properties": { "osm_id": "89417332", "code": 5113, "fclass": "primary", "name": null, "ref": null, "oneway": "B", "maxspeed": 0, "layer": 0, "bridge": "F", "tunnel": "F" }, "geometry": { "type": "LineString", "coordinates": [ [ 73.8092157, 15.4831184 ], [ 73.8091529, 15.4830935 ], [ 73.8090853, 15.4830879 ], [ 73.809019, 15.4831021 ], [ 73.8089602, 15.4831349 ], [ 73.8089143, 15.4831831 ], [ 73.8088856, 15.4832424 ], [ 73.8088767, 15.4832958 ], [ 73.8088819, 15.4833497 ], [ 73.8089009, 15.4834007 ], [ 73.8089325, 15.4834455 ], [ 73.8089746, 15.4834813 ], [ 73.8090247, 15.4835058 ], [ 73.8090796, 15.4835175 ], [ 73.8091194, 15.4835177 ], [ 73.8091587, 15.483511 ], [ 73.8091961, 15.4834976 ], [ 73.8092304, 15.4834781 ], [ 73.8092606, 15.4834531 ], [ 73.8092858, 15.4834232 ], [ 73.809305, 15.4833896 ], [ 73.8093177, 15.4833531 ], [ 73.8093235, 15.4833151 ], [ 73.8093222, 15.4832767 ], [ 73.8093162, 15.4832472 ], [ 73.809306, 15.4832187 ], [ 73.8092918, 15.4831918 ], [ 73.8092739, 15.4831672 ], [ 73.8092157, 15.4831184 ] ] } },
{ "type": "Feature", "properties": { "osm_id": "89417337", "code": 5113, "fclass": "primary", "name": null, "ref": null, "oneway": "F", "maxspeed": 0, "layer": 0, "bridge": "F", "tunnel": "F" }, "geometry": { "type": "LineString", "coordinates": [ [ 73.8354391, 15.5138321 ], [ 73.8354082, 15.5138023 ], [ 73.8353699, 15.5137819 ], [ 73.8353273, 15.5137724 ], [ 73.8352836, 15.5137746 ], [ 73.8352423, 15.5137883 ], [ 73.8352064, 15.5138124 ], [ 73.8351788, 15.5138451 ], [ 73.8351667, 15.5138691 ], [ 73.8351591, 15.5138947 ], [ 73.8351562, 15.5139212 ], [ 73.8351583, 15.5139478 ], [ 73.8351651, 15.5139737 ], [ 73.8351765, 15.513998 ], [ 73.8351973, 15.5140256 ], [ 73.835224, 15.5140481 ], [ 73.8352553, 15.5140643 ], [ 73.8352895, 15.5140733 ], [ 73.8353249, 15.5140746 ], [ 73.8353598, 15.5140683 ], [ 73.8353923, 15.5140547 ], [ 73.8354208, 15.5140344 ], [ 73.8354438, 15.5140084 ], [ 73.8354603, 15.5139781 ], [ 73.8354681, 15.5139575 ], [ 73.8354701, 15.5139238 ], [ 73.8354697, 15.5139053 ], [ 73.8354594, 15.5138667 ], [ 73.8354391, 15.5138321 ] ] } },
{ "type": "Feature", "properties": { "osm_id": "89417348", "code": 5113, "fclass": "primary", "name": "Avenida Dom João de Castro", "ref": null, "oneway": "F", "maxspeed": 0, "layer": 0, "bridge": "F", "tunnel": "F" }, "geometry": { "type": "LineString", "coordinates": [ [ 73.8378821, 15.4988989 ], [ 73.8377405, 15.4990907 ], [ 73.8375823, 15.4992639 ], [ 73.837429, 15.4993685 ], [ 73.8372674, 15.4994125 ], [ 73.8369908, 15.4994583 ], [ 73.8367568, 15.4994596 ], [ 73.8364657, 15.4994054 ], [ 73.8361721, 15.4993629 ], [ 73.8359624, 15.4993537 ], [ 73.8357317, 15.499377 ], [ 73.835235, 15.4994507 ] ] } },
{ "type": "Feature", "properties": { "osm_id": "89431966", "code": 5113, "fclass": "primary", "name": null, "ref": null, "oneway": "F", "maxspeed": 0, "layer": 0, "bridge": "F", "tunnel": "F" }, "geometry": { "type": "LineString", "coordinates": [ [ 73.838232, 15.4956995 ], [ 73.838418, 15.49573 ], [ 73.8385162, 15.4957557 ], [ 73.8385844, 15.4957749 ], [ 73.8386947, 15.4958147 ], [ 73.8388308, 15.4958792 ] ] } },
{ "type": "Feature", "properties": { "osm_id": "89453008", "code": 5113, "fclass": "primary", "name": null, "ref": "SH1", "oneway": "B", "maxspeed": 0, "layer": 0, "bridge": "F", "tunnel": "F" }, "geometry": { "type": "LineString", "coordinates": [ [ 73.8841137, 15.6227458 ], [ 73.8842857, 15.6227013 ], [ 73.8844584, 15.6226566 ], [ 73.8852019, 15.6223447 ], [ 73.885618, 15.6221191 ], [ 73.8860034, 15.6219028 ], [ 73.8862045, 15.62179 ], [ 73.8869513, 15.6213709 ], [ 73.8871957, 15.6212337 ], [ 73.8878103, 15.6209173 ], [ 73.8884732, 15.6207533 ], [ 73.8887826, 15.6206661 ], [ 73.8898163, 15.6203748 ], [ 73.8902511, 15.6202345 ], [ 73.890732, 15.6201322 ], [ 73.8912215, 15.6200805 ], [ 73.8917631, 15.620229 ], [ 73.8924015, 15.6200843 ], [ 73.893064, 15.6198983 ], [ 73.8938928, 15.6196917 ], [ 73.8942656, 15.6196503 ], [ 73.8944146, 15.6196303 ], [ 73.8952753, 15.6195336 ], [ 73.8961967, 15.6194507 ], [ 73.8970524, 15.6194411 ], [ 73.8983614, 15.6194896 ], [ 73.8989246, 15.619475 ], [ 73.8991445, 15.6194657 ], [ 73.9009737, 15.6193885 ], [ 73.9029751, 15.6193912 ], [ 73.9033019, 15.6194773 ], [ 73.9042113, 15.6198139 ], [ 73.9044653, 15.6198062 ], [ 73.9047046, 15.6197378 ], [ 73.9051292, 15.6196163 ], [ 73.9054575, 15.6196497 ] ] } },
{ "type": "Feature", "properties": { "osm_id": "132716004", "code": 5113, "fclass": "primary", "name": null, "ref": null, "oneway": "B", "maxspeed": 40, "layer": 0, "bridge": "F", "tunnel": "F" }, "geometry": { "type": "LineString", "coordinates": [ [ 73.8388308, 15.4958792 ], [ 73.8389197, 15.49597 ], [ 73.8389936, 15.4960745 ], [ 73.839056, 15.4962751 ], [ 73.839079, 15.4964268 ], [ 73.8390849, 15.4964661 ], [ 73.8390599, 15.4966271 ], [ 73.8390192, 15.4967739 ], [ 73.8389248, 15.4970078 ], [ 73.8381993, 15.4983097 ] ] } },
{ "type": "Feature", "properties": { "osm_id": "156468611", "code": 5113, "fclass": "primary", "name": null, "ref": null, "oneway": "F", "maxspeed": 0, "layer": 0, "bridge": "F", "tunnel": "F" }, "geometry": { "type": "LineString", "coordinates": [ [ 73.8379444, 15.4955579 ], [ 73.8378797, 15.4957366 ], [ 73.8378055, 15.4960476 ], [ 73.8376611, 15.4974785 ] ] } },
{ "type": "Feature", "properties": { "osm_id": "156468613", "code": 5113, "fclass": "primary", "name": null, "ref": null, "oneway": "F", "maxspeed": 0, "layer": 0, "bridge": "F", "tunnel": "F" }, "geometry": { "type": "LineString", "coordinates": [ [ 73.8364787, 15.5075814 ], [ 73.8365691, 15.5072922 ], [ 73.836659, 15.5068683 ], [ 73.8367056, 15.5066292 ] ] } },
{ "type": "Feature", "properties": { "osm_id": "156468619", "code": 5113, "fclass": "primary", "name": "Divja Circle", "ref": null, "oneway": "B", "maxspeed": 0, "layer": 0, "bridge": "F", "tunnel": "F" }, "geometry": { "type": "LineString", "coordinates": [ [ 73.8379939, 15.4986195 ], [ 73.837952, 15.4986211 ], [ 73.8379119, 15.498633 ], [ 73.837886, 15.4986474 ], [ 73.8378633, 15.498666 ], [ 73.8378364, 15.4987018 ], [ 73.8378209, 15.4987433 ], [ 73.8378182, 15.4987874 ], [ 73.8378284, 15.4988304 ], [ 73.8378508, 15.498869 ], [ 73.8378821, 15.4988989 ], [ 73.8379143, 15.498917 ], [ 73.8379499, 15.4989275 ], [ 73.8379872, 15.4989299 ], [ 73.8380272, 15.4989231 ], [ 73.8380652, 15.4989062 ], [ 73.8380974, 15.4988805 ], [ 73.8381216, 15.4988477 ], [ 73.8381364, 15.49881 ], [ 73.8381406, 15.4987699 ], [ 73.8381362, 15.4987385 ], [ 73.8381254, 15.4987085 ], [ 73.8381028, 15.4986745 ], [ 73.8380719, 15.4986472 ], [ 73.8380348, 15.4986284 ], [ 73.8379939, 15.4986195 ] ] } },
{ "type": "Feature", "properties": { "osm_id": "156468620", "code": 5113, "fclass": "primary", "name": "NH4A", "ref": null, "oneway": "F", "maxspeed": 40, "layer": 0, "bridge": "F", "tunnel": "F" }, "geometry": { "type": "LineString", "coordinates": [ [ 73.8388308, 15.4958792 ], [ 73.838711, 15.4957049 ], [ 73.8386481, 15.4955957 ], [ 73.838586, 15.4954573 ], [ 73.83856, 15.4953609 ], [ 73.8385518, 15.4952928 ], [ 73.8385442, 15.4951732 ] ] } },
{ "type": "Feature", "properties": { "osm_id": "156504170", "code": 5113, "fclass": "primary", "name": null, "ref": null, "oneway": "F", "maxspeed": 0, "layer": 0, "bridge": "F", "tunnel": "F" }, "geometry": { "type": "LineString", "coordinates": [ [ 73.809683, 15.5896965 ], [ 73.8096476, 15.5896454 ], [ 73.8096053, 15.5895844 ], [ 73.8094094, 15.5893018 ], [ 73.8093692, 15.5892439 ], [ 73.80935, 15.5892162 ] ] } },
{ "type": "Feature", "properties": { "osm_id": "156581593", "code": 5113, "fclass": "primary", "name": "Panaji - Ribandar - Old Goa Road", "ref": null, "oneway": "B", "maxspeed": 40, "layer": 0, "bridge": "F", "tunnel": "F" }, "geometry": { "type": "LineString", "coordinates": [ [ 73.9133424, 15.5012308 ], [ 73.9115988, 15.5016055 ], [ 73.9115273, 15.5016215 ], [ 73.9114579, 15.5016359 ], [ 73.9099372, 15.5019784 ], [ 73.9092861, 15.5021535 ], [ 73.9078025, 15.5025525 ], [ 73.9072547, 15.5027201 ], [ 73.9071492, 15.5027511 ], [ 73.9068751, 15.5028025 ], [ 73.9067486, 15.5028236 ], [ 73.9065646, 15.5028308 ], [ 73.9061235, 15.5028157 ], [ 73.904888, 15.5026032 ], [ 73.9046874, 15.5025267 ], [ 73.9043048, 15.50228 ], [ 73.9042406, 15.5022338 ], [ 73.9032742, 15.5010974 ], [ 73.9028432, 15.5006295 ], [ 73.9025708, 15.5003573 ], [ 73.9024273, 15.5003159 ], [ 73.902306, 15.5002949 ], [ 73.9021192, 15.5003211 ], [ 73.9017089, 15.5003849 ], [ 73.9014029, 15.5003967 ], [ 73.900279, 15.5003909 ], [ 73.8988655, 15.5002323 ], [ 73.8986506, 15.5002136 ], [ 73.8977236, 15.5001427 ], [ 73.896366, 15.5002362 ], [ 73.895619, 15.5002219 ], [ 73.8954489, 15.500216 ], [ 73.8952684, 15.5002001 ], [ 73.8938865, 15.499881 ], [ 73.8929786, 15.4996756 ], [ 73.8926923, 15.499641 ], [ 73.8924195, 15.4996081 ], [ 73.8921454, 15.4996029 ], [ 73.8915237, 15.4995911 ], [ 73.8903101, 15.4996572 ], [ 73.8890484, 15.4997497 ], [ 73.8872521, 15.4998924 ], [ 73.8861893, 15.4999571 ], [ 73.8854845, 15.4999781 ], [ 73.885178, 15.4999609 ], [ 73.8849651, 15.4999283 ], [ 73.8837197, 15.4996637 ], [ 73.8834694, 15.4996354 ], [ 73.8831983, 15.4996405 ], [ 73.8826397, 15.4997314 ], [ 73.8822806, 15.4997413 ], [ 73.8821339, 15.4997319 ], [ 73.8813023, 15.4996466 ], [ 73.8811607, 15.4996321 ], [ 73.8805171, 15.4996505 ] ] } },
{ "type": "Feature", "properties": { "osm_id": "251073929", "code": 5113, "fclass": "primary", "name": null, "ref": null, "oneway": "F", "maxspeed": 0, "layer": 0, "bridge": "F", "tunnel": "F" }, "geometry": { "type": "LineString", "coordinates": [ [ 73.8118878, 15.5908083 ], [ 73.8117921, 15.5905869 ], [ 73.8117374, 15.5904603 ], [ 73.8116693, 15.5903026 ], [ 73.8115883, 15.5902723 ], [ 73.8113773, 15.5902787 ], [ 73.8113511, 15.5902795 ], [ 73.8111699, 15.5902878 ], [ 73.8109537, 15.5902976 ], [ 73.8108725, 15.5902651 ], [ 73.8108266, 15.5901702 ], [ 73.810811, 15.5899052 ], [ 73.8108085, 15.5898621 ], [ 73.8107684, 15.5898244 ], [ 73.810751, 15.5898115 ], [ 73.8107147, 15.5898024 ] ] } },
{ "type": "Feature", "properties": { "osm_id": "257528330", "code": 5113, "fclass": "primary", "name": null, "ref": null, "oneway": "F", "maxspeed": 0, "layer": 0, "bridge": "F", "tunnel": "F" }, "geometry": { "type": "LineString", "coordinates": [ [ 73.8385237, 15.499071 ], [ 73.8382745, 15.4989066 ], [ 73.8381406, 15.4987699 ] ] } },
{ "type": "Feature", "properties": { "osm_id": "257528331", "code": 5113, "fclass": "primary", "name": null, "ref": null, "oneway": "F", "maxspeed": 0, "layer": 0, "bridge": "F", "tunnel": "F" }, "geometry": { "type": "LineString", "coordinates": [ [ 73.8380272, 15.4989231 ], [ 73.8382718, 15.498997 ], [ 73.8385237, 15.499071 ] ] } },
{ "type": "Feature", "properties": { "osm_id": "257528332", "code": 5113, "fclass": "primary", "name": null, "ref": null, "oneway": "F", "maxspeed": 0, "layer": 0, "bridge": "F", "tunnel": "F" }, "geometry": { "type": "LineString", "coordinates": [ [ 73.8377004, 15.4992698 ], [ 73.8377814, 15.4992323 ], [ 73.8379229, 15.4991632 ], [ 73.8382718, 15.498997 ] ] } },
{ "type": "Feature", "properties": { "osm_id": "257528333", "code": 5113, "fclass": "primary", "name": null, "ref": null, "oneway": "F", "maxspeed": 0, "layer": 0, "bridge": "F", "tunnel": "F" }, "geometry": { "type": "LineString", "coordinates": [ [ 73.8381993, 15.4983097 ], [ 73.8379119, 15.498633 ] ] } },
{ "type": "Feature", "properties": { "osm_id": "257528334", "code": 5113, "fclass": "primary", "name": null, "ref": null, "oneway": "F", "maxspeed": 0, "layer": 0, "bridge": "F", "tunnel": "F" }, "geometry": { "type": "LineString", "coordinates": [ [ 73.8381254, 15.4987085 ], [ 73.8381993, 15.4983097 ] ] } },
{ "type": "Feature", "properties": { "osm_id": "261935328", "code": 5113, "fclass": "primary", "name": null, "ref": null, "oneway": "F", "maxspeed": 0, "layer": 0, "bridge": "F", "tunnel": "F" }, "geometry": { "type": "LineString", "coordinates": [ [ 73.8090796, 15.5890568 ], [ 73.8091773, 15.5891375 ], [ 73.8095113, 15.5895968 ], [ 73.8095671, 15.5896769 ], [ 73.8098324, 15.5900574 ], [ 73.8100891, 15.5904704 ], [ 73.8101346, 15.5905805 ], [ 73.8101346, 15.5907328 ] ] } },
{ "type": "Feature", "properties": { "osm_id": "273400260", "code": 5113, "fclass": "primary", "name": "Gomes Road", "ref": null, "oneway": "F", "maxspeed": 0, "layer": 0, "bridge": "F", "tunnel": "F" }, "geometry": { "type": "LineString", "coordinates": [ [ 73.806345, 15.3967802 ], [ 73.8064014, 15.3968468 ], [ 73.8065042, 15.3968933 ], [ 73.8067949, 15.3970373 ], [ 73.8072783, 15.3972692 ], [ 73.8073973, 15.3973199 ], [ 73.8075024, 15.3973458 ], [ 73.8076075, 15.3973649 ], [ 73.808071, 15.3974448 ], [ 73.8085885, 15.3975308 ], [ 73.8091066, 15.3976193 ], [ 73.8096051, 15.3977206 ], [ 73.809744, 15.3977534 ], [ 73.8100744, 15.3978568 ], [ 73.8104819, 15.3979673 ], [ 73.8108193, 15.3980628 ], [ 73.8111397, 15.3981709 ], [ 73.8112668, 15.398212 ], [ 73.8115863, 15.3983307 ], [ 73.8120405, 15.3985144 ], [ 73.812495, 15.3986993 ], [ 73.8131232, 15.3989505 ] ] } },
{ "type": "Feature", "properties": { "osm_id": "274202649", "code": 5113, "fclass": "primary", "name": "Gomes Road", "ref": null, "oneway": "F", "maxspeed": 0, "layer": 0, "bridge": "F", "tunnel": "F" }, "geometry": { "type": "LineString", "coordinates": [ [ 73.8173605, 15.3988801 ], [ 73.8172263, 15.3989409 ], [ 73.8172007, 15.3989609 ], [ 73.8171845, 15.3989749 ] ] } },
{ "type": "Feature", "properties": { "osm_id": "274491733", "code": 5113, "fclass": "primary", "name": null, "ref": null, "oneway": "F", "maxspeed": 0, "layer": 0, "bridge": "F", "tunnel": "F" }, "geometry": { "type": "LineString", "coordinates": [ [ 73.8327412, 15.3990666 ], [ 73.8324169, 15.3991337 ] ] } },
{ "type": "Feature", "properties": { "osm_id": "274491734", "code": 5113, "fclass": "primary", "name": null, "ref": null, "oneway": "B", "maxspeed": 0, "layer": 0, "bridge": "F", "tunnel": "F" }, "geometry": { "type": "LineString", "coordinates": [ [ 73.829819, 15.3974746 ], [ 73.8297019, 15.3975147 ], [ 73.8295448, 15.3976127 ], [ 73.8294138, 15.3977137 ], [ 73.8292641, 15.3978433 ], [ 73.8288652, 15.3981886 ], [ 73.8282645, 15.3987086 ], [ 73.8280016, 15.3989362 ], [ 73.8273885, 15.399467 ], [ 73.8263677, 15.3997528 ], [ 73.8262753, 15.3997787 ], [ 73.8259611, 15.3998568 ], [ 73.8253115, 15.4000184 ], [ 73.8251639, 15.4000551 ], [ 73.8249133, 15.4000945 ], [ 73.8248442, 15.4001054 ], [ 73.8247186, 15.4001088 ], [ 73.8245145, 15.4001143 ], [ 73.824198, 15.4000923 ], [ 73.8241382, 15.4000804 ], [ 73.8239944, 15.4000519 ], [ 73.8233589, 15.399926 ], [ 73.8229269, 15.3998508 ], [ 73.8228011, 15.3998289 ], [ 73.8225614, 15.3997871 ], [ 73.8215112, 15.3996185 ], [ 73.8211741, 15.3995644 ], [ 73.8205381, 15.3994622 ], [ 73.8203998, 15.3994331 ] ] } },
{ "type": "Feature", "properties": { "osm_id": "275716510", "code": 5113, "fclass": "primary", "name": "Mapusa Bus Stand Road", "ref": null, "oneway": "B", "maxspeed": 0, "layer": 0, "bridge": "F", "tunnel": "F" }, "geometry": { "type": "LineString", "coordinates": [ [ 73.8065889, 15.5742413 ], [ 73.8065011, 15.5748695 ], [ 73.8064206, 15.5754449 ], [ 73.8061066, 15.5777662 ], [ 73.8061656, 15.5785301 ], [ 73.8062096, 15.5793954 ], [ 73.8062813, 15.5800266 ], [ 73.8063278, 15.5806291 ], [ 73.806356, 15.5808034 ], [ 73.8063804, 15.5809546 ], [ 73.8064286, 15.5814962 ], [ 73.8064868, 15.5817533 ], [ 73.8067827, 15.5825684 ] ] } },
{ "type": "Feature", "properties": { "osm_id": "275716514", "code": 5113, "fclass": "primary", "name": null, "ref": "SH1", "oneway": "B", "maxspeed": 0, "layer": 0, "bridge": "F", "tunnel": "F" }, "geometry": { "type": "LineString", "coordinates": [ [ 73.8349171, 15.6186537 ], [ 73.8351942, 15.6186783 ], [ 73.8354224, 15.6186957 ], [ 73.8354568, 15.6186968 ], [ 73.836574, 15.6187333 ], [ 73.8374296, 15.6187927 ], [ 73.8376603, 15.6188005 ], [ 73.8377917, 15.6188057 ], [ 73.8388243, 15.6188728 ], [ 73.8392374, 15.6188935 ], [ 73.8405812, 15.6189813 ], [ 73.8407287, 15.6189813 ], [ 73.8411069, 15.6189736 ], [ 73.8431776, 15.6185912 ], [ 73.8438857, 15.6184673 ], [ 73.844229, 15.6184078 ], [ 73.8445562, 15.6183639 ], [ 73.8450149, 15.6183898 ], [ 73.845908, 15.6185473 ], [ 73.8462059, 15.6186936 ], [ 73.8464204, 15.6188403 ], [ 73.8470024, 15.6192493 ], [ 73.8472746, 15.6194304 ], [ 73.8476081, 15.6197127 ], [ 73.8476825, 15.6197761 ], [ 73.8479755, 15.6199952 ], [ 73.8485689, 15.6203981 ], [ 73.8493189, 15.6207378 ], [ 73.8496759, 15.6209087 ], [ 73.8502563, 15.6210352 ], [ 73.8507622, 15.6211259 ], [ 73.850815, 15.6211324 ], [ 73.8521388, 15.6214196 ], [ 73.8524037, 15.6215045 ], [ 73.8539497, 15.6220486 ], [ 73.8553062, 15.622546 ], [ 73.85559, 15.6226297 ], [ 73.855846, 15.6227495 ], [ 73.8560265, 15.622834 ], [ 73.8563483, 15.6230462 ], [ 73.8571818, 15.6235957 ], [ 73.8573932, 15.6237336 ] ] } },
{ "type": "Feature", "properties": { "osm_id": "308000517", "code": 5113, "fclass": "primary", "name": null, "ref": null, "oneway": "F", "maxspeed": 0, "layer": 0, "bridge": "F", "tunnel": "F" }, "geometry": { "type": "LineString", "coordinates": [ [ 73.8174546, 15.398914 ], [ 73.8174541, 15.3988205 ] ] } },
{ "type": "Feature", "properties": { "osm_id": "308000518", "code": 5113, "fclass": "primary", "name": null, "ref": null, "oneway": "F", "maxspeed": 0, "layer": 0, "bridge": "F", "tunnel": "F" }, "geometry": { "type": "LineString", "coordinates": [ [ 73.8174541, 15.3988205 ], [ 73.8173605, 15.3988801 ] ] } },
{ "type": "Feature", "properties": { "osm_id": "308000519", "code": 5113, "fclass": "primary", "name": "Gomes Road", "ref": null, "oneway": "F", "maxspeed": 0, "layer": 0, "bridge": "F", "tunnel": "F" }, "geometry": { "type": "LineString", "coordinates": [ [ 73.8160782, 15.4002702 ], [ 73.8160944, 15.4002672 ], [ 73.8161286, 15.4002543 ], [ 73.8161594, 15.4002323 ], [ 73.8161856, 15.400209 ], [ 73.8162283, 15.4001597 ], [ 73.816261, 15.4001136 ], [ 73.8163334, 15.3999999 ], [ 73.8164712, 15.3997804 ], [ 73.8165307, 15.3997219 ], [ 73.816669, 15.3996077 ], [ 73.8167089, 15.3995764 ], [ 73.8169758, 15.3993656 ], [ 73.8172145, 15.3991781 ], [ 73.8173298, 15.3990944 ], [ 73.8173918, 15.3990398 ], [ 73.8174546, 15.398914 ] ] } },
{ "type": "Feature", "properties": { "osm_id": "427565779", "code": 5113, "fclass": "primary", "name": "Hutatma Bann Desai Marg", "ref": null, "oneway": "F", "maxspeed": 0, "layer": 0, "bridge": "F", "tunnel": "F" }, "geometry": { "type": "LineString", "coordinates": [ [ 73.8103146, 15.5909143 ], [ 73.8105547, 15.5909056 ], [ 73.8108468, 15.5908874 ], [ 73.8110308, 15.5908765 ], [ 73.8112059, 15.5908663 ], [ 73.811347, 15.5908402 ], [ 73.8116718, 15.5908133 ], [ 73.8116868, 15.5908121 ], [ 73.8118299, 15.5908138 ], [ 73.8118878, 15.5908083 ] ] } },
{ "type": "Feature", "properties": { "osm_id": "429648150", "code": 5113, "fclass": "primary", "name": null, "ref": null, "oneway": "B", "maxspeed": 0, "layer": 0, "bridge": "F", "tunnel": "F" }, "geometry": { "type": "LineString", "coordinates": [ [ 73.836708, 15.5064813 ], [ 73.8367547, 15.5062332 ] ] } },
{ "type": "Feature", "properties": { "osm_id": "430928026", "code": 5113, "fclass": "primary", "name": "Chogm Road", "ref": null, "oneway": "B", "maxspeed": 0, "layer": 0, "bridge": "F", "tunnel": "F" }, "geometry": { "type": "LineString", "coordinates": [ [ 73.8166277, 15.5409485 ], [ 73.8164644, 15.5419573 ], [ 73.8159012, 15.5431028 ], [ 73.8153158, 15.5435336 ], [ 73.8151413, 15.5435722 ], [ 73.8148662, 15.5435859 ], [ 73.8137381, 15.5435141 ], [ 73.8133822, 15.5434847 ], [ 73.8130782, 15.5434595 ], [ 73.8116816, 15.543344 ], [ 73.8114095, 15.5432703 ], [ 73.8112958, 15.5431907 ], [ 73.8110686, 15.5431004 ], [ 73.8109664, 15.5430598 ], [ 73.8107495, 15.5430648 ], [ 73.8099611, 15.54326 ], [ 73.8097036, 15.5434305 ], [ 73.8094407, 15.5435132 ], [ 73.8092691, 15.5435184 ], [ 73.808797, 15.543446 ], [ 73.8086092, 15.5434409 ], [ 73.8081211, 15.5436631 ], [ 73.8072656, 15.5441327 ], [ 73.8060943, 15.5447048 ], [ 73.8056296, 15.5452021 ], [ 73.8053255, 15.5453421 ], [ 73.8042967, 15.5457385 ], [ 73.8038154, 15.5459239 ], [ 73.8026832, 15.5461309 ], [ 73.8005267, 15.5465203 ], [ 73.8003046, 15.5465427 ], [ 73.8001603, 15.5465573 ], [ 73.7998656, 15.5465069 ], [ 73.7991196, 15.546348 ], [ 73.7989961, 15.5463326 ], [ 73.7985691, 15.546285 ], [ 73.797728, 15.5461912 ], [ 73.7974518, 15.5461641 ], [ 73.7969486, 15.5461116 ], [ 73.7968018, 15.5461205 ], [ 73.7956352, 15.5462759 ], [ 73.795007, 15.546258 ], [ 73.7945577, 15.5462369 ], [ 73.7933361, 15.5461797 ], [ 73.7931841, 15.5461726 ], [ 73.792592, 15.5461448 ], [ 73.7907179, 15.546057 ], [ 73.7904413, 15.5460714 ], [ 73.7894042, 15.5461737 ] ] } },
{ "type": "Feature", "properties": { "osm_id": "430928027", "code": 5113, "fclass": "primary", "name": null, "ref": null, "oneway": "F", "maxspeed": 0, "layer": 0, "bridge": "F", "tunnel": "F" }, "geometry": { "type": "LineString", "coordinates": [ [ 73.7642026, 15.5367724 ], [ 73.7642334, 15.5368137 ], [ 73.7643567, 15.5368844 ], [ 73.7644856, 15.5369352 ], [ 73.7647495, 15.5370747 ] ] } },
{ "type": "Feature", "properties": { "osm_id": "435937418", "code": 5113, "fclass": "primary", "name": "Duler Ground Road", "ref": null, "oneway": "B", "maxspeed": 0, "layer": 0, "bridge": "F", "tunnel": "F" }, "geometry": { "type": "LineString", "coordinates": [ [ 73.8124671, 15.5908234 ], [ 73.8125435, 15.5908382 ], [ 73.8126403, 15.5908702 ], [ 73.8126902, 15.5908849 ], [ 73.8127437, 15.5909594 ], [ 73.8128297, 15.5911866 ], [ 73.8128553, 15.5912779 ], [ 73.8129104, 15.5915407 ], [ 73.8130077, 15.5919163 ], [ 73.813059, 15.5921146 ], [ 73.8130792, 15.592164 ], [ 73.8131164, 15.5922423 ], [ 73.813169, 15.5923368 ], [ 73.8132233, 15.5924216 ], [ 73.8133044, 15.5925481 ], [ 73.81335, 15.5926068 ], [ 73.8133759, 15.5926402 ], [ 73.8134197, 15.5926965 ], [ 73.813481, 15.5927729 ], [ 73.8136856, 15.5929928 ], [ 73.8141507, 15.5936527 ] ] } },
{ "type": "Feature", "properties": { "osm_id": "436837864", "code": 5113, "fclass": "primary", "name": null, "ref": null, "oneway": "B", "maxspeed": 0, "layer": 0, "bridge": "F", "tunnel": "F" }, "geometry": { "type": "LineString", "coordinates": [ [ 73.9136253, 15.4991352 ], [ 73.9134602, 15.4993643 ], [ 73.9134409, 15.4994852 ], [ 73.9134652, 15.4996804 ], [ 73.913592, 15.5003602 ], [ 73.9135895, 15.5004041 ], [ 73.913579, 15.500592 ], [ 73.9134849, 15.5010191 ], [ 73.9134605, 15.5011301 ] ] } },
{ "type": "Feature", "properties": { "osm_id": "437583140", "code": 5113, "fclass": "primary", "name": "Dr. Jack Sequeira Road", "ref": null, "oneway": "F", "maxspeed": 0, "layer": 0, "bridge": "F", "tunnel": "F" }, "geometry": { "type": "LineString", "coordinates": [ [ 73.8036132, 15.4603463 ], [ 73.803597, 15.4594993 ], [ 73.8036184, 15.4588202 ], [ 73.8035906, 15.4577716 ], [ 73.8035966, 15.4575566 ], [ 73.8036413, 15.4574989 ], [ 73.8036742, 15.457483 ], [ 73.8037324, 15.4574838 ] ] } },
{ "type": "Feature", "properties": { "osm_id": "437583141", "code": 5113, "fclass": "primary", "name": "Dr. Jack Sequeira Road", "ref": null, "oneway": "F", "maxspeed": 0, "layer": 0, "bridge": "F", "tunnel": "F" }, "geometry": { "type": "LineString", "coordinates": [ [ 73.803542, 15.4603515 ], [ 73.8035594, 15.4605442 ], [ 73.8036754, 15.4611149 ], [ 73.8043002, 15.4622004 ], [ 73.8050095, 15.4634863 ], [ 73.8050366, 15.4635335 ], [ 73.8061145, 15.465412 ], [ 73.806206, 15.465572 ], [ 73.8064119, 15.4661013 ], [ 73.8069768, 15.4677584 ], [ 73.807008, 15.4677822 ], [ 73.8074778, 15.4696502 ], [ 73.8077035, 15.4705158 ], [ 73.8082393, 15.4725709 ], [ 73.8085143, 15.4736255 ], [ 73.8085245, 15.4738059 ], [ 73.8085365, 15.4741082 ], [ 73.8082934, 15.4757523 ], [ 73.8082807, 15.4760204 ], [ 73.8082667, 15.476315 ], [ 73.8083101, 15.4770616 ], [ 73.8085329, 15.4808908 ], [ 73.8085449, 15.4809431 ], [ 73.808615, 15.4812486 ], [ 73.8088658, 15.4823418 ], [ 73.808908, 15.4827613 ], [ 73.8089143, 15.4831831 ] ] } },
{ "type": "Feature", "properties": { "osm_id": "817902486", "code": 5113, "fclass": "primary", "name": null, "ref": "SH1", "oneway": "B", "maxspeed": 0, "layer": 0, "bridge": "F", "tunnel": "F" }, "geometry": { "type": "LineString", "coordinates": [ [ 73.8576196, 15.6238815 ], [ 73.8577235, 15.6240768 ], [ 73.8580159, 15.62485 ], [ 73.8581173, 15.6252271 ], [ 73.8581959, 15.6255195 ], [ 73.8583152, 15.6257052 ], [ 73.8584449, 15.6258481 ], [ 73.8586622, 15.6261062 ], [ 73.858834, 15.6262765 ], [ 73.8590226, 15.6264989 ], [ 73.8592949, 15.6268201 ], [ 73.8597501, 15.6272587 ], [ 73.8600065, 15.6274977 ], [ 73.8603787, 15.6277609 ], [ 73.8605362, 15.6278094 ], [ 73.8608442, 15.6277946 ] ] } },
{ "type": "Feature", "properties": { "osm_id": "817902487", "code": 5113, "fclass": "primary", "name": null, "ref": "SH1", "oneway": "B", "maxspeed": 0, "layer": 1, "bridge": "T", "tunnel": "F" }, "geometry": { "type": "LineString", "coordinates": [ [ 73.8573932, 15.6237336 ], [ 73.8576196, 15.6238815 ] ] } },
{ "type": "Feature", "properties": { "osm_id": "817902488", "code": 5113, "fclass": "primary", "name": null, "ref": "SH1", "oneway": "B", "maxspeed": 0, "layer": 0, "bridge": "F", "tunnel": "F" }, "geometry": { "type": "LineString", "coordinates": [ [ 73.861674, 15.6277386 ], [ 73.8617441, 15.6277481 ], [ 73.8618589, 15.6276985 ], [ 73.8619894, 15.6275169 ], [ 73.8621748, 15.6273384 ], [ 73.8622947, 15.6272491 ], [ 73.8624664, 15.6272124 ], [ 73.8627785, 15.6272072 ], [ 73.8631097, 15.6271992 ], [ 73.8634313, 15.6271415 ], [ 73.8645598, 15.6268239 ], [ 73.8649704, 15.6267525 ], [ 73.8651106, 15.6267281 ], [ 73.8662753, 15.6265254 ], [ 73.8667594, 15.6264411 ], [ 73.8672146, 15.6263643 ], [ 73.8672927, 15.6263511 ], [ 73.8679082, 15.6262473 ], [ 73.8689455, 15.6260521 ], [ 73.869017, 15.6260451 ], [ 73.8691551, 15.6260673 ], [ 73.8692679, 15.6261034 ], [ 73.8706568, 15.6267771 ], [ 73.8709143, 15.6268753 ], [ 73.8711959, 15.6269295 ], [ 73.8732988, 15.6272834 ], [ 73.8736716, 15.6273015 ], [ 73.87409, 15.6272137 ], [ 73.8750581, 15.6269377 ], [ 73.8754192, 15.6268305 ], [ 73.8758306, 15.6267046 ], [ 73.8783355, 15.6259792 ], [ 73.8785707, 15.6258142 ], [ 73.8787642, 15.6256299 ], [ 73.8792104, 15.6250981 ], [ 73.87964, 15.6247345 ], [ 73.8803557, 15.6242937 ], [ 73.8819639, 15.6234245 ], [ 73.8825095, 15.6232125 ], [ 73.883856, 15.6228125 ], [ 73.8839877, 15.6227784 ] ] } },
{ "type": "Feature", "properties": { "osm_id": "817902489", "code": 5113, "fclass": "primary", "name": null, "ref": "SH1", "oneway": "B", "maxspeed": 0, "layer": 1, "bridge": "T", "tunnel": "F" }, "geometry": { "type": "LineString", "coordinates": [ [ 73.8608442, 15.6277946 ], [ 73.861674, 15.6277386 ] ] } },
{ "type": "Feature", "properties": { "osm_id": "837098422", "code": 5113, "fclass": "primary", "name": "Panaji - Ribandar - Old Goa Road", "ref": null, "oneway": "F", "maxspeed": 0, "layer": 1, "bridge": "T", "tunnel": "F" }, "geometry": { "type": "LineString", "coordinates": [ [ 73.8620898, 15.5036504 ], [ 73.861803, 15.5036093 ] ] } },
{ "type": "Feature", "properties": { "osm_id": "837098423", "code": 5113, "fclass": "primary", "name": "Panaji - Ribandar - Old Goa Road", "ref": null, "oneway": "F", "maxspeed": 40, "layer": 1, "bridge": "T", "tunnel": "F" }, "geometry": { "type": "LineString", "coordinates": [ [ 73.8617979, 15.5037214 ], [ 73.8620634, 15.5037699 ] ] } },
{ "type": "Feature", "properties": { "osm_id": "837098424", "code": 5113, "fclass": "primary", "name": "Panaji - Ribandar - Old Goa Road", "ref": null, "oneway": "F", "maxspeed": 0, "layer": 0, "bridge": "F", "tunnel": "F" }, "geometry": { "type": "LineString", "coordinates": [ [ 73.861803, 15.5036093 ], [ 73.8614937, 15.5035617 ], [ 73.8613784, 15.503544 ], [ 73.8609309, 15.5034942 ] ] } },
{ "type": "Feature", "properties": { "osm_id": "837098425", "code": 5113, "fclass": "primary", "name": "Panaji - Ribandar - Old Goa Road", "ref": null, "oneway": "F", "maxspeed": 40, "layer": 0, "bridge": "F", "tunnel": "F" }, "geometry": { "type": "LineString", "coordinates": [ [ 73.8609309, 15.5034942 ], [ 73.8612687, 15.5036369 ], [ 73.8617979, 15.5037214 ] ] } },
{ "type": "Feature", "properties": { "osm_id": "841596950", "code": 5113, "fclass": "primary", "name": null, "ref": null, "oneway": "F", "maxspeed": 50, "layer": 0, "bridge": "F", "tunnel": "F" }, "geometry": { "type": "LineString", "coordinates": [ [ 73.8351765, 15.513998 ], [ 73.8351301, 15.5144041 ], [ 73.8349321, 15.5149304 ], [ 73.8346562, 15.5154323 ], [ 73.8339325, 15.51647 ] ] } },
{ "type": "Feature", "properties": { "osm_id": "846422183", "code": 5113, "fclass": "primary", "name": "Dayanand Bandodkar Marg", "ref": null, "oneway": "F", "maxspeed": 0, "layer": 0, "bridge": "F", "tunnel": "F" }, "geometry": { "type": "LineString", "coordinates": [ [ 73.8198758, 15.4987179 ], [ 73.8204126, 15.4992975 ], [ 73.8212017, 15.5001493 ], [ 73.8212957, 15.5002507 ] ] } },
{ "type": "Feature", "properties": { "osm_id": "846422184", "code": 5113, "fclass": "primary", "name": "Dayanand Bandodkar Marg", "ref": null, "oneway": "F", "maxspeed": 0, "layer": 1, "bridge": "T", "tunnel": "F" }, "geometry": { "type": "LineString", "coordinates": [ [ 73.8197887, 15.4986158 ], [ 73.8198758, 15.4987179 ] ] } },
{ "type": "Feature", "properties": { "osm_id": "846422185", "code": 5113, "fclass": "primary", "name": null, "ref": null, "oneway": "F", "maxspeed": 0, "layer": 1, "bridge": "T", "tunnel": "F" }, "geometry": { "type": "LineString", "coordinates": [ [ 73.819947, 15.4986572 ], [ 73.819845, 15.4985473 ] ] } },
{ "type": "Feature", "properties": { "osm_id": "846422186", "code": 5113, "fclass": "primary", "name": null, "ref": null, "oneway": "F", "maxspeed": 0, "layer": 0, "bridge": "F", "tunnel": "F" }, "geometry": { "type": "LineString", "coordinates": [ [ 73.821412, 15.5002048 ], [ 73.8213581, 15.5001629 ], [ 73.8213194, 15.5001221 ], [ 73.8213072, 15.5001092 ], [ 73.8205837, 15.4993447 ], [ 73.820483, 15.499238 ], [ 73.8204152, 15.4991663 ], [ 73.8201647, 15.4989011 ], [ 73.8199878, 15.498703 ], [ 73.819947, 15.4986572 ] ] } },
{ "type": "Feature", "properties": { "osm_id": "990853686", "code": 5113, "fclass": "primary", "name": null, "ref": null, "oneway": "B", "maxspeed": 0, "layer": 0, "bridge": "F", "tunnel": "F" }, "geometry": { "type": "LineString", "coordinates": [ [ 73.8203998, 15.3994331 ], [ 73.8195512, 15.3992667 ], [ 73.8193802, 15.3992332 ], [ 73.8191341, 15.399196 ], [ 73.8184587, 15.3990939 ], [ 73.8183716, 15.3990807 ], [ 73.8176295, 15.3989435 ], [ 73.8174546, 15.398914 ] ] } },
{ "type": "Feature", "properties": { "osm_id": "991202749", "code": 5113, "fclass": "primary", "name": "Sangolda Bypass", "ref": null, "oneway": "B", "maxspeed": 0, "layer": 0, "bridge": "F", "tunnel": "F" }, "geometry": { "type": "LineString", "coordinates": [ [ 73.8182545, 15.5471619 ], [ 73.8182384, 15.5467126 ], [ 73.8181661, 15.5462016 ], [ 73.8181344, 15.545983 ], [ 73.8181124, 15.5458308 ], [ 73.8180668, 15.5455802 ], [ 73.8180841, 15.5452291 ], [ 73.818182, 15.5449009 ], [ 73.8182104, 15.5447819 ], [ 73.818225, 15.5446929 ], [ 73.8183321, 15.5443183 ], [ 73.8183642, 15.544223 ], [ 73.8185052, 15.5438034 ], [ 73.8186113, 15.5435654 ], [ 73.8187475, 15.5432251 ], [ 73.8188177, 15.5429705 ], [ 73.8188365, 15.5428233 ], [ 73.8188312, 15.5427431 ], [ 73.8188451, 15.5426312 ], [ 73.8188499, 15.5424796 ], [ 73.8189653, 15.5423253 ] ] } },
{ "type": "Feature", "properties": { "osm_id": "1015711524", "code": 5113, "fclass": "primary", "name": null, "ref": null, "oneway": "F", "maxspeed": 0, "layer": 0, "bridge": "F", "tunnel": "F" }, "geometry": { "type": "LineString", "coordinates": [ [ 73.8071335, 15.5737038 ], [ 73.8070978, 15.5736366 ], [ 73.807057, 15.5735598 ], [ 73.8070098, 15.5734286 ], [ 73.8070067, 15.5734205 ], [ 73.806874, 15.5730764 ] ] } },
{ "type": "Feature", "properties": { "osm_id": "1015711530", "code": 5113, "fclass": "primary", "name": null, "ref": null, "oneway": "B", "maxspeed": 0, "layer": 0, "bridge": "F", "tunnel": "F" }, "geometry": { "type": "LineString", "coordinates": [ [ 73.8065889, 15.5742413 ], [ 73.8067263, 15.5739337 ], [ 73.8068157, 15.5738346 ], [ 73.8071335, 15.5737038 ] ] } },
{ "type": "Feature", "properties": { "osm_id": "1019194662", "code": 5113, "fclass": "primary", "name": "Dona Paula Circle", "ref": null, "oneway": "F", "maxspeed": 0, "layer": 0, "bridge": "F", "tunnel": "F" }, "geometry": { "type": "LineString", "coordinates": [ [ 73.8035903, 15.4572623 ], [ 73.8035613, 15.4572375 ], [ 73.8035325, 15.4572253 ], [ 73.8034996, 15.4572212 ], [ 73.803467, 15.4572265 ], [ 73.8034456, 15.4572356 ], [ 73.8034191, 15.4572558 ], [ 73.8034, 15.4572827 ], [ 73.8033899, 15.4573138 ], [ 73.8033899, 15.4573464 ], [ 73.8033998, 15.4573775 ], [ 73.8034174, 15.4574029 ], [ 73.8034416, 15.4574225 ], [ 73.8034704, 15.457435 ], [ 73.8035008, 15.4574393 ], [ 73.8035312, 15.4574355 ], [ 73.8035594, 15.457424 ], [ 73.8035834, 15.4574057 ], [ 73.8036014, 15.4573818 ], [ 73.8036122, 15.4573539 ], [ 73.8036147, 15.4573243 ], [ 73.8036109, 15.4573055 ], [ 73.8036089, 15.4572951 ], [ 73.8035903, 15.4572623 ] ] } },
{ "type": "Feature", "properties": { "osm_id": "1043623076", "code": 5113, "fclass": "primary", "name": null, "ref": null, "oneway": "B", "maxspeed": 0, "layer": 0, "bridge": "F", "tunnel": "F" }, "geometry": { "type": "LineString", "coordinates": [ [ 73.7947486, 15.4089702 ], [ 73.7946645, 15.4089104 ], [ 73.7946129, 15.4087796 ], [ 73.7944472, 15.4083923 ], [ 73.7944204, 15.4082914 ], [ 73.7944525, 15.4080509 ], [ 73.7945187, 15.4077813 ], [ 73.7947717, 15.4074743 ], [ 73.7949675, 15.4073062 ], [ 73.7951475, 15.4071693 ], [ 73.7952672, 15.4070596 ], [ 73.7953457, 15.4069778 ], [ 73.795403, 15.4068329 ] ] } },
{ "type": "Feature", "properties": { "osm_id": "1076262177", "code": 5113, "fclass": "primary", "name": "Jail Road", "ref": null, "oneway": "F", "maxspeed": 0, "layer": 0, "bridge": "F", "tunnel": "F" }, "geometry": { "type": "LineString", "coordinates": [ [ 73.8021254, 15.3951735 ], [ 73.8018626, 15.3951606 ], [ 73.8016493, 15.3951567 ], [ 73.8014173, 15.3951593 ], [ 73.8010888, 15.3951631 ], [ 73.8006347, 15.3951849 ], [ 73.8001915, 15.3952082 ], [ 73.7999541, 15.3952263 ], [ 73.7998026, 15.3952432 ], [ 73.7994823, 15.3952916 ], [ 73.7993372, 15.3953141 ], [ 73.7992407, 15.395318 ], [ 73.7990891, 15.3953103 ], [ 73.7989202, 15.3953012 ], [ 73.7988163, 15.395299 ], [ 73.79868, 15.3952979 ], [ 73.79856, 15.3953086 ], [ 73.7984147, 15.3953379 ], [ 73.7983048, 15.3953705 ], [ 73.7981713, 15.3954291 ], [ 73.7980074, 15.395509 ], [ 73.7978892, 15.3955513 ], [ 73.797727, 15.3955872 ], [ 73.7975631, 15.3956018 ], [ 73.7967591, 15.3956335 ], [ 73.7965335, 15.3956479 ], [ 73.7963592, 15.3956708 ], [ 73.7963565, 15.3956711 ], [ 73.7962076, 15.3957009 ], [ 73.7960507, 15.39575 ], [ 73.7959005, 15.3958056 ], [ 73.7957798, 15.3958638 ], [ 73.7956135, 15.3959543 ], [ 73.7954754, 15.39605 ], [ 73.7953453, 15.3961573 ], [ 73.7952839, 15.3962182 ], [ 73.795218, 15.396295 ], [ 73.7949202, 15.396639 ], [ 73.7948104, 15.3967546 ], [ 73.7946853, 15.3968686 ], [ 73.7946096, 15.396925 ], [ 73.7945519, 15.396968 ], [ 73.7943995, 15.3970691 ], [ 73.7942064, 15.397188 ], [ 73.794083, 15.3972643 ], [ 73.7939945, 15.3973341 ], [ 73.7939141, 15.3974117 ], [ 73.7938927, 15.3974369 ], [ 73.7938352, 15.3975048 ], [ 73.7937722, 15.3976018 ], [ 73.7937394, 15.3976668 ], [ 73.793715, 15.3977431 ], [ 73.7936876, 15.3978487 ], [ 73.793676, 15.3979552 ], [ 73.7936712, 15.3980764 ], [ 73.7936848, 15.3984254 ], [ 73.7936873, 15.3984831 ], [ 73.7937288, 15.3994335 ], [ 73.7937382, 15.3995904 ], [ 73.7937551, 15.3997663 ], [ 73.793794, 15.3999862 ], [ 73.7938462, 15.4002101 ], [ 73.7939186, 15.4005056 ], [ 73.7940526, 15.4010157 ], [ 73.7941828, 15.4015115 ], [ 73.7942647, 15.4018512 ], [ 73.794302, 15.401982 ], [ 73.7943051, 15.4019928 ], [ 73.7943626, 15.4021775 ], [ 73.7944392, 15.402393 ], [ 73.7945025, 15.4025593 ], [ 73.7946409, 15.4029103 ], [ 73.7948259, 15.4033747 ], [ 73.7953451, 15.4046785 ], [ 73.7954103, 15.404841 ], [ 73.7954719, 15.4049945 ], [ 73.7955251, 15.405146 ], [ 73.7955377, 15.405182 ], [ 73.7955952, 15.4054394 ], [ 73.7956046, 15.405588 ], [ 73.7955921, 15.4057712 ], [ 73.7955902, 15.405799 ], [ 73.7955864, 15.4058547 ], [ 73.7954476, 15.4065822 ], [ 73.7953963, 15.4067721 ], [ 73.795403, 15.4068329 ] ] } },
{ "type": "Feature", "properties": { "osm_id": "1076262178", "code": 5113, "fclass": "primary", "name": "Jail Road", "ref": null, "oneway": "F", "maxspeed": 0, "layer": 0, "bridge": "F", "tunnel": "F" }, "geometry": { "type": "LineString", "coordinates": [ [ 73.795403, 15.4068329 ], [ 73.7955093, 15.40659 ], [ 73.7956032, 15.4061995 ], [ 73.7956797, 15.4057289 ], [ 73.795685, 15.405619 ], [ 73.7956877, 15.4054936 ], [ 73.7956783, 15.4054057 ], [ 73.7956517, 15.4052785 ], [ 73.7956165, 15.4051716 ], [ 73.7955502, 15.4049894 ], [ 73.795465, 15.4047853 ], [ 73.7954062, 15.4046464 ], [ 73.7948955, 15.4033538 ], [ 73.7947085, 15.4028803 ], [ 73.7945462, 15.4024643 ], [ 73.7944494, 15.4021991 ], [ 73.7943835, 15.4019939 ], [ 73.7943736, 15.4019583 ], [ 73.7943429, 15.4018473 ], [ 73.7942502, 15.4014986 ], [ 73.794128, 15.4010035 ], [ 73.7940017, 15.400523 ], [ 73.7939399, 15.4002849 ], [ 73.7938803, 15.4000365 ], [ 73.7938399, 15.3998005 ], [ 73.7938177, 15.3996295 ], [ 73.7938143, 15.3996035 ], [ 73.7938024, 15.3994311 ], [ 73.7937623, 15.3984239 ], [ 73.7937535, 15.3980591 ], [ 73.7937588, 15.3979391 ], [ 73.793775, 15.3978383 ], [ 73.7938091, 15.3977224 ], [ 73.7938687, 15.3976126 ], [ 73.7939028, 15.3975569 ], [ 73.7939603, 15.397481 ], [ 73.7940209, 15.3974194 ], [ 73.794089, 15.3973609 ], [ 73.7941923, 15.397287 ], [ 73.7944507, 15.3971305 ], [ 73.7945955, 15.3970335 ], [ 73.7946683, 15.3969785 ], [ 73.7947564, 15.396912 ], [ 73.7948771, 15.3968021 ], [ 73.7949912, 15.3966813 ], [ 73.7952924, 15.3963349 ], [ 73.7953596, 15.3962623 ], [ 73.7954158, 15.3962017 ], [ 73.795523, 15.3961086 ], [ 73.7956572, 15.3960104 ], [ 73.7957779, 15.395938 ], [ 73.7958919, 15.3958889 ], [ 73.796022, 15.3958358 ], [ 73.7961937, 15.3957841 ], [ 73.7963819, 15.3957402 ], [ 73.7965711, 15.3957201 ], [ 73.7968156, 15.3957063 ], [ 73.7974712, 15.3956773 ], [ 73.797612, 15.3956683 ], [ 73.7977247, 15.3956566 ], [ 73.7978239, 15.3956398 ], [ 73.7979352, 15.3956075 ], [ 73.7980519, 15.3955622 ], [ 73.7982088, 15.3954898 ], [ 73.7983215, 15.3954446 ], [ 73.7984247, 15.3954097 ], [ 73.7985602, 15.3953838 ], [ 73.7986839, 15.3953688 ], [ 73.7988132, 15.395368 ], [ 73.7989399, 15.3953696 ], [ 73.799048, 15.3953753 ], [ 73.7991866, 15.3953843 ], [ 73.7992702, 15.3953867 ], [ 73.7993446, 15.3953851 ], [ 73.7994401, 15.3953721 ], [ 73.7997034, 15.3953281 ], [ 73.7998985, 15.3953045 ], [ 73.8000394, 15.3952904 ], [ 73.8002253, 15.3952751 ], [ 73.8004091, 15.3952646 ], [ 73.8006855, 15.3952534 ], [ 73.8009693, 15.3952403 ], [ 73.8011964, 15.395234 ], [ 73.8014597, 15.3952303 ], [ 73.8016738, 15.3952311 ], [ 73.8019056, 15.395236 ], [ 73.8020961, 15.3952456 ] ] } },
{ "type": "Feature", "properties": { "osm_id": "1076262183", "code": 5113, "fclass": "primary", "name": "Baina Beach Flyover", "ref": null, "oneway": "F", "maxspeed": 0, "layer": 1, "bridge": "T", "tunnel": "F" }, "geometry": { "type": "LineString", "coordinates": [ [ 73.8020961, 15.3952456 ], [ 73.8022031, 15.3952612 ], [ 73.8023828, 15.3952935 ], [ 73.8025129, 15.395331 ], [ 73.8026939, 15.395397 ], [ 73.8028803, 15.3954732 ], [ 73.8030519, 15.3955574 ], [ 73.8031915, 15.3956271 ], [ 73.8033474, 15.3957029 ], [ 73.8034143, 15.395732 ], [ 73.8034903, 15.3957605 ], [ 73.8035611, 15.3957758 ], [ 73.8036201, 15.3957893 ], [ 73.803714, 15.3957965 ], [ 73.8037877, 15.3957965 ], [ 73.8039111, 15.3957887 ], [ 73.8040345, 15.3957551 ], [ 73.8041364, 15.3957125 ], [ 73.8042379, 15.3956568 ], [ 73.8043263, 15.3955983 ], [ 73.8047868, 15.395244 ], [ 73.8049163, 15.3951383 ], [ 73.8050211, 15.3950452 ], [ 73.8051331, 15.3949426 ], [ 73.8053187, 15.3947685 ], [ 73.8058097, 15.3942836 ], [ 73.8059761, 15.3941298 ], [ 73.8063332, 15.3938039 ], [ 73.8064608, 15.393691 ], [ 73.8065445, 15.3936008 ], [ 73.8066247, 15.393509 ], [ 73.8066826, 15.3934299 ], [ 73.8067326, 15.393351 ], [ 73.8067851, 15.3932564 ], [ 73.8070958, 15.392641 ], [ 73.807406, 15.3920159 ], [ 73.8074818, 15.3918602 ] ] } },
{ "type": "Feature", "properties": { "osm_id": "1076262184", "code": 5113, "fclass": "primary", "name": "Baina Beach Flyover", "ref": null, "oneway": "F", "maxspeed": 0, "layer": 1, "bridge": "T", "tunnel": "F" }, "geometry": { "type": "LineString", "coordinates": [ [ 73.8073964, 15.3918369 ], [ 73.8073266, 15.3919882 ], [ 73.8070204, 15.3926085 ], [ 73.8067112, 15.3932219 ], [ 73.8066686, 15.3932978 ], [ 73.8065941, 15.3934138 ], [ 73.8065175, 15.3935175 ], [ 73.8064504, 15.3935934 ], [ 73.8063662, 15.3936781 ], [ 73.8062738, 15.3937587 ], [ 73.8059278, 15.3940703 ], [ 73.8057599, 15.3942285 ], [ 73.8052592, 15.3947132 ], [ 73.8050687, 15.3948928 ], [ 73.8049591, 15.3949934 ], [ 73.8048515, 15.3950899 ], [ 73.8047402, 15.3951819 ], [ 73.8042761, 15.3955388 ], [ 73.8041866, 15.3956007 ], [ 73.8041063, 15.3956414 ], [ 73.8040269, 15.3956764 ], [ 73.8039314, 15.3957017 ], [ 73.803852, 15.3957147 ], [ 73.8037608, 15.3957188 ], [ 73.8036552, 15.3957136 ], [ 73.8035806, 15.3957003 ], [ 73.8035083, 15.3956818 ], [ 73.80345, 15.3956611 ], [ 73.8033944, 15.3956397 ], [ 73.8032508, 15.3955698 ], [ 73.8030859, 15.3954871 ], [ 73.8029126, 15.3954044 ], [ 73.8027369, 15.3953327 ], [ 73.8025848, 15.3952773 ], [ 73.8024589, 15.3952388 ], [ 73.8023094, 15.3952038 ], [ 73.8021254, 15.3951735 ] ] } },
{ "type": "Feature", "properties": { "osm_id": "1076470080", "code": 5113, "fclass": "primary", "name": null, "ref": null, "oneway": "B", "maxspeed": 0, "layer": 1, "bridge": "T", "tunnel": "F" }, "geometry": { "type": "LineString", "coordinates": [ [ 73.8053611, 15.3979436 ], [ 73.8050647, 15.397963 ] ] } },
{ "type": "Feature", "properties": { "osm_id": "1076470081", "code": 5113, "fclass": "primary", "name": null, "ref": null, "oneway": "B", "maxspeed": 0, "layer": 1, "bridge": "T", "tunnel": "F" }, "geometry": { "type": "LineString", "coordinates": [ [ 73.8050647, 15.397963 ], [ 73.8048823, 15.3979932 ], [ 73.8048139, 15.3980527 ], [ 73.804771, 15.3981251 ], [ 73.8047084, 15.3983014 ] ] } },
{ "type": "Feature", "properties": { "osm_id": "1076470085", "code": 5113, "fclass": "primary", "name": null, "ref": null, "oneway": "B", "maxspeed": 0, "layer": 0, "bridge": "F", "tunnel": "F" }, "geometry": { "type": "LineString", "coordinates": [ [ 73.8053611, 15.3979436 ], [ 73.8054078, 15.3979377 ], [ 73.8054682, 15.3979222 ], [ 73.8055191, 15.3978872 ], [ 73.8055674, 15.3978342 ], [ 73.8056479, 15.3977243 ], [ 73.805851, 15.3973865 ], [ 73.8060041, 15.3971394 ], [ 73.8060511, 15.3970618 ], [ 73.8061087, 15.3969894 ], [ 73.8061488, 15.3969516 ], [ 73.806206, 15.3968994 ], [ 73.8062905, 15.3968205 ], [ 73.806345, 15.3967802 ] ] } },
{ "type": "Feature", "properties": { "osm_id": "1095648070", "code": 5113, "fclass": "primary", "name": "Dayanand Bandodkar Marg", "ref": null, "oneway": "F", "maxspeed": 0, "layer": 0, "bridge": "F", "tunnel": "F" }, "geometry": { "type": "LineString", "coordinates": [ [ 73.8145626, 15.4893181 ], [ 73.8136207, 15.4882696 ], [ 73.8131844, 15.4877837 ], [ 73.8129919, 15.4875694 ], [ 73.8122086, 15.4866848 ], [ 73.8117355, 15.4861939 ] ] } },
{ "type": "Feature", "properties": { "osm_id": "1118207568", "code": 5113, "fclass": "primary", "name": "Panaji - Ribandar - Old Goa Road", "ref": null, "oneway": "F", "maxspeed": 40, "layer": 0, "bridge": "F", "tunnel": "F" }, "geometry": { "type": "LineString", "coordinates": [ [ 73.8620634, 15.5037699 ], [ 73.8621725, 15.5037978 ], [ 73.8623347, 15.5038816 ], [ 73.8623659, 15.5039575 ], [ 73.8624075, 15.504157 ], [ 73.8624528, 15.5042648 ], [ 73.8625304, 15.5043638 ], [ 73.8627067, 15.5045152 ], [ 73.8639265, 15.5055817 ], [ 73.8640616, 15.5056756 ], [ 73.8642295, 15.5057443 ], [ 73.8653804, 15.5057747 ], [ 73.8655525, 15.505752 ], [ 73.8656839, 15.5056996 ], [ 73.8659732, 15.5055629 ], [ 73.866092, 15.5054831 ] ] } },
{ "type": "Feature", "properties": { "osm_id": "1118207569", "code": 5113, "fclass": "primary", "name": "Panaji - Ribandar - Old Goa Road", "ref": null, "oneway": "F", "maxspeed": 40, "layer": 0, "bridge": "F", "tunnel": "F" }, "geometry": { "type": "LineString", "coordinates": [ [ 73.8790721, 15.4995902 ], [ 73.8791771, 15.4996085 ], [ 73.8796468, 15.4996548 ], [ 73.8800751, 15.4996787 ], [ 73.8802947, 15.499665 ], [ 73.8805171, 15.4996505 ] ] } },
{ "type": "Feature", "properties": { "osm_id": "1118207570", "code": 5113, "fclass": "primary", "name": "Panaji - Ribandar - Old Goa Road", "ref": null, "oneway": "B", "maxspeed": 40, "layer": 0, "bridge": "F", "tunnel": "F" }, "geometry": { "type": "LineString", "coordinates": [ [ 73.8790721, 15.4995902 ], [ 73.8785691, 15.4997881 ], [ 73.8778821, 15.5001438 ], [ 73.8774733, 15.5003526 ], [ 73.8770906, 15.5005481 ], [ 73.8770302, 15.5005863 ], [ 73.876201, 15.5011618 ], [ 73.8759159, 15.5013268 ], [ 73.8752525, 15.5016606 ], [ 73.8746405, 15.501979 ], [ 73.8744443, 15.5020637 ], [ 73.87417, 15.5021384 ], [ 73.8740371, 15.5021647 ], [ 73.8739043, 15.5021461 ], [ 73.8735386, 15.5020539 ], [ 73.8730796, 15.501991 ], [ 73.8723427, 15.5019624 ], [ 73.8720684, 15.5020056 ], [ 73.8719805, 15.5020212 ], [ 73.8713146, 15.5021661 ], [ 73.8710508, 15.5022409 ], [ 73.870675, 15.5023475 ], [ 73.8699358, 15.5024885 ], [ 73.8697019, 15.5025236 ], [ 73.8696402, 15.5025329 ], [ 73.8693892, 15.5025711 ], [ 73.8687532, 15.5027759 ], [ 73.868712, 15.5028075 ], [ 73.8682243, 15.50324 ], [ 73.8681845, 15.5032996 ], [ 73.8677107, 15.5043021 ], [ 73.8675173, 15.5046546 ], [ 73.8673823, 15.5048122 ], [ 73.8672243, 15.5049284 ], [ 73.8670805, 15.5050111 ], [ 73.8663162, 15.5053325 ] ] } },
{ "type": "Feature", "properties": { "osm_id": "1118207571", "code": 5113, "fclass": "primary", "name": "Panaji - Ribandar - Old Goa Road", "ref": null, "oneway": "F", "maxspeed": 40, "layer": 0, "bridge": "F", "tunnel": "F" }, "geometry": { "type": "LineString", "coordinates": [ [ 73.8805171, 15.4996505 ], [ 73.8804525, 15.4996104 ], [ 73.880271, 15.4994546 ], [ 73.8801399, 15.4993937 ], [ 73.8800042, 15.4994014 ], [ 73.8797733, 15.4994505 ], [ 73.8795743, 15.4994885 ], [ 73.8794696, 15.4995097 ], [ 73.8790721, 15.4995902 ] ] } },
{ "type": "Feature", "properties": { "osm_id": "1127423674", "code": 5113, "fclass": "primary", "name": "Chogm Road", "ref": null, "oneway": "F", "maxspeed": 0, "layer": 0, "bridge": "F", "tunnel": "F" }, "geometry": { "type": "LineString", "coordinates": [ [ 73.8166277, 15.5409485 ], [ 73.8166814, 15.5408128 ], [ 73.8168316, 15.5400363 ], [ 73.8168624, 15.5399872 ], [ 73.8169348, 15.5398424 ], [ 73.8171373, 15.5395892 ], [ 73.817309, 15.5394212 ], [ 73.8175289, 15.5391731 ], [ 73.8181107, 15.5385531 ], [ 73.8186156, 15.5380348 ], [ 73.8194374, 15.5371483 ], [ 73.8198526, 15.5366862 ], [ 73.8199496, 15.5365695 ], [ 73.8201166, 15.5363686 ], [ 73.8203192, 15.5360337 ], [ 73.8205995, 15.5355702 ], [ 73.8208487, 15.5352103 ], [ 73.8209383, 15.5350609 ], [ 73.821103, 15.5348177 ], [ 73.821289, 15.5345999 ], [ 73.8213926, 15.5344785 ], [ 73.82207, 15.5338221 ], [ 73.8221973, 15.5336988 ], [ 73.8226246, 15.5332835 ], [ 73.8227391, 15.5331937 ], [ 73.8234244, 15.5325722 ], [ 73.8234846, 15.5325176 ], [ 73.8240188, 15.5320018 ], [ 73.8242957, 15.5317248 ], [ 73.8244893, 15.53152 ], [ 73.8245529, 15.531479 ], [ 73.8246559, 15.5314403 ], [ 73.8247164, 15.5314214 ] ] } },
{ "type": "Feature", "properties": { "osm_id": "1127546020", "code": 5113, "fclass": "primary", "name": null, "ref": "SH1", "oneway": "B", "maxspeed": 0, "layer": 1, "bridge": "T", "tunnel": "F" }, "geometry": { "type": "LineString", "coordinates": [ [ 73.8839877, 15.6227784 ], [ 73.8841137, 15.6227458 ] ] } },
{ "type": "Feature", "properties": { "osm_id": "1144641901", "code": 5113, "fclass": "primary", "name": null, "ref": null, "oneway": "F", "maxspeed": 0, "layer": 0, "bridge": "F", "tunnel": "F" }, "geometry": { "type": "LineString", "coordinates": [ [ 73.8247164, 15.5314214 ], [ 73.8248125, 15.5313869 ], [ 73.8248743, 15.5313354 ] ] } },
{ "type": "Feature", "properties": { "osm_id": "1181005387", "code": 5113, "fclass": "primary", "name": "Duler Ground Road", "ref": null, "oneway": "B", "maxspeed": 0, "layer": 0, "bridge": "F", "tunnel": "F" }, "geometry": { "type": "LineString", "coordinates": [ [ 73.8142069, 15.5937258 ], [ 73.8142986, 15.5938378 ], [ 73.8146201, 15.5942305 ], [ 73.814719, 15.5944434 ], [ 73.8148147, 15.5946588 ], [ 73.8148396, 15.5948108 ], [ 73.8150124, 15.5955274 ], [ 73.8151018, 15.5960677 ], [ 73.8151565, 15.5963458 ], [ 73.8153435, 15.5975279 ], [ 73.8154684, 15.5980738 ], [ 73.8155614, 15.5984733 ], [ 73.8157056, 15.599243 ], [ 73.8157412, 15.5994882 ], [ 73.8157608, 15.5996736 ], [ 73.8157318, 15.6004996 ], [ 73.815709, 15.6011508 ], [ 73.8157074, 15.6011967 ], [ 73.8157058, 15.6012127 ], [ 73.8156971, 15.6013029 ], [ 73.8156781, 15.6018926 ] ] } },
{ "type": "Feature", "properties": { "osm_id": "1181005388", "code": 5113, "fclass": "primary", "name": "Court Circle", "ref": null, "oneway": "B", "maxspeed": 0, "layer": 0, "bridge": "F", "tunnel": "F" }, "geometry": { "type": "LineString", "coordinates": [ [ 73.8141507, 15.5936527 ], [ 73.814137, 15.593668 ], [ 73.8141316, 15.5936876 ], [ 73.8141356, 15.5937075 ], [ 73.8141481, 15.5937238 ], [ 73.8141667, 15.5937332 ], [ 73.8141877, 15.5937339 ], [ 73.8142069, 15.5937258 ] ] } },
{ "type": "Feature", "properties": { "osm_id": "1182070523", "code": 5113, "fclass": "primary", "name": "Mapusa Bus Stand Road", "ref": null, "oneway": "F", "maxspeed": 0, "layer": 0, "bridge": "F", "tunnel": "F" }, "geometry": { "type": "LineString", "coordinates": [ [ 73.8067827, 15.5825684 ], [ 73.8069564, 15.5830198 ], [ 73.8073997, 15.5842722 ], [ 73.8076928, 15.5851222 ], [ 73.8082188, 15.5865502 ], [ 73.8087439, 15.5879604 ], [ 73.8088272, 15.5881952 ], [ 73.8089928, 15.5886619 ], [ 73.8090272, 15.5888385 ] ] } },
{ "type": "Feature", "properties": { "osm_id": "1182070524", "code": 5113, "fclass": "primary", "name": "Mapusa Bus Stand Road", "ref": null, "oneway": "F", "maxspeed": 0, "layer": 0, "bridge": "F", "tunnel": "F" }, "geometry": { "type": "LineString", "coordinates": [ [ 73.8091638, 15.5888099 ], [ 73.8090759, 15.5886579 ], [ 73.808713, 15.5876734 ], [ 73.808679, 15.587591 ], [ 73.8084941, 15.5870893 ], [ 73.8082847, 15.5865213 ], [ 73.8077622, 15.5850988 ], [ 73.8074592, 15.5842614 ], [ 73.8069892, 15.5829172 ], [ 73.8067827, 15.5825684 ] ] } },
{ "type": "Feature", "properties": { "osm_id": "1182204934", "code": 5113, "fclass": "primary", "name": "Hutatma Chowk", "ref": null, "oneway": "B", "maxspeed": 0, "layer": 0, "bridge": "F", "tunnel": "F" }, "geometry": { "type": "LineString", "coordinates": [ [ 73.8101346, 15.5907328 ], [ 73.8101159, 15.5907755 ], [ 73.8101164, 15.5908334 ], [ 73.8101431, 15.5908853 ], [ 73.8101908, 15.5909206 ], [ 73.8102159, 15.5909289 ], [ 73.8102497, 15.5909323 ], [ 73.8102833, 15.5909273 ], [ 73.8103146, 15.5909143 ] ] } },
{ "type": "Feature", "properties": { "osm_id": "1203153948", "code": 5113, "fclass": "primary", "name": "Ponte Conde de Linhares", "ref": null, "oneway": "B", "maxspeed": 40, "layer": 0, "bridge": "T", "tunnel": "F" }, "geometry": { "type": "LineString", "coordinates": [ [ 73.8456311, 15.5007852 ], [ 73.8458762, 15.5008373 ] ] } },
{ "type": "Feature", "properties": { "osm_id": "1203153949", "code": 5113, "fclass": "primary", "name": "Ponte Conde de Linhares", "ref": null, "oneway": "B", "maxspeed": 40, "layer": 0, "bridge": "F", "tunnel": "F" }, "geometry": { "type": "LineString", "coordinates": [ [ 73.8385237, 15.499071 ], [ 73.839177, 15.4992152 ], [ 73.8415045, 15.4997564 ], [ 73.8456311, 15.5007852 ] ] } },
{ "type": "Feature", "properties": { "osm_id": "1205537736", "code": 5113, "fclass": "primary", "name": null, "ref": null, "oneway": "F", "maxspeed": 0, "layer": 0, "bridge": "F", "tunnel": "F" }, "geometry": { "type": "LineString", "coordinates": [ [ 73.7890464, 15.5461415 ], [ 73.7887609, 15.546166 ], [ 73.7867963, 15.5461249 ], [ 73.786245, 15.5460818 ], [ 73.7859339, 15.5460124 ], [ 73.78573, 15.5459838 ] ] } },
{ "type": "Feature", "properties": { "osm_id": "1205537737", "code": 5113, "fclass": "primary", "name": null, "ref": null, "oneway": "F", "maxspeed": 0, "layer": 0, "bridge": "F", "tunnel": "F" }, "geometry": { "type": "LineString", "coordinates": [ [ 73.78573, 15.5459838 ], [ 73.7859319, 15.5460738 ], [ 73.7862664, 15.5461438 ], [ 73.7867922, 15.5461903 ], [ 73.7887636, 15.5462213 ], [ 73.7890467, 15.5462592 ] ] } },
{ "type": "Feature", "properties": { "osm_id": "1205537738", "code": 5113, "fclass": "primary", "name": null, "ref": null, "oneway": "B", "maxspeed": 0, "layer": 0, "bridge": "F", "tunnel": "F" }, "geometry": { "type": "LineString", "coordinates": [ [ 73.78573, 15.5459838 ], [ 73.7855723, 15.5459617 ], [ 73.7839278, 15.545731 ], [ 73.7838973, 15.5457267 ], [ 73.7838098, 15.5457007 ], [ 73.7833215, 15.5455557 ], [ 73.7825107, 15.5451892 ] ] } },
{ "type": "Feature", "properties": { "osm_id": "1205537739", "code": 5113, "fclass": "primary", "name": "Saligao Circle", "ref": null, "oneway": "B", "maxspeed": 0, "layer": 0, "bridge": "F", "tunnel": "F" }, "geometry": { "type": "LineString", "coordinates": [ [ 73.7890664, 15.5461283 ], [ 73.7890464, 15.5461415 ], [ 73.7890298, 15.5461624 ], [ 73.789021, 15.5461873 ], [ 73.789021, 15.5462136 ], [ 73.7890299, 15.5462384 ], [ 73.7890467, 15.5462592 ], [ 73.7890668, 15.5462724 ], [ 73.7890901, 15.5462795 ], [ 73.7891145, 15.5462797 ], [ 73.7891379, 15.5462732 ], [ 73.7891583, 15.5462603 ], [ 73.789174, 15.5462424 ], [ 73.7891833, 15.5462217 ], [ 73.7891864, 15.5461994 ], [ 73.7891829, 15.5461771 ], [ 73.789173, 15.5461567 ], [ 73.7891577, 15.5461397 ], [ 73.7891373, 15.5461271 ], [ 73.7891139, 15.5461207 ], [ 73.7890896, 15.5461211 ], [ 73.7890664, 15.5461283 ] ] } },
{ "type": "Feature", "properties": { "osm_id": "1205537740", "code": 5113, "fclass": "primary", "name": null, "ref": null, "oneway": "F", "maxspeed": 0, "layer": 0, "bridge": "F", "tunnel": "F" }, "geometry": { "type": "LineString", "coordinates": [ [ 73.7692671, 15.5416672 ], [ 73.7693793, 15.5416681 ], [ 73.7745666, 15.5416268 ], [ 73.7748349, 15.541663 ], [ 73.7754303, 15.5418387 ], [ 73.7761545, 15.5421385 ], [ 73.777045, 15.5425571 ], [ 73.7775117, 15.5427587 ], [ 73.77837, 15.5430429 ], [ 73.7787241, 15.5431721 ], [ 73.7789986, 15.5432977 ] ] } },
{ "type": "Feature", "properties": { "osm_id": "1205537741", "code": 5113, "fclass": "primary", "name": null, "ref": null, "oneway": "F", "maxspeed": 0, "layer": 0, "bridge": "F", "tunnel": "F" }, "geometry": { "type": "LineString", "coordinates": [ [ 73.7802903, 15.5440684 ], [ 73.7802401, 15.5440032 ], [ 73.7795985, 15.5436424 ], [ 73.7790191, 15.5432496 ], [ 73.7788743, 15.5431669 ], [ 73.7784452, 15.5429953 ], [ 73.7775385, 15.5427018 ], [ 73.7761921, 15.5420816 ], [ 73.7754893, 15.5417974 ], [ 73.7748671, 15.541601 ], [ 73.7746125, 15.5415703 ], [ 73.7745666, 15.5415648 ], [ 73.7743467, 15.5415648 ], [ 73.7711656, 15.5416061 ], [ 73.7692639, 15.5415932 ] ] } },
{ "type": "Feature", "properties": { "osm_id": "1205537742", "code": 5113, "fclass": "primary", "name": null, "ref": null, "oneway": "B", "maxspeed": 0, "layer": 0, "bridge": "F", "tunnel": "F" }, "geometry": { "type": "LineString", "coordinates": [ [ 73.7691278, 15.5415781 ], [ 73.7689498, 15.5412727 ], [ 73.76847, 15.5408232 ], [ 73.7681493, 15.540659 ], [ 73.7680043, 15.5405095 ], [ 73.7663726, 15.5388271 ], [ 73.7659782, 15.5383345 ], [ 73.7657356, 15.5379165 ], [ 73.7647495, 15.5370747 ] ] } },
{ "type": "Feature", "properties": { "osm_id": "1205537743", "code": 5113, "fclass": "primary", "name": "Dolphin Circle", "ref": null, "oneway": "B", "maxspeed": 0, "layer": 0, "bridge": "F", "tunnel": "F" }, "geometry": { "type": "LineString", "coordinates": [ [ 73.7691486, 15.5415622 ], [ 73.7691278, 15.5415781 ], [ 73.7691132, 15.5415993 ], [ 73.769106, 15.5416239 ], [ 73.7691072, 15.5416494 ], [ 73.7691164, 15.5416733 ], [ 73.7691329, 15.5416933 ], [ 73.7691549, 15.5417074 ], [ 73.7691804, 15.5417143 ], [ 73.7692069, 15.5417132 ], [ 73.7692317, 15.5417043 ], [ 73.7692525, 15.5416885 ], [ 73.7692671, 15.5416672 ], [ 73.7692743, 15.5416426 ], [ 73.7692732, 15.5416171 ], [ 73.7692639, 15.5415932 ], [ 73.7692475, 15.5415732 ], [ 73.7692254, 15.5415591 ], [ 73.7691999, 15.5415522 ], [ 73.7691734, 15.5415533 ], [ 73.7691486, 15.5415622 ] ] } },
{ "type": "Feature", "properties": { "osm_id": "1212944677", "code": 5113, "fclass": "primary", "name": null, "ref": "SH1", "oneway": "F", "maxspeed": 0, "layer": 0, "bridge": "F", "tunnel": "F" }, "geometry": { "type": "LineString", "coordinates": [ [ 73.8349171, 15.6186537 ], [ 73.8348822, 15.6186143 ], [ 73.8346669, 15.6185732 ], [ 73.8343477, 15.6185215 ], [ 73.8341224, 15.6184673 ], [ 73.8330066, 15.6181857 ], [ 73.8327304, 15.6180617 ], [ 73.8324514, 15.617868 ], [ 73.8321393, 15.6175622 ], [ 73.8315502, 15.6167753 ], [ 73.8314241, 15.6165789 ], [ 73.8311511, 15.6161071 ], [ 73.8311237, 15.6160597 ], [ 73.8310693, 15.6159818 ], [ 73.8309173, 15.6157641 ], [ 73.8300006, 15.6144517 ], [ 73.8299113, 15.6143238 ], [ 73.8298537, 15.6142413 ], [ 73.8293454, 15.6135127 ], [ 73.8292515, 15.6133929 ], [ 73.8291899, 15.613366 ] ] } },
{ "type": "Feature", "properties": { "osm_id": "1212944678", "code": 5113, "fclass": "primary", "name": null, "ref": "SH1", "oneway": "F", "maxspeed": 0, "layer": 0, "bridge": "F", "tunnel": "F" }, "geometry": { "type": "LineString", "coordinates": [ [ 73.8291899, 15.613366 ], [ 73.8291929, 15.6134254 ], [ 73.8292958, 15.6135579 ], [ 73.8295321, 15.6139114 ], [ 73.8299448, 15.6145289 ], [ 73.8309577, 15.6160442 ], [ 73.8309923, 15.6160959 ], [ 73.8310057, 15.6161136 ], [ 73.8310495, 15.6161715 ], [ 73.8313372, 15.6165808 ], [ 73.8315126, 15.6168657 ], [ 73.8320893, 15.6176406 ], [ 73.8322744, 15.617855 ], [ 73.8324594, 15.6180126 ], [ 73.8327277, 15.6181779 ], [ 73.8329959, 15.6182813 ], [ 73.8343209, 15.6185938 ], [ 73.834624, 15.6186455 ], [ 73.8348567, 15.6186673 ], [ 73.8349171, 15.6186537 ] ] } },
{ "type": "Feature", "properties": { "osm_id": "1212944679", "code": 5113, "fclass": "primary", "name": null, "ref": "SH1", "oneway": "B", "maxspeed": 0, "layer": 0, "bridge": "F", "tunnel": "F" }, "geometry": { "type": "LineString", "coordinates": [ [ 73.8239461, 15.6087311 ], [ 73.8240427, 15.6088369 ], [ 73.824153, 15.6090362 ], [ 73.8243089, 15.6092003 ], [ 73.8247477, 15.6095058 ], [ 73.8251177, 15.6097616 ], [ 73.8254373, 15.6100233 ], [ 73.8257923, 15.6102755 ] ] } },
{ "type": "Feature", "properties": { "osm_id": "1215225847", "code": 5113, "fclass": "primary", "name": "Duler Ground Road", "ref": null, "oneway": "B", "maxspeed": 0, "layer": 0, "bridge": "F", "tunnel": "F" }, "geometry": { "type": "LineString", "coordinates": [ [ 73.8156781, 15.6018926 ], [ 73.8157734, 15.6020531 ], [ 73.8160499, 15.6024379 ], [ 73.8160819, 15.6024884 ], [ 73.8162607, 15.6026681 ], [ 73.8165746, 15.6028771 ] ] } },
{ "type": "Feature", "properties": { "osm_id": "1305285093", "code": 5113, "fclass": "primary", "name": null, "ref": null, "oneway": "F", "maxspeed": 0, "layer": 0, "bridge": "F", "tunnel": "F" }, "geometry": { "type": "LineString", "coordinates": [ [ 73.8377637, 15.4974777 ], [ 73.8379097, 15.4962159 ], [ 73.8379821, 15.4960014 ], [ 73.8381404, 15.4957998 ], [ 73.838232, 15.4956995 ] ] } },
{ "type": "Feature", "properties": { "osm_id": "1305285094", "code": 5113, "fclass": "primary", "name": null, "ref": null, "oneway": "B", "maxspeed": 0, "layer": 0, "bridge": "F", "tunnel": "F" }, "geometry": { "type": "LineString", "coordinates": [ [ 73.8376085, 15.4980447 ], [ 73.8376636, 15.49766 ] ] } },
{ "type": "Feature", "properties": { "osm_id": "1333233257", "code": 5113, "fclass": "primary", "name": "Chogm Road", "ref": null, "oneway": "F", "maxspeed": 0, "layer": 0, "bridge": "F", "tunnel": "F" }, "geometry": { "type": "LineString", "coordinates": [ [ 73.8248743, 15.5313354 ], [ 73.8248084, 15.5313197 ], [ 73.8247439, 15.5313172 ], [ 73.8246757, 15.5313404 ], [ 73.8245536, 15.5314063 ] ] } },
{ "type": "Feature", "properties": { "osm_id": "1333233277", "code": 5113, "fclass": "primary", "name": "Chogm Road", "ref": null, "oneway": "F", "maxspeed": 0, "layer": 0, "bridge": "F", "tunnel": "F" }, "geometry": { "type": "LineString", "coordinates": [ [ 73.8247998, 15.5311674 ], [ 73.8247615, 15.5312021 ], [ 73.8246569, 15.5313068 ], [ 73.8245536, 15.5314063 ], [ 73.8244571, 15.5314929 ], [ 73.8239988, 15.5319661 ], [ 73.8234465, 15.5324852 ], [ 73.8226768, 15.5331405 ], [ 73.8224752, 15.5333308 ], [ 73.8222854, 15.5335011 ], [ 73.8221281, 15.5336638 ], [ 73.8215308, 15.5342464 ], [ 73.8213419, 15.5344297 ], [ 73.821035, 15.5347798 ], [ 73.8205343, 15.5355303 ], [ 73.8200569, 15.5363073 ], [ 73.819786, 15.5366303 ], [ 73.8196157, 15.5368409 ], [ 73.8193622, 15.5371252 ], [ 73.8188501, 15.537661 ], [ 73.8180501, 15.5385039 ], [ 73.817714, 15.5388695 ], [ 73.8174764, 15.5391178 ], [ 73.8171006, 15.5395117 ], [ 73.8168758, 15.5398179 ], [ 73.8168007, 15.53996 ], [ 73.8167444, 15.5400577 ], [ 73.8166212, 15.5408026 ], [ 73.8166277, 15.5409485 ] ] } },
{ "type": "Feature", "properties": { "osm_id": "1333494275", "code": 5113, "fclass": "primary", "name": null, "ref": null, "oneway": "B", "maxspeed": 0, "layer": 0, "bridge": "F", "tunnel": "F" }, "geometry": { "type": "LineString", "coordinates": [ [ 73.8092507, 15.588965 ], [ 73.8092539, 15.5889171 ], [ 73.8092388, 15.5888713 ], [ 73.8092073, 15.5888338 ], [ 73.8091638, 15.5888099 ], [ 73.8090914, 15.5888059 ], [ 73.8090272, 15.5888385 ], [ 73.8089944, 15.5888854 ], [ 73.8089854, 15.5889412 ], [ 73.8090019, 15.5889955 ], [ 73.8090407, 15.5890379 ], [ 73.8090796, 15.5890568 ] ] } },
{ "type": "Feature", "properties": { "osm_id": "1342095693", "code": 5113, "fclass": "primary", "name": "Duler Ground Road", "ref": null, "oneway": "B", "maxspeed": 0, "layer": 0, "bridge": "F", "tunnel": "F" }, "geometry": { "type": "LineString", "coordinates": [ [ 73.8118878, 15.5908083 ], [ 73.8120642, 15.5907929 ] ] } },
{ "type": "Feature", "properties": { "osm_id": "1342095694", "code": 5113, "fclass": "primary", "name": "Duler Ground Road", "ref": null, "oneway": "F", "maxspeed": 0, "layer": 0, "bridge": "F", "tunnel": "F" }, "geometry": { "type": "LineString", "coordinates": [ [ 73.8124671, 15.5908234 ], [ 73.8124059, 15.5907958 ], [ 73.812304, 15.5907867 ], [ 73.8121431, 15.5907764 ], [ 73.8120642, 15.5907929 ] ] } },
{ "type": "Feature", "properties": { "osm_id": "1342095695", "code": 5113, "fclass": "primary", "name": "Duler Ground Road", "ref": null, "oneway": "F", "maxspeed": 0, "layer": 0, "bridge": "F", "tunnel": "F" }, "geometry": { "type": "LineString", "coordinates": [ [ 73.8120642, 15.5907929 ], [ 73.8121364, 15.5908268 ], [ 73.8123067, 15.5908357 ], [ 73.8123992, 15.590841 ], [ 73.8124671, 15.5908234 ] ] } },
{ "type": "Feature", "properties": { "osm_id": "1342209169", "code": 5113, "fclass": "primary", "name": "Market Road", "ref": null, "oneway": "F", "maxspeed": 0, "layer": 0, "bridge": "F", "tunnel": "F" }, "geometry": { "type": "LineString", "coordinates": [ [ 73.8107147, 15.5898024 ], [ 73.810067, 15.5900582 ], [ 73.809961, 15.5900504 ], [ 73.8099099, 15.5900354 ] ] } },
{ "type": "Feature", "properties": { "osm_id": "1345339990", "code": 5113, "fclass": "primary", "name": null, "ref": null, "oneway": "B", "maxspeed": 0, "layer": 0, "bridge": "F", "tunnel": "F" }, "geometry": { "type": "LineString", "coordinates": [ [ 73.8174546, 15.398914 ], [ 73.8173605, 15.3988801 ] ] } },
{ "type": "Feature", "properties": { "osm_id": "1345340089", "code": 5113, "fclass": "primary", "name": "Gomes Road", "ref": null, "oneway": "F", "maxspeed": 0, "layer": 0, "bridge": "F", "tunnel": "F" }, "geometry": { "type": "LineString", "coordinates": [ [ 73.8132809, 15.3989236 ], [ 73.8131632, 15.3988748 ] ] } },
{ "type": "Feature", "properties": { "osm_id": "1356611458", "code": 5113, "fclass": "primary", "name": "Sangolda Bypass", "ref": null, "oneway": "B", "maxspeed": 0, "layer": 0, "bridge": "F", "tunnel": "F" }, "geometry": { "type": "LineString", "coordinates": [ [ 73.8197895, 15.5394333 ], [ 73.8197511, 15.5393838 ], [ 73.8196121, 15.5393037 ], [ 73.8194024, 15.5391975 ], [ 73.818751, 15.5388677 ], [ 73.8187068, 15.5388464 ], [ 73.8183653, 15.5386821 ], [ 73.8181107, 15.5385531 ], [ 73.8180501, 15.5385039 ] ] } },
{ "type": "Feature", "properties": { "osm_id": "1358296785", "code": 5113, "fclass": "primary", "name": "Sangolda Bypass", "ref": null, "oneway": "B", "maxspeed": 0, "layer": 0, "bridge": "F", "tunnel": "F" }, "geometry": { "type": "LineString", "coordinates": [ [ 73.8189653, 15.5423253 ], [ 73.819242, 15.5417411 ], [ 73.8193085, 15.5414042 ], [ 73.819342, 15.5412343 ], [ 73.8194924, 15.540318 ], [ 73.8195203, 15.5399996 ], [ 73.819661, 15.5396955 ], [ 73.8197592, 15.5395026 ], [ 73.8197895, 15.5394333 ] ] } },
{ "type": "Feature", "properties": { "osm_id": "1361103096", "code": 5113, "fclass": "primary", "name": null, "ref": null, "oneway": "F", "maxspeed": 0, "layer": 0, "bridge": "F", "tunnel": "F" }, "geometry": { "type": "LineString", "coordinates": [ [ 73.7789986, 15.5432977 ], [ 73.7791532, 15.5433995 ], [ 73.7795073, 15.5436579 ], [ 73.7802052, 15.5440519 ], [ 73.7802903, 15.5440684 ] ] } },
{ "type": "Feature", "properties": { "osm_id": "1368616118", "code": 5113, "fclass": "primary", "name": null, "ref": null, "oneway": "F", "maxspeed": 0, "layer": 0, "bridge": "F", "tunnel": "F" }, "geometry": { "type": "LineString", "coordinates": [ [ 73.8376611, 15.4974785 ], [ 73.8376636, 15.49766 ] ] } },
{ "type": "Feature", "properties": { "osm_id": "1368616119", "code": 5113, "fclass": "primary", "name": null, "ref": null, "oneway": "F", "maxspeed": 0, "layer": 0, "bridge": "F", "tunnel": "F" }, "geometry": { "type": "LineString", "coordinates": [ [ 73.8376636, 15.49766 ], [ 73.8377637, 15.4974777 ] ] } },
{ "type": "Feature", "properties": { "osm_id": "1374977408", "code": 5113, "fclass": "primary", "name": "Dayanand Bandodkar Marg", "ref": null, "oneway": "F", "maxspeed": 0, "layer": 0, "bridge": "F", "tunnel": "F" }, "geometry": { "type": "LineString", "coordinates": [ [ 73.8172496, 15.4923126 ], [ 73.8170987, 15.4921444 ], [ 73.8162397, 15.4911872 ], [ 73.8146911, 15.4894614 ] ] } },
{ "type": "Feature", "properties": { "osm_id": "1374977409", "code": 5113, "fclass": "primary", "name": "Dayanand Bandodkar Marg", "ref": null, "oneway": "F", "maxspeed": 0, "layer": 0, "bridge": "F", "tunnel": "F" }, "geometry": { "type": "LineString", "coordinates": [ [ 73.8146911, 15.4894614 ], [ 73.8146248, 15.4893875 ], [ 73.8145626, 15.4893181 ] ] } },
{ "type": "Feature", "properties": { "osm_id": "1374977410", "code": 5113, "fclass": "primary", "name": "Dayanand Bandodkar Marg", "ref": null, "oneway": "F", "maxspeed": 0, "layer": 0, "bridge": "F", "tunnel": "F" }, "geometry": { "type": "LineString", "coordinates": [ [ 73.8116903, 15.4862433 ], [ 73.8121766, 15.4867712 ], [ 73.8129298, 15.4876175 ], [ 73.8131238, 15.4878356 ], [ 73.8144771, 15.4893875 ] ] } },
{ "type": "Feature", "properties": { "osm_id": "1374977411", "code": 5113, "fclass": "primary", "name": "Dayanand Bandodkar Marg", "ref": null, "oneway": "F", "maxspeed": 0, "layer": 0, "bridge": "F", "tunnel": "F" }, "geometry": { "type": "LineString", "coordinates": [ [ 73.8144771, 15.4893875 ], [ 73.814535, 15.4894599 ], [ 73.8145939, 15.4895334 ] ] } },
{ "type": "Feature", "properties": { "osm_id": "1376106022", "code": 5113, "fclass": "primary", "name": "Avenida Dom João de Castro", "ref": null, "oneway": "F", "maxspeed": 0, "layer": 0, "bridge": "F", "tunnel": "F" }, "geometry": { "type": "LineString", "coordinates": [ [ 73.833821, 15.4996879 ], [ 73.8328709, 15.499855 ], [ 73.8323737, 15.499972 ], [ 73.8321004, 15.5000481 ], [ 73.8317677, 15.5001796 ], [ 73.8312056, 15.5004057 ], [ 73.8308667, 15.5005675 ], [ 73.8305337, 15.5007248 ], [ 73.8301905, 15.5009208 ], [ 73.8299122, 15.5009768 ], [ 73.8296699, 15.5009898 ], [ 73.8293377, 15.5009587 ], [ 73.8288367, 15.5010657 ], [ 73.8284526, 15.5011306 ], [ 73.8280913, 15.5011793 ] ] } },
{ "type": "Feature", "properties": { "osm_id": "1376106024", "code": 5113, "fclass": "primary", "name": "Avenida Dom João de Castro", "ref": null, "oneway": "F", "maxspeed": 0, "layer": 0, "bridge": "F", "tunnel": "F" }, "geometry": { "type": "LineString", "coordinates": [ [ 73.8280969, 15.5012728 ], [ 73.828322, 15.5012467 ], [ 73.8290863, 15.5011356 ], [ 73.8292845, 15.5011068 ], [ 73.8293528, 15.5010998 ], [ 73.8299945, 15.5010338 ], [ 73.8302059, 15.5009922 ], [ 73.8308876, 15.5006408 ], [ 73.8312383, 15.5004755 ], [ 73.8321037, 15.5001146 ], [ 73.8323421, 15.5000389 ], [ 73.8328537, 15.4999353 ], [ 73.8338068, 15.4997751 ] ] } },
{ "type": "Feature", "properties": { "osm_id": "1376106025", "code": 5113, "fclass": "primary", "name": "Avenida Dom João de Castro", "ref": null, "oneway": "F", "maxspeed": 0, "layer": 0, "bridge": "F", "tunnel": "F" }, "geometry": { "type": "LineString", "coordinates": [ [ 73.8280913, 15.5011793 ], [ 73.8279098, 15.501195 ] ] } },
{ "type": "Feature", "properties": { "osm_id": "1376106026", "code": 5113, "fclass": "primary", "name": "Avenida Dom João de Castro", "ref": null, "oneway": "F", "maxspeed": 0, "layer": 0, "bridge": "F", "tunnel": "F" }, "geometry": { "type": "LineString", "coordinates": [ [ 73.8279154, 15.5012915 ], [ 73.8280969, 15.5012728 ] ] } },
{ "type": "Feature", "properties": { "osm_id": "1377760873", "code": 5113, "fclass": "primary", "name": null, "ref": null, "oneway": "F", "maxspeed": 0, "layer": 0, "bridge": "F", "tunnel": "F" }, "geometry": { "type": "LineString", "coordinates": [ [ 73.806874, 15.5730764 ], [ 73.8068378, 15.5728871 ] ] } },
{ "type": "Feature", "properties": { "osm_id": "1377760874", "code": 5113, "fclass": "primary", "name": null, "ref": null, "oneway": "F", "maxspeed": 0, "layer": 1, "bridge": "T", "tunnel": "F" }, "geometry": { "type": "LineString", "coordinates": [ [ 73.8068378, 15.5728871 ], [ 73.8068015, 15.5726978 ] ] } },
{ "type": "Feature", "properties": { "osm_id": "1377760875", "code": 5113, "fclass": "primary", "name": null, "ref": null, "oneway": "F", "maxspeed": 0, "layer": 0, "bridge": "F", "tunnel": "F" }, "geometry": { "type": "LineString", "coordinates": [ [ 73.8065043, 15.5729641 ], [ 73.8065365, 15.5731313 ], [ 73.8065675, 15.5732176 ], [ 73.8066895, 15.573557 ], [ 73.8067463, 15.573682 ], [ 73.8068157, 15.5738346 ] ] } },
{ "type": "Feature", "properties": { "osm_id": "1377760876", "code": 5113, "fclass": "primary", "name": null, "ref": null, "oneway": "F", "maxspeed": 0, "layer": 1, "bridge": "T", "tunnel": "F" }, "geometry": { "type": "LineString", "coordinates": [ [ 73.8064771, 15.572823 ], [ 73.8065043, 15.5729641 ] ] } },
{ "type": "Feature", "properties": { "osm_id": "1378003842", "code": 5113, "fclass": "primary", "name": null, "ref": "SH1", "oneway": "F", "maxspeed": 0, "layer": 0, "bridge": "F", "tunnel": "F" }, "geometry": { "type": "LineString", "coordinates": [ [ 73.8286416, 15.612643 ], [ 73.8286293, 15.6125726 ], [ 73.8283794, 15.6122854 ], [ 73.8282626, 15.6121514 ], [ 73.8279936, 15.6119111 ], [ 73.8277119, 15.6116967 ], [ 73.8274117, 15.6114675 ], [ 73.827124, 15.611248 ], [ 73.8269977, 15.6111505 ], [ 73.82599, 15.6103725 ], [ 73.8259128, 15.6103149 ], [ 73.8257923, 15.6102755 ] ] } },
{ "type": "Feature", "properties": { "osm_id": "1378003843", "code": 5113, "fclass": "primary", "name": null, "ref": "SH1", "oneway": "F", "maxspeed": 0, "layer": 0, "bridge": "F", "tunnel": "F" }, "geometry": { "type": "LineString", "coordinates": [ [ 73.8257923, 15.6102755 ], [ 73.8258659, 15.6103761 ], [ 73.8269634, 15.6112132 ], [ 73.8273659, 15.6115236 ], [ 73.8279426, 15.6119472 ], [ 73.8282116, 15.6121997 ], [ 73.828277, 15.6122764 ], [ 73.8285644, 15.6126172 ], [ 73.8286416, 15.612643 ] ] } },
{ "type": "Feature", "properties": { "osm_id": "1378003844", "code": 5113, "fclass": "primary", "name": null, "ref": "SH1", "oneway": "B", "maxspeed": 0, "layer": 0, "bridge": "F", "tunnel": "F" }, "geometry": { "type": "LineString", "coordinates": [ [ 73.8286416, 15.612643 ], [ 73.8288724, 15.612918 ], [ 73.8289637, 15.6130391 ], [ 73.8290542, 15.613159 ], [ 73.8291354, 15.6132829 ], [ 73.8291899, 15.613366 ] ] } },
{ "type": "Feature", "properties": { "osm_id": "1378031003", "code": 5113, "fclass": "primary", "name": "Panaji - Ribandar - Old Goa Road", "ref": null, "oneway": "F", "maxspeed": 40, "layer": 0, "bridge": "F", "tunnel": "F" }, "geometry": { "type": "LineString", "coordinates": [ [ 73.866092, 15.5054831 ], [ 73.8663162, 15.5053325 ] ] } },
{ "type": "Feature", "properties": { "osm_id": "1378031004", "code": 5113, "fclass": "primary", "name": "Panaji - Ribandar - Old Goa Road", "ref": null, "oneway": "F", "maxspeed": 0, "layer": 0, "bridge": "F", "tunnel": "F" }, "geometry": { "type": "LineString", "coordinates": [ [ 73.8663162, 15.5053325 ], [ 73.8660572, 15.5053477 ] ] } },
{ "type": "Feature", "properties": { "osm_id": "1378622784", "code": 5113, "fclass": "primary", "name": null, "ref": null, "oneway": "F", "maxspeed": 0, "layer": 0, "bridge": "F", "tunnel": "F" }, "geometry": { "type": "LineString", "coordinates": [ [ 73.8367056, 15.5066292 ], [ 73.836708, 15.5064813 ] ] } },
{ "type": "Feature", "properties": { "osm_id": "1378622785", "code": 5113, "fclass": "primary", "name": null, "ref": null, "oneway": "F", "maxspeed": 0, "layer": 0, "bridge": "F", "tunnel": "F" }, "geometry": { "type": "LineString", "coordinates": [ [ 73.836708, 15.5064813 ], [ 73.8366405, 15.5066036 ] ] } },
{ "type": "Feature", "properties": { "osm_id": "1382909655", "code": 5113, "fclass": "primary", "name": "Dayanand Bandodkar Marg", "ref": null, "oneway": "F", "maxspeed": 0, "layer": 0, "bridge": "F", "tunnel": "F" }, "geometry": { "type": "LineString", "coordinates": [ [ 73.8116388, 15.4860918 ], [ 73.8108886, 15.4852786 ], [ 73.8094877, 15.4836741 ], [ 73.8092858, 15.4834232 ] ] } },
{ "type": "Feature", "properties": { "osm_id": "1382909656", "code": 5113, "fclass": "primary", "name": "Dayanand Bandodkar Marg", "ref": null, "oneway": "F", "maxspeed": 0, "layer": 0, "bridge": "F", "tunnel": "F" }, "geometry": { "type": "LineString", "coordinates": [ [ 73.8117355, 15.4861939 ], [ 73.8116889, 15.4861456 ] ] } },
{ "type": "Feature", "properties": { "osm_id": "1382909657", "code": 5113, "fclass": "primary", "name": "Dayanand Bandodkar Marg", "ref": null, "oneway": "F", "maxspeed": 0, "layer": 0, "bridge": "F", "tunnel": "F" }, "geometry": { "type": "LineString", "coordinates": [ [ 73.8092304, 15.4834781 ], [ 73.8094511, 15.4837113 ], [ 73.8100185, 15.4843692 ], [ 73.8104841, 15.4848916 ], [ 73.8115959, 15.4861389 ] ] } },
{ "type": "Feature", "properties": { "osm_id": "1382909658", "code": 5113, "fclass": "primary", "name": "Dayanand Bandodkar Marg", "ref": null, "oneway": "F", "maxspeed": 0, "layer": 0, "bridge": "F", "tunnel": "F" }, "geometry": { "type": "LineString", "coordinates": [ [ 73.8116467, 15.4861959 ], [ 73.8116903, 15.4862433 ] ] } },
{ "type": "Feature", "properties": { "osm_id": "1382909659", "code": 5113, "fclass": "primary", "name": "Dayanand Bandodkar Marg", "ref": null, "oneway": "F", "maxspeed": 0, "layer": 0, "bridge": "F", "tunnel": "F" }, "geometry": { "type": "LineString", "coordinates": [ [ 73.8116889, 15.4861456 ], [ 73.811675, 15.4861311 ], [ 73.8116388, 15.4860918 ] ] } },
{ "type": "Feature", "properties": { "osm_id": "1382909660", "code": 5113, "fclass": "primary", "name": "Dayanand Bandodkar Marg", "ref": null, "oneway": "F", "maxspeed": 0, "layer": 0, "bridge": "F", "tunnel": "F" }, "geometry": { "type": "LineString", "coordinates": [ [ 73.8115959, 15.4861389 ], [ 73.8116467, 15.4861959 ] ] } },
{ "type": "Feature", "properties": { "osm_id": "1382937847", "code": 5113, "fclass": "primary", "name": "Gomes Road", "ref": null, "oneway": "F", "maxspeed": 0, "layer": 0, "bridge": "F", "tunnel": "F" }, "geometry": { "type": "LineString", "coordinates": [ [ 73.8171845, 15.3989749 ], [ 73.816986, 15.3991433 ], [ 73.8166754, 15.3993915 ], [ 73.8165324, 15.3995311 ], [ 73.8164887, 15.3995789 ], [ 73.8163988, 15.3996757 ], [ 73.8163124, 15.3998209 ], [ 73.8161819, 15.4000297 ], [ 73.8161384, 15.4001023 ], [ 73.8161162, 15.4001361 ], [ 73.8160871, 15.4001631 ], [ 73.8160682, 15.4001784 ], [ 73.8160404, 15.4001931 ], [ 73.816027, 15.4001955 ], [ 73.8159916, 15.4001975 ], [ 73.8159473, 15.4001949 ], [ 73.815883, 15.4001677 ], [ 73.8155316, 15.3999919 ], [ 73.8151623, 15.3998147 ] ] } },
{ "type": "Feature", "properties": { "osm_id": "1382937849", "code": 5113, "fclass": "primary", "name": "Gomes Road", "ref": null, "oneway": "F", "maxspeed": 0, "layer": 0, "bridge": "F", "tunnel": "F" }, "geometry": { "type": "LineString", "coordinates": [ [ 73.815127, 15.3998915 ], [ 73.8154905, 15.4000719 ], [ 73.8158547, 15.4002453 ], [ 73.8159321, 15.4002718 ], [ 73.8159851, 15.4002782 ], [ 73.816026, 15.4002782 ], [ 73.8160488, 15.4002756 ], [ 73.8160782, 15.4002702 ] ] } },
{ "type": "Feature", "properties": { "osm_id": "1382937850", "code": 5113, "fclass": "primary", "name": "Gomes Road", "ref": null, "oneway": "F", "maxspeed": 0, "layer": 0, "bridge": "F", "tunnel": "F" }, "geometry": { "type": "LineString", "coordinates": [ [ 73.8151623, 15.3998147 ], [ 73.8149438, 15.3997098 ] ] } },
{ "type": "Feature", "properties": { "osm_id": "1382937851", "code": 5113, "fclass": "primary", "name": "Gomes Road", "ref": null, "oneway": "F", "maxspeed": 0, "layer": 0, "bridge": "F", "tunnel": "F" }, "geometry": { "type": "LineString", "coordinates": [ [ 73.8149149, 15.3997863 ], [ 73.815127, 15.3998915 ] ] } },
{ "type": "Feature", "properties": { "osm_id": "1382937852", "code": 5113, "fclass": "primary", "name": "Gomes Road", "ref": null, "oneway": "F", "maxspeed": 0, "layer": 0, "bridge": "F", "tunnel": "F" }, "geometry": { "type": "LineString", "coordinates": [ [ 73.81468, 15.3996739 ], [ 73.8149149, 15.3997863 ] ] } },
{ "type": "Feature", "properties": { "osm_id": "1383759692", "code": 5113, "fclass": "primary", "name": "Dayanand Bandodkar Marg", "ref": null, "oneway": "F", "maxspeed": 0, "layer": 0, "bridge": "F", "tunnel": "F" }, "geometry": { "type": "LineString", "coordinates": [ [ 73.8183307, 15.4939882 ], [ 73.8181222, 15.4934195 ], [ 73.8181025, 15.4933428 ], [ 73.8180426, 15.493214 ], [ 73.817423, 15.4925078 ] ] } },
{ "type": "Feature", "properties": { "osm_id": "1383759693", "code": 5113, "fclass": "primary", "name": "Dayanand Bandodkar Marg", "ref": null, "oneway": "F", "maxspeed": 0, "layer": 0, "bridge": "F", "tunnel": "F" }, "geometry": { "type": "LineString", "coordinates": [ [ 73.817423, 15.4925078 ], [ 73.8173478, 15.4924221 ] ] } },
{ "type": "Feature", "properties": { "osm_id": "1383759694", "code": 5113, "fclass": "primary", "name": "Dayanand Bandodkar Marg", "ref": null, "oneway": "F", "maxspeed": 0, "layer": 0, "bridge": "F", "tunnel": "F" }, "geometry": { "type": "LineString", "coordinates": [ [ 73.8145939, 15.4895334 ], [ 73.8154862, 15.4905061 ], [ 73.815545, 15.4905702 ], [ 73.8159453, 15.4910066 ], [ 73.8168879, 15.4920678 ], [ 73.8171592, 15.4923733 ] ] } },
{ "type": "Feature", "properties": { "osm_id": "1383759695", "code": 5113, "fclass": "primary", "name": "Dayanand Bandodkar Marg", "ref": null, "oneway": "F", "maxspeed": 0, "layer": 0, "bridge": "F", "tunnel": "F" }, "geometry": { "type": "LineString", "coordinates": [ [ 73.817264, 15.4924912 ], [ 73.8173132, 15.4925465 ], [ 73.817334, 15.49257 ] ] } },
{ "type": "Feature", "properties": { "osm_id": "1383759697", "code": 5113, "fclass": "primary", "name": "Dayanand Bandodkar Marg", "ref": null, "oneway": "F", "maxspeed": 0, "layer": 0, "bridge": "F", "tunnel": "F" }, "geometry": { "type": "LineString", "coordinates": [ [ 73.819845, 15.4985473 ], [ 73.8196238, 15.4982651 ], [ 73.8195765, 15.4981888 ], [ 73.8194417, 15.4979648 ], [ 73.8190562, 15.4960054 ], [ 73.8183697, 15.4940929 ] ] } },
{ "type": "Feature", "properties": { "osm_id": "1383759698", "code": 5113, "fclass": "primary", "name": "Dayanand Bandodkar Marg", "ref": null, "oneway": "F", "maxspeed": 0, "layer": 0, "bridge": "F", "tunnel": "F" }, "geometry": { "type": "LineString", "coordinates": [ [ 73.817334, 15.49257 ], [ 73.8175861, 15.4928538 ], [ 73.8178522, 15.4931533 ], [ 73.8179487, 15.4932952 ], [ 73.8180737, 15.4935957 ], [ 73.8182411, 15.4940126 ] ] } },
{ "type": "Feature", "properties": { "osm_id": "1383759699", "code": 5113, "fclass": "primary", "name": "Dayanand Bandodkar Marg", "ref": null, "oneway": "F", "maxspeed": 0, "layer": 0, "bridge": "F", "tunnel": "F" }, "geometry": { "type": "LineString", "coordinates": [ [ 73.8183697, 15.4940929 ], [ 73.8183307, 15.4939882 ] ] } },
{ "type": "Feature", "properties": { "osm_id": "1383759700", "code": 5113, "fclass": "primary", "name": "Dayanand Bandodkar Marg", "ref": null, "oneway": "F", "maxspeed": 0, "layer": 0, "bridge": "F", "tunnel": "F" }, "geometry": { "type": "LineString", "coordinates": [ [ 73.8182836, 15.4941184 ], [ 73.8189568, 15.496028 ], [ 73.819083, 15.4966676 ], [ 73.8193378, 15.4979587 ], [ 73.8194079, 15.4981195 ], [ 73.8195377, 15.4983167 ], [ 73.8196758, 15.4984813 ], [ 73.8197887, 15.4986158 ] ] } },
{ "type": "Feature", "properties": { "osm_id": "1383759701", "code": 5113, "fclass": "primary", "name": "Dayanand Bandodkar Marg", "ref": null, "oneway": "F", "maxspeed": 0, "layer": 0, "bridge": "F", "tunnel": "F" }, "geometry": { "type": "LineString", "coordinates": [ [ 73.8171592, 15.4923733 ], [ 73.817264, 15.4924912 ] ] } },
{ "type": "Feature", "properties": { "osm_id": "1383759702", "code": 5113, "fclass": "primary", "name": "Dayanand Bandodkar Marg", "ref": null, "oneway": "F", "maxspeed": 0, "layer": 0, "bridge": "F", "tunnel": "F" }, "geometry": { "type": "LineString", "coordinates": [ [ 73.8173478, 15.4924221 ], [ 73.8172496, 15.4923126 ] ] } },
{ "type": "Feature", "properties": { "osm_id": "1386024507", "code": 5113, "fclass": "primary", "name": null, "ref": null, "oneway": "B", "maxspeed": 0, "layer": 0, "bridge": "F", "tunnel": "F" }, "geometry": { "type": "LineString", "coordinates": [ [ 73.7823264, 15.5451058 ], [ 73.7820888, 15.5449984 ], [ 73.7816074, 15.544773 ], [ 73.7811267, 15.5445208 ], [ 73.7805103, 15.5441822 ], [ 73.7803562, 15.5441025 ], [ 73.7802903, 15.5440684 ] ] } },
{ "type": "Feature", "properties": { "osm_id": "1386024508", "code": 5113, "fclass": "primary", "name": null, "ref": null, "oneway": "B", "maxspeed": 0, "layer": 1, "bridge": "T", "tunnel": "F" }, "geometry": { "type": "LineString", "coordinates": [ [ 73.7825107, 15.5451892 ], [ 73.7823264, 15.5451058 ] ] } },
{ "type": "Feature", "properties": { "osm_id": "1387152276", "code": 5113, "fclass": "primary", "name": "Chogm Road", "ref": null, "oneway": "F", "maxspeed": 0, "layer": 0, "bridge": "F", "tunnel": "F" }, "geometry": { "type": "LineString", "coordinates": [ [ 73.789174, 15.5462424 ], [ 73.7893494, 15.546215 ], [ 73.7894042, 15.5461737 ], [ 73.7893469, 15.5461388 ], [ 73.7891577, 15.5461397 ] ] } },
{ "type": "Feature", "properties": { "osm_id": "1389724302", "code": 5113, "fclass": "primary", "name": "Gomes Road", "ref": null, "oneway": "F", "maxspeed": 0, "layer": 0, "bridge": "F", "tunnel": "F" }, "geometry": { "type": "LineString", "coordinates": [ [ 73.8149438, 15.3997098 ], [ 73.8143903, 15.3994282 ], [ 73.8137868, 15.3991334 ], [ 73.8132809, 15.3989236 ] ] } },
{ "type": "Feature", "properties": { "osm_id": "1389724303", "code": 5113, "fclass": "primary", "name": "Gomes Road", "ref": null, "oneway": "F", "maxspeed": 0, "layer": 0, "bridge": "F", "tunnel": "F" }, "geometry": { "type": "LineString", "coordinates": [ [ 73.8132496, 15.3990043 ], [ 73.8137395, 15.3992199 ], [ 73.8142342, 15.3994607 ], [ 73.81468, 15.3996739 ] ] } },
{ "type": "Feature", "properties": { "osm_id": "1389724305", "code": 5113, "fclass": "primary", "name": "Gomes Road", "ref": null, "oneway": "F", "maxspeed": 0, "layer": 0, "bridge": "F", "tunnel": "F" }, "geometry": { "type": "LineString", "coordinates": [ [ 73.8131632, 15.3988748 ], [ 73.8125317, 15.3986247 ], [ 73.8120756, 15.3984339 ], [ 73.8119026, 15.3983576 ], [ 73.8112984, 15.3981235 ], [ 73.8111771, 15.3980775 ], [ 73.8105145, 15.397874 ], [ 73.8097736, 15.3976714 ], [ 73.8087027, 15.3974784 ], [ 73.8086187, 15.3974626 ] ] } },
{ "type": "Feature", "properties": { "osm_id": "1389724306", "code": 5113, "fclass": "primary", "name": "Gomes Road", "ref": null, "oneway": "F", "maxspeed": 0, "layer": 0, "bridge": "F", "tunnel": "F" }, "geometry": { "type": "LineString", "coordinates": [ [ 73.8131232, 15.3989505 ], [ 73.8131718, 15.39897 ], [ 73.8132496, 15.3990043 ] ] } },
{ "type": "Feature", "properties": { "osm_id": "1391514097", "code": 5113, "fclass": "primary", "name": null, "ref": null, "oneway": "B", "maxspeed": 0, "layer": 0, "bridge": "F", "tunnel": "F" }, "geometry": { "type": "LineString", "coordinates": [ [ 73.8324169, 15.3991337 ], [ 73.8322063, 15.3991489 ], [ 73.8318127, 15.3991711 ], [ 73.8316553, 15.3991737 ], [ 73.8310853, 15.3992064 ], [ 73.8307957, 15.3992064 ], [ 73.8306586, 15.399196 ], [ 73.8305311, 15.3991706 ], [ 73.8304537, 15.3991202 ], [ 73.8303951, 15.3990474 ], [ 73.830352, 15.3989598 ], [ 73.8303289, 15.3988648 ], [ 73.8303243, 15.3987548 ], [ 73.8303366, 15.3986479 ], [ 73.8303628, 15.3985261 ], [ 73.8303982, 15.3984103 ], [ 73.8304444, 15.3982276 ], [ 73.8304552, 15.3979647 ], [ 73.8304121, 15.3977701 ], [ 73.8303474, 15.3976038 ], [ 73.8302026, 15.3975087 ], [ 73.8300824, 15.3974657 ], [ 73.8299546, 15.3974582 ], [ 73.8298966, 15.3974652 ] ] } },
{ "type": "Feature", "properties": { "osm_id": "1391514098", "code": 5113, "fclass": "primary", "name": null, "ref": null, "oneway": "B", "maxspeed": 0, "layer": 1, "bridge": "T", "tunnel": "F" }, "geometry": { "type": "LineString", "coordinates": [ [ 73.8298966, 15.3974652 ], [ 73.829819, 15.3974746 ] ] } },
{ "type": "Feature", "properties": { "osm_id": "1409288121", "code": 5113, "fclass": "primary", "name": "Gomes Road", "ref": null, "oneway": "F", "maxspeed": 0, "layer": 0, "bridge": "F", "tunnel": "F" }, "geometry": { "type": "LineString", "coordinates": [ [ 73.8086187, 15.3974626 ], [ 73.8075319, 15.3972586 ], [ 73.8073375, 15.3971965 ], [ 73.806616, 15.396836 ], [ 73.8064809, 15.3967869 ], [ 73.806345, 15.3967802 ] ] } },
{ "type": "Feature", "properties": { "osm_id": "1459206078", "code": 5113, "fclass": "primary", "name": "Court Circle", "ref": null, "oneway": "B", "maxspeed": 0, "layer": 0, "bridge": "F", "tunnel": "F" }, "geometry": { "type": "LineString", "coordinates": [ [ 73.8142221, 15.593671 ], [ 73.8142096, 15.5936547 ], [ 73.814191, 15.5936453 ], [ 73.81417, 15.5936445 ], [ 73.8141507, 15.5936527 ] ] } },
{ "type": "Feature", "properties": { "osm_id": "1459206079", "code": 5113, "fclass": "primary", "name": "Court Circle", "ref": null, "oneway": "B", "maxspeed": 0, "layer": 0, "bridge": "F", "tunnel": "F" }, "geometry": { "type": "LineString", "coordinates": [ [ 73.8142069, 15.5937258 ], [ 73.8142206, 15.5937104 ], [ 73.814226, 15.5936909 ], [ 73.8142221, 15.593671 ] ] } },
{ "type": "Feature", "properties": { "osm_id": "1459206080", "code": 5113, "fclass": "primary", "name": "Hutatma Chowk", "ref": null, "oneway": "B", "maxspeed": 0, "layer": 0, "bridge": "F", "tunnel": "F" }, "geometry": { "type": "LineString", "coordinates": [ [ 73.8103146, 15.5909143 ], [ 73.8103414, 15.5908942 ], [ 73.8103704, 15.5908519 ], [ 73.8103801, 15.5908021 ], [ 73.8103692, 15.5907525 ], [ 73.8103393, 15.5907108 ] ] } },
{ "type": "Feature", "properties": { "osm_id": "1459206084", "code": 5113, "fclass": "primary", "name": null, "ref": null, "oneway": "F", "maxspeed": 0, "layer": 0, "bridge": "F", "tunnel": "F" }, "geometry": { "type": "LineString", "coordinates": [ [ 73.8099099, 15.5900354 ], [ 73.809683, 15.5896965 ] ] } },
{ "type": "Feature", "properties": { "osm_id": "1459206085", "code": 5113, "fclass": "primary", "name": null, "ref": null, "oneway": "F", "maxspeed": 0, "layer": 0, "bridge": "F", "tunnel": "F" }, "geometry": { "type": "LineString", "coordinates": [ [ 73.80935, 15.5892162 ], [ 73.8092625, 15.589078 ], [ 73.8092507, 15.588965 ] ] } }
]
}
