{
"type": "FeatureCollection",
"name": "Waterways",
"crs": { "type": "name", "properties": { "name": "urn:ogc:def:crs:OGC:1.3:CRS84" } },
"features": [
{ "type": "Feature", "properties": { "osm_id": "42834759", "code": 8101, "fclass": "river", "width": 0, "name": "Baga Creek" }, "geometry": { "type": "LineString", "coordinates": [ [ 73.76154, 15.5728755 ], [ 73.7613916, 15.5725359 ], [ 73.7613407, 15.5722853 ], [ 73.7613407, 15.5720553 ], [ 73.7615901, 15.5716213 ], [ 73.7616947, 15.5713035 ], [ 73.7617403, 15.5709237 ], [ 73.7617591, 15.5706524 ], [ 73.7617484, 15.5704948 ], [ 73.7616625, 15.570288 ], [ 73.7615244, 15.5701574 ], [ 73.7613352, 15.570163 ], [ 73.7611759, 15.5702377 ], [ 73.7610989, 15.5702738 ], [ 73.7610322, 15.5703656 ], [ 73.7610215, 15.5705516 ], [ 73.7609732, 15.5706524 ], [ 73.7607184, 15.5707712 ], [ 73.760418, 15.5709237 ], [ 73.7602651, 15.5709547 ], [ 73.7600264, 15.5709056 ], [ 73.759616, 15.5707325 ], [ 73.7589562, 15.5702958 ], [ 73.7588274, 15.5701434 ], [ 73.7587926, 15.5699625 ], [ 73.7588505, 15.5698 ], [ 73.7590756, 15.5694023 ], [ 73.7591891, 15.5687971 ], [ 73.7591408, 15.568317 ], [ 73.7590657, 15.5677227 ], [ 73.7588404, 15.5672215 ], [ 73.7583522, 15.5669579 ], [ 73.7582441, 15.566885 ], [ 73.7581377, 15.5668132 ], [ 73.7580438, 15.5665626 ], [ 73.7579499, 15.5664567 ], [ 73.7577301, 15.5662487 ], [ 73.7573627, 15.5662166 ], [ 73.7566947, 15.5664933 ], [ 73.7564275, 15.5668923 ], [ 73.7561937, 15.5677031 ], [ 73.7560267, 15.5686812 ], [ 73.7559265, 15.5692218 ], [ 73.7555591, 15.5692797 ], [ 73.7546537, 15.5689091 ], [ 73.7533532, 15.5680865 ], [ 73.7518991, 15.5669168 ], [ 73.7510428, 15.565778 ], [ 73.7500505, 15.5646723 ], [ 73.7500315, 15.5640704 ], [ 73.7498622, 15.5638977 ], [ 73.7490076, 15.5634492 ], [ 73.748617, 15.5633758 ], [ 73.7484148, 15.5632758 ] ] } },
{ "type": "Feature", "properties": { "osm_id": "89021961", "code": 8104, "fclass": "drain", "width": 0, "name": null }, "geometry": { "type": "LineString", "coordinates": [ [ 73.841448, 15.498929 ], [ 73.8413933, 15.499074 ], [ 73.8414298, 15.4993112 ], [ 73.8414526, 15.4995397 ], [ 73.8414229, 15.4997829 ] ] } },
{ "type": "Feature", "properties": { "osm_id": "90124886", "code": 8104, "fclass": "drain", "width": 0, "name": null }, "geometry": { "type": "LineString", "coordinates": [ [ 73.8260758, 15.4634729 ], [ 73.8259363, 15.4643415 ], [ 73.8259524, 15.464949 ], [ 73.8260892, 15.4654686 ], [ 73.8262877, 15.4657917 ], [ 73.8263467, 15.4659908 ], [ 73.826454, 15.4660425 ], [ 73.8266256, 15.4660089 ], [ 73.8271326, 15.4663863 ], [ 73.8274759, 15.4666525 ], [ 73.8275215, 15.4668464 ], [ 73.8277093, 15.4668128 ], [ 73.8278965, 15.4667952 ], [ 73.8289511, 15.4669188 ], [ 73.830032, 15.4670636 ], [ 73.8312659, 15.4673272 ], [ 73.8318254, 15.4674682 ], [ 73.8319148, 15.4675014 ], [ 73.8319907, 15.4675143 ], [ 73.8321097, 15.4675675 ], [ 73.8327788, 15.4678626 ], [ 73.8330066, 15.4679347 ], [ 73.8331487, 15.4679249 ], [ 73.8332614, 15.4679373 ], [ 73.8333547, 15.4679763 ], [ 73.8336283, 15.468271 ], [ 73.8339301, 15.4686007 ], [ 73.8341071, 15.4689497 ], [ 73.8341554, 15.4690311 ], [ 73.8343244, 15.4692444 ], [ 73.8343888, 15.4694539 ], [ 73.8343607, 15.4696206 ], [ 73.8343647, 15.4697408 ], [ 73.8344854, 15.4698106 ], [ 73.8346987, 15.469927 ], [ 73.8348209, 15.4699642 ], [ 73.8349693, 15.4699443 ], [ 73.8350373, 15.4698728 ], [ 73.8351897, 15.4698391 ], [ 73.8353545, 15.4698331 ], [ 73.8355317, 15.4698113 ], [ 73.8360129, 15.469693 ], [ 73.8360992, 15.4696848 ] ] } },
{ "type": "Feature", "properties": { "osm_id": "90124917", "code": 8102, "fclass": "stream", "width": 0, "name": "Rio de Ourém" }, "geometry": { "type": "LineString", "coordinates": [ [ 73.8422897, 15.467366 ], [ 73.8421288, 15.4677098 ], [ 73.8419491, 15.4679813 ], [ 73.8417211, 15.4682837 ], [ 73.8415307, 15.4682992 ], [ 73.8413134, 15.4682113 ], [ 73.8411391, 15.4682449 ], [ 73.8410211, 15.468413 ], [ 73.8407824, 15.4684932 ], [ 73.8407099, 15.4685707 ], [ 73.8404846, 15.4689558 ], [ 73.8400702, 15.4691884 ], [ 73.8399417, 15.4692432 ], [ 73.8397857, 15.4692392 ], [ 73.8396397, 15.4692143 ], [ 73.8395619, 15.4691807 ], [ 73.839519, 15.4690851 ], [ 73.8395056, 15.46893 ], [ 73.8395995, 15.4688214 ], [ 73.8397202, 15.4687051 ], [ 73.839747, 15.4685888 ], [ 73.8397204, 15.4683477 ], [ 73.8396397, 15.468338 ], [ 73.8391033, 15.4683458 ], [ 73.8388081, 15.4684005 ], [ 73.8386875, 15.4684144 ], [ 73.8384837, 15.4684716 ], [ 73.8383446, 15.4684858 ], [ 73.8381781, 15.4685711 ], [ 73.8381423, 15.468695 ], [ 73.8380875, 15.468762 ], [ 73.8378726, 15.4687823 ], [ 73.837502, 15.468899 ], [ 73.8372365, 15.4688628 ], [ 73.8371077, 15.4688757 ], [ 73.8368663, 15.4688886 ], [ 73.8361368, 15.4690153 ], [ 73.8360214, 15.4690851 ], [ 73.8359973, 15.4691523 ], [ 73.836059, 15.4693539 ], [ 73.8360804, 15.4695116 ], [ 73.8360992, 15.4696848 ] ] } },
{ "type": "Feature", "properties": { "osm_id": "128554497", "code": 8102, "fclass": "stream", "width": 0, "name": null }, "geometry": { "type": "LineString", "coordinates": [ [ 73.7767553, 15.5452962 ], [ 73.7767466, 15.5454113 ], [ 73.7766816, 15.54559 ], [ 73.7765325, 15.5460085 ], [ 73.7766556, 15.5465831 ], [ 73.7765843, 15.5470452 ], [ 73.7766492, 15.5478259 ], [ 73.7766686, 15.5489813 ], [ 73.7764936, 15.5492561 ], [ 73.7765778, 15.5497994 ], [ 73.7762358, 15.5501263 ], [ 73.7758851, 15.5505276 ], [ 73.775549, 15.5508232 ], [ 73.7751471, 15.5510626 ], [ 73.7746575, 15.5512315 ], [ 73.7741241, 15.5513864 ], [ 73.7739925, 15.5515976 ], [ 73.7737952, 15.5517243 ], [ 73.7734591, 15.5518229 ], [ 73.7732253, 15.5519214 ], [ 73.7727357, 15.5522663 ], [ 73.771815, 15.5529703 ], [ 73.7704851, 15.5535546 ], [ 73.7699882, 15.5537376 ], [ 73.7698274, 15.5539981 ], [ 73.7700978, 15.554167 ], [ 73.7702878, 15.5545331 ], [ 73.7702732, 15.5548288 ], [ 73.7701782, 15.5555961 ], [ 73.7700905, 15.556124 ], [ 73.7700467, 15.5565464 ], [ 73.7696375, 15.5565957 ], [ 73.7694255, 15.5566872 ], [ 73.7692502, 15.5571096 ], [ 73.7691333, 15.5574897 ], [ 73.7690274, 15.5576443 ] ] } },
{ "type": "Feature", "properties": { "osm_id": "128554499", "code": 8101, "fclass": "river", "width": 0, "name": null }, "geometry": { "type": "LineString", "coordinates": [ [ 73.7670448, 15.5586202 ], [ 73.7665977, 15.558425 ], [ 73.7662763, 15.5583443 ], [ 73.7661086, 15.5585193 ], [ 73.7658641, 15.5584789 ], [ 73.7656125, 15.5582904 ], [ 73.7653261, 15.5580279 ], [ 73.7649488, 15.557927 ], [ 73.7645436, 15.5581154 ], [ 73.7641663, 15.5583106 ], [ 73.7636474, 15.5584592 ], [ 73.7634623, 15.5584514 ], [ 73.7629259, 15.5582757 ], [ 73.7623438, 15.5580742 ], [ 73.7620488, 15.5579992 ], [ 73.7619495, 15.5580199 ], [ 73.7618503, 15.5580768 ], [ 73.7615418, 15.5585238 ], [ 73.7613273, 15.5588752 ], [ 73.7611824, 15.5589527 ], [ 73.7609652, 15.5589785 ], [ 73.7607801, 15.558963 ], [ 73.7605709, 15.5588959 ], [ 73.7603885, 15.5588106 ], [ 73.7601793, 15.5587641 ], [ 73.7601042, 15.5587563 ], [ 73.7599835, 15.5588158 ], [ 73.7599137, 15.5589295 ], [ 73.7599137, 15.559069 ], [ 73.7599272, 15.5593248 ], [ 73.7599915, 15.5596271 ], [ 73.7601525, 15.560224 ], [ 73.7602141, 15.5604565 ], [ 73.7602785, 15.5606968 ], [ 73.7601712, 15.5613118 ], [ 73.7600183, 15.5616839 ], [ 73.7598225, 15.5620508 ], [ 73.7595355, 15.5624255 ], [ 73.7591493, 15.5631154 ], [ 73.758611, 15.5643137 ], [ 73.7585002, 15.5647484 ], [ 73.7584841, 15.5651411 ], [ 73.7584841, 15.5655028 ], [ 73.7584841, 15.5658827 ], [ 73.7584707, 15.5661695 ], [ 73.7583719, 15.5663736 ], [ 73.7582803, 15.5665157 ], [ 73.7581703, 15.5665751 ], [ 73.7580438, 15.5665626 ] ] } },
{ "type": "Feature", "properties": { "osm_id": "128554505", "code": 8102, "fclass": "stream", "width": 0, "name": null }, "geometry": { "type": "LineString", "coordinates": [ [ 73.796668, 15.5478829 ], [ 73.7956274, 15.5489992 ], [ 73.7948951, 15.5500122 ], [ 73.7948388, 15.5501543 ], [ 73.7947771, 15.5503894 ], [ 73.7944633, 15.5504049 ], [ 73.7940368, 15.550715 ], [ 73.7930095, 15.5517021 ], [ 73.7925857, 15.5518546 ], [ 73.7919179, 15.5518287 ], [ 73.7918167, 15.5518631 ], [ 73.7919354, 15.5529221 ], [ 73.7919728, 15.5537425 ], [ 73.792061, 15.5543505 ], [ 73.7919795, 15.5544747 ], [ 73.7918778, 15.5546381 ], [ 73.791759, 15.55488 ], [ 73.7917251, 15.5553931 ], [ 73.7917251, 15.5560566 ], [ 73.7916301, 15.5565959 ], [ 73.7913451, 15.5571614 ], [ 73.7912637, 15.5575405 ], [ 73.791379, 15.5579425 ], [ 73.7915554, 15.5583544 ], [ 73.7915622, 15.5585864 ], [ 73.7914944, 15.5590113 ], [ 73.7915317, 15.5595571 ], [ 73.7916928, 15.5604707 ], [ 73.791703, 15.5608236 ], [ 73.7915843, 15.5611717 ], [ 73.7915554, 15.5615182 ], [ 73.7914265, 15.5618663 ], [ 73.7912976, 15.5622242 ], [ 73.7912569, 15.5625641 ], [ 73.7912671, 15.5629661 ], [ 73.7914791, 15.5632226 ], [ 73.7915588, 15.5634073 ], [ 73.7914842, 15.5635936 ], [ 73.7912433, 15.5636541 ], [ 73.791133, 15.5637668 ], [ 73.791055, 15.5640414 ], [ 73.7908006, 15.5641345 ], [ 73.7905257, 15.5641116 ], [ 73.7902272, 15.5640103 ], [ 73.7901288, 15.5638861 ], [ 73.7897556, 15.5638273 ], [ 73.7893077, 15.5640201 ], [ 73.7886054, 15.5642653 ], [ 73.7882831, 15.5642032 ], [ 73.7875537, 15.5639482 ], [ 73.7867394, 15.5638861 ], [ 73.7861626, 15.5638959 ], [ 73.7857645, 15.5638522 ], [ 73.785613, 15.5638355 ], [ 73.7851041, 15.5637668 ], [ 73.784926, 15.5638485 ], [ 73.7846817, 15.5640316 ], [ 73.7843661, 15.5642884 ], [ 73.7842414, 15.5643621 ], [ 73.7840644, 15.5643543 ], [ 73.783825, 15.5643159 ], [ 73.78374, 15.5642805 ], [ 73.7834569, 15.5640171 ], [ 73.7831162, 15.5638507 ], [ 73.7828187, 15.563786 ], [ 73.7823389, 15.5638044 ], [ 73.7817919, 15.5637351 ], [ 73.7813217, 15.5636519 ], [ 73.780578, 15.5634948 ], [ 73.7800598, 15.56337 ], [ 73.7794505, 15.5632636 ], [ 73.778678, 15.5631573 ], [ 73.7779631, 15.5630556 ], [ 73.7775216, 15.5630741 ], [ 73.7772481, 15.5628708 ], [ 73.7767635, 15.5627044 ], [ 73.7762885, 15.5626119 ], [ 73.7757415, 15.5624825 ], [ 73.7753577, 15.5622237 ], [ 73.7750986, 15.5620157 ], [ 73.7745324, 15.5620295 ], [ 73.7742733, 15.5619001 ], [ 73.7734672, 15.5616597 ], [ 73.7729682, 15.5615349 ], [ 73.7728483, 15.5612576 ], [ 73.7728867, 15.5608185 ], [ 73.7731001, 15.5605766 ], [ 73.7732359, 15.5603563 ], [ 73.7733574, 15.5597093 ], [ 73.7733073, 15.5594821 ], [ 73.7731502, 15.559489 ], [ 73.7730287, 15.5595234 ], [ 73.7727072, 15.5595097 ], [ 73.7724642, 15.5592275 ], [ 73.7721713, 15.5589315 ], [ 73.7719569, 15.5588764 ], [ 73.7717783, 15.5589934 ], [ 73.7716282, 15.5590692 ], [ 73.7706708, 15.5587869 ], [ 73.7702564, 15.5586768 ], [ 73.7697419, 15.5586699 ], [ 73.7693132, 15.5586424 ], [ 73.769156, 15.558491 ], [ 73.7692918, 15.5581606 ], [ 73.7692989, 15.5578164 ], [ 73.7692275, 15.5576237 ], [ 73.7690274, 15.5576443 ], [ 73.7687559, 15.5576925 ], [ 73.7683058, 15.5576099 ], [ 73.7681057, 15.5574585 ], [ 73.7677627, 15.5575204 ], [ 73.767627, 15.5577889 ], [ 73.7675841, 15.5582156 ], [ 73.7677199, 15.5585185 ], [ 73.7680199, 15.5586699 ], [ 73.7681057, 15.5588558 ], [ 73.7679914, 15.559076 ], [ 73.767827, 15.5591862 ], [ 73.7675555, 15.5591655 ], [ 73.7672911, 15.5589934 ], [ 73.7671482, 15.5588214 ], [ 73.7670448, 15.5586202 ] ] } },
{ "type": "Feature", "properties": { "osm_id": "199147795", "code": 8102, "fclass": "stream", "width": 0, "name": null }, "geometry": { "type": "LineString", "coordinates": [ [ 73.8986616, 15.4641501 ], [ 73.8983934, 15.4640777 ], [ 73.8980018, 15.4638709 ], [ 73.8977711, 15.4636331 ], [ 73.8974511, 15.4632998 ], [ 73.8971757, 15.4628474 ], [ 73.8967948, 15.4621805 ], [ 73.8966553, 15.4620874 ], [ 73.8964676, 15.4621133 ], [ 73.896135, 15.4622063 ], [ 73.8959043, 15.4623149 ], [ 73.8958185, 15.4623614 ], [ 73.8955985, 15.4622994 ], [ 73.8954859, 15.4621753 ], [ 73.8954483, 15.4619737 ], [ 73.8954591, 15.4617824 ], [ 73.8955181, 15.4616531 ], [ 73.8955932, 15.4615549 ], [ 73.8955717, 15.4614566 ], [ 73.8955288, 15.4611774 ], [ 73.895418, 15.4609525 ], [ 73.8954341, 15.4607406 ], [ 73.8951801, 15.4606811 ], [ 73.895188, 15.4605398 ] ] } },
{ "type": "Feature", "properties": { "osm_id": "202708268", "code": 8101, "fclass": "river", "width": 0, "name": null }, "geometry": { "type": "LineString", "coordinates": [ [ 73.8766301, 15.6275469 ], [ 73.8765442, 15.6276761 ], [ 73.8765496, 15.6278827 ], [ 73.8765389, 15.6280067 ], [ 73.8764691, 15.6281668 ], [ 73.8763297, 15.6284458 ], [ 73.8760185, 15.6286266 ], [ 73.8757557, 15.6287093 ], [ 73.8752568, 15.6287713 ], [ 73.8747579, 15.6287248 ], [ 73.8743126, 15.628469 ], [ 73.8740176, 15.6283063 ], [ 73.8738969, 15.6283063 ], [ 73.8733765, 15.6284768 ], [ 73.8732827, 15.6285801 ], [ 73.8731647, 15.6288126 ], [ 73.873052, 15.628903 ], [ 73.8728052, 15.6290477 ], [ 73.8724726, 15.6292827 ], [ 73.8720649, 15.6294454 ], [ 73.8717511, 15.6295281 ], [ 73.870917, 15.6295746 ], [ 73.8708231, 15.6296133 ], [ 73.8707051, 15.6297709 ], [ 73.870571, 15.6299414 ], [ 73.8702518, 15.6306156 ], [ 73.8700211, 15.6313078 ], [ 73.8695329, 15.6325476 ], [ 73.869372, 15.6330177 ], [ 73.8692567, 15.6334517 ], [ 73.8690475, 15.6341775 ], [ 73.8689616, 15.634255 ], [ 73.8687631, 15.6343635 ], [ 73.868629, 15.6345133 ], [ 73.868216, 15.6347587 ], [ 73.8680282, 15.6349214 ], [ 73.8678807, 15.6351074 ], [ 73.8675508, 15.6355284 ], [ 73.8672879, 15.6358151 ], [ 73.867009, 15.6359856 ], [ 73.8668963, 15.636045 ], [ 73.8665906, 15.6363084 ], [ 73.8663921, 15.6363963 ], [ 73.8662955, 15.6364867 ], [ 73.86603, 15.6366106 ], [ 73.8659817, 15.6366623 ], [ 73.8659522, 15.6367424 ], [ 73.8659281, 15.6367811 ], [ 73.865869, 15.6367992 ], [ 73.8657725, 15.6367837 ], [ 73.865692, 15.6367295 ], [ 73.8656679, 15.6366494 ], [ 73.8655579, 15.6365461 ], [ 73.8655043, 15.6365383 ], [ 73.865397, 15.6365667 ], [ 73.8652387, 15.636652 ], [ 73.8651502, 15.636652 ], [ 73.8648391, 15.6365151 ], [ 73.8646996, 15.6363782 ], [ 73.8646325, 15.6362 ], [ 73.8645869, 15.6359107 ], [ 73.864536, 15.6358228 ], [ 73.8644153, 15.6357144 ], [ 73.8643375, 15.6355671 ], [ 73.8642651, 15.635438 ], [ 73.864072, 15.6352288 ], [ 73.8638949, 15.6350893 ], [ 73.8637581, 15.6349498 ], [ 73.8636026, 15.6347742 ], [ 73.863506, 15.6347251 ], [ 73.8633746, 15.634676 ], [ 73.8633049, 15.6346089 ], [ 73.8632163, 15.6344074 ], [ 73.8631412, 15.634317 ], [ 73.8629669, 15.6342292 ], [ 73.8627872, 15.6341103 ], [ 73.8625243, 15.6339683 ], [ 73.8624036, 15.6339373 ], [ 73.8622802, 15.633945 ], [ 73.8622186, 15.6339115 ], [ 73.8621408, 15.6337849 ], [ 73.8620657, 15.6336764 ], [ 73.8619289, 15.6335705 ], [ 73.861886, 15.6334878 ], [ 73.8618967, 15.6333923 ], [ 73.8619369, 15.6332554 ], [ 73.8621756, 15.6328602 ], [ 73.8622588, 15.6324185 ], [ 73.8623553, 15.6320259 ], [ 73.8624304, 15.6319174 ], [ 73.8623285, 15.6315816 ], [ 73.8622373, 15.6305949 ], [ 73.8620549, 15.6300525 ], [ 73.8618189, 15.6297218 ], [ 73.8615185, 15.6295307 ], [ 73.8612932, 15.6288798 ], [ 73.8612074, 15.6281927 ], [ 73.8610464, 15.6276554 ], [ 73.8608372, 15.6272473 ], [ 73.8608479, 15.6268546 ], [ 73.8612127, 15.6264775 ], [ 73.8617384, 15.6258369 ], [ 73.8624573, 15.6247572 ], [ 73.8626933, 15.6244885 ], [ 73.8630152, 15.6243955 ], [ 73.8632834, 15.6244472 ], [ 73.8636267, 15.6246642 ], [ 73.8638681, 15.6247623 ], [ 73.8642114, 15.6247055 ], [ 73.8644528, 15.6245402 ], [ 73.8647264, 15.6240804 ], [ 73.8650376, 15.6236516 ], [ 73.8651717, 15.6232177 ], [ 73.8650966, 15.6227527 ], [ 73.8649517, 15.6225099 ], [ 73.8644743, 15.6220759 ], [ 73.8618135, 15.6199164 ], [ 73.8615936, 15.6196581 ], [ 73.8615078, 15.6193326 ], [ 73.8613844, 15.6184492 ], [ 73.8612181, 15.6179325 ], [ 73.8614649, 15.6174624 ], [ 73.8645118, 15.6146984 ], [ 73.8669419, 15.6125181 ], [ 73.8671887, 15.6121668 ], [ 73.8674945, 15.611738 ], [ 73.8680631, 15.6105704 ], [ 73.8684105, 15.6100771 ] ] } },
{ "type": "Feature", "properties": { "osm_id": "202708269", "code": 8102, "fclass": "stream", "width": 0, "name": null }, "geometry": { "type": "LineString", "coordinates": [ [ 73.8389397, 15.6259712 ], [ 73.8389075, 15.6256768 ], [ 73.8391489, 15.6250413 ], [ 73.8388592, 15.6243232 ], [ 73.8402861, 15.6236981 ], [ 73.8414182, 15.6233729 ], [ 73.8431186, 15.6230059 ], [ 73.8433895, 15.6228819 ], [ 73.8438145, 15.622779 ], [ 73.844265, 15.622792 ], [ 73.8464447, 15.6230164 ], [ 73.8478073, 15.6234142 ], [ 73.8485207, 15.6245094 ], [ 73.8491269, 15.6245662 ], [ 73.8496151, 15.624778 ], [ 73.849953, 15.6244784 ], [ 73.8505807, 15.6246231 ], [ 73.8508865, 15.6245042 ], [ 73.8510206, 15.623874 ], [ 73.8512137, 15.6237086 ], [ 73.8516428, 15.6237603 ], [ 73.8521042, 15.6242718 ], [ 73.8523831, 15.6243699 ], [ 73.852882, 15.6242924 ], [ 73.8534936, 15.6246592 ], [ 73.8537993, 15.6252327 ], [ 73.8542457, 15.6255089 ], [ 73.8544898, 15.6255889 ], [ 73.8548934, 15.6259973 ], [ 73.8558037, 15.6262175 ], [ 73.8559931, 15.6260513 ], [ 73.8565832, 15.6252583 ], [ 73.857345, 15.6241321 ], [ 73.8578546, 15.6231453 ], [ 73.8589972, 15.6215903 ], [ 73.8595873, 15.6207482 ], [ 73.8596517, 15.6202522 ], [ 73.859641, 15.6196633 ], [ 73.859657, 15.619157 ], [ 73.8598555, 15.6188367 ], [ 73.8602203, 15.6185577 ], [ 73.8610411, 15.6181702 ], [ 73.8611323, 15.6180255 ], [ 73.8612181, 15.6179325 ] ] } },
{ "type": "Feature", "properties": { "osm_id": "251243175", "code": 8103, "fclass": "canal", "width": 0, "name": "Tillari Canal" }, "geometry": { "type": "LineString", "coordinates": [ [ 73.8647875, 15.6469562 ], [ 73.8646424, 15.6468581 ], [ 73.8640793, 15.6464092 ] ] } },
{ "type": "Feature", "properties": { "osm_id": "251243176", "code": 8103, "fclass": "canal", "width": 0, "name": "Tillari Canal" }, "geometry": { "type": "LineString", "coordinates": [ [ 73.827844, 15.6320253 ], [ 73.8274276, 15.6322945 ], [ 73.8257754, 15.6328059 ], [ 73.8252711, 15.6328728 ], [ 73.8249385, 15.6327853 ], [ 73.8238176, 15.6323508 ], [ 73.8232595, 15.6321344 ], [ 73.8230395, 15.6320155 ], [ 73.8220525, 15.6310702 ], [ 73.8218969, 15.6308532 ], [ 73.821634, 15.6303469 ], [ 73.8214356, 15.6301403 ], [ 73.8212371, 15.6299905 ], [ 73.8210225, 15.6299385 ], [ 73.8199764, 15.629944 ], [ 73.8197243, 15.6299595 ], [ 73.8187265, 15.6301971 ], [ 73.8184261, 15.6301971 ], [ 73.8158405, 15.6292724 ], [ 73.8146442, 15.6288178 ], [ 73.8137484, 15.6282234 ], [ 73.8131314, 15.6281203 ], [ 73.812477, 15.6274126 ], [ 73.8117287, 15.6270845 ], [ 73.8114926, 15.6270251 ], [ 73.8109025, 15.6270535 ], [ 73.810578, 15.6269657 ], [ 73.8098994, 15.6266687 ], [ 73.8097036, 15.6264669 ], [ 73.8095534, 15.6262321 ], [ 73.8094541, 15.6258679 ], [ 73.8093281, 15.625599 ], [ 73.8090867, 15.6252841 ], [ 73.8088131, 15.6250827 ], [ 73.8084537, 15.6249222 ], [ 73.8069785, 15.624876 ], [ 73.8066029, 15.6247469 ], [ 73.8064098, 15.6246229 ], [ 73.8058519, 15.6238324 ], [ 73.8055891, 15.6237188 ], [ 73.8048702, 15.6235793 ], [ 73.8044893, 15.623445 ], [ 73.8036847, 15.6229128 ], [ 73.8026386, 15.6222981 ], [ 73.8018769, 15.6219313 ], [ 73.8017857, 15.6217453 ], [ 73.8017052, 15.6205002 ], [ 73.8017428, 15.6201282 ], [ 73.8018554, 15.6198957 ], [ 73.8025904, 15.6192138 ], [ 73.8027674, 15.6190123 ], [ 73.8030624, 15.6185422 ], [ 73.8031697, 15.6184388 ], [ 73.8038027, 15.6181702 ], [ 73.8039315, 15.618072 ], [ 73.804189, 15.6176897 ], [ 73.8042962, 15.6175709 ], [ 73.8045484, 15.6175037 ], [ 73.804763, 15.6175347 ], [ 73.805514, 15.6178137 ], [ 73.8057951, 15.6177979 ], [ 73.8062221, 15.6176326 ], [ 73.8065171, 15.6176071 ], [ 73.807928, 15.6181134 ], [ 73.808341, 15.6181286 ], [ 73.8092069, 15.6179632 ], [ 73.8098591, 15.6176096 ] ] } },
{ "type": "Feature", "properties": { "osm_id": "251243178", "code": 8103, "fclass": "canal", "width": 0, "name": "Tillari Canal" }, "geometry": { "type": "LineString", "coordinates": [ [ 73.8506607, 15.6361345 ], [ 73.8497319, 15.6356638 ] ] } },
{ "type": "Feature", "properties": { "osm_id": "251243179", "code": 8103, "fclass": "canal", "width": 0, "name": "Tillari Canal" }, "geometry": { "type": "LineString", "coordinates": [ [ 73.8640793, 15.6464092 ], [ 73.8639294, 15.6462817 ], [ 73.8634443, 15.6459168 ], [ 73.8633236, 15.6458651 ], [ 73.8631761, 15.6458599 ], [ 73.8623983, 15.6460149 ], [ 73.8621998, 15.6460353 ], [ 73.8612154, 15.6458264 ], [ 73.8608319, 15.6457876 ], [ 73.8605207, 15.6457773 ], [ 73.859885, 15.6458935 ], [ 73.8589811, 15.6462345 ], [ 73.8586003, 15.6463507 ], [ 73.8579056, 15.6464385 ], [ 73.8565993, 15.6467329 ], [ 73.8560092, 15.6469706 ], [ 73.8557517, 15.6470119 ], [ 73.8547754, 15.6468569 ], [ 73.8546145, 15.6467536 ], [ 73.8542175, 15.6461286 ], [ 73.854064, 15.6458984 ], [ 73.854041, 15.6457206 ], [ 73.8540351, 15.6451729 ], [ 73.8538259, 15.6437059 ], [ 73.8536167, 15.642993 ], [ 73.8530374, 15.6408699 ], [ 73.8528764, 15.6405806 ], [ 73.8526136, 15.6403171 ], [ 73.8519806, 15.6397127 ], [ 73.851766, 15.639377 ], [ 73.851656, 15.6390386 ], [ 73.8515568, 15.6377446 ], [ 73.8512188, 15.6365461 ], [ 73.8510472, 15.6363317 ], [ 73.8506607, 15.6361345 ] ] } },
{ "type": "Feature", "properties": { "osm_id": "251246238", "code": 8103, "fclass": "canal", "width": 0, "name": null }, "geometry": { "type": "LineString", "coordinates": [ [ 73.810578, 15.6269657 ], [ 73.8088667, 15.6276089 ], [ 73.8086629, 15.6277535 ], [ 73.8084054, 15.6281823 ], [ 73.8084108, 15.6285026 ], [ 73.8085931, 15.6292001 ], [ 73.8088131, 15.629479 ], [ 73.8094997, 15.629913 ], [ 73.8098051, 15.6301723 ], [ 73.8099463, 15.6305342 ], [ 73.8099436, 15.6307925 ], [ 73.8098645, 15.6309255 ], [ 73.8097862, 15.6310285 ], [ 73.8095427, 15.6311218 ], [ 73.8089794, 15.6310805 ], [ 73.8086629, 15.6311528 ], [ 73.8085288, 15.6312716 ], [ 73.8083249, 15.6316332 ], [ 73.8082123, 15.6316953 ], [ 73.8080299, 15.6317263 ], [ 73.8077295, 15.6316023 ], [ 73.8072628, 15.6316643 ], [ 73.806957, 15.6315506 ], [ 73.806442, 15.6312406 ], [ 73.8062511, 15.6310492 ], [ 73.8063347, 15.6306724 ], [ 73.8062918, 15.6304451 ], [ 73.8057876, 15.6292362 ], [ 73.8055086, 15.6291432 ], [ 73.8051653, 15.6291329 ], [ 73.8043499, 15.6289056 ], [ 73.8031804, 15.6286473 ], [ 73.8029659, 15.628544 ], [ 73.8027486, 15.6283502 ], [ 73.8021827, 15.6279757 ], [ 73.8013807, 15.627707 ] ] } },
{ "type": "Feature", "properties": { "osm_id": "251517069", "code": 8103, "fclass": "canal", "width": 0, "name": "Tillari Canal" }, "geometry": { "type": "LineString", "coordinates": [ [ 73.898887, 15.6212829 ], [ 73.8985223, 15.6213475 ], [ 73.8983231, 15.6214188 ], [ 73.8981682, 15.6215696 ], [ 73.8980502, 15.6221327 ], [ 73.8979214, 15.6223652 ], [ 73.8977766, 15.6224686 ], [ 73.8975513, 15.6225357 ], [ 73.8961458, 15.622546 ], [ 73.895368, 15.6226029 ], [ 73.8951266, 15.6226545 ], [ 73.8946899, 15.6229036 ], [ 73.8944668, 15.6229645 ], [ 73.8933939, 15.623135 ], [ 73.8928413, 15.6232796 ], [ 73.8926482, 15.6232848 ], [ 73.8919026, 15.6231195 ], [ 73.8915914, 15.623104 ], [ 73.8889307, 15.6232796 ], [ 73.8871926, 15.6233675 ], [ 73.8857228, 15.6232538 ], [ 73.8853848, 15.623228 ], [ 73.8851809, 15.6233468 ], [ 73.8837755, 15.6252996 ], [ 73.883459, 15.6257388 ], [ 73.8821983, 15.6272163 ], [ 73.8819945, 15.6274177 ], [ 73.8812327, 15.628017 ], [ 73.880412, 15.6286731 ], [ 73.8793874, 15.6295875 ], [ 73.8790494, 15.6297941 ], [ 73.8782662, 15.6301868 ], [ 73.8779443, 15.6304347 ], [ 73.8773006, 15.6310185 ], [ 73.8764369, 15.6316229 ], [ 73.8760936, 15.6318502 ], [ 73.8753158, 15.6322118 ], [ 73.8750368, 15.6323823 ], [ 73.8738513, 15.6335808 ], [ 73.8729876, 15.6346553 ], [ 73.8726711, 15.6351458 ], [ 73.8721025, 15.6363343 ], [ 73.8720059, 15.6366442 ], [ 73.8718343, 15.6376366 ], [ 73.8717312, 15.6384615 ], [ 73.8715929, 15.6390825 ], [ 73.871448, 15.639253 ], [ 73.8706112, 15.6398984 ], [ 73.8704932, 15.6400743 ], [ 73.8694686, 15.642089 ], [ 73.8693935, 15.6423473 ], [ 73.8693291, 15.6433753 ], [ 73.8692594, 15.643649 ], [ 73.8691521, 15.6438453 ], [ 73.8685352, 15.6443774 ], [ 73.8675159, 15.6449405 ], [ 73.867296, 15.6451833 ], [ 73.8668615, 15.6458135 ], [ 73.8666415, 15.6460098 ], [ 73.8651073, 15.6469189 ], [ 73.8648804, 15.6469743 ], [ 73.8647875, 15.6469562 ] ] } },
{ "type": "Feature", "properties": { "osm_id": "313669179", "code": 8102, "fclass": "stream", "width": 0, "name": null }, "geometry": { "type": "LineString", "coordinates": [ [ 73.8298468, 15.3976279 ], [ 73.8298391, 15.3977849 ], [ 73.8298444, 15.3983513 ], [ 73.8297774, 15.3988529 ], [ 73.8297935, 15.3990701 ], [ 73.8300188, 15.3994555 ], [ 73.8301341, 15.399877 ], [ 73.8301502, 15.4004821 ], [ 73.8301556, 15.4010044 ], [ 73.8300724, 15.4014 ], [ 73.8298632, 15.4017724 ], [ 73.8295413, 15.4019715 ], [ 73.8290992, 15.4021572 ], [ 73.8285865, 15.4028792 ], [ 73.8284495, 15.4032878 ], [ 73.8284402, 15.4033796 ] ] } },
{ "type": "Feature", "properties": { "osm_id": "430926696", "code": 8101, "fclass": "river", "width": 0, "name": "Nerul Creek" }, "geometry": { "type": "LineString", "coordinates": [ [ 73.810696, 15.5142021 ], [ 73.8105338, 15.5143115 ], [ 73.8099464, 15.5140454 ], [ 73.8097465, 15.5139282 ], [ 73.8096272, 15.5137559 ], [ 73.8095587, 15.5133441 ], [ 73.8095413, 15.5129289 ], [ 73.8090371, 15.5119261 ], [ 73.8087326, 15.5116383 ], [ 73.808518, 15.5115711 ], [ 73.8082445, 15.5115608 ], [ 73.8080071, 15.511647 ], [ 73.8074613, 15.5122379 ], [ 73.8070053, 15.5125791 ], [ 73.8069409, 15.5129047 ], [ 73.8068806, 15.5137973 ], [ 73.8068068, 15.5140522 ], [ 73.806666, 15.5141384 ], [ 73.8050996, 15.5145003 ], [ 73.8046168, 15.5148621 ], [ 73.8039744, 15.5154763 ], [ 73.8036783, 15.5155828 ], [ 73.803218, 15.5155977 ], [ 73.8029109, 15.5155237 ], [ 73.8018286, 15.5147862 ], [ 73.8011312, 15.5139799 ], [ 73.8007879, 15.5137628 ], [ 73.7983808, 15.5129569 ], [ 73.7979877, 15.5128323 ], [ 73.7978053, 15.5127135 ], [ 73.797521, 15.5124964 ], [ 73.7974083, 15.5122534 ], [ 73.7971388, 15.5113058 ], [ 73.7969685, 15.5105993 ], [ 73.7967526, 15.5102513 ], [ 73.7965018, 15.5100152 ], [ 73.7962032, 15.5098719 ], [ 73.7957078, 15.5097464 ], [ 73.7952218, 15.5097319 ], [ 73.7945008, 15.5099584 ], [ 73.7923014, 15.5109095 ], [ 73.7919922, 15.5111613 ], [ 73.7916577, 15.5115401 ], [ 73.7908192, 15.513353 ], [ 73.7902093, 15.5146208 ], [ 73.7899752, 15.5156411 ], [ 73.79022, 15.5169985 ], [ 73.7908049, 15.5182049 ], [ 73.7915058, 15.5195143 ], [ 73.7915289, 15.5199344 ], [ 73.790905, 15.5206997 ], [ 73.7890168, 15.5211821 ], [ 73.787841, 15.5217285 ], [ 73.7869997, 15.5221194 ], [ 73.7858839, 15.5221056 ], [ 73.7845822, 15.5215956 ], [ 73.7838526, 15.5207686 ], [ 73.7829943, 15.5172125 ], [ 73.7799616, 15.5115887 ], [ 73.7798186, 15.5109546 ], [ 73.7795897, 15.5089834 ], [ 73.7792605, 15.5078339 ], [ 73.7780696, 15.5050012 ], [ 73.7772113, 15.5032695 ], [ 73.7767768, 15.5018428 ], [ 73.7767929, 15.5011242 ], [ 73.7769699, 15.5004522 ], [ 73.7771255, 15.5000387 ], [ 73.7774582, 15.4997476 ], [ 73.7783662, 15.4993775 ], [ 73.7802315, 15.4985447 ], [ 73.7811595, 15.4979813 ], [ 73.7825377, 15.4975949 ], [ 73.7833536, 15.4973196 ], [ 73.7847069, 15.4967104 ] ] } },
{ "type": "Feature", "properties": { "osm_id": "641599331", "code": 8103, "fclass": "canal", "width": 0, "name": "Tillari Canal" }, "geometry": { "type": "LineString", "coordinates": [ [ 73.828164, 15.6318903 ], [ 73.827844, 15.6320253 ] ] } },
{ "type": "Feature", "properties": { "osm_id": "641599332", "code": 8103, "fclass": "canal", "width": 0, "name": "Tillari Canal" }, "geometry": { "type": "LineString", "coordinates": [ [ 73.8497319, 15.6356638 ], [ 73.8492903, 15.6354457 ], [ 73.8491374, 15.6354199 ], [ 73.8458437, 15.6365564 ], [ 73.8456345, 15.6365977 ], [ 73.8453335, 15.6365723 ], [ 73.8453287, 15.6365719 ], [ 73.8450766, 15.6364324 ] ] } },
{ "type": "Feature", "properties": { "osm_id": "729395974", "code": 8101, "fclass": "river", "width": 0, "name": "Mapusa River" }, "geometry": { "type": "LineString", "coordinates": [ [ 73.8847517, 15.568774 ], [ 73.8836252, 15.5677198 ], [ 73.8831746, 15.5674407 ], [ 73.8823271, 15.5672031 ], [ 73.8808679, 15.5670273 ], [ 73.879559, 15.5666139 ], [ 73.8786363, 15.5662212 ], [ 73.8774991, 15.5653633 ], [ 73.8763726, 15.5649499 ], [ 73.8751173, 15.5646398 ], [ 73.8738084, 15.5643815 ], [ 73.872714, 15.5642161 ], [ 73.87133, 15.5639267 ], [ 73.8703859, 15.563534 ], [ 73.8693881, 15.5626554 ], [ 73.8686693, 15.5615495 ], [ 73.8684761, 15.5604953 ], [ 73.8685725, 15.5600187 ], [ 73.8686371, 15.5596995 ], [ 73.8688409, 15.5586969 ], [ 73.8699138, 15.5565677 ], [ 73.870343, 15.5551517 ], [ 73.8704502, 15.5538908 ], [ 73.8704395, 15.552361 ], [ 73.870182, 15.5511621 ], [ 73.8700532, 15.5505729 ], [ 73.869152, 15.5489605 ], [ 73.86868, 15.5480199 ], [ 73.8684225, 15.5466865 ], [ 73.8685512, 15.5434616 ], [ 73.8688945, 15.5419731 ], [ 73.8698669, 15.5404737 ], [ 73.8713266, 15.5390129 ], [ 73.8745258, 15.5368405 ], [ 73.8751295, 15.5360875 ], [ 73.8754831, 15.534684 ], [ 73.8754606, 15.5337037 ], [ 73.8754019, 15.5328171 ], [ 73.875024, 15.5312734 ], [ 73.8745936, 15.5303894 ], [ 73.874155, 15.5296668 ], [ 73.8732901, 15.5290465 ], [ 73.8723602, 15.5285673 ], [ 73.8681777, 15.5277916 ], [ 73.867058, 15.5273808 ], [ 73.8659657, 15.5268138 ], [ 73.8634014, 15.5250619 ], [ 73.8625194, 15.5247027 ], [ 73.861488, 15.5244155 ], [ 73.8598275, 15.5241927 ], [ 73.8567002, 15.5242537 ], [ 73.8545626, 15.5240815 ], [ 73.852102, 15.5232151 ], [ 73.8504179, 15.5220393 ], [ 73.8499237, 15.5214371 ], [ 73.8483487, 15.5195179 ], [ 73.8453555, 15.5143339 ], [ 73.8446518, 15.5129507 ], [ 73.8443942, 15.5112892 ], [ 73.8445302, 15.5095096 ], [ 73.8454676, 15.5051102 ] ] } },
{ "type": "Feature", "properties": { "osm_id": "812658810", "code": 8102, "fclass": "stream", "width": 0, "name": null }, "geometry": { "type": "LineString", "coordinates": [ [ 73.8537991, 15.5123981 ], [ 73.8535182, 15.512345 ], [ 73.8533633, 15.5120626 ], [ 73.853201, 15.5120156 ], [ 73.8528304, 15.5120806 ] ] } },
{ "type": "Feature", "properties": { "osm_id": "889771910", "code": 8102, "fclass": "stream", "width": 0, "name": null }, "geometry": { "type": "LineString", "coordinates": [ [ 73.8349341, 15.5464288 ], [ 73.8352376, 15.5464288 ], [ 73.8355087, 15.5464131 ], [ 73.8358665, 15.5465959 ], [ 73.8363652, 15.5466168 ], [ 73.8365441, 15.5465437 ], [ 73.8368152, 15.5465228 ], [ 73.8369561, 15.5464131 ], [ 73.8370104, 15.5462355 ], [ 73.836929, 15.5459692 ], [ 73.8369223, 15.5458467 ], [ 73.8370851, 15.5456455 ], [ 73.8371913, 15.5455943 ], [ 73.8373577, 15.5456387 ], [ 73.8374532, 15.5455977 ], [ 73.8374744, 15.545533 ], [ 73.8374532, 15.5454409 ], [ 73.8373364, 15.5453216 ], [ 73.8373364, 15.5452295 ], [ 73.8374037, 15.5450829 ], [ 73.837478, 15.5447385 ], [ 73.837524, 15.5444725 ], [ 73.8375523, 15.5443771 ], [ 73.8375806, 15.544343 ], [ 73.8376408, 15.5443361 ], [ 73.8377328, 15.5443737 ], [ 73.8380018, 15.5444555 ], [ 73.8381823, 15.5444657 ], [ 73.8383274, 15.5444316 ], [ 73.8385291, 15.5442475 ], [ 73.838745, 15.5439543 ], [ 73.8386888, 15.5435981 ], [ 73.8386922, 15.5435513 ] ] } },
{ "type": "Feature", "properties": { "osm_id": "945600812", "code": 8104, "fclass": "drain", "width": 0, "name": null }, "geometry": { "type": "LineString", "coordinates": [ [ 73.7477177, 15.5786489 ], [ 73.7478666, 15.5786566 ], [ 73.7482649, 15.5786308 ], [ 73.7485927, 15.5787956 ], [ 73.7486785, 15.5789532 ], [ 73.7487602, 15.5790071 ], [ 73.7489864, 15.5789744 ], [ 73.7491447, 15.5789822 ], [ 73.7492605, 15.5790927 ], [ 73.749539, 15.5790958 ], [ 73.7500003, 15.5790984 ], [ 73.7511107, 15.5790597 ], [ 73.7512434, 15.5790464 ], [ 73.7514853, 15.5790071 ], [ 73.7516238, 15.5788912 ], [ 73.7516889, 15.5787547 ], [ 73.7518054, 15.5785482 ], [ 73.7518671, 15.5785327 ], [ 73.7519905, 15.5785301 ], [ 73.7521353, 15.5785456 ], [ 73.752492, 15.578485 ], [ 73.7527442, 15.5783932 ], [ 73.7530629, 15.5782878 ], [ 73.7533557, 15.5781994 ], [ 73.7537424, 15.577999 ], [ 73.7541068, 15.5778687 ], [ 73.7541979, 15.5778894 ], [ 73.7542731, 15.5779824 ], [ 73.7543696, 15.5780806 ], [ 73.7545091, 15.5780651 ], [ 73.7548149, 15.5780651 ], [ 73.7551314, 15.5779979 ], [ 73.7553434, 15.5778737 ], [ 73.7556142, 15.5777137 ], [ 73.7559789, 15.5775173 ], [ 73.7561989, 15.5775122 ], [ 73.7565154, 15.5775793 ], [ 73.7567791, 15.5777333 ], [ 73.7569452, 15.5777966 ] ] } },
{ "type": "Feature", "properties": { "osm_id": "987112484", "code": 8101, "fclass": "river", "width": 0, "name": "Baga River" }, "geometry": { "type": "LineString", "coordinates": [ [ 73.7906092, 15.5988121 ], [ 73.7903648, 15.5988162 ], [ 73.7897104, 15.5988833 ], [ 73.78941, 15.5988781 ], [ 73.7891525, 15.5987593 ], [ 73.7891203, 15.5986715 ], [ 73.7883156, 15.5986766 ], [ 73.7877846, 15.5985733 ], [ 73.7874627, 15.5985836 ], [ 73.787055, 15.5985681 ], [ 73.7866956, 15.5987593 ], [ 73.7859285, 15.5987903 ], [ 73.7851721, 15.5989453 ], [ 73.7849468, 15.5989091 ], [ 73.7848073, 15.598842 ], [ 73.7840939, 15.5989401 ], [ 73.7836111, 15.5989556 ], [ 73.783493, 15.5990176 ], [ 73.7833536, 15.5989815 ], [ 73.7832302, 15.5988161 ], [ 73.7829083, 15.5988368 ], [ 73.7824362, 15.5987335 ], [ 73.7822109, 15.5988833 ], [ 73.7820125, 15.5988471 ], [ 73.7817979, 15.5987593 ], [ 73.7810308, 15.5986818 ], [ 73.7801135, 15.5985836 ], [ 73.7797648, 15.5985578 ], [ 73.7794295, 15.5985707 ], [ 73.7790475, 15.5985122 ], [ 73.7789963, 15.5981288 ], [ 73.7788523, 15.5980526 ], [ 73.7784505, 15.5981135 ], [ 73.7769592, 15.5976794 ], [ 73.7768841, 15.5974108 ], [ 73.7765515, 15.5971627 ], [ 73.775897, 15.5966667 ], [ 73.775323, 15.5962172 ], [ 73.7751299, 15.5960674 ], [ 73.7745076, 15.5958452 ], [ 73.7740356, 15.5959434 ], [ 73.773365, 15.5957884 ], [ 73.7728929, 15.5955972 ], [ 73.772496, 15.5952717 ], [ 73.7722814, 15.5951787 ], [ 73.7716751, 15.5952768 ], [ 73.7712541, 15.5951839 ], [ 73.77101, 15.5951425 ], [ 73.7702268, 15.5946981 ], [ 73.7698621, 15.5946103 ], [ 73.7693793, 15.5944036 ], [ 73.7691218, 15.5943519 ], [ 73.7680956, 15.5945161 ], [ 73.7674662, 15.5944334 ], [ 73.7666937, 15.5940338 ], [ 73.7659203, 15.5938171 ], [ 73.7658425, 15.5937953 ], [ 73.7649034, 15.5936001 ], [ 73.7645537, 15.5935218 ], [ 73.7640523, 15.5934748 ], [ 73.7631823, 15.5934252 ], [ 73.7630493, 15.5934266 ], [ 73.7626999, 15.5934304 ], [ 73.7626389, 15.5934038 ], [ 73.7625915, 15.5933286 ], [ 73.7624749, 15.593078 ], [ 73.7624491, 15.5926877 ], [ 73.7623116, 15.5923833 ], [ 73.7623149, 15.5922872 ], [ 73.7624665, 15.5921141 ], [ 73.7624848, 15.5919721 ], [ 73.762435, 15.5917984 ], [ 73.7623779, 15.591634 ], [ 73.7621778, 15.5913243 ], [ 73.7620957, 15.5910765 ], [ 73.7620278, 15.5908596 ], [ 73.7618884, 15.5906428 ], [ 73.7617419, 15.5904294 ], [ 73.7615919, 15.5902608 ], [ 73.7614704, 15.5900853 ], [ 73.7612989, 15.5900405 ], [ 73.7610054, 15.5900013 ], [ 73.7606915, 15.5898168 ], [ 73.7603699, 15.5896723 ], [ 73.7599581, 15.5895957 ], [ 73.7597911, 15.5894968 ], [ 73.7594712, 15.5893348 ], [ 73.7590527, 15.5892521 ], [ 73.7587845, 15.5892469 ], [ 73.7584948, 15.5893141 ], [ 73.7575079, 15.5891492 ], [ 73.7573864, 15.5891733 ], [ 73.7572899, 15.5891285 ], [ 73.7572292, 15.5890184 ], [ 73.757122, 15.5889117 ], [ 73.7569398, 15.5888911 ], [ 73.7568612, 15.589039 ], [ 73.756804, 15.5894039 ], [ 73.7568147, 15.5896276 ], [ 73.756854, 15.5897549 ], [ 73.7568576, 15.5899407 ], [ 73.7567683, 15.5901128 ], [ 73.7566289, 15.5900818 ], [ 73.7565682, 15.5899958 ], [ 73.7564242, 15.5898566 ], [ 73.7562954, 15.5897688 ], [ 73.7557214, 15.5894278 ], [ 73.7548041, 15.5887509 ], [ 73.7546512, 15.5886734 ], [ 73.7543911, 15.5885907 ], [ 73.7542409, 15.5885675 ], [ 73.7541202, 15.5885778 ], [ 73.753927, 15.5886475 ], [ 73.7537983, 15.5887354 ], [ 73.753724, 15.5887603 ], [ 73.7536079, 15.5887354 ], [ 73.7535274, 15.588676 ], [ 73.7533826, 15.5884202 ], [ 73.7532806, 15.5881825 ], [ 73.7532565, 15.5880301 ], [ 73.7533239, 15.587893 ], [ 73.7534025, 15.5877966 ], [ 73.7535381, 15.5877278 ], [ 73.7536052, 15.5876012 ], [ 73.7535596, 15.5874953 ], [ 73.753463, 15.5871982 ], [ 73.7534443, 15.5870793 ], [ 73.7534847, 15.5869603 ], [ 73.7535757, 15.5868442 ], [ 73.7538169, 15.5868364 ], [ 73.7538705, 15.5868158 ], [ 73.7540242, 15.5866712 ], [ 73.7541314, 15.5864854 ], [ 73.7541314, 15.5863257 ], [ 73.7540309, 15.586161 ], [ 73.7539029, 15.5859426 ], [ 73.7538144, 15.5858056 ], [ 73.7537776, 15.5856387 ], [ 73.7537919, 15.585501 ], [ 73.7539027, 15.5853737 ], [ 73.7541187, 15.585345 ], [ 73.7542677, 15.5854181 ], [ 73.7543958, 15.5852119 ], [ 73.7544179, 15.5850977 ], [ 73.7543802, 15.5847877 ], [ 73.7543589, 15.584612 ], [ 73.7544177, 15.5843997 ], [ 73.7544876, 15.584271 ], [ 73.7546647, 15.5842451 ], [ 73.7549168, 15.5842865 ], [ 73.755126, 15.5843175 ], [ 73.7552663, 15.5842061 ], [ 73.7554226, 15.5839641 ], [ 73.7555444, 15.5836612 ], [ 73.7561452, 15.5828862 ], [ 73.756313, 15.5825498 ], [ 73.756392, 15.5823126 ], [ 73.7563856, 15.5821478 ], [ 73.7563859, 15.5820836 ], [ 73.7563866, 15.5818941 ], [ 73.7563813, 15.5817132 ], [ 73.7564403, 15.5815788 ], [ 73.7565368, 15.5814393 ], [ 73.7566504, 15.5812959 ], [ 73.7566754, 15.5811274 ], [ 73.7565905, 15.5809898 ], [ 73.7563544, 15.5807521 ], [ 73.7560862, 15.5804834 ], [ 73.7560272, 15.5803284 ], [ 73.7561258, 15.5800782 ], [ 73.7562157, 15.5796787 ], [ 73.7563406, 15.5792167 ], [ 73.7564056, 15.5789039 ], [ 73.7567253, 15.5784705 ], [ 73.7568602, 15.5782782 ], [ 73.7568806, 15.5781456 ], [ 73.7569002, 15.5780183 ], [ 73.7569452, 15.5777966 ], [ 73.7570317, 15.5777189 ], [ 73.7572088, 15.5776272 ], [ 73.7573361, 15.5776052 ], [ 73.757658, 15.577662 ], [ 73.7578243, 15.5777292 ], [ 73.7581783, 15.5778377 ], [ 73.7583842, 15.5777151 ], [ 73.7586075, 15.5775638 ], [ 73.7586343, 15.5772641 ], [ 73.758684, 15.5768632 ], [ 73.7588289, 15.5764493 ], [ 73.7590313, 15.5761686 ], [ 73.7592018, 15.5759405 ], [ 73.759502, 15.5756944 ], [ 73.7597658, 15.5755368 ], [ 73.7599555, 15.5754236 ], [ 73.7603452, 15.5751468 ], [ 73.7606837, 15.5747038 ], [ 73.76092, 15.5743285 ], [ 73.7611563, 15.5739839 ], [ 73.7612753, 15.5738924 ], [ 73.7617028, 15.573696 ], [ 73.7618986, 15.5735462 ], [ 73.7619522, 15.5734557 ], [ 73.7619388, 15.5733265 ], [ 73.7618557, 15.5731844 ], [ 73.76154, 15.5728755 ] ] } },
{ "type": "Feature", "properties": { "osm_id": "1020113394", "code": 8103, "fclass": "canal", "width": 0, "name": null }, "geometry": { "type": "LineString", "coordinates": [ [ 73.7926877, 15.6252376 ], [ 73.7912876, 15.6245609 ], [ 73.7905151, 15.6244136 ], [ 73.7899652, 15.6242612 ], [ 73.7892732, 15.6240985 ], [ 73.7890291, 15.6240907 ], [ 73.7885222, 15.6242044 ], [ 73.7882674, 15.6243594 ], [ 73.7878489, 15.6245634 ], [ 73.7874305, 15.6248243 ], [ 73.7865186, 15.6256587 ], [ 73.7862772, 15.6257594 ], [ 73.7859499, 15.6258188 ], [ 73.7856817, 15.6257827 ], [ 73.7853679, 15.6255967 ], [ 73.7852418, 15.6254133 ], [ 73.7851399, 15.6251627 ], [ 73.78492, 15.624783 ], [ 73.7848234, 15.6246978 ], [ 73.7847188, 15.6246539 ], [ 73.7840778, 15.6245919 ], [ 73.7838739, 15.6246306 ], [ 73.7836754, 15.6247004 ], [ 73.7828708, 15.6252376 ], [ 73.782506, 15.6253875 ], [ 73.7822914, 15.625372 ], [ 73.7817281, 15.6251653 ], [ 73.7811273, 15.6247572 ], [ 73.7809771, 15.6247004 ], [ 73.7805051, 15.6245505 ], [ 73.7803012, 15.6244162 ], [ 73.7801134, 15.6243181 ], [ 73.7798989, 15.6243284 ], [ 73.7785846, 15.6247469 ], [ 73.7780053, 15.6250439 ], [ 73.7769109, 15.6253668 ], [ 73.7766963, 15.6253874 ], [ 73.7763771, 15.6253384 ], [ 73.7761464, 15.6252945 ], [ 73.7751728, 15.6249483 ], [ 73.7747276, 15.6249225 ] ] } },
{ "type": "Feature", "properties": { "osm_id": "1020113395", "code": 8103, "fclass": "canal", "width": 0, "name": null }, "geometry": { "type": "LineString", "coordinates": [ [ 73.7951124, 15.6269218 ], [ 73.7926877, 15.6252376 ] ] } },
{ "type": "Feature", "properties": { "osm_id": "1021034177", "code": 8102, "fclass": "stream", "width": 0, "name": null }, "geometry": { "type": "LineString", "coordinates": [ [ 73.7866975, 15.581314 ], [ 73.7867278, 15.5811706 ], [ 73.7867385, 15.5808554 ], [ 73.7866634, 15.5805144 ], [ 73.7866902, 15.5803129 ], [ 73.7867814, 15.5801527 ], [ 73.7869799, 15.579977 ], [ 73.7876022, 15.5798581 ], [ 73.7878114, 15.580008 ], [ 73.7880582, 15.5801113 ], [ 73.7883103, 15.5800855 ], [ 73.7885946, 15.5800235 ], [ 73.7887716, 15.5798323 ], [ 73.7889165, 15.5797135 ], [ 73.7889165, 15.5796204 ], [ 73.7890398, 15.5794654 ], [ 73.7891686, 15.5794241 ], [ 73.7893027, 15.5793724 ], [ 73.7893832, 15.5792536 ], [ 73.7893885, 15.5789952 ], [ 73.7894797, 15.5788505 ], [ 73.789866, 15.5786076 ], [ 73.7901288, 15.5784836 ], [ 73.7904882, 15.5783958 ], [ 73.7907457, 15.5782769 ], [ 73.7910756, 15.5782459 ], [ 73.7911803, 15.5782743 ], [ 73.7912929, 15.5784113 ], [ 73.7914235, 15.5785519 ], [ 73.7915209, 15.5786567 ], [ 73.7915987, 15.578711 ], [ 73.791714, 15.5787007 ], [ 73.7919179, 15.578649 ], [ 73.791891, 15.5785017 ], [ 73.7919071, 15.5783674 ], [ 73.7920091, 15.5782433 ], [ 73.7921995, 15.5781038 ], [ 73.7923524, 15.5780186 ], [ 73.7924463, 15.5779927 ], [ 73.7928969, 15.5779772 ], [ 73.7929988, 15.5779307 ], [ 73.7930953, 15.5778687 ], [ 73.793208, 15.577848 ], [ 73.7934869, 15.5776362 ], [ 73.7935942, 15.5776103 ], [ 73.7938195, 15.5775948 ], [ 73.7941843, 15.5774915 ], [ 73.7942755, 15.5774243 ], [ 73.7942648, 15.577321 ], [ 73.794238, 15.5772125 ], [ 73.7942702, 15.5770006 ], [ 73.7943613, 15.5769334 ], [ 73.7944686, 15.5769179 ], [ 73.7947851, 15.5767939 ], [ 73.7950909, 15.5767732 ], [ 73.7951982, 15.5767319 ], [ 73.7952411, 15.5766337 ], [ 73.7951767, 15.5764322 ], [ 73.79493, 15.576179 ], [ 73.7949622, 15.576042 ] ] } },
{ "type": "Feature", "properties": { "osm_id": "1021034179", "code": 8101, "fclass": "river", "width": 0, "name": "Moira River" }, "geometry": { "type": "LineString", "coordinates": [ [ 73.8286936, 15.5698281 ], [ 73.8285541, 15.5698695 ], [ 73.8283396, 15.5698281 ], [ 73.8281357, 15.5698488 ], [ 73.8279211, 15.5699212 ], [ 73.8277173, 15.5699315 ], [ 73.826623, 15.5695181 ], [ 73.8261938, 15.5694147 ], [ 73.82599, 15.5694044 ], [ 73.8257217, 15.5690633 ], [ 73.8253784, 15.5687843 ], [ 73.8252497, 15.5686913 ], [ 73.8249278, 15.5686861 ], [ 73.8246435, 15.5686861 ], [ 73.8240856, 15.5687533 ], [ 73.8237905, 15.5687326 ], [ 73.8234794, 15.5686138 ], [ 73.8232487, 15.5685259 ], [ 73.8229483, 15.5683657 ], [ 73.8225621, 15.5683089 ], [ 73.8224494, 15.5682159 ], [ 73.8223931, 15.5681513 ], [ 73.8224092, 15.5680298 ], [ 73.8223717, 15.5678877 ], [ 73.8222483, 15.5678128 ], [ 73.8220525, 15.5676164 ], [ 73.8218593, 15.5674717 ], [ 73.8217735, 15.5672754 ], [ 73.8218272, 15.5669446 ], [ 73.8218486, 15.5667379 ], [ 73.8218218, 15.5666061 ], [ 73.8217494, 15.566539 ], [ 73.8215697, 15.5664795 ], [ 73.8214785, 15.5664046 ], [ 73.8214409, 15.5662547 ], [ 73.8213551, 15.5660971 ], [ 73.8212827, 15.5660351 ], [ 73.8212639, 15.565924 ], [ 73.8212585, 15.5656837 ], [ 73.821221, 15.5652367 ], [ 73.8212398, 15.5651282 ], [ 73.8214597, 15.5648853 ], [ 73.8215375, 15.5647199 ], [ 73.8215402, 15.5645752 ], [ 73.8214383, 15.5644771 ], [ 73.8213631, 15.5643014 ], [ 73.8212663, 15.5641803 ], [ 73.8212156, 15.5641024 ], [ 73.8211298, 15.5639654 ], [ 73.820993, 15.5639448 ], [ 73.8208535, 15.5638466 ], [ 73.8208026, 15.5637096 ], [ 73.8207677, 15.5634952 ], [ 73.8206336, 15.5634306 ], [ 73.8203573, 15.5634048 ], [ 73.8202178, 15.5633376 ], [ 73.8199443, 15.5631722 ], [ 73.8196948, 15.5630869 ], [ 73.819491, 15.563012 ], [ 73.8193461, 15.5630585 ], [ 73.8191557, 15.5630689 ], [ 73.8189518, 15.5630172 ], [ 73.8185441, 15.5631929 ], [ 73.8183296, 15.5632239 ], [ 73.8181257, 15.5631825 ], [ 73.8180211, 15.5632265 ], [ 73.8179702, 15.563304 ], [ 73.8179648, 15.5633918 ], [ 73.8181096, 15.5634616 ], [ 73.8181606, 15.5636347 ], [ 73.8181847, 15.5637174 ], [ 73.8180989, 15.5638027 ], [ 73.8180158, 15.5639732 ], [ 73.8179031, 15.5642781 ], [ 73.8178253, 15.5644926 ], [ 73.8178092, 15.5646217 ], [ 73.8178655, 15.5648259 ], [ 73.8179487, 15.5649396 ], [ 73.8179594, 15.5650507 ], [ 73.8179138, 15.5651333 ], [ 73.8178602, 15.5651695 ], [ 73.817769, 15.5651669 ], [ 73.8176832, 15.5650455 ], [ 73.8175651, 15.5649706 ], [ 73.8174874, 15.5649421 ], [ 73.8173962, 15.5649732 ], [ 73.8173345, 15.5650429 ], [ 73.8172996, 15.5651566 ], [ 73.8173023, 15.5655028 ], [ 73.8173532, 15.5659318 ], [ 73.8173479, 15.566154 ], [ 73.8172755, 15.566309 ], [ 73.8171682, 15.5664304 ], [ 73.8171306, 15.5665467 ], [ 73.8171333, 15.5666836 ], [ 73.8172808, 15.5668051 ], [ 73.8173774, 15.5668335 ], [ 73.8173828, 15.5668955 ], [ 73.8173532, 15.5669369 ], [ 73.8172862, 15.5669524 ], [ 73.8171708, 15.5668826 ], [ 73.8169053, 15.5667844 ], [ 73.8167524, 15.5667793 ], [ 73.8167068, 15.5668309 ], [ 73.8166988, 15.5669188 ], [ 73.8166934, 15.5670996 ], [ 73.8166612, 15.5673038 ], [ 73.8166398, 15.5674717 ], [ 73.8167042, 15.5675621 ], [ 73.8169348, 15.5677094 ], [ 73.8170716, 15.5678464 ], [ 73.8171199, 15.5679988 ], [ 73.8170582, 15.5680918 ], [ 73.8167176, 15.5684768 ], [ 73.8166237, 15.5684949 ], [ 73.8165191, 15.5685182 ], [ 73.8163984, 15.5684587 ], [ 73.8162267, 15.5683295 ], [ 73.8158378, 15.5680634 ], [ 73.8156688, 15.5679781 ], [ 73.8155213, 15.5680221 ], [ 73.8154274, 15.5681099 ], [ 73.8153979, 15.5682236 ], [ 73.8154918, 15.5683192 ], [ 73.8155401, 15.5685698 ], [ 73.815591, 15.5694742 ], [ 73.8156018, 15.56973 ], [ 73.815693, 15.5700297 ], [ 73.81598, 15.5706188 ], [ 73.8161623, 15.5707996 ], [ 73.8163018, 15.5709857 ], [ 73.8164091, 15.5711717 ], [ 73.8164842, 15.5713784 ], [ 73.816731, 15.5719882 ], [ 73.8167524, 15.5721845 ], [ 73.8165378, 15.5721949 ], [ 73.816098, 15.5720812 ], [ 73.8153148, 15.5718021 ], [ 73.8151002, 15.5717918 ], [ 73.815043, 15.5717964 ], [ 73.8148776, 15.5718099 ], [ 73.8145584, 15.5718151 ], [ 73.8143787, 15.5717711 ], [ 73.8142821, 15.5716342 ], [ 73.8140085, 15.5716471 ], [ 73.813751, 15.5715825 ], [ 73.8136303, 15.5714559 ], [ 73.813507, 15.5709469 ], [ 73.8134667, 15.5706627 ], [ 73.8132951, 15.5705593 ], [ 73.8129142, 15.5705335 ], [ 73.8126138, 15.5706162 ], [ 73.8122839, 15.5705904 ], [ 73.8120693, 15.5706007 ], [ 73.8119191, 15.5706679 ], [ 73.8119137, 15.5707583 ], [ 73.8121149, 15.5710994 ], [ 73.8121846, 15.5714637 ], [ 73.8121954, 15.5716006 ], [ 73.812139, 15.5716833 ], [ 73.8120747, 15.5717608 ], [ 73.8118628, 15.5717711 ], [ 73.8112056, 15.5716781 ], [ 73.8109374, 15.5716781 ], [ 73.8107121, 15.5716368 ], [ 73.8105834, 15.5715386 ], [ 73.810578, 15.5713448 ], [ 73.810688, 15.5711278 ], [ 73.8108945, 15.5707325 ], [ 73.8109213, 15.5705826 ], [ 73.8108274, 15.5705154 ], [ 73.8106209, 15.5705128 ], [ 73.8103473, 15.5705051 ], [ 73.8100952, 15.5705025 ], [ 73.8098592, 15.5705309 ], [ 73.809658, 15.5707066 ], [ 73.8095534, 15.5708513 ], [ 73.8093522, 15.5711097 ], [ 73.8089552, 15.5714766 ], [ 73.8088641, 15.5717427 ], [ 73.8087246, 15.5719468 ], [ 73.8084993, 15.5720993 ], [ 73.8081372, 15.5723912 ], [ 73.8079333, 15.5724636 ], [ 73.8077295, 15.5724946 ], [ 73.8072896, 15.5724946 ], [ 73.8071394, 15.5725566 ], [ 73.8070099, 15.5726774 ], [ 73.8069684, 15.5728331 ], [ 73.8069818, 15.5730223 ], [ 73.8070965, 15.5733627 ], [ 73.8074881, 15.5737555 ], [ 73.8081157, 15.574329 ], [ 73.8086307, 15.5747889 ], [ 73.8092047, 15.5750318 ], [ 73.8095212, 15.57513 ], [ 73.8096499, 15.5753367 ], [ 73.8098109, 15.5757294 ], [ 73.8099396, 15.5761531 ], [ 73.8102615, 15.5764632 ], [ 73.8104967, 15.5766142 ], [ 73.8106477, 15.5767112 ], [ 73.8108623, 15.5767732 ], [ 73.811388, 15.5768042 ], [ 73.811624, 15.5768352 ], [ 73.8121659, 15.5767009 ], [ 73.812831, 15.5769541 ], [ 73.8133353, 15.5771918 ], [ 73.8136303, 15.5775897 ], [ 73.8137752, 15.5784888 ], [ 73.8139951, 15.5789435 ], [ 73.8142419, 15.5793259 ], [ 73.8144243, 15.579729 ], [ 73.8145316, 15.5800803 ], [ 73.814671, 15.5806849 ], [ 73.8150707, 15.5816227 ], [ 73.8151512, 15.5820361 ], [ 73.8149822, 15.5827156 ], [ 73.8152236, 15.5830205 ], [ 73.8159263, 15.5837801 ], [ 73.8160872, 15.58424 ], [ 73.8160014, 15.5846068 ], [ 73.8157332, 15.5850306 ], [ 73.8154864, 15.5851442 ], [ 73.8153845, 15.5853251 ], [ 73.8153845, 15.5855318 ], [ 73.8154972, 15.585723 ], [ 73.8159585, 15.5860175 ], [ 73.8160836, 15.5860726 ], [ 73.8165218, 15.5862655 ], [ 73.8168624, 15.5862862 ], [ 73.8172513, 15.5861518 ], [ 73.8176402, 15.5861027 ], [ 73.817997, 15.5860795 ], [ 73.8182089, 15.5861234 ], [ 73.8183564, 15.5862087 ], [ 73.8188687, 15.5869708 ], [ 73.8190457, 15.5873119 ], [ 73.8190913, 15.5876141 ], [ 73.8190323, 15.5878647 ], [ 73.8189465, 15.5879965 ], [ 73.8188365, 15.5881153 ], [ 73.8186863, 15.5881903 ], [ 73.8186139, 15.5883349 ], [ 73.8186201, 15.5883989 ], [ 73.8186353, 15.5885545 ], [ 73.818748, 15.5886682 ], [ 73.8188982, 15.5887302 ], [ 73.8191664, 15.5887612 ], [ 73.8199389, 15.5887509 ], [ 73.8212318, 15.5889976 ], [ 73.8221168, 15.5890403 ], [ 73.8224709, 15.589017 ], [ 73.822782, 15.5888956 ], [ 73.8234579, 15.5886682 ], [ 73.8239086, 15.5887612 ], [ 73.8250458, 15.5896396 ], [ 73.8260329, 15.590146 ], [ 73.8262474, 15.590642 ], [ 73.8264406, 15.5914068 ], [ 73.8267208, 15.5917838 ], [ 73.8272238, 15.5924608 ], [ 73.8295429, 15.5945591 ], [ 73.8302169, 15.5951161 ], [ 73.8306536, 15.5954062 ] ] } },
{ "type": "Feature", "properties": { "osm_id": "1043498130", "code": 8102, "fclass": "stream", "width": 0, "name": null }, "geometry": { "type": "LineString", "coordinates": [ [ 73.8298573, 15.3974166 ], [ 73.8298468, 15.3976279 ] ] } },
{ "type": "Feature", "properties": { "osm_id": "1043498131", "code": 8102, "fclass": "stream", "width": 0, "name": null }, "geometry": { "type": "LineString", "coordinates": [ [ 73.8299759, 15.3910381 ], [ 73.8297693, 15.3922665 ], [ 73.8297505, 15.3927216 ], [ 73.8298364, 15.3928871 ], [ 73.8299839, 15.3931457 ], [ 73.8300831, 15.393725 ], [ 73.8301207, 15.3941025 ], [ 73.8301126, 15.3944517 ], [ 73.8300536, 15.395124 ], [ 73.8299651, 15.3958041 ], [ 73.8298873, 15.3961532 ], [ 73.829882, 15.396567 ], [ 73.8298739, 15.397079 ], [ 73.8298573, 15.3974166 ] ] } },
{ "type": "Feature", "properties": { "osm_id": "1074048886", "code": 8103, "fclass": "canal", "width": 0, "name": "Tillari Canal" }, "geometry": { "type": "LineString", "coordinates": [ [ 73.9022856, 15.6211681 ], [ 73.9020467, 15.6210685 ], [ 73.9001369, 15.6210682 ], [ 73.8999546, 15.6210737 ] ] } },
{ "type": "Feature", "properties": { "osm_id": "1153514193", "code": 8104, "fclass": "drain", "width": 0, "name": null }, "geometry": { "type": "LineString", "coordinates": [ [ 73.8164481, 15.5956608 ], [ 73.8160648, 15.5966948 ], [ 73.8161448, 15.5973463 ], [ 73.8162131, 15.5978246 ], [ 73.8164047, 15.5977974 ], [ 73.8166862, 15.5991111 ], [ 73.8168665, 15.5995538 ], [ 73.8170461, 15.6004849 ], [ 73.8177019, 15.6003558 ], [ 73.8177717, 15.6001853 ], [ 73.8190645, 15.5997565 ], [ 73.8194293, 15.6003403 ], [ 73.8194615, 15.6008519 ], [ 73.8190538, 15.60157 ], [ 73.8174407, 15.6022271 ], [ 73.8171548, 15.6023037 ], [ 73.8169348, 15.6023916 ], [ 73.8167524, 15.6025001 ], [ 73.8163826, 15.6026495 ] ] } },
{ "type": "Feature", "properties": { "osm_id": "1155577149", "code": 8102, "fclass": "stream", "width": 0, "name": null }, "geometry": { "type": "LineString", "coordinates": [ [ 73.7410842, 15.5877471 ], [ 73.7419041, 15.5870771 ], [ 73.742214, 15.5869505 ], [ 73.7429331, 15.5867359 ], [ 73.7433752, 15.5865652 ], [ 73.7436293, 15.5862799 ], [ 73.7439224, 15.5862009 ], [ 73.7442615, 15.5861015 ], [ 73.7450995, 15.5857751 ], [ 73.7458169, 15.5853615 ], [ 73.7465, 15.5850342 ], [ 73.7470418, 15.5846688 ], [ 73.7473074, 15.5843821 ], [ 73.7473476, 15.5842606 ], [ 73.7472162, 15.5840617 ], [ 73.7469935, 15.5839248 ], [ 73.7461138, 15.5830722 ], [ 73.7451455, 15.5822583 ], [ 73.7449765, 15.5821602 ], [ 73.7448987, 15.5820387 ], [ 73.7439117, 15.5821421 ], [ 73.743327, 15.5821188 ], [ 73.7433338, 15.5820089 ] ] } },
{ "type": "Feature", "properties": { "osm_id": "1155577153", "code": 8104, "fclass": "drain", "width": 0, "name": null }, "geometry": { "type": "LineString", "coordinates": [ [ 73.7385814, 15.5838845 ], [ 73.7386417, 15.5836919 ], [ 73.7384874, 15.5836524 ], [ 73.7384482, 15.5832409 ] ] } },
{ "type": "Feature", "properties": { "osm_id": "1163318054", "code": 8104, "fclass": "drain", "width": 0, "name": null }, "geometry": { "type": "LineString", "coordinates": [ [ 73.809338, 15.5891029 ], [ 73.8096069, 15.5888079 ], [ 73.8098739, 15.5886321 ], [ 73.8100724, 15.5885584 ], [ 73.8102347, 15.5884835 ], [ 73.8102771, 15.5884291 ] ] } },
{ "type": "Feature", "properties": { "osm_id": "1179696742", "code": 8104, "fclass": "drain", "width": 0, "name": null }, "geometry": { "type": "LineString", "coordinates": [ [ 73.7353474, 15.5993767 ], [ 73.7349853, 15.5989711 ], [ 73.7348619, 15.5988006 ], [ 73.7347761, 15.5985655 ], [ 73.7346527, 15.5985087 ], [ 73.7345079, 15.5984829 ], [ 73.7342933, 15.5983046 ], [ 73.7340707, 15.5982969 ], [ 73.7338722, 15.5982219 ], [ 73.7336415, 15.5981806 ], [ 73.7336227, 15.5981522 ], [ 73.7336361, 15.5981057 ], [ 73.73373, 15.5977698 ] ] } },
{ "type": "Feature", "properties": { "osm_id": "1180631173", "code": 8104, "fclass": "drain", "width": 0, "name": null }, "geometry": { "type": "LineString", "coordinates": [ [ 73.7589455, 15.5965065 ], [ 73.758468, 15.5954473 ], [ 73.7580389, 15.5946465 ], [ 73.7578618, 15.5944062 ], [ 73.7577814, 15.5942047 ], [ 73.7577572, 15.5941298 ], [ 73.7576339, 15.5940238 ], [ 73.7576178, 15.5939773 ], [ 73.7576473, 15.5938327 ], [ 73.7576258, 15.5937758 ], [ 73.757314, 15.5935246 ], [ 73.7572865, 15.5934845 ], [ 73.7572798, 15.5934309 ], [ 73.7573026, 15.5932359 ], [ 73.7574032, 15.5928819 ], [ 73.7574837, 15.5928251 ], [ 73.7576205, 15.5927347 ], [ 73.7576097, 15.5925461 ], [ 73.7575453, 15.592373 ], [ 73.7574622, 15.5922774 ], [ 73.7574327, 15.5921327 ], [ 73.7574246, 15.5919002 ], [ 73.757481, 15.5915514 ], [ 73.7574756, 15.5912285 ], [ 73.7575105, 15.5910037 ], [ 73.7575034, 15.5902863 ] ] } },
{ "type": "Feature", "properties": { "osm_id": "1181005381", "code": 8104, "fclass": "drain", "width": 0, "name": null }, "geometry": { "type": "LineString", "coordinates": [ [ 73.8086736, 15.5870509 ], [ 73.809151, 15.5868339 ], [ 73.8092744, 15.5868442 ], [ 73.8097867, 15.5869812 ], [ 73.8099557, 15.5869682 ], [ 73.8107336, 15.5866944 ], [ 73.8109642, 15.5865187 ], [ 73.8110876, 15.5864825 ], [ 73.8115972, 15.5864567 ], [ 73.8119432, 15.5864696 ], [ 73.8122785, 15.5868597 ], [ 73.8123232, 15.5869066 ] ] } },
{ "type": "Feature", "properties": { "osm_id": "1182022128", "code": 8104, "fclass": "drain", "width": 0, "name": null }, "geometry": { "type": "LineString", "coordinates": [ [ 73.8014638, 15.5822041 ], [ 73.8016221, 15.5819793 ], [ 73.801732, 15.5816615 ], [ 73.8026762, 15.5814962 ], [ 73.8038778, 15.5819509 ], [ 73.8047576, 15.5825296 ], [ 73.8053584, 15.5824263 ], [ 73.8060987, 15.5828707 ] ] } },
{ "type": "Feature", "properties": { "osm_id": "1182022129", "code": 8104, "fclass": "drain", "width": 0, "name": null }, "geometry": { "type": "LineString", "coordinates": [ [ 73.8100201, 15.5865859 ], [ 73.8099074, 15.5863921 ], [ 73.8097975, 15.5858185 ], [ 73.8097975, 15.5856377 ], [ 73.809709, 15.5851597 ], [ 73.809768, 15.5850538 ], [ 73.8099745, 15.5849246 ], [ 73.8101032, 15.5846508 ], [ 73.810232, 15.5845319 ], [ 73.8103178, 15.5844492 ], [ 73.8103312, 15.5842322 ], [ 73.8102722, 15.5838731 ], [ 73.8103259, 15.5836974 ], [ 73.810401, 15.5835424 ], [ 73.8103795, 15.5830464 ], [ 73.8104144, 15.5828913 ], [ 73.8108489, 15.5822351 ], [ 73.8110554, 15.5818682 ], [ 73.8112807, 15.5814445 ], [ 73.8112271, 15.5811138 ], [ 73.8110018, 15.5807107 ], [ 73.8109374, 15.5804317 ] ] } },
{ "type": "Feature", "properties": { "osm_id": "1182022136", "code": 8104, "fclass": "drain", "width": 0, "name": null }, "geometry": { "type": "LineString", "coordinates": [ [ 73.8052672, 15.5855628 ], [ 73.8051975, 15.5850202 ], [ 73.8057071, 15.5840901 ], [ 73.8057983, 15.5838059 ], [ 73.8057983, 15.5835217 ], [ 73.8060987, 15.5828707 ], [ 73.8064367, 15.583098 ], [ 73.8067853, 15.5830463 ], [ 73.8075632, 15.5827725 ], [ 73.8079226, 15.5824986 ], [ 73.808164, 15.5825555 ], [ 73.8083088, 15.5824469 ], [ 73.8085127, 15.582509 ], [ 73.8086092, 15.5824469 ], [ 73.8087326, 15.5822919 ], [ 73.8089096, 15.5822919 ], [ 73.8091189, 15.5824108 ], [ 73.8093227, 15.5823901 ], [ 73.8095427, 15.5822093 ], [ 73.8095802, 15.5818527 ], [ 73.8099718, 15.581491 ], [ 73.8102722, 15.5813205 ], [ 73.8103473, 15.5811138 ], [ 73.8100898, 15.5809898 ], [ 73.8099182, 15.5807934 ], [ 73.8099289, 15.5805661 ], [ 73.8102078, 15.5805867 ], [ 73.8108623, 15.5805867 ], [ 73.8109374, 15.5804317 ], [ 73.8111198, 15.5798633 ], [ 73.8114416, 15.5795636 ], [ 73.8114175, 15.5792923 ], [ 73.8113826, 15.5790753 ], [ 73.811903, 15.5784475 ], [ 73.8119888, 15.5781168 ], [ 73.8117635, 15.5778067 ], [ 73.8107765, 15.5772693 ], [ 73.8104868, 15.5768456 ], [ 73.8104967, 15.5766142 ] ] } },
{ "type": "Feature", "properties": { "osm_id": "1184924582", "code": 8104, "fclass": "drain", "width": 0, "name": null }, "geometry": { "type": "LineString", "coordinates": [ [ 73.8028148, 15.6121315 ], [ 73.802955, 15.6125456 ], [ 73.8027401, 15.6133896 ], [ 73.8029347, 15.613804 ], [ 73.803015, 15.613924 ], [ 73.8036847, 15.6154527 ] ] } },
{ "type": "Feature", "properties": { "osm_id": "1192908655", "code": 8104, "fclass": "drain", "width": 0, "name": null }, "geometry": { "type": "LineString", "coordinates": [ [ 73.7644876, 15.6099143 ], [ 73.7651928, 15.610561 ], [ 73.7654966, 15.6106712 ], [ 73.765872, 15.6107957 ] ] } },
{ "type": "Feature", "properties": { "osm_id": "1192908659", "code": 8104, "fclass": "drain", "width": 0, "name": null }, "geometry": { "type": "LineString", "coordinates": [ [ 73.7716919, 15.6099637 ], [ 73.771872, 15.6101752 ], [ 73.7720913, 15.6104553 ], [ 73.7722246, 15.6105738 ], [ 73.7723468, 15.6106415 ], [ 73.7725687, 15.6108196 ], [ 73.7727145, 15.6110225 ], [ 73.77286, 15.6109359 ], [ 73.7730604, 15.6111808 ], [ 73.773269, 15.6113941 ], [ 73.7734603, 15.6116003 ], [ 73.773677, 15.6121481 ] ] } },
{ "type": "Feature", "properties": { "osm_id": "1193285753", "code": 8104, "fclass": "drain", "width": 0, "name": null }, "geometry": { "type": "LineString", "coordinates": [ [ 73.7633132, 15.5948669 ], [ 73.7628811, 15.5936264 ], [ 73.7626999, 15.5934304 ] ] } },
{ "type": "Feature", "properties": { "osm_id": "1193285754", "code": 8102, "fclass": "stream", "width": 0, "name": null }, "geometry": { "type": "LineString", "coordinates": [ [ 73.8111427, 15.6124979 ], [ 73.8112054, 15.6127627 ], [ 73.8113144, 15.6128865 ] ] } },
{ "type": "Feature", "properties": { "osm_id": "1193391395", "code": 8104, "fclass": "drain", "width": 0, "name": null }, "geometry": { "type": "LineString", "coordinates": [ [ 73.803969, 15.6130632 ], [ 73.8040039, 15.6132027 ], [ 73.8040468, 15.6133654 ], [ 73.8042507, 15.6137477 ] ] } },
{ "type": "Feature", "properties": { "osm_id": "1200352073", "code": 8104, "fclass": "drain", "width": 0, "name": null }, "geometry": { "type": "LineString", "coordinates": [ [ 73.7430778, 15.5882215 ], [ 73.7433789, 15.5874913 ], [ 73.7433288, 15.5874277 ], [ 73.7433438, 15.587038 ], [ 73.7433752, 15.5865652 ] ] } },
{ "type": "Feature", "properties": { "osm_id": "1203153968", "code": 8102, "fclass": "stream", "width": 0, "name": null }, "geometry": { "type": "LineString", "coordinates": [ [ 73.8521469, 15.4837702 ], [ 73.8519645, 15.4838581 ], [ 73.8519216, 15.4840287 ], [ 73.8516694, 15.4843906 ], [ 73.8515514, 15.4845405 ], [ 73.8512832, 15.4848507 ], [ 73.8509935, 15.4849851 ], [ 73.8501835, 15.4852332 ], [ 73.8493949, 15.4855176 ], [ 73.8489443, 15.4858794 ], [ 73.8486868, 15.4861069 ], [ 73.8482684, 15.4863861 ], [ 73.8479465, 15.4867324 ], [ 73.8477266, 15.4867996 ] ] } },
{ "type": "Feature", "properties": { "osm_id": "1203464542", "code": 8102, "fclass": "stream", "width": 0, "name": null }, "geometry": { "type": "LineString", "coordinates": [ [ 73.8099557, 15.603815 ], [ 73.8102347, 15.6038822 ], [ 73.8104117, 15.6039287 ], [ 73.8105141, 15.6040421 ] ] } },
{ "type": "Feature", "properties": { "osm_id": "1204064205", "code": 8104, "fclass": "drain", "width": 0, "name": null }, "geometry": { "type": "LineString", "coordinates": [ [ 73.7934826, 15.6248822 ], [ 73.7933181, 15.6237921 ] ] } },
{ "type": "Feature", "properties": { "osm_id": "1204064208", "code": 8104, "fclass": "drain", "width": 0, "name": null }, "geometry": { "type": "LineString", "coordinates": [ [ 73.7967422, 15.6213889 ], [ 73.7968867, 15.6208329 ], [ 73.7969924, 15.6206554 ], [ 73.7971739, 15.6205174 ], [ 73.7973627, 15.6204225 ], [ 73.7974858, 15.6203978 ], [ 73.7975891, 15.6204615 ], [ 73.7977224, 15.6203899 ], [ 73.7976695, 15.6201259 ], [ 73.797613, 15.6197939 ], [ 73.7978784, 15.6192832 ], [ 73.7980291, 15.6188246 ], [ 73.7967861, 15.6184621 ] ] } },
{ "type": "Feature", "properties": { "osm_id": "1209323338", "code": 8102, "fclass": "stream", "width": 0, "name": null }, "geometry": { "type": "LineString", "coordinates": [ [ 73.8022643, 15.6241423 ], [ 73.801952, 15.6237911 ], [ 73.8014799, 15.6235173 ], [ 73.8006163, 15.6232332 ], [ 73.8003802, 15.6230575 ], [ 73.8000852, 15.6225874 ], [ 73.7995978, 15.6223552 ], [ 73.799165, 15.6221809 ], [ 73.7986076, 15.6219321 ], [ 73.7983243, 15.621706 ], [ 73.7981696, 15.621567 ], [ 73.7980594, 15.6212664 ], [ 73.7978902, 15.6208319 ], [ 73.7977224, 15.6203899 ] ] } },
{ "type": "Feature", "properties": { "osm_id": "1209323340", "code": 8104, "fclass": "drain", "width": 0, "name": null }, "geometry": { "type": "LineString", "coordinates": [ [ 73.8048541, 15.6270975 ], [ 73.8045055, 15.62671 ], [ 73.804307, 15.6266428 ], [ 73.8040549, 15.6266325 ], [ 73.8035452, 15.6264723 ], [ 73.8030544, 15.6261102 ], [ 73.8026661, 15.625796 ], [ 73.8023358, 15.6256438 ], [ 73.802183, 15.6255557 ], [ 73.8019851, 15.625462 ], [ 73.8019137, 15.6253795 ], [ 73.8019452, 15.62523 ], [ 73.8019642, 15.6249535 ], [ 73.8019122, 15.6246831 ], [ 73.801973, 15.6244686 ], [ 73.80208, 15.6243978 ], [ 73.8022643, 15.6241423 ] ] } },
{ "type": "Feature", "properties": { "osm_id": "1210336656", "code": 8104, "fclass": "drain", "width": 0, "name": null }, "geometry": { "type": "LineString", "coordinates": [ [ 73.7924005, 15.5706751 ], [ 73.7926501, 15.571227 ], [ 73.7928149, 15.5714639 ], [ 73.7932811, 15.5721778 ], [ 73.7934674, 15.572336 ], [ 73.7936237, 15.5727865 ], [ 73.7938786, 15.5731767 ], [ 73.7940234, 15.5733343 ], [ 73.7942648, 15.5735384 ], [ 73.7944874, 15.5738123 ], [ 73.7945518, 15.5739596 ], [ 73.7945974, 15.5742489 ], [ 73.7946591, 15.574497 ], [ 73.7947123, 15.5746025 ], [ 73.7947986, 15.5747734 ], [ 73.7952438, 15.5754943 ], [ 73.795402, 15.5757062 ] ] } },
{ "type": "Feature", "properties": { "osm_id": "1210336657", "code": 8102, "fclass": "stream", "width": 0, "name": null }, "geometry": { "type": "LineString", "coordinates": [ [ 73.795402, 15.5757062 ], [ 73.7953913, 15.5755589 ], [ 73.7954181, 15.5754555 ], [ 73.7954986, 15.5753677 ], [ 73.7956005, 15.5753315 ], [ 73.7957796, 15.5753448 ], [ 73.7958755, 15.5754257 ], [ 73.7962013, 15.5755486 ], [ 73.7963086, 15.5755537 ], [ 73.7963998, 15.5754814 ], [ 73.7964034, 15.5753217 ], [ 73.7964594, 15.5751753 ], [ 73.7965274, 15.5750944 ], [ 73.7966634, 15.5750366 ], [ 73.7970972, 15.5751042 ], [ 73.7971991, 15.5750525 ], [ 73.7972689, 15.5749646 ], [ 73.7973513, 15.5747554 ], [ 73.7973673, 15.5746629 ], [ 73.7972793, 15.5745743 ], [ 73.7972152, 15.5744686 ], [ 73.7972259, 15.5743652 ], [ 73.7972433, 15.5743046 ], [ 73.7973953, 15.5742391 ], [ 73.7975961, 15.5741017 ], [ 73.7976766, 15.5740293 ], [ 73.7977302, 15.5739208 ], [ 73.7975672, 15.5734995 ], [ 73.7975792, 15.57338 ], [ 73.7977409, 15.5732387 ], [ 73.7978321, 15.5731767 ], [ 73.7979877, 15.5730165 ], [ 73.7980843, 15.5729493 ], [ 73.7981915, 15.572908 ], [ 73.7983954, 15.5728563 ], [ 73.798669, 15.5727013 ], [ 73.7988782, 15.5724894 ], [ 73.7989104, 15.5724171 ], [ 73.7989908, 15.5723706 ], [ 73.7991035, 15.5723912 ], [ 73.7993127, 15.5723499 ], [ 73.7996185, 15.5723189 ], [ 73.7998009, 15.5722259 ], [ 73.7999135, 15.5720709 ], [ 73.8000428, 15.5720124 ], [ 73.8001588, 15.57197 ], [ 73.8006307, 15.5719662 ], [ 73.8008187, 15.5719508 ], [ 73.8010266, 15.5719354 ], [ 73.8011626, 15.5719816 ], [ 73.8012386, 15.5720895 ], [ 73.8013351, 15.5723654 ], [ 73.8013887, 15.5724687 ], [ 73.8016248, 15.572722 ], [ 73.8018501, 15.5728821 ], [ 73.8020861, 15.5729028 ], [ 73.8021934, 15.5728615 ], [ 73.8022739, 15.5727891 ], [ 73.8023758, 15.5727323 ], [ 73.8025367, 15.5726858 ], [ 73.802644, 15.5727065 ], [ 73.8027781, 15.5727788 ], [ 73.8028908, 15.5727788 ], [ 73.8030839, 15.5726961 ], [ 73.803159, 15.5726186 ], [ 73.8032262, 15.5725209 ], [ 73.8032341, 15.5723602 ], [ 73.8031862, 15.5721357 ], [ 73.8032502, 15.5720037 ], [ 73.8033521, 15.5718435 ], [ 73.8033843, 15.5717401 ], [ 73.803395, 15.5716368 ], [ 73.8034648, 15.5715541 ], [ 73.8035774, 15.5715799 ], [ 73.8036472, 15.5716626 ], [ 73.8037437, 15.5717298 ], [ 73.8038725, 15.5718021 ], [ 73.8039905, 15.5718125 ], [ 73.804087, 15.5717091 ], [ 73.8040978, 15.5714921 ], [ 73.8041749, 15.5713966 ], [ 73.8042855, 15.5712595 ], [ 73.8043714, 15.5711924 ], [ 73.8044786, 15.5711665 ], [ 73.8047683, 15.5710373 ], [ 73.805058, 15.5709676 ], [ 73.8052404, 15.5709753 ], [ 73.805691, 15.5710994 ], [ 73.805927, 15.5710994 ], [ 73.8060558, 15.5709133 ], [ 73.8061121, 15.5707919 ], [ 73.8060692, 15.5707144 ], [ 73.805986, 15.5706549 ], [ 73.805986, 15.5705619 ], [ 73.8060692, 15.5705387 ], [ 73.8062596, 15.5705723 ], [ 73.806467, 15.5705915 ] ] } },
{ "type": "Feature", "properties": { "osm_id": "1210336658", "code": 8102, "fclass": "stream", "width": 0, "name": null }, "geometry": { "type": "LineString", "coordinates": [ [ 73.7949622, 15.576042 ], [ 73.7951552, 15.5758999 ] ] } },
{ "type": "Feature", "properties": { "osm_id": "1210336659", "code": 8102, "fclass": "stream", "width": 0, "name": null }, "geometry": { "type": "LineString", "coordinates": [ [ 73.7922558, 15.5844699 ], [ 73.7922746, 15.5841521 ], [ 73.7921619, 15.5837801 ], [ 73.7918562, 15.5830153 ], [ 73.7918106, 15.5825606 ], [ 73.791655, 15.5821705 ], [ 73.7912446, 15.5822454 ], [ 73.7912098, 15.582186 ], [ 73.790735, 15.5819354 ], [ 73.7906706, 15.5818346 ], [ 73.7904695, 15.5811241 ], [ 73.7904703, 15.5811019 ] ] } },
{ "type": "Feature", "properties": { "osm_id": "1210336660", "code": 8102, "fclass": "stream", "width": 0, "name": null }, "geometry": { "type": "LineString", "coordinates": [ [ 73.7823662, 15.5859268 ], [ 73.7826116, 15.5860077 ], [ 73.7827925, 15.5859984 ], [ 73.783222, 15.5861539 ], [ 73.7835091, 15.5862087 ], [ 73.7836164, 15.5860588 ], [ 73.7838793, 15.5859606 ], [ 73.7841904, 15.585723 ], [ 73.7845176, 15.5856713 ], [ 73.7847859, 15.5856765 ], [ 73.7850434, 15.5855938 ], [ 73.7856442, 15.5851907 ], [ 73.7859017, 15.5846637 ], [ 73.7860411, 15.5844053 ], [ 73.7861484, 15.5842916 ], [ 73.786304, 15.5842193 ], [ 73.787055, 15.5840953 ], [ 73.7878436, 15.5840126 ] ] } },
{ "type": "Feature", "properties": { "osm_id": "1211743764", "code": 8104, "fclass": "drain", "width": 0, "name": null }, "geometry": { "type": "LineString", "coordinates": [ [ 73.8127067, 15.6018027 ], [ 73.8130718, 15.6017985 ] ] } },
{ "type": "Feature", "properties": { "osm_id": "1212832179", "code": 8102, "fclass": "stream", "width": 0, "name": null }, "geometry": { "type": "LineString", "coordinates": [ [ 73.8087673, 15.6080224 ], [ 73.8090906, 15.6080199 ], [ 73.8092443, 15.6079762 ], [ 73.8094482, 15.6079426 ], [ 73.8098625, 15.6079501 ] ] } },
{ "type": "Feature", "properties": { "osm_id": "1212931945", "code": 8102, "fclass": "stream", "width": 0, "name": null }, "geometry": { "type": "LineString", "coordinates": [ [ 73.8179878, 15.6366825 ], [ 73.8183473, 15.6364948 ], [ 73.8185506, 15.6364658 ], [ 73.8190573, 15.6363083 ], [ 73.8195151, 15.6361793 ], [ 73.8199141, 15.6360553 ], [ 73.8200556, 15.635892 ], [ 73.8202927, 15.6357094 ], [ 73.8205882, 15.6353563 ], [ 73.820918, 15.6350767 ], [ 73.8210786, 15.6349379 ], [ 73.8214678, 15.6345417 ], [ 73.8215107, 15.634459 ], [ 73.8216126, 15.6338288 ], [ 73.8216501, 15.6336841 ], [ 73.821803, 15.6335008 ], [ 73.8219827, 15.6334104 ], [ 73.8224387, 15.633245 ], [ 73.8225809, 15.633258 ], [ 73.8228518, 15.6332605 ], [ 73.8229388, 15.6332169 ] ] } },
{ "type": "Feature", "properties": { "osm_id": "1212940775", "code": 8104, "fclass": "drain", "width": 0, "name": null }, "geometry": { "type": "LineString", "coordinates": [ [ 73.8252041, 15.6354225 ], [ 73.825247, 15.6347509 ], [ 73.8251692, 15.6336583 ], [ 73.8251504, 15.6332631 ] ] } },
{ "type": "Feature", "properties": { "osm_id": "1212944658", "code": 8103, "fclass": "canal", "width": 1, "name": null }, "geometry": { "type": "LineString", "coordinates": [ [ 73.8453335, 15.6365723 ], [ 73.8456395, 15.6364388 ], [ 73.8460276, 15.6361359 ], [ 73.846128, 15.6359107 ], [ 73.8461333, 15.6353837 ], [ 73.8461816, 15.6346244 ], [ 73.846364, 15.6344539 ], [ 73.8466564, 15.6342705 ], [ 73.8471365, 15.6340225 ], [ 73.8474637, 15.6339709 ], [ 73.8479707, 15.6341413 ], [ 73.8483193, 15.6341594 ], [ 73.8486439, 15.6342808 ], [ 73.8489792, 15.6340354 ], [ 73.8491374, 15.6338495 ], [ 73.849301, 15.6335421 ], [ 73.8490006, 15.6331469 ], [ 73.8485581, 15.6328085 ], [ 73.8483918, 15.6325786 ], [ 73.8482603, 15.6321524 ], [ 73.8480484, 15.6315377 ], [ 73.8484669, 15.6308687 ], [ 73.8488182, 15.6306956 ], [ 73.8490704, 15.6305432 ], [ 73.8496175, 15.6304167 ], [ 73.8501915, 15.6305096 ], [ 73.8507146, 15.6303314 ], [ 73.8507897, 15.6298561 ], [ 73.8504758, 15.6297606 ], [ 73.8499823, 15.6293938 ] ] } },
{ "type": "Feature", "properties": { "osm_id": "1216756467", "code": 8102, "fclass": "stream", "width": 0, "name": null }, "geometry": { "type": "LineString", "coordinates": [ [ 73.8068382, 15.5706918 ], [ 73.8069785, 15.5707273 ], [ 73.8071394, 15.570872 ], [ 73.807236, 15.5709056 ], [ 73.8073727, 15.5709133 ], [ 73.8074908, 15.5709676 ], [ 73.8079226, 15.5712725 ], [ 73.8081264, 15.5713784 ], [ 73.8087326, 15.5713603 ], [ 73.8088855, 15.5713913 ], [ 73.8089552, 15.5714766 ] ] } },
{ "type": "Feature", "properties": { "osm_id": "1216756472", "code": 8102, "fclass": "stream", "width": 0, "name": null }, "geometry": { "type": "LineString", "coordinates": [ [ 73.806467, 15.5705915 ], [ 73.8068382, 15.5706918 ] ] } },
{ "type": "Feature", "properties": { "osm_id": "1217544265", "code": 8102, "fclass": "stream", "width": 0, "name": null }, "geometry": { "type": "LineString", "coordinates": [ [ 73.735264, 15.5933997 ], [ 73.7350524, 15.5935008 ], [ 73.7349275, 15.5935474 ], [ 73.734735, 15.5937191 ], [ 73.7345895, 15.5938955 ] ] } },
{ "type": "Feature", "properties": { "osm_id": "1222668689", "code": 8104, "fclass": "drain", "width": 0, "name": null }, "geometry": { "type": "LineString", "coordinates": [ [ 73.8453287, 15.6365719 ], [ 73.8452525, 15.6366344 ], [ 73.8450541, 15.6365855 ], [ 73.8443722, 15.6361674 ] ] } },
{ "type": "Feature", "properties": { "osm_id": "1222668696", "code": 8103, "fclass": "canal", "width": 0, "name": "Tillari Canal" }, "geometry": { "type": "LineString", "coordinates": [ [ 73.8450766, 15.6364324 ], [ 73.8412142, 15.6327259 ] ] } },
{ "type": "Feature", "properties": { "osm_id": "1222668697", "code": 8103, "fclass": "canal", "width": 0, "name": "Tillari Canal" }, "geometry": { "type": "LineString", "coordinates": [ [ 73.8341743, 15.6336295 ], [ 73.8336745, 15.6321266 ], [ 73.8334867, 15.6317624 ], [ 73.8325506, 15.6309178 ], [ 73.8321751, 15.630693 ], [ 73.8318855, 15.6305975 ], [ 73.8315636, 15.6306465 ], [ 73.8310969, 15.6308532 ], [ 73.8301206, 15.6312458 ] ] } },
{ "type": "Feature", "properties": { "osm_id": "1222668701", "code": 8103, "fclass": "canal", "width": 0, "name": "Tillari Canal" }, "geometry": { "type": "LineString", "coordinates": [ [ 73.8301206, 15.6312458 ], [ 73.828164, 15.6318903 ] ] } },
{ "type": "Feature", "properties": { "osm_id": "1222668702", "code": 8103, "fclass": "canal", "width": 0, "name": "Tillari Canal" }, "geometry": { "type": "LineString", "coordinates": [ [ 73.8412142, 15.6327259 ], [ 73.8408923, 15.6325244 ], [ 73.8407099, 15.6324624 ], [ 73.8400313, 15.6323307 ], [ 73.8398087, 15.6323177 ], [ 73.8395351, 15.6324107 ], [ 73.8392803, 15.6325838 ], [ 73.8391542, 15.6327233 ], [ 73.8386044, 15.6336609 ], [ 73.8384756, 15.633834 ], [ 73.8381377, 15.6340923 ], [ 73.8359329, 15.6348878 ], [ 73.8357425, 15.6349266 ], [ 73.835434, 15.6349033 ], [ 73.8350049, 15.6347742 ], [ 73.834655, 15.6346357 ], [ 73.8344336, 15.6344639 ], [ 73.8343316, 15.6343376 ], [ 73.8342887, 15.634224 ], [ 73.8341743, 15.6336295 ] ] } },
{ "type": "Feature", "properties": { "osm_id": "1223198072", "code": 8102, "fclass": "stream", "width": 0, "name": null }, "geometry": { "type": "LineString", "coordinates": [ [ 73.7816155, 15.6173565 ], [ 73.7815002, 15.6173591 ], [ 73.7814304, 15.6173849 ], [ 73.7812936, 15.6173849 ], [ 73.7811568, 15.6174133 ], [ 73.7810656, 15.6174004 ], [ 73.7810066, 15.6173862 ] ] } },
{ "type": "Feature", "properties": { "osm_id": "1223198073", "code": 8102, "fclass": "stream", "width": 0, "name": null }, "geometry": { "type": "LineString", "coordinates": [ [ 73.7832449, 15.6165182 ], [ 73.7831604, 15.6165325 ], [ 73.7830639, 15.6164756 ], [ 73.7829083, 15.6163516 ], [ 73.7827554, 15.6162302 ], [ 73.7825757, 15.6160881 ], [ 73.782506, 15.6160726 ], [ 73.782388, 15.6161191 ], [ 73.7823236, 15.6161786 ], [ 73.7822968, 15.6163465 ], [ 73.78227, 15.6163878 ], [ 73.7815189, 15.6166926 ], [ 73.7814224, 15.6166978 ], [ 73.7812105, 15.6166668 ], [ 73.7811649, 15.6166694 ], [ 73.7811515, 15.6167107 ], [ 73.7811568, 15.616814 ], [ 73.78113, 15.6169173 ], [ 73.7810905, 15.6169419 ], [ 73.7810974, 15.617153 ], [ 73.7810777, 15.6172325 ], [ 73.7810066, 15.6173862 ], [ 73.7809731, 15.6174204 ], [ 73.7807947, 15.6175121 ], [ 73.7807129, 15.6175296 ], [ 73.7805212, 15.617558 ], [ 73.7804635, 15.6175515 ], [ 73.7804072, 15.6175244 ], [ 73.7803508, 15.6175244 ], [ 73.7801979, 15.6175412 ], [ 73.7801644, 15.6175541 ], [ 73.7800826, 15.61762 ], [ 73.7800182, 15.6176213 ], [ 73.779911, 15.6175993 ], [ 73.7798385, 15.6175631 ], [ 73.7796789, 15.6174069 ], [ 73.7796199, 15.6173772 ], [ 73.7795234, 15.6173797 ], [ 73.7794161, 15.6174392 ], [ 73.7791988, 15.6175166 ], [ 73.7789145, 15.6176355 ], [ 73.7787804, 15.6177698 ], [ 73.7784988, 15.6182244 ], [ 73.778244, 15.6187824 ], [ 73.7782107, 15.6190562 ] ] } },
{ "type": "Feature", "properties": { "osm_id": "1224738842", "code": 8102, "fclass": "stream", "width": 0, "name": null }, "geometry": { "type": "LineString", "coordinates": [ [ 73.7943796, 15.6210706 ], [ 73.7942066, 15.6210977 ], [ 73.7940385, 15.6210692 ], [ 73.7935885, 15.6208637 ], [ 73.7933558, 15.62064 ], [ 73.7928483, 15.6204845 ], [ 73.791829, 15.6203903 ], [ 73.7915128, 15.6203814 ] ] } },
{ "type": "Feature", "properties": { "osm_id": "1224738844", "code": 8102, "fclass": "stream", "width": 0, "name": null }, "geometry": { "type": "LineString", "coordinates": [ [ 73.7852955, 15.6169354 ], [ 73.7852794, 15.6173668 ], [ 73.785207, 15.6174831 ], [ 73.7849951, 15.6176096 ], [ 73.7848315, 15.6175786 ], [ 73.7845552, 15.6176148 ], [ 73.7842897, 15.6177362 ], [ 73.7842119, 15.6178344 ], [ 73.7838632, 15.6180204 ], [ 73.7836486, 15.6181857 ], [ 73.783493, 15.61832 ], [ 73.7833589, 15.6183304 ], [ 73.7827474, 15.6181495 ], [ 73.7826669, 15.6181599 ], [ 73.7823907, 15.6183355 ], [ 73.7823477, 15.6183807 ], [ 73.7821653, 15.6188521 ] ] } },
{ "type": "Feature", "properties": { "osm_id": "1225836829", "code": 8104, "fclass": "drain", "width": 0, "name": null }, "geometry": { "type": "LineString", "coordinates": [ [ 73.8010413, 15.6168163 ], [ 73.8009134, 15.6163512 ], [ 73.8007247, 15.6163791 ], [ 73.8006241, 15.6160569 ] ] } },
{ "type": "Feature", "properties": { "osm_id": "1227067673", "code": 8104, "fclass": "drain", "width": 0, "name": null }, "geometry": { "type": "LineString", "coordinates": [ [ 73.7655411, 15.5861981 ], [ 73.7655878, 15.5866586 ], [ 73.7657093, 15.5873625 ], [ 73.7656877, 15.587576 ], [ 73.7654621, 15.5882105 ], [ 73.7655775, 15.5883818 ], [ 73.7657872, 15.5886307 ], [ 73.7657914, 15.5887385 ], [ 73.7658805, 15.5890394 ], [ 73.76576, 15.5895336 ], [ 73.7654112, 15.5899651 ], [ 73.7651459, 15.5899783 ], [ 73.764752, 15.5899864 ], [ 73.7646532, 15.5899754 ], [ 73.7646077, 15.5901423 ], [ 73.7645469, 15.59048 ], [ 73.7645082, 15.5905645 ] ] } },
{ "type": "Feature", "properties": { "osm_id": "1227127401", "code": 8104, "fclass": "drain", "width": 0, "name": null }, "geometry": { "type": "LineString", "coordinates": [ [ 73.7713078, 15.5899186 ], [ 73.770623, 15.5903475 ], [ 73.7703608, 15.590457 ], [ 73.7698333, 15.5905439 ], [ 73.769751, 15.5907776 ], [ 73.7696166, 15.5909095 ], [ 73.7695165, 15.5909943 ], [ 73.7693173, 15.5912724 ], [ 73.7692593, 15.5915102 ], [ 73.7688825, 15.5914219 ], [ 73.7686975, 15.591764 ], [ 73.7685038, 15.5919916 ], [ 73.7682788, 15.5922049 ], [ 73.7680067, 15.5923779 ], [ 73.7678095, 15.5925652 ], [ 73.7676279, 15.5926707 ], [ 73.7673428, 15.5928771 ], [ 73.7667856, 15.5932565 ], [ 73.7664476, 15.593378 ], [ 73.7659621, 15.5937732 ], [ 73.7659203, 15.5938171 ] ] } },
{ "type": "Feature", "properties": { "osm_id": "1228986625", "code": 8102, "fclass": "stream", "width": 0, "name": null }, "geometry": { "type": "LineString", "coordinates": [ [ 73.776918, 15.6088058 ], [ 73.7766054, 15.6091001 ], [ 73.7763859, 15.6092394 ], [ 73.776291, 15.6092997 ] ] } },
{ "type": "Feature", "properties": { "osm_id": "1228986627", "code": 8102, "fclass": "stream", "width": 0, "name": null }, "geometry": { "type": "LineString", "coordinates": [ [ 73.7759995, 15.6085752 ], [ 73.776094, 15.6087344 ], [ 73.7762005, 15.6089278 ], [ 73.7763278, 15.609082 ], [ 73.7763859, 15.6092394 ] ] } },
{ "type": "Feature", "properties": { "osm_id": "1229582225", "code": 8104, "fclass": "drain", "width": 0, "name": null }, "geometry": { "type": "LineString", "coordinates": [ [ 73.7740286, 15.6108584 ], [ 73.77397, 15.6114874 ], [ 73.7741015, 15.6115017 ], [ 73.774227, 15.6115051 ], [ 73.7743441, 15.6115284 ], [ 73.7746241, 15.6120421 ], [ 73.7746242, 15.6121543 ], [ 73.7746076, 15.61233 ], [ 73.7746491, 15.6126205 ], [ 73.77463, 15.6128254 ], [ 73.7746146, 15.613124 ], [ 73.7742218, 15.6143849 ], [ 73.7740651, 15.6152513 ], [ 73.7740288, 15.6154523 ], [ 73.7739485, 15.6158945 ] ] } },
{ "type": "Feature", "properties": { "osm_id": "1240986930", "code": 8104, "fclass": "drain", "width": 0, "name": null }, "geometry": { "type": "LineString", "coordinates": [ [ 73.7893994, 15.5898421 ], [ 73.7894019, 15.5895957 ], [ 73.7893938, 15.5893612 ], [ 73.7894481, 15.5888496 ], [ 73.7894613, 15.5884726 ], [ 73.7894161, 15.5882698 ], [ 73.7895258, 15.5879813 ], [ 73.7895339, 15.5875567 ] ] } },
{ "type": "Feature", "properties": { "osm_id": "1242493684", "code": 8102, "fclass": "stream", "width": 0, "name": null }, "geometry": { "type": "LineString", "coordinates": [ [ 73.8077827, 15.6160391 ], [ 73.8077029, 15.6158167 ], [ 73.807601, 15.6155089 ], [ 73.8074331, 15.6149412 ], [ 73.8072421, 15.6147636 ] ] } },
{ "type": "Feature", "properties": { "osm_id": "1257073824", "code": 8102, "fclass": "stream", "width": 0, "name": null }, "geometry": { "type": "LineString", "coordinates": [ [ 73.8249363, 15.6430027 ], [ 73.8248999, 15.643145 ], [ 73.8248283, 15.6432777 ], [ 73.8247147, 15.6434305 ], [ 73.824685, 15.6435919 ], [ 73.8246808, 15.6436201 ], [ 73.8246651, 15.6437278 ] ] } },
{ "type": "Feature", "properties": { "osm_id": "1257073839", "code": 8102, "fclass": "stream", "width": 0, "name": null }, "geometry": { "type": "LineString", "coordinates": [ [ 73.8237757, 15.6430372 ], [ 73.8241284, 15.6431285 ], [ 73.8243123, 15.6432222 ], [ 73.824522, 15.6433504 ], [ 73.8245275, 15.6434417 ], [ 73.8246113, 15.6435404 ], [ 73.8246808, 15.6436201 ] ] } },
{ "type": "Feature", "properties": { "osm_id": "1259332406", "code": 8103, "fclass": "canal", "width": 0, "name": null }, "geometry": { "type": "LineString", "coordinates": [ [ 73.8631127, 15.6487109 ], [ 73.8625663, 15.6491861 ], [ 73.8621538, 15.6495636 ] ] } },
{ "type": "Feature", "properties": { "osm_id": "1259332412", "code": 8103, "fclass": "canal", "width": 0, "name": null }, "geometry": { "type": "LineString", "coordinates": [ [ 73.8648804, 15.6469743 ], [ 73.8631127, 15.6487109 ] ] } },
{ "type": "Feature", "properties": { "osm_id": "1259469002", "code": 8103, "fclass": "canal", "width": 0, "name": "Tillari Canal" }, "geometry": { "type": "LineString", "coordinates": [ [ 73.8999546, 15.6210737 ], [ 73.898887, 15.6212829 ] ] } },
{ "type": "Feature", "properties": { "osm_id": "1263781662", "code": 8103, "fclass": "canal", "width": 0, "name": null }, "geometry": { "type": "LineString", "coordinates": [ [ 73.7991089, 15.6268211 ], [ 73.7988782, 15.6268082 ], [ 73.798272, 15.6270148 ], [ 73.7968612, 15.6276554 ], [ 73.7965715, 15.6276037 ], [ 73.7951124, 15.6269218 ] ] } },
{ "type": "Feature", "properties": { "osm_id": "1263781663", "code": 8103, "fclass": "canal", "width": 0, "name": null }, "geometry": { "type": "LineString", "coordinates": [ [ 73.8013807, 15.627707 ], [ 73.800804, 15.6275133 ], [ 73.7991089, 15.6268211 ] ] } },
{ "type": "Feature", "properties": { "osm_id": "1268199661", "code": 8102, "fclass": "stream", "width": 0, "name": null }, "geometry": { "type": "LineString", "coordinates": [ [ 73.790499, 15.6366546 ], [ 73.7891364, 15.6359107 ], [ 73.7883425, 15.6352701 ], [ 73.7875485, 15.6348362 ], [ 73.7866795, 15.6348465 ], [ 73.7861216, 15.6346399 ], [ 73.7854848, 15.6344748 ], [ 73.7853574, 15.634713 ], [ 73.7851326, 15.6347491 ], [ 73.7848703, 15.6346408 ], [ 73.7848703, 15.6344604 ], [ 73.7841584, 15.6343088 ], [ 73.7840011, 15.6349439 ], [ 73.7825398, 15.6347058 ], [ 73.7822063, 15.6353408 ], [ 73.7815693, 15.6354202 ], [ 73.7814981, 15.6354058 ], [ 73.781337, 15.6356692 ], [ 73.781337, 15.6358315 ], [ 73.7816068, 15.6359109 ], [ 73.7816068, 15.6360372 ], [ 73.7815019, 15.636232 ], [ 73.7820751, 15.6366145 ], [ 73.7821017, 15.636693 ], [ 73.7820524, 15.6367688 ], [ 73.7819827, 15.6368076 ] ] } },
{ "type": "Feature", "properties": { "osm_id": "1274019132", "code": 8103, "fclass": "canal", "width": 0, "name": null }, "geometry": { "type": "LineString", "coordinates": [ [ 73.7798077, 15.5129728 ], [ 73.7796788, 15.5130183 ] ] } },
{ "type": "Feature", "properties": { "osm_id": "1274566962", "code": 8102, "fclass": "stream", "width": 0, "name": null }, "geometry": { "type": "LineString", "coordinates": [ [ 73.8034917, 15.5159588 ], [ 73.8036016, 15.5158833 ], [ 73.8036783, 15.5155828 ] ] } },
{ "type": "Feature", "properties": { "osm_id": "1275537421", "code": 8104, "fclass": "drain", "width": 0, "name": null }, "geometry": { "type": "LineString", "coordinates": [ [ 73.751843, 15.5942228 ], [ 73.7520468, 15.5932462 ], [ 73.7520485, 15.5931813 ], [ 73.7520522, 15.5930395 ], [ 73.7519664, 15.5926623 ], [ 73.7519542, 15.5925634 ], [ 73.7519181, 15.5922697 ], [ 73.7518269, 15.5914636 ], [ 73.7520254, 15.5913706 ], [ 73.7528783, 15.5912569 ], [ 73.7535167, 15.5913396 ], [ 73.7537742, 15.5912983 ], [ 73.7538385, 15.5907919 ], [ 73.7538975, 15.5901977 ], [ 73.7539402, 15.5899496 ], [ 73.7540585, 15.5892624 ], [ 73.7540907, 15.5890454 ], [ 73.753927, 15.5886475 ] ] } },
{ "type": "Feature", "properties": { "osm_id": "1275537422", "code": 8104, "fclass": "drain", "width": 0, "name": null }, "geometry": { "type": "LineString", "coordinates": [ [ 73.7501532, 15.5894097 ], [ 73.7505233, 15.5891772 ], [ 73.7506655, 15.5888284 ], [ 73.7506494, 15.5884693 ], [ 73.7508184, 15.5878311 ], [ 73.7509337, 15.5874875 ], [ 73.7510298, 15.5868126 ] ] } },
{ "type": "Feature", "properties": { "osm_id": "1275537425", "code": 8102, "fclass": "stream", "width": 0, "name": null }, "geometry": { "type": "LineString", "coordinates": [ [ 73.7466288, 15.5929879 ], [ 73.7467039, 15.5923265 ], [ 73.7466395, 15.591908 ], [ 73.746382, 15.5916651 ], [ 73.7460172, 15.5913499 ], [ 73.7459475, 15.5911432 ], [ 73.7460011, 15.5909417 ] ] } },
{ "type": "Feature", "properties": { "osm_id": "1275537426", "code": 8102, "fclass": "stream", "width": 0, "name": null }, "geometry": { "type": "LineString", "coordinates": [ [ 73.7474281, 15.591877 ], [ 73.7477338, 15.5915153 ], [ 73.7478518, 15.5913551 ], [ 73.7480611, 15.5911949 ], [ 73.7484509, 15.5910072 ], [ 73.7485009, 15.5909831 ], [ 73.7487906, 15.5907247 ], [ 73.748914, 15.5906446 ], [ 73.7491795, 15.5902209 ], [ 73.7493727, 15.5900943 ] ] } },
{ "type": "Feature", "properties": { "osm_id": "1275537427", "code": 8102, "fclass": "stream", "width": 0, "name": null }, "geometry": { "type": "LineString", "coordinates": [ [ 73.7481844, 15.5924298 ], [ 73.7483293, 15.592063 ], [ 73.7484527, 15.5917788 ], [ 73.7486468, 15.5916033 ], [ 73.7488013, 15.5914636 ], [ 73.7489784, 15.5912259 ], [ 73.7489355, 15.5910709 ], [ 73.7489006, 15.5907531 ], [ 73.748914, 15.5906446 ] ] } },
{ "type": "Feature", "properties": { "osm_id": "1275537433", "code": 8102, "fclass": "stream", "width": 0, "name": null }, "geometry": { "type": "LineString", "coordinates": [ [ 73.7373859, 15.5884719 ], [ 73.737528, 15.5888361 ], [ 73.7377775, 15.5890635 ], [ 73.7380752, 15.5891074 ], [ 73.7384373, 15.5891539 ], [ 73.7386867, 15.5892082 ], [ 73.7388051, 15.5892406 ] ] } },
{ "type": "Feature", "properties": { "osm_id": "1275537434", "code": 8102, "fclass": "stream", "width": 0, "name": null }, "geometry": { "type": "LineString", "coordinates": [ [ 73.737866, 15.5903785 ], [ 73.737984, 15.5901899 ], [ 73.7381449, 15.5898902 ], [ 73.7385553, 15.5893839 ], [ 73.7386841, 15.5892702 ], [ 73.7388051, 15.5892406 ], [ 73.7390864, 15.589172 ], [ 73.7394914, 15.5888336 ], [ 73.7397462, 15.588614 ], [ 73.7400198, 15.5884073 ], [ 73.7405536, 15.5881283 ], [ 73.7409022, 15.5878932 ], [ 73.7410842, 15.5877471 ] ] } },
{ "type": "Feature", "properties": { "osm_id": "1275537444", "code": 8104, "fclass": "drain", "width": 0, "name": null }, "geometry": { "type": "LineString", "coordinates": [ [ 73.7475576, 15.5848179 ], [ 73.7479827, 15.5852293 ], [ 73.7482688, 15.5854072 ] ] } },
{ "type": "Feature", "properties": { "osm_id": "1275539244", "code": 8102, "fclass": "stream", "width": 0, "name": null }, "geometry": { "type": "LineString", "coordinates": [ [ 73.7612522, 15.5925099 ], [ 73.7610564, 15.5923962 ], [ 73.7605816, 15.5922283 ], [ 73.760013, 15.5920501 ], [ 73.7599727, 15.5917374 ], [ 73.7598306, 15.5916367 ], [ 73.7598306, 15.591408 ], [ 73.759561, 15.591244 ], [ 73.7595583, 15.5911833 ], [ 73.7596254, 15.591036 ], [ 73.7595583, 15.5909779 ], [ 73.7593654, 15.5909187 ] ] } },
{ "type": "Feature", "properties": { "osm_id": "1275539248", "code": 8102, "fclass": "stream", "width": 0, "name": null }, "geometry": { "type": "LineString", "coordinates": [ [ 73.7510161, 15.5974185 ], [ 73.7517357, 15.5972816 ], [ 73.7518913, 15.5972041 ], [ 73.7522614, 15.5970801 ], [ 73.7528032, 15.5967649 ], [ 73.7528676, 15.5966822 ], [ 73.7530231, 15.5965014 ], [ 73.7531412, 15.596429 ], [ 73.7532806, 15.596429 ], [ 73.7534255, 15.5964704 ], [ 73.7536079, 15.5965065 ], [ 73.7537366, 15.5964859 ], [ 73.7539297, 15.5964859 ], [ 73.7540692, 15.596522 ], [ 73.7542462, 15.5965944 ], [ 73.7543589, 15.5965944 ], [ 73.7547558, 15.5962792 ], [ 73.7551099, 15.59584 ], [ 73.7552386, 15.595747 ], [ 73.7557483, 15.5956385 ], [ 73.755936, 15.5955765 ], [ 73.7566012, 15.5954318 ], [ 73.756789, 15.595313 ], [ 73.7568533, 15.5951787 ], [ 73.7568051, 15.5946465 ], [ 73.7569553, 15.5943003 ], [ 73.7569714, 15.5939748 ], [ 73.7570572, 15.5937009 ], [ 73.7572128, 15.5935666 ], [ 73.7572865, 15.5934845 ] ] } },
{ "type": "Feature", "properties": { "osm_id": "1275813379", "code": 8102, "fclass": "stream", "width": 0, "name": null }, "geometry": { "type": "LineString", "coordinates": [ [ 73.7961557, 15.6247443 ], [ 73.7963435, 15.6244265 ], [ 73.7965447, 15.6241062 ], [ 73.7967485, 15.6234579 ], [ 73.796719, 15.6228663 ], [ 73.7968209, 15.6221792 ], [ 73.7967297, 15.6217298 ], [ 73.7967422, 15.6213889 ] ] } },
{ "type": "Feature", "properties": { "osm_id": "1275971492", "code": 8104, "fclass": "drain", "width": 0, "name": null }, "geometry": { "type": "LineString", "coordinates": [ [ 73.7980291, 15.6188246 ], [ 73.7967861, 15.6184621 ] ] } },
{ "type": "Feature", "properties": { "osm_id": "1302992169", "code": 8104, "fclass": "drain", "width": 0, "name": null }, "geometry": { "type": "LineString", "coordinates": [ [ 73.7512518, 15.5841041 ], [ 73.7511967, 15.5849864 ] ] } },
{ "type": "Feature", "properties": { "osm_id": "1304498679", "code": 8102, "fclass": "stream", "width": 0, "name": null }, "geometry": { "type": "LineString", "coordinates": [ [ 73.8325185, 15.5941504 ], [ 73.8321698, 15.5939954 ], [ 73.8316923, 15.5939283 ], [ 73.8310969, 15.5939128 ], [ 73.8306629, 15.5938719 ], [ 73.8304238, 15.5940214 ], [ 73.8300103, 15.5942481 ], [ 73.8297851, 15.5942966 ], [ 73.8296138, 15.5944527 ], [ 73.8295429, 15.5945591 ] ] } },
{ "type": "Feature", "properties": { "osm_id": "1304498680", "code": 8102, "fclass": "stream", "width": 0, "name": null }, "geometry": { "type": "LineString", "coordinates": [ [ 73.8271648, 15.5825141 ], [ 73.8271433, 15.5828862 ], [ 73.8271916, 15.5834649 ], [ 73.8270344, 15.5845028 ], [ 73.8270092, 15.5846689 ], [ 73.8270575, 15.5847877 ], [ 73.8273472, 15.5854129 ], [ 73.8275188, 15.5857591 ], [ 73.8276207, 15.5858005 ], [ 73.8277978, 15.5857901 ], [ 73.8281357, 15.5859141 ], [ 73.8285649, 15.5864619 ], [ 73.8288116, 15.586591 ], [ 73.8294393, 15.5866324 ], [ 73.8295519, 15.5865859 ], [ 73.8298845, 15.5862655 ], [ 73.8303459, 15.586002 ], [ 73.8306624, 15.5860072 ], [ 73.8308716, 15.5862035 ], [ 73.831585, 15.5870974 ], [ 73.8320678, 15.5876451 ], [ 73.8321269, 15.5880275 ], [ 73.8322556, 15.5882755 ], [ 73.8325238, 15.588198 ], [ 73.8326955, 15.588322 ], [ 73.8331729, 15.5882962 ], [ 73.8335162, 15.5880223 ], [ 73.8337684, 15.587764 ], [ 73.8339347, 15.5874384 ], [ 73.8338971, 15.5872731 ], [ 73.8336772, 15.5871181 ], [ 73.8336933, 15.5869941 ], [ 73.8338864, 15.5867822 ], [ 73.8339239, 15.5865394 ], [ 73.8339132, 15.5860123 ], [ 73.8339132, 15.5857643 ], [ 73.8341439, 15.5851029 ], [ 73.8343343, 15.5848833 ], [ 73.834396, 15.5849014 ], [ 73.8344557, 15.5849905 ], [ 73.8345306, 15.5850789 ] ] } },
{ "type": "Feature", "properties": { "osm_id": "1304498681", "code": 8101, "fclass": "river", "width": 0, "name": "Moira River" }, "geometry": { "type": "LineString", "coordinates": [ [ 73.8306536, 15.5954062 ], [ 73.8311183, 15.5958607 ], [ 73.8317084, 15.5966047 ], [ 73.8324273, 15.5979171 ], [ 73.8325238, 15.5988265 ], [ 73.8322878, 15.5998288 ], [ 73.8316977, 15.6008519 ], [ 73.8313973, 15.6014357 ], [ 73.83129, 15.6022262 ], [ 73.8310164, 15.6030942 ], [ 73.8309038, 15.6036987 ], [ 73.8309038, 15.6041121 ], [ 73.8311291, 15.6045616 ], [ 73.8315368, 15.6047786 ], [ 73.8322341, 15.6051557 ], [ 73.8326955, 15.6057189 ], [ 73.8330495, 15.6068969 ], [ 73.8333714, 15.6072999 ], [ 73.8338435, 15.6074756 ], [ 73.8345301, 15.6075634 ], [ 73.8354206, 15.6075531 ], [ 73.8363855, 15.6075344 ], [ 73.8367563, 15.6075272 ], [ 73.8385159, 15.6075479 ], [ 73.8399643, 15.6076564 ], [ 73.8408601, 15.6074549 ], [ 73.8415125, 15.6070052 ], [ 73.8418794, 15.6067523 ], [ 73.842802, 15.6057189 ], [ 73.8439393, 15.6042412 ], [ 73.8453877, 15.6031252 ], [ 73.8477051, 15.6028669 ], [ 73.8564491, 15.6017302 ], [ 73.862071, 15.6011929 ], [ 73.8637662, 15.6006142 ], [ 73.8645386, 15.5997668 ], [ 73.8657188, 15.5997255 ], [ 73.8665664, 15.6000562 ], [ 73.8670921, 15.6003765 ], [ 73.8677198, 15.6008622 ], [ 73.8680148, 15.6012755 ], [ 73.8682938, 15.6021436 ], [ 73.8689375, 15.6037297 ], [ 73.8690662, 15.6044531 ], [ 73.8691199, 15.6048922 ], [ 73.8690018, 15.6056569 ], [ 73.8676715, 15.6079096 ], [ 73.8676286, 15.6088189 ], [ 73.8680577, 15.6097489 ], [ 73.8684105, 15.6100771 ] ] } },
{ "type": "Feature", "properties": { "osm_id": "1304498682", "code": 8101, "fclass": "river", "width": 0, "name": null }, "geometry": { "type": "LineString", "coordinates": [ [ 73.8349539, 15.584333 ], [ 73.8347393, 15.5847696 ], [ 73.8345998, 15.5849763 ], [ 73.8345306, 15.5850789 ], [ 73.8343853, 15.5852941 ], [ 73.8341707, 15.5859141 ], [ 73.8341707, 15.5861725 ], [ 73.8342994, 15.5869631 ], [ 73.8344979, 15.5882549 ], [ 73.8346481, 15.58857 ], [ 73.8348037, 15.5887044 ], [ 73.8355976, 15.5891798 ], [ 73.8359839, 15.589588 ], [ 73.8362896, 15.5901615 ], [ 73.8364398, 15.5907299 ], [ 73.8364398, 15.5909417 ], [ 73.8362682, 15.5912156 ], [ 73.8359892, 15.5913138 ], [ 73.8355976, 15.5913396 ], [ 73.835265, 15.5914223 ], [ 73.8349163, 15.5916083 ], [ 73.8345945, 15.5920268 ], [ 73.8344014, 15.5924247 ], [ 73.8343638, 15.5928587 ], [ 73.8339132, 15.5935872 ], [ 73.8332963, 15.5945225 ], [ 73.8330549, 15.5946465 ], [ 73.8323951, 15.5948738 ], [ 73.8317567, 15.5950081 ], [ 73.8313758, 15.595003 ], [ 73.8310647, 15.5949513 ], [ 73.8308823, 15.5950236 ], [ 73.8306838, 15.5951942 ], [ 73.8306536, 15.5954062 ] ] } },
{ "type": "Feature", "properties": { "osm_id": "1304500161", "code": 8102, "fclass": "stream", "width": 0, "name": null }, "geometry": { "type": "LineString", "coordinates": [ [ 73.8303029, 15.5900633 ], [ 73.8299489, 15.5900065 ], [ 73.8297719, 15.5900943 ], [ 73.8297021, 15.5902493 ], [ 73.829745, 15.5903992 ], [ 73.8300776, 15.590549 ], [ 73.8302171, 15.5906679 ], [ 73.8303888, 15.5909882 ], [ 73.8303083, 15.5913654 ], [ 73.8302225, 15.5916186 ], [ 73.8300455, 15.5917116 ], [ 73.8296968, 15.5917271 ], [ 73.8295251, 15.5917633 ], [ 73.8294017, 15.5919286 ], [ 73.8292783, 15.5923627 ], [ 73.8291603, 15.5925022 ], [ 73.8290638, 15.592497 ], [ 73.8287258, 15.5923007 ], [ 73.8276851, 15.5913603 ], [ 73.8273686, 15.5911122 ], [ 73.8272613, 15.5911329 ], [ 73.8272399, 15.5913138 ], [ 73.8272399, 15.5915463 ], [ 73.8271379, 15.5916754 ], [ 73.8269448, 15.5917116 ], [ 73.8267208, 15.5917838 ] ] } },
{ "type": "Feature", "properties": { "osm_id": "1304590967", "code": 8102, "fclass": "stream", "width": 0, "name": null }, "geometry": { "type": "LineString", "coordinates": [ [ 73.8190189, 15.5950318 ], [ 73.8196363, 15.5943936 ], [ 73.8200003, 15.5940393 ], [ 73.82006, 15.5939812 ], [ 73.8205557, 15.5935905 ], [ 73.8207901, 15.5929958 ], [ 73.8211146, 15.5924619 ], [ 73.8215653, 15.5920842 ], [ 73.8219334, 15.5916395 ], [ 73.822025, 15.5915068 ], [ 73.8220205, 15.5911682 ], [ 73.8217366, 15.5905995 ], [ 73.8212678, 15.5899787 ], [ 73.8212678, 15.5898225 ], [ 73.8214166, 15.589588 ], [ 73.8214391, 15.5892885 ], [ 73.8212318, 15.5889976 ] ] } },
{ "type": "Feature", "properties": { "osm_id": "1304781448", "code": 8102, "fclass": "stream", "width": 0, "name": null }, "geometry": { "type": "LineString", "coordinates": [ [ 73.7449188, 15.5914756 ], [ 73.7449779, 15.5912266 ], [ 73.7449935, 15.5911517 ] ] } },
{ "type": "Feature", "properties": { "osm_id": "1304781451", "code": 8104, "fclass": "drain", "width": 0, "name": null }, "geometry": { "type": "LineString", "coordinates": [ [ 73.751912, 15.5856595 ], [ 73.7520286, 15.5856546 ], [ 73.7524448, 15.5856811 ], [ 73.7526665, 15.5856437 ], [ 73.7528682, 15.5855484 ], [ 73.7530097, 15.5856687 ], [ 73.7538144, 15.5858056 ] ] } },
{ "type": "Feature", "properties": { "osm_id": "1304781452", "code": 8104, "fclass": "drain", "width": 0, "name": null }, "geometry": { "type": "LineString", "coordinates": [ [ 73.751937, 15.5853302 ], [ 73.751912, 15.5856595 ] ] } },
{ "type": "Feature", "properties": { "osm_id": "1304781453", "code": 8104, "fclass": "drain", "width": 0, "name": null }, "geometry": { "type": "LineString", "coordinates": [ [ 73.7482688, 15.5854072 ], [ 73.7484522, 15.5856316 ], [ 73.7484071, 15.5857901 ], [ 73.7493578, 15.5863994 ], [ 73.7496972, 15.5866169 ], [ 73.7501103, 15.5867512 ], [ 73.7507969, 15.5868029 ], [ 73.7510298, 15.5868126 ], [ 73.7513575, 15.5868029 ], [ 73.7535167, 15.5867512 ], [ 73.7535757, 15.5868442 ] ] } },
{ "type": "Feature", "properties": { "osm_id": "1307308437", "code": 8102, "fclass": "stream", "width": 0, "name": null }, "geometry": { "type": "LineString", "coordinates": [ [ 73.81127, 15.544888 ], [ 73.810975, 15.5452807 ], [ 73.810814, 15.5453686 ], [ 73.8094246, 15.5454306 ], [ 73.8093281, 15.5455598 ], [ 73.8092154, 15.5463402 ], [ 73.808915, 15.5466916 ], [ 73.808738, 15.5475651 ], [ 73.8085288, 15.547839 ], [ 73.8084054, 15.5482369 ], [ 73.8083142, 15.5482628 ], [ 73.8075364, 15.5482111 ], [ 73.8074183, 15.5482834 ], [ 73.807413, 15.5484902 ], [ 73.8076007, 15.5489346 ], [ 73.80759, 15.5490793 ], [ 73.8073647, 15.5491723 ], [ 73.8071555, 15.549224 ], [ 73.8071769, 15.5493274 ], [ 73.8075578, 15.5495289 ], [ 73.8075203, 15.5499165 ], [ 73.8075203, 15.5507744 ], [ 73.8075278, 15.5508503 ], [ 73.8075471, 15.5510432 ], [ 73.8074076, 15.5512499 ], [ 73.8074773, 15.5517047 ], [ 73.8076329, 15.5520613 ], [ 73.8077724, 15.5522887 ], [ 73.8079119, 15.5523093 ], [ 73.8083249, 15.5522732 ], [ 73.8083947, 15.552361 ], [ 73.808502, 15.5533171 ], [ 73.8086146, 15.5534825 ], [ 73.8093924, 15.5542783 ], [ 73.8096392, 15.5543455 ], [ 73.8099235, 15.5544024 ], [ 73.8100415, 15.5545522 ], [ 73.8100415, 15.5558856 ], [ 73.8099503, 15.556268 ], [ 73.8098806, 15.5564256 ], [ 73.8097519, 15.5564515 ], [ 73.8095883, 15.5564308 ], [ 73.8094595, 15.5564463 ], [ 73.8094515, 15.5566142 ], [ 73.8094649, 15.5568933 ], [ 73.8093898, 15.5570871 ], [ 73.8092422, 15.5573378 ], [ 73.8089955, 15.5577098 ], [ 73.8090008, 15.5579579 ], [ 73.8090384, 15.5584902 ], [ 73.8089526, 15.5587434 ], [ 73.8089955, 15.5590173 ], [ 73.8089311, 15.5592499 ], [ 73.8089579, 15.5595909 ], [ 73.8090545, 15.5599889 ], [ 73.8092369, 15.5600199 ], [ 73.8100308, 15.5600199 ], [ 73.8101917, 15.5599475 ], [ 73.8104975, 15.5601749 ], [ 73.8110822, 15.560547 ], [ 73.8113344, 15.5605883 ], [ 73.8116616, 15.5605883 ], [ 73.8117689, 15.5606193 ] ] } },
{ "type": "Feature", "properties": { "osm_id": "1307308439", "code": 8101, "fclass": "river", "width": 0, "name": null }, "geometry": { "type": "LineString", "coordinates": [ [ 73.8298738, 15.5682365 ], [ 73.8292408, 15.5682469 ], [ 73.8290262, 15.5682365 ], [ 73.8288331, 15.5683399 ], [ 73.8287794, 15.5685466 ], [ 73.8287365, 15.56896 ], [ 73.8287151, 15.5691667 ], [ 73.8286936, 15.5698281 ] ] } },
{ "type": "Feature", "properties": { "osm_id": "1307308440", "code": 8102, "fclass": "stream", "width": 0, "name": null }, "geometry": { "type": "LineString", "coordinates": [ [ 73.8300884, 15.5725463 ], [ 73.8299489, 15.5722569 ], [ 73.8296914, 15.5719985 ], [ 73.8296485, 15.5717195 ], [ 73.8296807, 15.5711614 ], [ 73.8295197, 15.5708513 ], [ 73.8290477, 15.5706239 ], [ 73.8289082, 15.5704999 ], [ 73.8286936, 15.5698281 ] ] } },
{ "type": "Feature", "properties": { "osm_id": "1307308448", "code": 8102, "fclass": "stream", "width": 0, "name": null }, "geometry": { "type": "LineString", "coordinates": [ [ 73.8177609, 15.5602059 ], [ 73.8177663, 15.5602783 ], [ 73.8178307, 15.5604075 ], [ 73.8178253, 15.5604798 ], [ 73.8177931, 15.560547 ], [ 73.8177985, 15.5606193 ], [ 73.8179058, 15.5607279 ], [ 73.8179541, 15.5608674 ], [ 73.8180023, 15.5609294 ], [ 73.8180667, 15.5609656 ], [ 73.8181364, 15.5608415 ], [ 73.8181901, 15.560795 ], [ 73.8182652, 15.5608105 ], [ 73.8183081, 15.5608726 ], [ 73.8183135, 15.5609449 ], [ 73.8183135, 15.5611723 ], [ 73.8182759, 15.5612343 ], [ 73.8181633, 15.5613428 ], [ 73.818115, 15.56141 ], [ 73.818115, 15.5615599 ], [ 73.8181311, 15.5616322 ], [ 73.8181043, 15.5617046 ], [ 73.8180345, 15.5617459 ], [ 73.8179648, 15.5617717 ], [ 73.817895, 15.5621128 ], [ 73.817836, 15.5622782 ] ] } },
{ "type": "Feature", "properties": { "osm_id": "1308631806", "code": 8102, "fclass": "stream", "width": 0, "name": null }, "geometry": { "type": "LineString", "coordinates": [ [ 73.8003878, 15.6311291 ], [ 73.8003904, 15.6308475 ], [ 73.8004343, 15.6305626 ], [ 73.8004233, 15.6301624 ], [ 73.8005002, 15.6298579 ] ] } },
{ "type": "Feature", "properties": { "osm_id": "1308631812", "code": 8102, "fclass": "stream", "width": 0, "name": null }, "geometry": { "type": "LineString", "coordinates": [ [ 73.7940054, 15.6258912 ], [ 73.7943288, 15.6258912 ], [ 73.7945987, 15.625952 ], [ 73.7947614, 15.6259373 ], [ 73.7948533, 15.6258175 ], [ 73.7948763, 15.6256442 ], [ 73.7948839, 15.6252645 ] ] } },
{ "type": "Feature", "properties": { "osm_id": "1308769826", "code": 8104, "fclass": "drain", "width": 0, "name": null }, "geometry": { "type": "LineString", "coordinates": [ [ 73.7593742, 15.5750505 ], [ 73.7594517, 15.5752945 ], [ 73.7596137, 15.5754448 ], [ 73.7597658, 15.5755368 ] ] } },
{ "type": "Feature", "properties": { "osm_id": "1308769848", "code": 8104, "fclass": "drain", "width": 0, "name": null }, "geometry": { "type": "LineString", "coordinates": [ [ 73.7582635, 15.5821433 ], [ 73.7580629, 15.5821608 ], [ 73.757856, 15.5821918 ], [ 73.7576931, 15.5822723 ], [ 73.7575518, 15.582311 ], [ 73.7570143, 15.582283 ], [ 73.7568047, 15.5822018 ], [ 73.7563859, 15.5820836 ] ] } },
{ "type": "Feature", "properties": { "osm_id": "1309212409", "code": 8104, "fclass": "drain", "width": 0, "name": null }, "geometry": { "type": "LineString", "coordinates": [ [ 73.7603309, 15.5869737 ], [ 73.7605682, 15.5871878 ], [ 73.7605665, 15.5873523 ], [ 73.7604892, 15.5874334 ], [ 73.7604319, 15.5877073 ], [ 73.7603302, 15.5878284 ], [ 73.7603217, 15.5880036 ] ] } },
{ "type": "Feature", "properties": { "osm_id": "1309212410", "code": 8104, "fclass": "drain", "width": 0, "name": null }, "geometry": { "type": "LineString", "coordinates": [ [ 73.752506, 15.5837924 ], [ 73.7523509, 15.5843731 ], [ 73.7521729, 15.5849019 ] ] } },
{ "type": "Feature", "properties": { "osm_id": "1309926804", "code": 8102, "fclass": "stream", "width": 0, "name": null }, "geometry": { "type": "LineString", "coordinates": [ [ 73.8969773, 15.5183838 ], [ 73.8966125, 15.518208 ], [ 73.8956308, 15.5174275 ], [ 73.8953787, 15.5173862 ], [ 73.8947242, 15.5175361 ], [ 73.8944614, 15.5177583 ], [ 73.894161, 15.5179754 ], [ 73.8935387, 15.518177 ], [ 73.893351, 15.5184096 ], [ 73.8931203, 15.5185957 ], [ 73.892557, 15.5186009 ], [ 73.8922352, 15.5187921 ], [ 73.8918275, 15.5193245 ], [ 73.8911945, 15.5194951 ], [ 73.8907278, 15.5194537 ], [ 73.890481, 15.5192366 ], [ 73.8902235, 15.5189627 ], [ 73.8898587, 15.5187197 ], [ 73.8898104, 15.5184303 ], [ 73.8896388, 15.518146 ], [ 73.8887644, 15.5178876 ], [ 73.888362, 15.5177532 ], [ 73.8879275, 15.5180064 ], [ 73.8876003, 15.5186422 ], [ 73.8877076, 15.519247 ], [ 73.8878095, 15.5193607 ], [ 73.8878469, 15.5194934 ], [ 73.8878524, 15.5195623 ], [ 73.8877961, 15.5196811 ], [ 73.8876378, 15.5197949 ], [ 73.8859427, 15.519769 ], [ 73.8846583, 15.5198799 ] ] } },
{ "type": "Feature", "properties": { "osm_id": "1311177687", "code": 8104, "fclass": "drain", "width": 0, "name": null }, "geometry": { "type": "LineString", "coordinates": [ [ 73.9252987, 15.5317629 ], [ 73.9255321, 15.532117 ], [ 73.9254838, 15.5327553 ], [ 73.9253819, 15.5330602 ], [ 73.9247408, 15.5332954 ], [ 73.924588, 15.5337244 ], [ 73.924486, 15.5339931 ], [ 73.9244565, 15.534665 ], [ 73.9245102, 15.5348588 ], [ 73.9246604, 15.5350423 ], [ 73.9247274, 15.5355385 ], [ 73.9249983, 15.5359365 ], [ 73.9252666, 15.5364791 ], [ 73.925339, 15.5365256 ], [ 73.9261195, 15.5359365 ], [ 73.9263046, 15.5358667 ], [ 73.9271173, 15.5355333 ], [ 73.9271495, 15.5354765 ], [ 73.9270878, 15.5346676 ], [ 73.9271575, 15.5341017 ], [ 73.9273399, 15.5335719 ], [ 73.9274204, 15.5331662 ], [ 73.9273989, 15.532993 ], [ 73.9273265, 15.5329749 ], [ 73.9262027, 15.5327579 ], [ 73.9259076, 15.5342179 ] ] } },
{ "type": "Feature", "properties": { "osm_id": "1312032586", "code": 8102, "fclass": "stream", "width": 0, "name": null }, "geometry": { "type": "LineString", "coordinates": [ [ 73.7871949, 15.5907476 ], [ 73.7871238, 15.5901402 ], [ 73.787163, 15.5896089 ], [ 73.7872533, 15.5892002 ] ] } },
{ "type": "Feature", "properties": { "osm_id": "1312974170", "code": 8102, "fclass": "stream", "width": 0, "name": null }, "geometry": { "type": "LineString", "coordinates": [ [ 73.7433338, 15.5820089 ], [ 73.7434906, 15.5797847 ], [ 73.7439944, 15.5797879 ], [ 73.744178, 15.5797978 ], [ 73.7441804, 15.5796482 ], [ 73.7442555, 15.5794725 ], [ 73.7445903, 15.579225 ], [ 73.7448317, 15.5789925 ], [ 73.7450677, 15.5788013 ], [ 73.7452236, 15.5787806 ], [ 73.7454164, 15.5787057 ], [ 73.7457812, 15.5786359 ], [ 73.7462184, 15.578592 ], [ 73.7464813, 15.5784783 ], [ 73.7467682, 15.5784165 ], [ 73.7469882, 15.5784758 ], [ 73.7471786, 15.5784732 ], [ 73.7477177, 15.5786489 ] ] } },
{ "type": "Feature", "properties": { "osm_id": "1312974171", "code": 8102, "fclass": "stream", "width": 0, "name": null }, "geometry": { "type": "LineString", "coordinates": [ [ 73.7559575, 15.5785534 ], [ 73.7559843, 15.5781684 ], [ 73.7560084, 15.5781271 ], [ 73.7565342, 15.5780237 ], [ 73.7566146, 15.5780341 ], [ 73.7568806, 15.5781456 ] ] } },
{ "type": "Feature", "properties": { "osm_id": "1313069954", "code": 8102, "fclass": "stream", "width": 0, "name": null }, "geometry": { "type": "LineString", "coordinates": [ [ 73.8052753, 15.572585 ], [ 73.80564, 15.5726264 ], [ 73.8060531, 15.5726496 ], [ 73.806214, 15.5726832 ], [ 73.8063481, 15.5728718 ], [ 73.8064554, 15.5729028 ], [ 73.8069684, 15.5728331 ] ] } },
{ "type": "Feature", "properties": { "osm_id": "1313148942", "code": 8102, "fclass": "stream", "width": 0, "name": null }, "geometry": { "type": "LineString", "coordinates": [ [ 73.7785175, 15.5657405 ], [ 73.7784398, 15.5655959 ], [ 73.7784398, 15.5653892 ], [ 73.7785417, 15.565229 ], [ 73.7786972, 15.5651514 ], [ 73.7785953, 15.5648465 ], [ 73.7783915, 15.5647949 ], [ 73.777796, 15.5642471 ], [ 73.7774849, 15.5642678 ], [ 73.777383, 15.5641799 ], [ 73.7773937, 15.5636321 ], [ 73.7772489, 15.5632807 ], [ 73.7772481, 15.5628708 ] ] } },
{ "type": "Feature", "properties": { "osm_id": "1313148945", "code": 8104, "fclass": "drain", "width": 0, "name": null }, "geometry": { "type": "LineString", "coordinates": [ [ 73.7858024, 15.5652057 ], [ 73.7857729, 15.5642187 ], [ 73.7857645, 15.5638522 ] ] } },
{ "type": "Feature", "properties": { "osm_id": "1313187047", "code": 8102, "fclass": "stream", "width": 0, "name": null }, "geometry": { "type": "LineString", "coordinates": [ [ 73.8038135, 15.5493067 ], [ 73.8051224, 15.5493222 ], [ 73.8060772, 15.5493429 ], [ 73.8061523, 15.5493326 ], [ 73.8061577, 15.5492137 ], [ 73.8063294, 15.5492189 ], [ 73.8066298, 15.5494359 ], [ 73.8067585, 15.5499165 ], [ 73.806898, 15.5499527 ], [ 73.8070375, 15.5502266 ], [ 73.8072091, 15.5503093 ], [ 73.8072145, 15.5504954 ], [ 73.807252, 15.5506969 ], [ 73.8074076, 15.5508468 ], [ 73.8075278, 15.5508503 ] ] } },
{ "type": "Feature", "properties": { "osm_id": "1313187050", "code": 8102, "fclass": "stream", "width": 0, "name": null }, "geometry": { "type": "LineString", "coordinates": [ [ 73.7772489, 15.5433556 ], [ 73.7771201, 15.5439163 ], [ 73.7769055, 15.5447794 ], [ 73.7768117, 15.5449293 ], [ 73.7767553, 15.5452962 ] ] } },
{ "type": "Feature", "properties": { "osm_id": "1313187051", "code": 8102, "fclass": "stream", "width": 0, "name": null }, "geometry": { "type": "LineString", "coordinates": [ [ 73.7746069, 15.544167 ], [ 73.7748644, 15.5443324 ], [ 73.7753338, 15.5443324 ], [ 73.7754303, 15.5442807 ], [ 73.7755913, 15.5443427 ], [ 73.775771, 15.5443815 ], [ 73.7758139, 15.5444487 ], [ 73.7758353, 15.5446295 ], [ 73.7760419, 15.5448414 ], [ 73.7762564, 15.5449448 ], [ 73.7763181, 15.5450559 ], [ 73.7765112, 15.5451696 ], [ 73.7766427, 15.5452833 ], [ 73.7767553, 15.5452962 ] ] } },
{ "type": "Feature", "properties": { "osm_id": "1313187052", "code": 8102, "fclass": "stream", "width": 0, "name": null }, "geometry": { "type": "LineString", "coordinates": [ [ 73.7923041, 15.5432264 ], [ 73.7923041, 15.5435184 ], [ 73.7920064, 15.5446011 ], [ 73.7918696, 15.5448389 ], [ 73.791832, 15.5454177 ], [ 73.7915692, 15.5454074 ], [ 73.7906492, 15.5454306 ], [ 73.789815, 15.5451593 ], [ 73.7890398, 15.5451722 ], [ 73.7877712, 15.5450197 ], [ 73.7869987, 15.5450714 ], [ 73.7859312, 15.5451567 ], [ 73.7858852, 15.5451604 ], [ 73.7856442, 15.54518 ], [ 73.7851855, 15.5451128 ], [ 73.7839597, 15.5451205 ], [ 73.7830478, 15.5452342 ], [ 73.7824684, 15.545105 ], [ 73.7822968, 15.5451774 ], [ 73.7813848, 15.5454048 ], [ 73.7800866, 15.5456942 ], [ 73.7795126, 15.5456839 ], [ 73.7789279, 15.5455443 ], [ 73.7784558, 15.545565 ], [ 73.7771684, 15.5453841 ], [ 73.7769002, 15.5452782 ], [ 73.7767553, 15.5452962 ] ] } },
{ "type": "Feature", "properties": { "osm_id": "1313272681", "code": 8102, "fclass": "stream", "width": 0, "name": null }, "geometry": { "type": "LineString", "coordinates": [ [ 73.8134399, 15.5874514 ], [ 73.8135204, 15.5873945 ], [ 73.8135391, 15.5872938 ], [ 73.8134587, 15.5871672 ], [ 73.8134855, 15.5870871 ], [ 73.8136303, 15.5869992 ], [ 73.8140219, 15.5867512 ], [ 73.8140809, 15.5865962 ], [ 73.8142526, 15.5865084 ], [ 73.8148802, 15.586312 ], [ 73.815245, 15.5861208 ], [ 73.815363, 15.5860795 ], [ 73.8155347, 15.5860588 ], [ 73.8159049, 15.586126 ], [ 73.8160836, 15.5860726 ] ] } },
{ "type": "Feature", "properties": { "osm_id": "1313479228", "code": 8104, "fclass": "drain", "width": 0, "name": null }, "geometry": { "type": "LineString", "coordinates": [ [ 73.7900699, 15.616315 ], [ 73.7900672, 15.6168655 ] ] } },
{ "type": "Feature", "properties": { "osm_id": "1313479231", "code": 8102, "fclass": "stream", "width": 0, "name": null }, "geometry": { "type": "LineString", "coordinates": [ [ 73.7922084, 15.6068065 ], [ 73.7915356, 15.6064797 ], [ 73.7909063, 15.6060342 ], [ 73.7907706, 15.605506 ], [ 73.790702, 15.6051758 ], [ 73.7906936, 15.6051345 ], [ 73.7907289, 15.6047467 ], [ 73.7909342, 15.6041489 ], [ 73.7909956, 15.6039435 ], [ 73.7910288, 15.603741 ], [ 73.7910672, 15.603602 ], [ 73.7910668, 15.6034351 ], [ 73.7911028, 15.6032715 ], [ 73.7911615, 15.6031149 ], [ 73.7911829, 15.6026602 ], [ 73.791258, 15.601973 ], [ 73.7913439, 15.6015804 ], [ 73.7912849, 15.601508 ], [ 73.7913009, 15.6013246 ], [ 73.7913144, 15.6008467 ], [ 73.7912795, 15.6004023 ], [ 73.7910917, 15.5994878 ], [ 73.7909818, 15.5993354 ], [ 73.7910656, 15.5988753 ] ] } },
{ "type": "Feature", "properties": { "osm_id": "1315635176", "code": 8104, "fclass": "drain", "width": 0, "name": null }, "geometry": { "type": "LineString", "coordinates": [ [ 73.7677909, 15.6136239 ], [ 73.7679537, 15.6145541 ], [ 73.767991, 15.6147745 ], [ 73.7681129, 15.6152932 ], [ 73.7682365, 15.6157344 ], [ 73.7684193, 15.6162183 ] ] } },
{ "type": "Feature", "properties": { "osm_id": "1315635180", "code": 8104, "fclass": "drain", "width": 0, "name": null }, "geometry": { "type": "LineString", "coordinates": [ [ 73.7600184, 15.6165554 ], [ 73.7600592, 15.6166982 ], [ 73.7599244, 15.6175103 ], [ 73.7598756, 15.617764 ] ] } },
{ "type": "Feature", "properties": { "osm_id": "1315635187", "code": 8104, "fclass": "drain", "width": 0, "name": null }, "geometry": { "type": "LineString", "coordinates": [ [ 73.7656411, 15.6150446 ], [ 73.7657209, 15.6154079 ], [ 73.7658467, 15.6157239 ], [ 73.7658498, 15.6160142 ], [ 73.7658226, 15.616072 ], [ 73.765306, 15.6163329 ], [ 73.7651958, 15.6164212 ], [ 73.7653559, 15.6176484 ] ] } },
{ "type": "Feature", "properties": { "osm_id": "1315858738", "code": 8102, "fclass": "stream", "width": 0, "name": null }, "geometry": { "type": "LineString", "coordinates": [ [ 73.743571, 15.578432 ], [ 73.7435973, 15.5787742 ], [ 73.7435603, 15.5790314 ], [ 73.7434691, 15.5794189 ], [ 73.7434906, 15.5797847 ] ] } },
{ "type": "Feature", "properties": { "osm_id": "1316171250", "code": 8104, "fclass": "drain", "width": 0, "name": null }, "geometry": { "type": "LineString", "coordinates": [ [ 73.7561613, 15.5851623 ], [ 73.7560138, 15.5850771 ], [ 73.7549704, 15.5849195 ], [ 73.7548041, 15.5847722 ], [ 73.7547076, 15.5847179 ], [ 73.7545976, 15.5847231 ], [ 73.7543802, 15.5847877 ] ] } },
{ "type": "Feature", "properties": { "osm_id": "1316576207", "code": 8102, "fclass": "stream", "width": 0, "name": null }, "geometry": { "type": "LineString", "coordinates": [ [ 73.8057398, 15.5291271 ], [ 73.8057622, 15.5290045 ], [ 73.8057697, 15.5289179 ], [ 73.8057997, 15.5288421 ], [ 73.8057697, 15.5287483 ], [ 73.8056758, 15.5286127 ], [ 73.805656, 15.5284399 ], [ 73.8055868, 15.5283114 ], [ 73.8055226, 15.5281781 ], [ 73.805488, 15.52804 ], [ 73.8054732, 15.5279543 ], [ 73.8055127, 15.5277354 ], [ 73.8055226, 15.5275116 ], [ 73.8055226, 15.5272974 ], [ 73.8053941, 15.5270118 ], [ 73.8053027, 15.5268161 ] ] } },
{ "type": "Feature", "properties": { "osm_id": "1316577308", "code": 8102, "fclass": "stream", "width": 0, "name": null }, "geometry": { "type": "LineString", "coordinates": [ [ 73.8053027, 15.5268161 ], [ 73.8051301, 15.5265375 ], [ 73.805123, 15.5263943 ], [ 73.8052433, 15.5263329 ], [ 73.8053778, 15.5261556 ], [ 73.8054203, 15.5260533 ], [ 73.8054486, 15.5259919 ], [ 73.8054486, 15.5258555 ], [ 73.8055548, 15.52576 ], [ 73.8056751, 15.5258009 ], [ 73.8057388, 15.5257941 ], [ 73.8058662, 15.5256714 ], [ 73.8060857, 15.5256577 ], [ 73.8062909, 15.5255895 ], [ 73.8065238, 15.5255502 ], [ 73.8066803, 15.5254122 ], [ 73.8067935, 15.525269 ], [ 73.8068283, 15.5251316 ], [ 73.806847, 15.524868 ] ] } },
{ "type": "Feature", "properties": { "osm_id": "1320149663", "code": 8104, "fclass": "drain", "width": 0, "name": null }, "geometry": { "type": "LineString", "coordinates": [ [ 73.8680094, 15.5910967 ], [ 73.8681006, 15.5920113 ], [ 73.8682884, 15.5926107 ], [ 73.8683045, 15.5928535 ], [ 73.868385, 15.593117 ], [ 73.8685244, 15.5932979 ], [ 73.8685995, 15.5940109 ], [ 73.8686149, 15.5941442 ] ] } },
{ "type": "Feature", "properties": { "osm_id": "1320149666", "code": 8104, "fclass": "drain", "width": 0, "name": null }, "geometry": { "type": "LineString", "coordinates": [ [ 73.8644823, 15.5927528 ], [ 73.8644072, 15.5928432 ], [ 73.8644046, 15.5928871 ], [ 73.8645628, 15.5930473 ], [ 73.8646674, 15.593055 ], [ 73.8647479, 15.5930731 ], [ 73.8648444, 15.5932385 ], [ 73.8648713, 15.593387 ], [ 73.8650081, 15.5936712 ], [ 73.8650496, 15.5937655 ], [ 73.8650402, 15.5938637 ], [ 73.8647948, 15.594069 ] ] } },
{ "type": "Feature", "properties": { "osm_id": "1320150031", "code": 8101, "fclass": "river", "width": 0, "name": "Mapusa River" }, "geometry": { "type": "LineString", "coordinates": [ [ 73.8826489, 15.6144814 ], [ 73.8818121, 15.6099349 ], [ 73.8826489, 15.6056363 ], [ 73.882885, 15.6022469 ], [ 73.8824773, 15.6005315 ], [ 73.8817692, 15.5991882 ], [ 73.8806963, 15.5981755 ], [ 73.8784003, 15.5975141 ], [ 73.8773489, 15.5971214 ], [ 73.8765979, 15.5964807 ], [ 73.8762331, 15.595778 ], [ 73.8764691, 15.594724 ], [ 73.8771987, 15.5932566 ], [ 73.877263, 15.5923265 ], [ 73.8757932, 15.5883685 ], [ 73.8754606, 15.5867461 ], [ 73.8755035, 15.5856713 ], [ 73.8762331, 15.5846172 ], [ 73.8798594, 15.5816409 ], [ 73.8807606, 15.580318 ], [ 73.8810396, 15.5789745 ], [ 73.8800847, 15.5766389 ], [ 73.8800526, 15.5758534 ], [ 73.8802564, 15.5749853 ], [ 73.8805568, 15.5744996 ], [ 73.8810825, 15.5739828 ], [ 73.8817799, 15.5738278 ], [ 73.8834107, 15.5737865 ], [ 73.8842368, 15.5736211 ], [ 73.8853526, 15.573187 ], [ 73.8857818, 15.5727736 ], [ 73.8859105, 15.5723396 ], [ 73.8853955, 15.5701072 ], [ 73.8847517, 15.568774 ] ] } },
{ "type": "Feature", "properties": { "osm_id": "1324041602", "code": 8102, "fclass": "stream", "width": 0, "name": null }, "geometry": { "type": "LineString", "coordinates": [ [ 73.7493385, 15.5908347 ], [ 73.7494849, 15.5908706 ] ] } },
{ "type": "Feature", "properties": { "osm_id": "1324041604", "code": 8102, "fclass": "stream", "width": 0, "name": null }, "geometry": { "type": "LineString", "coordinates": [ [ 73.7494421, 15.5908955 ], [ 73.7496224, 15.5908352 ], [ 73.749835, 15.5907723 ] ] } },
{ "type": "Feature", "properties": { "osm_id": "1324663565", "code": 8104, "fclass": "drain", "width": 0, "name": null }, "geometry": { "type": "LineString", "coordinates": [ [ 73.7787854, 15.6001617 ], [ 73.7789348, 15.5997928 ], [ 73.7790024, 15.5992455 ], [ 73.7790412, 15.5987549 ], [ 73.7790475, 15.5985122 ] ] } },
{ "type": "Feature", "properties": { "osm_id": "1326075533", "code": 8102, "fclass": "stream", "width": 0, "name": null }, "geometry": { "type": "LineString", "coordinates": [ [ 73.7464973, 15.5939153 ], [ 73.7462828, 15.5942744 ], [ 73.7461379, 15.5945069 ] ] } },
{ "type": "Feature", "properties": { "osm_id": "1326440842", "code": 8101, "fclass": "river", "width": 0, "name": null }, "geometry": { "type": "LineString", "coordinates": [ [ 73.8967198, 15.4214036 ], [ 73.8967252, 15.4211761 ], [ 73.8970256, 15.42039 ], [ 73.8972616, 15.4200694 ], [ 73.8977176, 15.4197747 ], [ 73.8979429, 15.4196092 ], [ 73.8981789, 15.4190869 ], [ 73.8982969, 15.4187197 ], [ 73.8985652, 15.4184767 ], [ 73.8988548, 15.4184043 ], [ 73.8995147, 15.417913 ], [ 73.8995629, 15.4177578 ], [ 73.8995737, 15.4176079 ], [ 73.8995039, 15.4173183 ], [ 73.899681, 15.4170028 ], [ 73.8997024, 15.4167184 ], [ 73.8999438, 15.4162581 ], [ 73.9002657, 15.4158134 ], [ 73.9007109, 15.4155238 ], [ 73.9009148, 15.4153997 ], [ 73.9014137, 15.4153738 ], [ 73.9017838, 15.41541 ], [ 73.9023954, 15.4155859 ], [ 73.9029264, 15.4157669 ], [ 73.9033234, 15.4159685 ], [ 73.9040208, 15.4162012 ], [ 73.9041388, 15.4162064 ], [ 73.9047986, 15.4163978 ], [ 73.9049059, 15.416346 ], [ 73.9049756, 15.416253 ], [ 73.9050883, 15.4160409 ], [ 73.9051044, 15.41541 ], [ 73.9051634, 15.4153066 ], [ 73.9052546, 15.4152239 ], [ 73.9057374, 15.4149653 ], [ 73.9058554, 15.4149394 ], [ 73.9059895, 15.4149343 ], [ 73.9063221, 15.4150067 ], [ 73.9065313, 15.4151308 ], [ 73.9067191, 15.4152807 ], [ 73.9068371, 15.4153221 ], [ 73.9070892, 15.4153583 ], [ 73.9071965, 15.4153014 ], [ 73.9073735, 15.4148463 ], [ 73.907572, 15.4145464 ], [ 73.9078617, 15.4143757 ] ] } },
{ "type": "Feature", "properties": { "osm_id": "1326455411", "code": 8102, "fclass": "stream", "width": 0, "name": null }, "geometry": { "type": "LineString", "coordinates": [ [ 73.8919508, 15.4248528 ], [ 73.8921547, 15.4246718 ], [ 73.8925785, 15.4238134 ], [ 73.8931417, 15.4228981 ], [ 73.8935226, 15.4220655 ], [ 73.8939249, 15.4214864 ], [ 73.8944238, 15.4206641 ], [ 73.8946277, 15.4202608 ], [ 73.8946599, 15.4198936 ], [ 73.8947564, 15.4195213 ], [ 73.8947511, 15.4190455 ], [ 73.8950032, 15.4184715 ], [ 73.8952553, 15.4179543 ], [ 73.8953251, 15.4175924 ], [ 73.8956201, 15.4170959 ], [ 73.8960171, 15.4164495 ], [ 73.896355, 15.4161185 ], [ 73.8969827, 15.4159168 ], [ 73.8971704, 15.4157927 ], [ 73.8973957, 15.4155859 ], [ 73.8977927, 15.4154824 ], [ 73.898313, 15.4154359 ], [ 73.8986295, 15.4154307 ], [ 73.8989568, 15.4153531 ], [ 73.8990855, 15.4153169 ], [ 73.8991714, 15.4153221 ], [ 73.8992625, 15.4153661 ], [ 73.8993189, 15.4153635 ], [ 73.8993403, 15.415335 ], [ 73.8993323, 15.4152962 ], [ 73.899288, 15.4152096 ], [ 73.8992754, 15.4151613 ] ] } },
{ "type": "Feature", "properties": { "osm_id": "1328287945", "code": 8102, "fclass": "stream", "width": 0, "name": null }, "geometry": { "type": "LineString", "coordinates": [ [ 73.7936479, 15.6179584 ], [ 73.7930675, 15.6180895 ], [ 73.7927556, 15.6179692 ], [ 73.7923821, 15.6178963 ], [ 73.7918715, 15.6180441 ], [ 73.7913883, 15.6179339 ], [ 73.7908575, 15.6176759 ], [ 73.7905173, 15.6174149 ], [ 73.7900761, 15.6172206 ], [ 73.789754, 15.6173937 ], [ 73.7896065, 15.6177585 ], [ 73.7894615, 15.6179941 ], [ 73.7893297, 15.6182519 ], [ 73.7891057, 15.6182759 ], [ 73.7889868, 15.6182887 ], [ 73.7888238, 15.6183472 ], [ 73.7886116, 15.6184091 ] ] } },
{ "type": "Feature", "properties": { "osm_id": "1328287947", "code": 8102, "fclass": "stream", "width": 0, "name": null }, "geometry": { "type": "LineString", "coordinates": [ [ 73.7902356, 15.6140105 ], [ 73.7899451, 15.6144996 ], [ 73.7894977, 15.6151559 ], [ 73.789304, 15.6156765 ], [ 73.7891623, 15.6161658 ] ] } },
{ "type": "Feature", "properties": { "osm_id": "1328287950", "code": 8102, "fclass": "stream", "width": 0, "name": null }, "geometry": { "type": "LineString", "coordinates": [ [ 73.7882158, 15.6178832 ], [ 73.7881018, 15.6178804 ], [ 73.7880779, 15.6179632 ], [ 73.7882817, 15.6180479 ], [ 73.7885855, 15.6180844 ], [ 73.7886555, 15.6182192 ], [ 73.7886116, 15.6184091 ], [ 73.7886115, 15.6184097 ], [ 73.7884656, 15.6186292 ], [ 73.7882657, 15.6188082 ], [ 73.7880887, 15.6191011 ] ] } },
{ "type": "Feature", "properties": { "osm_id": "1328338302", "code": 8102, "fclass": "stream", "width": 0, "name": null }, "geometry": { "type": "LineString", "coordinates": [ [ 73.7924194, 15.6017974 ], [ 73.7913439, 15.6015804 ] ] } },
{ "type": "Feature", "properties": { "osm_id": "1328338346", "code": 8104, "fclass": "drain", "width": 0, "name": null }, "geometry": { "type": "LineString", "coordinates": [ [ 73.7795421, 15.5961526 ], [ 73.7794563, 15.5963593 ], [ 73.7789306, 15.5977621 ], [ 73.7788523, 15.5980526 ] ] } },
{ "type": "Feature", "properties": { "osm_id": "1328338347", "code": 8102, "fclass": "stream", "width": 0, "name": null }, "geometry": { "type": "LineString", "coordinates": [ [ 73.7809128, 15.5951632 ], [ 73.7806445, 15.5953233 ], [ 73.7803495, 15.5953388 ], [ 73.7799042, 15.5957212 ], [ 73.7795421, 15.5961526 ] ] } },
{ "type": "Feature", "properties": { "osm_id": "1328338348", "code": 8104, "fclass": "drain", "width": 0, "name": null }, "geometry": { "type": "LineString", "coordinates": [ [ 73.77686, 15.5932282 ], [ 73.7763423, 15.5940626 ], [ 73.7761277, 15.5942744 ], [ 73.7757093, 15.5951373 ], [ 73.7751299, 15.5960674 ] ] } },
{ "type": "Feature", "properties": { "osm_id": "1328338363", "code": 8102, "fclass": "stream", "width": 0, "name": null }, "geometry": { "type": "LineString", "coordinates": [ [ 73.786422, 15.6044324 ], [ 73.7862021, 15.6040862 ], [ 73.7862235, 15.6038744 ], [ 73.786068, 15.6035024 ], [ 73.7860894, 15.6032079 ], [ 73.7858963, 15.6029031 ], [ 73.7855744, 15.6027016 ], [ 73.7849361, 15.6022417 ], [ 73.7845284, 15.6021746 ], [ 73.7844479, 15.6018129 ], [ 73.7842226, 15.6013685 ], [ 73.7840348, 15.601291 ], [ 73.7838846, 15.6009862 ], [ 73.7835735, 15.600175 ], [ 73.7834823, 15.5996738 ], [ 73.7833536, 15.5994982 ], [ 73.7833536, 15.5989815 ] ] } },
{ "type": "Feature", "properties": { "osm_id": "1328338364", "code": 8104, "fclass": "drain", "width": 0, "name": null }, "geometry": { "type": "LineString", "coordinates": [ [ 73.7830907, 15.5960984 ], [ 73.7832892, 15.5968269 ], [ 73.7837183, 15.5974986 ], [ 73.783713, 15.5976949 ], [ 73.7835252, 15.5977621 ], [ 73.7834609, 15.5979636 ], [ 73.7835306, 15.598873 ], [ 73.783493, 15.5990176 ] ] } },
{ "type": "Feature", "properties": { "osm_id": "1328338365", "code": 8104, "fclass": "drain", "width": 0, "name": null }, "geometry": { "type": "LineString", "coordinates": [ [ 73.7893778, 15.5969509 ], [ 73.7894636, 15.5981186 ], [ 73.78941, 15.5988781 ] ] } },
{ "type": "Feature", "properties": { "osm_id": "1328338366", "code": 8102, "fclass": "stream", "width": 0, "name": null }, "geometry": { "type": "LineString", "coordinates": [ [ 73.7964052, 15.6010741 ], [ 73.7952948, 15.6007175 ], [ 73.7949622, 15.6004385 ], [ 73.7941736, 15.600051 ], [ 73.7937605, 15.5997617 ], [ 73.7933689, 15.5997048 ], [ 73.7931865, 15.5995705 ], [ 73.7930417, 15.5993018 ], [ 73.7924784, 15.5991726 ], [ 73.7918401, 15.5991055 ], [ 73.7916493, 15.5991481 ], [ 73.7914163, 15.5988265 ], [ 73.7912714, 15.5987593 ], [ 73.7910656, 15.5988753 ], [ 73.7908477, 15.5988575 ], [ 73.7906092, 15.5988121 ] ] } },
{ "type": "Feature", "properties": { "osm_id": "1328338367", "code": 8102, "fclass": "stream", "width": 0, "name": "Seasonal Stream" }, "geometry": { "type": "LineString", "coordinates": [ [ 73.7918273, 15.5950761 ], [ 73.7919316, 15.5950442 ], [ 73.7920908, 15.5949662 ], [ 73.7922737, 15.5948442 ], [ 73.7924578, 15.5946764 ], [ 73.7928345, 15.5945735 ], [ 73.7933019, 15.5945715 ], [ 73.7939161, 15.5946155 ], [ 73.7942916, 15.594724 ], [ 73.794474, 15.5951477 ], [ 73.794533, 15.595747 ], [ 73.7948495, 15.5961707 ], [ 73.7947422, 15.5964342 ], [ 73.7942755, 15.5971886 ], [ 73.7942219, 15.5974573 ], [ 73.794077, 15.5978706 ], [ 73.7939644, 15.598346 ], [ 73.7937015, 15.5985216 ], [ 73.7931919, 15.5987903 ], [ 73.79309, 15.5990486 ], [ 73.7925804, 15.5989195 ], [ 73.7922853, 15.5982736 ], [ 73.7914967, 15.5980824 ], [ 73.7912553, 15.5980824 ], [ 73.7909818, 15.5981651 ], [ 73.7908745, 15.5981703 ], [ 73.7906706, 15.598656 ], [ 73.7906092, 15.5988121 ] ] } },
{ "type": "Feature", "properties": { "osm_id": "1328440898", "code": 8102, "fclass": "stream", "width": 0, "name": null }, "geometry": { "type": "LineString", "coordinates": [ [ 73.8058761, 15.603567 ], [ 73.8062087, 15.6037323 ], [ 73.8064447, 15.6037917 ], [ 73.8068068, 15.6037349 ], [ 73.8068578, 15.6037659 ], [ 73.8069865, 15.6037633 ], [ 73.8072038, 15.6035902 ], [ 73.8076571, 15.6034482 ], [ 73.8082981, 15.6035102 ], [ 73.8088962, 15.6034947 ], [ 73.8095936, 15.6037478 ], [ 73.8097375, 15.6037745 ], [ 73.8099557, 15.603815 ] ] } },
{ "type": "Feature", "properties": { "osm_id": "1328440899", "code": 8102, "fclass": "stream", "width": 0, "name": null }, "geometry": { "type": "LineString", "coordinates": [ [ 73.8169765, 15.6065619 ], [ 73.816967, 15.6067574 ], [ 73.8170689, 15.6068659 ], [ 73.8176644, 15.6082247 ], [ 73.8181364, 15.6096817 ], [ 73.8183042, 15.6099972 ] ] } },
{ "type": "Feature", "properties": { "osm_id": "1328440917", "code": 8104, "fclass": "drain", "width": 0, "name": null }, "geometry": { "type": "LineString", "coordinates": [ [ 73.8169268, 15.6101596 ], [ 73.8168597, 15.6102035 ], [ 73.8167685, 15.6101699 ], [ 73.8167095, 15.6101984 ], [ 73.816613, 15.610343 ], [ 73.8165298, 15.610405 ], [ 73.8165888, 15.61056 ], [ 73.8164386, 15.6106065 ], [ 73.8164332, 15.6108054 ], [ 73.8162374, 15.6108907 ], [ 73.816165, 15.6107744 ], [ 73.8159317, 15.6107615 ], [ 73.8157332, 15.6107486 ], [ 73.8155749, 15.6107615 ], [ 73.8150439, 15.6112317 ], [ 73.8145772, 15.6114952 ], [ 73.8145155, 15.6115572 ], [ 73.8144216, 15.6116708 ] ] } },
{ "type": "Feature", "properties": { "osm_id": "1328502168", "code": 8104, "fclass": "drain", "width": 0, "name": null }, "geometry": { "type": "LineString", "coordinates": [ [ 73.7729786, 15.6167398 ], [ 73.7728621, 15.6167389 ], [ 73.7721999, 15.6167333 ], [ 73.7721906, 15.6165707 ], [ 73.771847, 15.6166135 ] ] } },
{ "type": "Feature", "properties": { "osm_id": "1328502172", "code": 8104, "fclass": "drain", "width": 0, "name": null }, "geometry": { "type": "LineString", "coordinates": [ [ 73.7729285, 15.6172247 ], [ 73.7728541, 15.6172506 ], [ 73.7727267, 15.6172622 ], [ 73.7725818, 15.6172338 ], [ 73.7722144, 15.6170465 ], [ 73.7720127, 15.616895 ], [ 73.7719039, 15.6167795 ], [ 73.771847, 15.6166135 ], [ 73.7717987, 15.6165225 ], [ 73.7717415, 15.6164148 ], [ 73.7716629, 15.6163573 ], [ 73.7713363, 15.6164765 ] ] } },
{ "type": "Feature", "properties": { "osm_id": "1328502177", "code": 8104, "fclass": "drain", "width": 0, "name": null }, "geometry": { "type": "LineString", "coordinates": [ [ 73.7710928, 15.6152582 ], [ 73.77098, 15.6152836 ], [ 73.7706087, 15.6153673 ], [ 73.7702804, 15.6149381 ], [ 73.7701971, 15.6148998 ] ] } },
{ "type": "Feature", "properties": { "osm_id": "1331960030", "code": 8104, "fclass": "drain", "width": 0, "name": null }, "geometry": { "type": "LineString", "coordinates": [ [ 73.7742976, 15.5921088 ], [ 73.7741106, 15.5926824 ], [ 73.7740178, 15.5929836 ] ] } },
{ "type": "Feature", "properties": { "osm_id": "1333141427", "code": 8104, "fclass": "drain", "width": 0, "name": null }, "geometry": { "type": "LineString", "coordinates": [ [ 73.828774, 15.5986956 ], [ 73.8289155, 15.5986296 ], [ 73.8290244, 15.5985822 ], [ 73.8292626, 15.5984586 ], [ 73.8315747, 15.5975948 ] ] } },
{ "type": "Feature", "properties": { "osm_id": "1333233247", "code": 8104, "fclass": "drain", "width": 0, "name": null }, "geometry": { "type": "LineString", "coordinates": [ [ 73.8084966, 15.5270724 ], [ 73.8084322, 15.5268605 ], [ 73.8076973, 15.5252841 ], [ 73.8075578, 15.5251445 ], [ 73.806847, 15.524868 ] ] } },
{ "type": "Feature", "properties": { "osm_id": "1333233249", "code": 8102, "fclass": "stream", "width": 0, "name": null }, "geometry": { "type": "LineString", "coordinates": [ [ 73.8149446, 15.5384276 ], [ 73.8152236, 15.5381537 ], [ 73.8153738, 15.5379521 ], [ 73.8153738, 15.5377247 ], [ 73.8151538, 15.5373371 ], [ 73.8150412, 15.5369495 ], [ 73.814891, 15.5365825 ], [ 73.8146496, 15.536443 ], [ 73.8144243, 15.5363034 ], [ 73.8143143, 15.5360915 ], [ 73.8142204, 15.5359881 ], [ 73.8139924, 15.5358357 ], [ 73.8138261, 15.5355669 ], [ 73.8137886, 15.5352413 ], [ 73.813853, 15.5351043 ], [ 73.8137698, 15.5349544 ], [ 73.8137376, 15.5345901 ], [ 73.8137591, 15.5344247 ], [ 73.8137993, 15.5342748 ], [ 73.8138039, 15.5341606 ], [ 73.8134533, 15.533683 ], [ 73.8131249, 15.5331367 ], [ 73.8132477, 15.5330355 ], [ 73.8132237, 15.5329437 ], [ 73.8132017, 15.5328943 ], [ 73.8130113, 15.5327903 ], [ 73.8128219, 15.532642 ], [ 73.8126309, 15.5326484 ], [ 73.8123187, 15.532659 ], [ 73.8120229, 15.5327415 ], [ 73.8119084, 15.5327734 ], [ 73.8112056, 15.5328276 ], [ 73.8110206, 15.532825 ], [ 73.810806, 15.5326932 ], [ 73.810468, 15.5322074 ], [ 73.8100603, 15.5317086 ], [ 73.8096526, 15.5313624 ], [ 73.8094085, 15.5313184 ], [ 73.8092262, 15.5311272 ], [ 73.8091537, 15.5308041 ], [ 73.8088828, 15.5306543 ], [ 73.808561, 15.5308197 ], [ 73.8081966, 15.5308784 ], [ 73.8081104, 15.5308739 ], [ 73.8080352, 15.5303442 ] ] } },
{ "type": "Feature", "properties": { "osm_id": "1333233250", "code": 8104, "fclass": "drain", "width": 0, "name": null }, "geometry": { "type": "LineString", "coordinates": [ [ 73.8080352, 15.5303442 ], [ 73.8080354, 15.5302871 ], [ 73.8080379, 15.5296929 ], [ 73.807362, 15.5290985 ], [ 73.8073111, 15.5283362 ], [ 73.8072091, 15.5279278 ], [ 73.8068444, 15.5267055 ], [ 73.8068712, 15.5265995 ], [ 73.8068819, 15.5264108 ], [ 73.8069785, 15.5262635 ], [ 73.8069865, 15.5261912 ], [ 73.8069597, 15.526124 ], [ 73.8069302, 15.5261007 ], [ 73.806729, 15.5260309 ], [ 73.806662, 15.5259922 ], [ 73.8066485, 15.5259586 ], [ 73.8066512, 15.5259224 ], [ 73.8067156, 15.5258268 ], [ 73.8067411, 15.5257751 ], [ 73.8067156, 15.5257273 ], [ 73.8066754, 15.5256989 ], [ 73.8066043, 15.5257156 ], [ 73.8065238, 15.5255502 ] ] } },
{ "type": "Feature", "properties": { "osm_id": "1333233252", "code": 8104, "fclass": "drain", "width": 0, "name": null }, "geometry": { "type": "LineString", "coordinates": [ [ 73.8182947, 15.5348924 ], [ 73.8182652, 15.5349984 ], [ 73.8176402, 15.5355126 ], [ 73.8173372, 15.5355953 ], [ 73.8169992, 15.5357297 ], [ 73.8166854, 15.5357478 ], [ 73.8164681, 15.5357556 ], [ 73.8164198, 15.5357969 ] ] } },
{ "type": "Feature", "properties": { "osm_id": "1334161900", "code": 8104, "fclass": "drain", "width": 0, "name": null }, "geometry": { "type": "LineString", "coordinates": [ [ 73.8091452, 15.5892238 ], [ 73.809338, 15.5891029 ] ] } },
{ "type": "Feature", "properties": { "osm_id": "1334161901", "code": 8104, "fclass": "drain", "width": 0, "name": null }, "geometry": { "type": "LineString", "coordinates": [ [ 73.8089095, 15.5893624 ], [ 73.8091452, 15.5892238 ] ] } },
{ "type": "Feature", "properties": { "osm_id": "1335281058", "code": 8104, "fclass": "drain", "width": 0, "name": null }, "geometry": { "type": "LineString", "coordinates": [ [ 73.8299286, 15.6089963 ], [ 73.8301769, 15.609054 ], [ 73.8302198, 15.609147 ], [ 73.8304397, 15.6091754 ], [ 73.8304746, 15.6093614 ], [ 73.8306114, 15.6093665 ], [ 73.8306114, 15.6094699 ], [ 73.8310888, 15.6094337 ], [ 73.8312444, 15.6093149 ], [ 73.8312739, 15.6092348 ], [ 73.8320491, 15.6090126 ], [ 73.8320947, 15.608899 ], [ 73.8325989, 15.6088421 ], [ 73.8325104, 15.6083229 ], [ 73.8325131, 15.608062 ], [ 73.832951, 15.6082385 ], [ 73.8331883, 15.608472 ] ] } },
{ "type": "Feature", "properties": { "osm_id": "1335290753", "code": 8102, "fclass": "stream", "width": 0, "name": null }, "geometry": { "type": "LineString", "coordinates": [ [ 73.8357875, 15.615942 ], [ 73.8360178, 15.6157053 ], [ 73.8361846, 15.6156267 ], [ 73.8365152, 15.6155971 ], [ 73.8371629, 15.6156075 ], [ 73.8379602, 15.6156476 ], [ 73.8377649, 15.6143626 ], [ 73.8378239, 15.6142541 ], [ 73.837958, 15.6140732 ], [ 73.8377809, 15.6136083 ], [ 73.8378936, 15.6132621 ], [ 73.8386983, 15.6129211 ], [ 73.8387948, 15.612265 ], [ 73.8395995, 15.611459 ], [ 73.8396156, 15.6113092 ], [ 73.8393366, 15.610684 ], [ 73.8390791, 15.610467 ], [ 73.8375127, 15.610343 ], [ 73.8373089, 15.610157 ], [ 73.8370728, 15.6091082 ], [ 73.8369977, 15.6089842 ], [ 73.8369924, 15.6087517 ], [ 73.8370192, 15.6083849 ], [ 73.8367188, 15.6080594 ], [ 73.8363855, 15.6075344 ] ] } },
{ "type": "Feature", "properties": { "osm_id": "1336409542", "code": 8102, "fclass": "stream", "width": 0, "name": null }, "geometry": { "type": "LineString", "coordinates": [ [ 73.7470284, 15.5737006 ], [ 73.7470549, 15.5739331 ], [ 73.7470247, 15.5741501 ], [ 73.7470253, 15.5747125 ] ] } },
{ "type": "Feature", "properties": { "osm_id": "1336695555", "code": 8104, "fclass": "drain", "width": 0, "name": null }, "geometry": { "type": "LineString", "coordinates": [ [ 73.7480616, 15.5856335 ], [ 73.7482688, 15.5854072 ] ] } },
{ "type": "Feature", "properties": { "osm_id": "1336695562", "code": 8104, "fclass": "drain", "width": 0, "name": null }, "geometry": { "type": "LineString", "coordinates": [ [ 73.7476179, 15.5858127 ], [ 73.7477394, 15.5858004 ] ] } },
{ "type": "Feature", "properties": { "osm_id": "1336695565", "code": 8104, "fclass": "drain", "width": 0, "name": null }, "geometry": { "type": "LineString", "coordinates": [ [ 73.7462378, 15.5876754 ], [ 73.7464604, 15.58733 ], [ 73.7469192, 15.5869286 ], [ 73.7471671, 15.5866954 ], [ 73.7474359, 15.5864 ], [ 73.7475686, 15.5863977 ] ] } },
{ "type": "Feature", "properties": { "osm_id": "1336695572", "code": 8104, "fclass": "drain", "width": 0, "name": null }, "geometry": { "type": "LineString", "coordinates": [ [ 73.7477394, 15.5858004 ], [ 73.7479651, 15.5857821 ], [ 73.7480616, 15.5856335 ] ] } },
{ "type": "Feature", "properties": { "osm_id": "1336698631", "code": 8104, "fclass": "drain", "width": 0, "name": null }, "geometry": { "type": "LineString", "coordinates": [ [ 73.7466261, 15.5888464 ], [ 73.7472274, 15.5886508 ], [ 73.7472426, 15.5883834 ], [ 73.7471043, 15.5879759 ], [ 73.7470729, 15.5877997 ] ] } },
{ "type": "Feature", "properties": { "osm_id": "1336698636", "code": 8102, "fclass": "stream", "width": 0, "name": null }, "geometry": { "type": "LineString", "coordinates": [ [ 73.7470729, 15.5877997 ], [ 73.7471218, 15.5877559 ], [ 73.7471845, 15.5877386 ], [ 73.7475424, 15.5876484 ], [ 73.7476587, 15.5874591 ] ] } },
{ "type": "Feature", "properties": { "osm_id": "1336745046", "code": 8102, "fclass": "stream", "width": 0, "name": null }, "geometry": { "type": "LineString", "coordinates": [ [ 73.7449935, 15.5911517 ], [ 73.745018, 15.5910337 ] ] } },
{ "type": "Feature", "properties": { "osm_id": "1336745051", "code": 8102, "fclass": "stream", "width": 0, "name": null }, "geometry": { "type": "LineString", "coordinates": [ [ 73.745018, 15.5910337 ], [ 73.7451067, 15.5906508 ], [ 73.7459485, 15.589588 ], [ 73.7460958, 15.5894516 ], [ 73.7462777, 15.5893129 ], [ 73.7463795, 15.5892766 ], [ 73.746521, 15.5890716 ], [ 73.7465769, 15.5888847 ], [ 73.7466261, 15.5888464 ] ] } },
{ "type": "Feature", "properties": { "osm_id": "1340004797", "code": 8102, "fclass": "stream", "width": 0, "name": null }, "geometry": { "type": "LineString", "coordinates": [ [ 73.8121203, 15.560808 ], [ 73.8123536, 15.5608338 ], [ 73.8124529, 15.560795 ], [ 73.8127613, 15.5607744 ], [ 73.8130268, 15.5607098 ], [ 73.8132575, 15.5607718 ], [ 73.8134587, 15.5608467 ], [ 73.8136142, 15.5608674 ], [ 73.8140917, 15.560826 ], [ 73.814789, 15.5609294 ], [ 73.8151538, 15.5611284 ], [ 73.815524, 15.5612265 ], [ 73.8159317, 15.5612989 ], [ 73.8165647, 15.561441 ], [ 73.8168195, 15.5615469 ], [ 73.8169053, 15.5616761 ], [ 73.8168812, 15.5617769 ], [ 73.8167739, 15.5619268 ], [ 73.8167712, 15.5620043 ], [ 73.8168892, 15.5620586 ], [ 73.8173854, 15.5621335 ], [ 73.8177287, 15.5622627 ], [ 73.817836, 15.5622782 ], [ 73.8180855, 15.5623945 ], [ 73.8182411, 15.5625547 ], [ 73.8182598, 15.5626683 ], [ 73.8182116, 15.5627407 ], [ 73.818005, 15.5628828 ], [ 73.8178602, 15.5631309 ], [ 73.8177744, 15.563335 ], [ 73.8177717, 15.5635055 ], [ 73.8179219, 15.5635624 ], [ 73.8181606, 15.5636347 ] ] } },
{ "type": "Feature", "properties": { "osm_id": "1340004798", "code": 8102, "fclass": "stream", "width": 0, "name": null }, "geometry": { "type": "LineString", "coordinates": [ [ 73.8117689, 15.5606193 ], [ 73.8121203, 15.560808 ] ] } },
{ "type": "Feature", "properties": { "osm_id": "1340282740", "code": 8104, "fclass": "drain", "width": 0, "name": null }, "geometry": { "type": "LineString", "coordinates": [ [ 73.8065255, 15.5910882 ], [ 73.8064895, 15.5909165 ], [ 73.8062093, 15.5899167 ] ] } },
{ "type": "Feature", "properties": { "osm_id": "1340669827", "code": 8104, "fclass": "drain", "width": 0, "name": null }, "geometry": { "type": "LineString", "coordinates": [ [ 73.7881568, 15.5782251 ], [ 73.788431, 15.5780677 ], [ 73.7884146, 15.5779637 ], [ 73.7885248, 15.5778801 ], [ 73.7887209, 15.5777651 ], [ 73.7898126, 15.5773702 ], [ 73.7903091, 15.5770569 ], [ 73.7909918, 15.5766261 ], [ 73.7911346, 15.576536 ], [ 73.7917841, 15.5763283 ], [ 73.7925919, 15.5759506 ], [ 73.7932956, 15.5756153 ], [ 73.7937298, 15.5753538 ], [ 73.7938476, 15.5752765 ], [ 73.7941358, 15.5750873 ], [ 73.7944043, 15.5748177 ], [ 73.7947123, 15.5746025 ] ] } },
{ "type": "Feature", "properties": { "osm_id": "1340669830", "code": 8104, "fclass": "drain", "width": 0, "name": null }, "geometry": { "type": "LineString", "coordinates": [ [ 73.8269608, 15.6072259 ], [ 73.8262627, 15.6072924 ] ] } },
{ "type": "Feature", "properties": { "osm_id": "1340858223", "code": 8104, "fclass": "drain", "width": 0, "name": null }, "geometry": { "type": "LineString", "coordinates": [ [ 73.8012037, 15.6000691 ], [ 73.8011339, 15.5997074 ], [ 73.8009167, 15.5994155 ], [ 73.8008898, 15.598736 ], [ 73.8009784, 15.5983072 ], [ 73.801083, 15.5977492 ], [ 73.801201, 15.597372 ], [ 73.8014263, 15.5970646 ], [ 73.801311, 15.596721 ], [ 73.8013753, 15.5966073 ], [ 73.801429, 15.596349 ], [ 73.8015765, 15.5961319 ], [ 73.8019091, 15.5958361 ], [ 73.8021398, 15.5955636 ], [ 73.8027567, 15.5949926 ], [ 73.8030249, 15.5945095 ], [ 73.8030645, 15.5939498 ], [ 73.8032022, 15.5936979 ] ] } },
{ "type": "Feature", "properties": { "osm_id": "1341216727", "code": 8102, "fclass": "stream", "width": 0, "name": null }, "geometry": { "type": "LineString", "coordinates": [ [ 73.8063017, 15.5954673 ], [ 73.8065572, 15.5952104 ], [ 73.8066716, 15.5949743 ], [ 73.8066861, 15.5947065 ] ] } },
{ "type": "Feature", "properties": { "osm_id": "1341216732", "code": 8104, "fclass": "drain", "width": 0, "name": null }, "geometry": { "type": "LineString", "coordinates": [ [ 73.8066861, 15.5947065 ], [ 73.8067678, 15.5945977 ], [ 73.8065494, 15.5936659 ] ] } },
{ "type": "Feature", "properties": { "osm_id": "1341216740", "code": 8104, "fclass": "drain", "width": 0, "name": null }, "geometry": { "type": "LineString", "coordinates": [ [ 73.8098625, 15.6079501 ], [ 73.8108585, 15.6079472 ], [ 73.8117295, 15.6079291 ], [ 73.8125937, 15.608013 ], [ 73.8135432, 15.6079962 ] ] } },
{ "type": "Feature", "properties": { "osm_id": "1341216745", "code": 8104, "fclass": "drain", "width": 0, "name": null }, "geometry": { "type": "LineString", "coordinates": [ [ 73.8264377, 15.6046957 ], [ 73.8261085, 15.6037764 ], [ 73.825778, 15.6027905 ], [ 73.8250933, 15.6028392 ] ] } },
{ "type": "Feature", "properties": { "osm_id": "1342925395", "code": 8104, "fclass": "drain", "width": 0, "name": null }, "geometry": { "type": "LineString", "coordinates": [ [ 73.7836887, 15.5812426 ], [ 73.7827792, 15.5818121 ], [ 73.7822036, 15.5823064 ], [ 73.7821884, 15.5823906 ], [ 73.7820962, 15.5829033 ], [ 73.7821236, 15.5839262 ], [ 73.781442, 15.5839606 ] ] } },
{ "type": "Feature", "properties": { "osm_id": "1342925401", "code": 8104, "fclass": "drain", "width": 0, "name": null }, "geometry": { "type": "LineString", "coordinates": [ [ 73.7477681, 15.5745939 ], [ 73.7477769, 15.5748878 ], [ 73.7478433, 15.5752621 ], [ 73.7478118, 15.5755216 ] ] } },
{ "type": "Feature", "properties": { "osm_id": "1342925402", "code": 8104, "fclass": "drain", "width": 0, "name": null }, "geometry": { "type": "LineString", "coordinates": [ [ 73.7805028, 15.5829744 ], [ 73.7809646, 15.5827364 ], [ 73.7816264, 15.5825414 ], [ 73.7821884, 15.5823906 ] ] } },
{ "type": "Feature", "properties": { "osm_id": "1342925413", "code": 8104, "fclass": "drain", "width": 0, "name": null }, "geometry": { "type": "LineString", "coordinates": [ [ 73.7510996, 15.5759311 ], [ 73.7512142, 15.5764441 ] ] } },
{ "type": "Feature", "properties": { "osm_id": "1342925417", "code": 8102, "fclass": "stream", "width": 0, "name": null }, "geometry": { "type": "LineString", "coordinates": [ [ 73.745614, 15.5719558 ], [ 73.7456627, 15.5722291 ], [ 73.7456986, 15.5723796 ], [ 73.745807, 15.5724656 ], [ 73.7459211, 15.5726168 ] ] } },
{ "type": "Feature", "properties": { "osm_id": "1348299499", "code": 8104, "fclass": "drain", "width": 0, "name": null }, "geometry": { "type": "LineString", "coordinates": [ [ 73.7656429, 15.6311063 ], [ 73.7653492, 15.631619 ], [ 73.7649925, 15.6322222 ], [ 73.7649456, 15.6322932 ] ] } },
{ "type": "Feature", "properties": { "osm_id": "1349165173", "code": 8102, "fclass": "stream", "width": 0, "name": null }, "geometry": { "type": "LineString", "coordinates": [ [ 73.8551563, 15.4868048 ], [ 73.8548505, 15.4875803 ], [ 73.8546467, 15.4876319 ], [ 73.8544643, 15.4878853 ], [ 73.8544965, 15.4881954 ], [ 73.8542658, 15.4885315 ], [ 73.8541478, 15.4887434 ], [ 73.8537562, 15.4889347 ], [ 73.8534021, 15.4891828 ], [ 73.8532519, 15.4894 ], [ 73.8530052, 15.4894568 ], [ 73.8526243, 15.4898497 ], [ 73.8520449, 15.4900668 ], [ 73.8506716, 15.4908991 ], [ 73.8497329, 15.4916074 ], [ 73.8493305, 15.4922018 ], [ 73.8487351, 15.4930522 ] ] } },
{ "type": "Feature", "properties": { "osm_id": "1349269956", "code": 8104, "fclass": "drain", "width": 0, "name": null }, "geometry": { "type": "LineString", "coordinates": [ [ 73.9102348, 15.5036694 ], [ 73.9101758, 15.5036339 ], [ 73.910102, 15.5037457 ], [ 73.9100343, 15.5040468 ], [ 73.9096214, 15.5048796 ] ] } },
{ "type": "Feature", "properties": { "osm_id": "1349269957", "code": 8104, "fclass": "drain", "width": 0, "name": null }, "geometry": { "type": "LineString", "coordinates": [ [ 73.9103065, 15.5031112 ], [ 73.910277, 15.5033296 ], [ 73.9103032, 15.5033347 ], [ 73.9102871, 15.5034368 ], [ 73.9102469, 15.5036526 ], [ 73.9102348, 15.5036694 ] ] } },
{ "type": "Feature", "properties": { "osm_id": "1351988963", "code": 8104, "fclass": "drain", "width": 0, "name": null }, "geometry": { "type": "LineString", "coordinates": [ [ 73.8210464, 15.5912975 ], [ 73.8212544, 15.5904714 ], [ 73.8211581, 15.5901922 ], [ 73.8211271, 15.589938 ] ] } },
{ "type": "Feature", "properties": { "osm_id": "1355316551", "code": 8104, "fclass": "drain", "width": 0, "name": null }, "geometry": { "type": "LineString", "coordinates": [ [ 73.7701485, 15.6192443 ], [ 73.770178, 15.6196465 ], [ 73.7702906, 15.6199637 ], [ 73.7709624, 15.6200296 ] ] } },
{ "type": "Feature", "properties": { "osm_id": "1356107234", "code": 8102, "fclass": "stream", "width": 0, "name": null }, "geometry": { "type": "LineString", "coordinates": [ [ 73.7937138, 15.6275893 ], [ 73.7937574, 15.6274804 ], [ 73.7937867, 15.627279 ], [ 73.7937822, 15.6270627 ], [ 73.7937591, 15.626835 ] ] } },
{ "type": "Feature", "properties": { "osm_id": "1356107237", "code": 8102, "fclass": "stream", "width": 0, "name": null }, "geometry": { "type": "LineString", "coordinates": [ [ 73.7940251, 15.6310265 ], [ 73.7940695, 15.630839 ], [ 73.7940884, 15.6305883 ], [ 73.7941527, 15.6303515 ], [ 73.7941631, 15.6299849 ] ] } },
{ "type": "Feature", "properties": { "osm_id": "1356107238", "code": 8102, "fclass": "stream", "width": 0, "name": null }, "geometry": { "type": "LineString", "coordinates": [ [ 73.7936422, 15.6280535 ], [ 73.7937414, 15.6279238 ], [ 73.7938242, 15.6278038 ], [ 73.7938854, 15.6276252 ], [ 73.7938471, 15.6275128 ], [ 73.7937574, 15.6274804 ] ] } },
{ "type": "Feature", "properties": { "osm_id": "1356603286", "code": 8104, "fclass": "drain", "width": 0, "name": null }, "geometry": { "type": "LineString", "coordinates": [ [ 73.7750757, 15.5931001 ], [ 73.7748751, 15.5939799 ], [ 73.7745962, 15.5947265 ], [ 73.7744433, 15.5946904 ], [ 73.7730861, 15.594817 ], [ 73.7725121, 15.5948428 ], [ 73.7723401, 15.5948289 ] ] } },
{ "type": "Feature", "properties": { "osm_id": "1357952603", "code": 8102, "fclass": "stream", "width": 0, "name": "Seasonal Stream" }, "geometry": { "type": "LineString", "coordinates": [ [ 73.790732, 15.5914802 ], [ 73.7906216, 15.59138 ], [ 73.7905415, 15.5912293 ], [ 73.7904683, 15.5911204 ], [ 73.7903888, 15.5910716 ] ] } },
{ "type": "Feature", "properties": { "osm_id": "1359517961", "code": 8104, "fclass": "drain", "width": 0, "name": null }, "geometry": { "type": "LineString", "coordinates": [ [ 73.8171867, 15.5895586 ], [ 73.8170754, 15.5895477 ], [ 73.8163925, 15.5893307 ] ] } },
{ "type": "Feature", "properties": { "osm_id": "1359517963", "code": 8104, "fclass": "drain", "width": 0, "name": null }, "geometry": { "type": "LineString", "coordinates": [ [ 73.8163925, 15.5893307 ], [ 73.8164391, 15.5890425 ] ] } },
{ "type": "Feature", "properties": { "osm_id": "1359517964", "code": 8104, "fclass": "drain", "width": 0, "name": null }, "geometry": { "type": "LineString", "coordinates": [ [ 73.8163792, 15.5894314 ], [ 73.8163925, 15.5893307 ] ] } },
{ "type": "Feature", "properties": { "osm_id": "1359517966", "code": 8104, "fclass": "drain", "width": 0, "name": null }, "geometry": { "type": "LineString", "coordinates": [ [ 73.8163227, 15.5898849 ], [ 73.8163792, 15.5894314 ] ] } },
{ "type": "Feature", "properties": { "osm_id": "1359780398", "code": 8104, "fclass": "drain", "width": 0, "name": null }, "geometry": { "type": "LineString", "coordinates": [ [ 73.8144128, 15.5901914 ], [ 73.8144529, 15.5899086 ], [ 73.8146924, 15.5887422 ], [ 73.8145567, 15.5887151 ], [ 73.8147193, 15.5881877 ], [ 73.8149446, 15.5876503 ], [ 73.8151133, 15.587386 ], [ 73.8153538, 15.5871317 ], [ 73.816061, 15.5868041 ], [ 73.8160443, 15.5863223 ] ] } },
{ "type": "Feature", "properties": { "osm_id": "1359780400", "code": 8104, "fclass": "drain", "width": 0, "name": null }, "geometry": { "type": "LineString", "coordinates": [ [ 73.818738, 15.5891352 ], [ 73.8185822, 15.5891868 ], [ 73.818506, 15.5890188 ], [ 73.81831, 15.5885571 ], [ 73.8182585, 15.5883996 ], [ 73.8181901, 15.5881257 ], [ 73.8181595, 15.5879061 ], [ 73.8181418, 15.5877795 ], [ 73.8179648, 15.5874901 ], [ 73.8178199, 15.5873351 ], [ 73.8176215, 15.5872834 ], [ 73.8174981, 15.5871439 ], [ 73.8173693, 15.5868649 ], [ 73.8171279, 15.5865652 ], [ 73.8169026, 15.5864774 ], [ 73.8165218, 15.5864309 ], [ 73.8162428, 15.5863999 ], [ 73.8160443, 15.5863223 ], [ 73.8158995, 15.586219 ], [ 73.8159049, 15.586126 ] ] } },
{ "type": "Feature", "properties": { "osm_id": "1360048261", "code": 8104, "fclass": "drain", "width": 0, "name": null }, "geometry": { "type": "LineString", "coordinates": [ [ 73.8203885, 15.5459758 ], [ 73.8204851, 15.5455089 ], [ 73.8202717, 15.5454418 ] ] } },
{ "type": "Feature", "properties": { "osm_id": "1360496165", "code": 8104, "fclass": "drain", "width": 0, "name": null }, "geometry": { "type": "LineString", "coordinates": [ [ 73.8166154, 15.5910803 ], [ 73.8165222, 15.5907005 ] ] } },
{ "type": "Feature", "properties": { "osm_id": "1360570223", "code": 8104, "fclass": "drain", "width": 0, "name": null }, "geometry": { "type": "LineString", "coordinates": [ [ 73.8272426, 15.5242684 ], [ 73.827095, 15.5241935 ] ] } },
{ "type": "Feature", "properties": { "osm_id": "1360570224", "code": 8104, "fclass": "drain", "width": 0, "name": null }, "geometry": { "type": "LineString", "coordinates": [ [ 73.8275698, 15.5244338 ], [ 73.8272426, 15.5242684 ] ] } },
{ "type": "Feature", "properties": { "osm_id": "1360570228", "code": 8104, "fclass": "drain", "width": 0, "name": null }, "geometry": { "type": "LineString", "coordinates": [ [ 73.827095, 15.5241935 ], [ 73.826796, 15.5240307 ], [ 73.8264097, 15.5237244 ], [ 73.8259765, 15.5235836 ] ] } },
{ "type": "Feature", "properties": { "osm_id": "1360625980", "code": 8104, "fclass": "drain", "width": 0, "name": null }, "geometry": { "type": "LineString", "coordinates": [ [ 73.786253, 15.5382751 ], [ 73.786253, 15.5389134 ], [ 73.7863469, 15.5390633 ], [ 73.7863791, 15.5393708 ], [ 73.7864676, 15.5395776 ], [ 73.7865078, 15.5400195 ], [ 73.7865668, 15.5403864 ], [ 73.7867278, 15.5405776 ], [ 73.7866902, 15.5407637 ], [ 73.7863308, 15.5410376 ], [ 73.7860572, 15.5417095 ], [ 73.7859607, 15.5421178 ], [ 73.7860706, 15.5423245 ], [ 73.7860277, 15.5424873 ], [ 73.7858963, 15.5428129 ], [ 73.7858453, 15.543508 ], [ 73.7858078, 15.5443582 ], [ 73.7858852, 15.5451604 ] ] } },
{ "type": "Feature", "properties": { "osm_id": "1360632221", "code": 8104, "fclass": "drain", "width": 0, "name": null }, "geometry": { "type": "LineString", "coordinates": [ [ 73.8159452, 15.5441221 ], [ 73.8158512, 15.5442264 ], [ 73.8156366, 15.5442316 ], [ 73.8153094, 15.5444848 ], [ 73.8146281, 15.5446192 ], [ 73.8143519, 15.544552 ], [ 73.8142607, 15.5443892 ], [ 73.8138878, 15.5443711 ], [ 73.8136357, 15.5443298 ], [ 73.8133031, 15.5443815 ], [ 73.8121663, 15.5446503 ], [ 73.8115328, 15.5448001 ], [ 73.81127, 15.544888 ] ] } },
{ "type": "Feature", "properties": { "osm_id": "1360657221", "code": 8104, "fclass": "drain", "width": 0, "name": null }, "geometry": { "type": "LineString", "coordinates": [ [ 73.8099101, 15.5874074 ], [ 73.810156, 15.5881572 ], [ 73.8102078, 15.588322 ], [ 73.8102771, 15.5884291 ] ] } },
{ "type": "Feature", "properties": { "osm_id": "1360657222", "code": 8104, "fclass": "drain", "width": 0, "name": null }, "geometry": { "type": "LineString", "coordinates": [ [ 73.8102771, 15.5884291 ], [ 73.8103849, 15.5883711 ], [ 73.8121873, 15.5876942 ], [ 73.8128324, 15.5875987 ], [ 73.8129714, 15.5875998 ], [ 73.8133242, 15.5875911 ], [ 73.8133245, 15.5875033 ], [ 73.8134399, 15.5874514 ] ] } },
{ "type": "Feature", "properties": { "osm_id": "1360680972", "code": 8104, "fclass": "drain", "width": 0, "name": null }, "geometry": { "type": "LineString", "coordinates": [ [ 73.8123232, 15.5869066 ], [ 73.812587, 15.5872059 ], [ 73.8128324, 15.5875987 ] ] } },
{ "type": "Feature", "properties": { "osm_id": "1361059843", "code": 8104, "fclass": "drain", "width": 0, "name": null }, "geometry": { "type": "LineString", "coordinates": [ [ 73.7615868, 15.6045517 ], [ 73.7616708, 15.6043011 ], [ 73.7618253, 15.6041538 ] ] } },
{ "type": "Feature", "properties": { "osm_id": "1361341048", "code": 8104, "fclass": "drain", "width": 0, "name": null }, "geometry": { "type": "LineString", "coordinates": [ [ 73.7494248, 15.5970397 ], [ 73.7498992, 15.5971207 ], [ 73.7506098, 15.5972009 ], [ 73.7506411, 15.5972176 ] ] } },
{ "type": "Feature", "properties": { "osm_id": "1361341055", "code": 8102, "fclass": "stream", "width": 0, "name": null }, "geometry": { "type": "LineString", "coordinates": [ [ 73.7594017, 15.5814485 ], [ 73.7591443, 15.5812559 ], [ 73.7588634, 15.5811007 ], [ 73.7586747, 15.5810414 ], [ 73.7585988, 15.5809956 ], [ 73.7580231, 15.5809458 ] ] } },
{ "type": "Feature", "properties": { "osm_id": "1362248637", "code": 8103, "fclass": "canal", "width": 0, "name": null }, "geometry": { "type": "LineString", "coordinates": [ [ 73.9011238, 15.6607859 ], [ 73.9010462, 15.660783 ] ] } },
{ "type": "Feature", "properties": { "osm_id": "1362248638", "code": 8103, "fclass": "canal", "width": 0, "name": null }, "geometry": { "type": "LineString", "coordinates": [ [ 73.9014966, 15.6607998 ], [ 73.9011238, 15.6607859 ] ] } },
{ "type": "Feature", "properties": { "osm_id": "1362276485", "code": 8102, "fclass": "stream", "width": 0, "name": null }, "geometry": { "type": "LineString", "coordinates": [ [ 73.8102389, 15.6098609 ], [ 73.8104116, 15.6100124 ], [ 73.8105577, 15.6100908 ], [ 73.8105894, 15.6101067 ], [ 73.8106968, 15.6101604 ], [ 73.8108044, 15.6103093 ], [ 73.8109228, 15.6104192 ] ] } },
{ "type": "Feature", "properties": { "osm_id": "1362288084", "code": 8102, "fclass": "stream", "width": 0, "name": null }, "geometry": { "type": "LineString", "coordinates": [ [ 73.8083793, 15.6093735 ], [ 73.8084746, 15.6094082 ], [ 73.808575, 15.609446 ], [ 73.8086558, 15.6094876 ] ] } },
{ "type": "Feature", "properties": { "osm_id": "1362789452", "code": 8104, "fclass": "drain", "width": 0, "name": null }, "geometry": { "type": "LineString", "coordinates": [ [ 73.8144126, 15.5902201 ], [ 73.8144128, 15.5901914 ] ] } },
{ "type": "Feature", "properties": { "osm_id": "1364411611", "code": 8102, "fclass": "stream", "width": 0, "name": null }, "geometry": { "type": "LineString", "coordinates": [ [ 73.8002386, 15.6102235 ], [ 73.8005382, 15.6102336 ], [ 73.8011484, 15.6103118 ], [ 73.8014013, 15.6105853 ], [ 73.8016041, 15.6108111 ], [ 73.8016499, 15.6108346 ], [ 73.8020706, 15.6110981 ], [ 73.8024873, 15.6113551 ], [ 73.8026809, 15.6117366 ], [ 73.8028148, 15.6121315 ] ] } },
{ "type": "Feature", "properties": { "osm_id": "1364452161", "code": 8102, "fclass": "stream", "width": 0, "name": null }, "geometry": { "type": "LineString", "coordinates": [ [ 73.8596329, 15.4573771 ], [ 73.8590911, 15.4572194 ], [ 73.859016, 15.4573952 ], [ 73.85867, 15.4573254 ], [ 73.8584179, 15.4572323 ], [ 73.8582677, 15.457222 ], [ 73.8575837, 15.4569841 ], [ 73.8575032, 15.4568781 ], [ 73.8568273, 15.4567282 ], [ 73.8567227, 15.4567308 ], [ 73.8566369, 15.4566843 ], [ 73.8566798, 15.4565576 ], [ 73.8564813, 15.4564335 ], [ 73.8564786, 15.4563689 ], [ 73.856551, 15.4563042 ], [ 73.8565484, 15.4562499 ], [ 73.8562882, 15.4562163 ], [ 73.8560307, 15.4559966 ], [ 73.8559744, 15.455994 ], [ 73.8558912, 15.4560897 ], [ 73.8556391, 15.4560871 ], [ 73.8554084, 15.4559733 ], [ 73.8552126, 15.4558777 ], [ 73.8549256, 15.4556424 ], [ 73.8546815, 15.4552572 ], [ 73.8545904, 15.4552314 ], [ 73.8544428, 15.4552365 ], [ 73.8542497, 15.4553477 ], [ 73.8541022, 15.4552831 ], [ 73.8540781, 15.455084 ], [ 73.853901, 15.4549935 ], [ 73.8537508, 15.4549341 ], [ 73.8532037, 15.4545721 ], [ 73.8532037, 15.4545101 ], [ 73.8533404, 15.4543627 ], [ 73.8532734, 15.4542593 ], [ 73.852686, 15.4539155 ], [ 73.8521227, 15.4532252 ], [ 73.8517633, 15.4530908 ], [ 73.8513502, 15.4529124 ], [ 73.8511384, 15.4528788 ], [ 73.8504866, 15.4530417 ], [ 73.850103, 15.4530081 ], [ 73.8499099, 15.4531994 ], [ 73.8497785, 15.4535716 ], [ 73.8496256, 15.4536828 ], [ 73.8493493, 15.4536854 ], [ 73.8492581, 15.4535897 ], [ 73.8491079, 15.4535561 ], [ 73.8489175, 15.4533778 ], [ 73.8484347, 15.4527444 ], [ 73.8483918, 15.4525847 ] ] } },
{ "type": "Feature", "properties": { "osm_id": "1364455847", "code": 8104, "fclass": "drain", "width": 0, "name": null }, "geometry": { "type": "LineString", "coordinates": [ [ 73.8542658, 15.4778715 ], [ 73.8541853, 15.4775716 ], [ 73.8534947, 15.4774088 ], [ 73.852812, 15.47737 ], [ 73.8515353, 15.4773441 ] ] } },
{ "type": "Feature", "properties": { "osm_id": "1365498046", "code": 8102, "fclass": "stream", "width": 0, "name": null }, "geometry": { "type": "LineString", "coordinates": [ [ 73.8787276, 15.4879576 ], [ 73.8774937, 15.4879757 ], [ 73.8767159, 15.4881541 ], [ 73.8758576, 15.4884229 ], [ 73.8744414, 15.48864 ], [ 73.8740659, 15.4887848 ], [ 73.8734651, 15.4883195 ], [ 73.8732934, 15.4882575 ], [ 73.8726389, 15.488516 ] ] } },
{ "type": "Feature", "properties": { "osm_id": "1366269792", "code": 8104, "fclass": "drain", "width": 0, "name": null }, "geometry": { "type": "LineString", "coordinates": [ [ 73.7506937, 15.5972459 ], [ 73.7510161, 15.5974185 ] ] } },
{ "type": "Feature", "properties": { "osm_id": "1366269793", "code": 8104, "fclass": "drain", "width": 0, "name": null }, "geometry": { "type": "LineString", "coordinates": [ [ 73.7506411, 15.5972176 ], [ 73.7506937, 15.5972459 ] ] } },
{ "type": "Feature", "properties": { "osm_id": "1366453087", "code": 8104, "fclass": "drain", "width": 0, "name": null }, "geometry": { "type": "LineString", "coordinates": [ [ 73.8190378, 15.5883228 ], [ 73.8192029, 15.5883695 ], [ 73.8196925, 15.5882971 ] ] } },
{ "type": "Feature", "properties": { "osm_id": "1366493504", "code": 8104, "fclass": "drain", "width": 0, "name": null }, "geometry": { "type": "LineString", "coordinates": [ [ 73.8065885, 15.5914635 ], [ 73.8065255, 15.5910882 ] ] } },
{ "type": "Feature", "properties": { "osm_id": "1366493509", "code": 8104, "fclass": "drain", "width": 0, "name": null }, "geometry": { "type": "LineString", "coordinates": [ [ 73.8032022, 15.5936979 ], [ 73.8035318, 15.5936286 ], [ 73.8037974, 15.593471 ], [ 73.8038859, 15.5932695 ], [ 73.8048461, 15.5928122 ], [ 73.8049614, 15.5926184 ], [ 73.8049668, 15.5923575 ], [ 73.8049308, 15.5916803 ], [ 73.8051529, 15.591483 ], [ 73.8051877, 15.5911483 ] ] } },
{ "type": "Feature", "properties": { "osm_id": "1366493510", "code": 8104, "fclass": "drain", "width": 0, "name": null }, "geometry": { "type": "LineString", "coordinates": [ [ 73.8051877, 15.5911483 ], [ 73.8052189, 15.5908487 ] ] } },
{ "type": "Feature", "properties": { "osm_id": "1366794427", "code": 8102, "fclass": "stream", "width": 0, "name": null }, "geometry": { "type": "LineString", "coordinates": [ [ 73.8832793, 15.6024742 ], [ 73.8834214, 15.602916 ], [ 73.8836199, 15.6032182 ], [ 73.8836414, 15.6033397 ], [ 73.8836172, 15.6034223 ], [ 73.8834026, 15.603598 ], [ 73.8833812, 15.6036626 ], [ 73.8833651, 15.604125 ], [ 73.8834161, 15.6044427 ], [ 73.8834777, 15.6044996 ], [ 73.8837782, 15.6044944 ], [ 73.8840249, 15.6044117 ], [ 73.8841322, 15.6042128 ], [ 73.8841751, 15.6040707 ], [ 73.8842717, 15.6040087 ], [ 73.8844675, 15.6039726 ], [ 73.8846794, 15.6038847 ], [ 73.885012, 15.6039312 ], [ 73.8851514, 15.6039907 ], [ 73.8851863, 15.6041431 ], [ 73.8851756, 15.6042593 ], [ 73.885248, 15.6043213 ], [ 73.8856101, 15.6043472 ], [ 73.8858429, 15.604311 ] ] } },
{ "type": "Feature", "properties": { "osm_id": "1366794428", "code": 8102, "fclass": "stream", "width": 0, "name": null }, "geometry": { "type": "LineString", "coordinates": [ [ 73.8834536, 15.6045822 ], [ 73.8834321, 15.604931 ], [ 73.8833249, 15.6056388 ], [ 73.8829574, 15.6075014 ], [ 73.8829547, 15.6076202 ], [ 73.8833892, 15.6079793 ], [ 73.8837674, 15.6081756 ], [ 73.8839579, 15.6081808 ], [ 73.8844112, 15.6081059 ], [ 73.8845667, 15.6081369 ], [ 73.8846552, 15.6081343 ], [ 73.8848162, 15.6080801 ], [ 73.8849208, 15.608062 ], [ 73.8850173, 15.6080852 ], [ 73.8851729, 15.608279 ], [ 73.8852695, 15.6082841 ], [ 73.8854626, 15.6083513 ], [ 73.885543, 15.6084572 ], [ 73.8856477, 15.6085993 ], [ 73.8858032, 15.6086303 ], [ 73.8859816, 15.6084198 ], [ 73.8860875, 15.6082441 ], [ 73.8862364, 15.6077959 ], [ 73.8862257, 15.6076164 ], [ 73.8861224, 15.6074717 ], [ 73.8856691, 15.6065869 ], [ 73.8853687, 15.6054916 ], [ 73.8855404, 15.6048354 ], [ 73.8858429, 15.604311 ], [ 73.8861841, 15.6037194 ], [ 73.886463, 15.6031924 ], [ 73.886463, 15.6023864 ], [ 73.886624, 15.6004592 ] ] } },
{ "type": "Feature", "properties": { "osm_id": "1368279090", "code": 8104, "fclass": "drain", "width": 0, "name": null }, "geometry": { "type": "LineString", "coordinates": [ [ 73.8373356, 15.5764593 ], [ 73.8374167, 15.5765466 ], [ 73.8375481, 15.5766108 ], [ 73.8376736, 15.5766331 ], [ 73.8376902, 15.5767482 ], [ 73.8377017, 15.577411 ], [ 73.8376726, 15.5776094 ] ] } },
{ "type": "Feature", "properties": { "osm_id": "1368279101", "code": 8104, "fclass": "drain", "width": 0, "name": null }, "geometry": { "type": "LineString", "coordinates": [ [ 73.8370501, 15.5801603 ], [ 73.8369191, 15.5802198 ], [ 73.8368479, 15.5806333 ], [ 73.8368046, 15.5807262 ] ] } },
{ "type": "Feature", "properties": { "osm_id": "1368279104", "code": 8104, "fclass": "drain", "width": 0, "name": null }, "geometry": { "type": "LineString", "coordinates": [ [ 73.8247783, 15.5825397 ], [ 73.8248359, 15.5826189 ], [ 73.8248709, 15.5827518 ], [ 73.8253264, 15.5829771 ], [ 73.8260706, 15.5831099 ] ] } },
{ "type": "Feature", "properties": { "osm_id": "1368620658", "code": 8102, "fclass": "stream", "width": 0, "name": null }, "geometry": { "type": "LineString", "coordinates": [ [ 73.8229979, 15.6331873 ], [ 73.8231871, 15.6330926 ], [ 73.8233373, 15.6329971 ], [ 73.8235331, 15.6329015 ], [ 73.8236591, 15.6329015 ], [ 73.8239676, 15.6330307 ], [ 73.8243484, 15.6330849 ], [ 73.8249841, 15.6332683 ], [ 73.8251504, 15.6332631 ], [ 73.8254562, 15.6332993 ], [ 73.8254899, 15.6333243 ] ] } },
{ "type": "Feature", "properties": { "osm_id": "1368620659", "code": 8102, "fclass": "stream", "width": 0, "name": null }, "geometry": { "type": "LineString", "coordinates": [ [ 73.8229388, 15.6332169 ], [ 73.8229979, 15.6331873 ] ] } },
{ "type": "Feature", "properties": { "osm_id": "1368620660", "code": 8102, "fclass": "stream", "width": 0, "name": null }, "geometry": { "type": "LineString", "coordinates": [ [ 73.8255877, 15.6333968 ], [ 73.8256547, 15.6334465 ], [ 73.8261053, 15.6336041 ], [ 73.8262904, 15.6336273 ], [ 73.826513, 15.6337281 ], [ 73.8268536, 15.6338572 ], [ 73.8270682, 15.633852 ], [ 73.8271996, 15.6338417 ] ] } },
{ "type": "Feature", "properties": { "osm_id": "1368620661", "code": 8102, "fclass": "stream", "width": 0, "name": null }, "geometry": { "type": "LineString", "coordinates": [ [ 73.8254899, 15.6333243 ], [ 73.8255877, 15.6333968 ] ] } },
{ "type": "Feature", "properties": { "osm_id": "1370479507", "code": 8104, "fclass": "drain", "width": 0, "name": null }, "geometry": { "type": "LineString", "coordinates": [ [ 73.8906687, 15.4372168 ], [ 73.8904542, 15.4366118 ], [ 73.8901591, 15.4354018 ], [ 73.8896656, 15.4353191 ], [ 73.889097, 15.4350709 ], [ 73.8890111, 15.4346779 ], [ 73.8888448, 15.4344452 ], [ 73.8888127, 15.4342383 ], [ 73.8891023, 15.4337419 ], [ 73.8895154, 15.4332869 ], [ 73.8894081, 15.4331421 ], [ 73.8893169, 15.4326198 ], [ 73.8893598, 15.4321699 ], [ 73.8892955, 15.4317097 ], [ 73.8896066, 15.4311409 ], [ 73.890143, 15.4306135 ], [ 73.8909745, 15.429631 ], [ 73.8913447, 15.4294396 ], [ 73.8919347, 15.4287519 ], [ 73.892321, 15.428452 ], [ 73.8925838, 15.4283796 ], [ 73.8928574, 15.4278107 ] ] } },
{ "type": "Feature", "properties": { "osm_id": "1370775602", "code": 8104, "fclass": "drain", "width": 0, "name": null }, "geometry": { "type": "LineString", "coordinates": [ [ 73.8211865, 15.5828783 ], [ 73.8213194, 15.5819592 ] ] } },
{ "type": "Feature", "properties": { "osm_id": "1370932450", "code": 8102, "fclass": "stream", "width": 0, "name": null }, "geometry": { "type": "LineString", "coordinates": [ [ 73.8149232, 15.6249535 ], [ 73.8153577, 15.6250258 ], [ 73.8159049, 15.6248812 ], [ 73.8162428, 15.6245815 ], [ 73.8164896, 15.6244937 ], [ 73.8168865, 15.6242406 ], [ 73.8176483, 15.6242354 ], [ 73.8181633, 15.6240804 ], [ 73.8188177, 15.6238686 ], [ 73.8189948, 15.6237394 ], [ 73.8193434, 15.62329 ], [ 73.8195741, 15.6232383 ] ] } },
{ "type": "Feature", "properties": { "osm_id": "1370932451", "code": 8104, "fclass": "drain", "width": 0, "name": null }, "geometry": { "type": "LineString", "coordinates": [ [ 73.8215643, 15.6273377 ], [ 73.8213336, 15.6273713 ], [ 73.8212264, 15.6274539 ], [ 73.8210359, 15.6275392 ], [ 73.820875, 15.6275443 ], [ 73.8202849, 15.6274074 ], [ 73.8195419, 15.6273558 ], [ 73.8191503, 15.6272292 ], [ 73.8189223, 15.6270923 ], [ 73.8182196, 15.6264362 ], [ 73.8180587, 15.6263509 ], [ 73.818005, 15.6262941 ], [ 73.8179809, 15.6260616 ], [ 73.8180292, 15.6260074 ], [ 73.8185441, 15.6259299 ], [ 73.8186058, 15.6257543 ], [ 73.8185763, 15.6254107 ], [ 73.8186058, 15.6253306 ], [ 73.8188097, 15.6251937 ], [ 73.8188043, 15.6249922 ], [ 73.8188392, 15.6249147 ], [ 73.8192469, 15.6248321 ], [ 73.8194964, 15.6247391 ] ] } },
{ "type": "Feature", "properties": { "osm_id": "1372244470", "code": 8102, "fclass": "stream", "width": 0, "name": null }, "geometry": { "type": "LineString", "coordinates": [ [ 73.7940931, 15.6154904 ], [ 73.7942172, 15.615866 ], [ 73.7942539, 15.6160544 ], [ 73.7943748, 15.6166204 ], [ 73.7944596, 15.6170354 ] ] } },
{ "type": "Feature", "properties": { "osm_id": "1372250721", "code": 8104, "fclass": "drain", "width": 0, "name": null }, "geometry": { "type": "LineString", "coordinates": [ [ 73.8011782, 15.5839863 ], [ 73.8012654, 15.5836793 ], [ 73.8012868, 15.5834752 ], [ 73.8013083, 15.5824056 ] ] } },
{ "type": "Feature", "properties": { "osm_id": "1372250722", "code": 8104, "fclass": "drain", "width": 0, "name": null }, "geometry": { "type": "LineString", "coordinates": [ [ 73.8013083, 15.5824056 ], [ 73.8014638, 15.5822041 ] ] } },
{ "type": "Feature", "properties": { "osm_id": "1372250723", "code": 8104, "fclass": "drain", "width": 0, "name": null }, "geometry": { "type": "LineString", "coordinates": [ [ 73.8011554, 15.584134 ], [ 73.8011782, 15.5839863 ] ] } },
{ "type": "Feature", "properties": { "osm_id": "1372250724", "code": 8104, "fclass": "drain", "width": 0, "name": null }, "geometry": { "type": "LineString", "coordinates": [ [ 73.8052189, 15.5908487 ], [ 73.8051653, 15.5882755 ], [ 73.805058, 15.5876141 ], [ 73.8050151, 15.5862603 ], [ 73.8050794, 15.5859193 ], [ 73.8051557, 15.5857744 ] ] } },
{ "type": "Feature", "properties": { "osm_id": "1372250725", "code": 8104, "fclass": "drain", "width": 0, "name": null }, "geometry": { "type": "LineString", "coordinates": [ [ 73.8051557, 15.5857744 ], [ 73.8052672, 15.5855628 ] ] } },
{ "type": "Feature", "properties": { "osm_id": "1372252054", "code": 8104, "fclass": "drain", "width": 0, "name": null }, "geometry": { "type": "LineString", "coordinates": [ [ 73.819907, 15.582327 ], [ 73.8198396, 15.582758 ], [ 73.8198971, 15.5827721 ], [ 73.8198632, 15.5831478 ] ] } },
{ "type": "Feature", "properties": { "osm_id": "1372257644", "code": 8104, "fclass": "drain", "width": 0, "name": null }, "geometry": { "type": "LineString", "coordinates": [ [ 73.8165254, 15.5771096 ], [ 73.8165774, 15.5771493 ], [ 73.8165458, 15.577361 ], [ 73.8166309, 15.5774011 ], [ 73.8166458, 15.5775942 ], [ 73.8165978, 15.5777754 ] ] } },
{ "type": "Feature", "properties": { "osm_id": "1372257656", "code": 8102, "fclass": "stream", "width": 0, "name": null }, "geometry": { "type": "LineString", "coordinates": [ [ 73.8165905, 15.5768297 ], [ 73.8165534, 15.5769493 ], [ 73.8165254, 15.5771096 ] ] } },
{ "type": "Feature", "properties": { "osm_id": "1374619091", "code": 8102, "fclass": "stream", "width": 0, "name": null }, "geometry": { "type": "LineString", "coordinates": [ [ 73.8254847, 15.5980072 ], [ 73.8254874, 15.5977522 ], [ 73.8254644, 15.5975291 ], [ 73.8254584, 15.5972411 ], [ 73.8254913, 15.5970037 ], [ 73.8259024, 15.596417 ], [ 73.8261259, 15.596203 ], [ 73.8262527, 15.5961293 ], [ 73.8263467, 15.5960747 ], [ 73.8266094, 15.5959794 ], [ 73.8273389, 15.596122 ], [ 73.8278334, 15.5964598 ], [ 73.8280181, 15.5964688 ], [ 73.8282308, 15.5963844 ] ] } },
{ "type": "Feature", "properties": { "osm_id": "1374619101", "code": 8104, "fclass": "drain", "width": 0, "name": null }, "geometry": { "type": "LineString", "coordinates": [ [ 73.8241693, 15.6028032 ], [ 73.8236496, 15.6027911 ], [ 73.8227187, 15.6027034 ], [ 73.8210258, 15.6018481 ] ] } },
{ "type": "Feature", "properties": { "osm_id": "1374619118", "code": 8104, "fclass": "drain", "width": 0, "name": null }, "geometry": { "type": "LineString", "coordinates": [ [ 73.8250933, 15.6028392 ], [ 73.8245357, 15.6028117 ], [ 73.8241693, 15.6028032 ] ] } },
{ "type": "Feature", "properties": { "osm_id": "1374959614", "code": 8102, "fclass": "stream", "width": 0, "name": null }, "geometry": { "type": "LineString", "coordinates": [ [ 73.7894905, 15.5923309 ], [ 73.7894004, 15.5921927 ], [ 73.7892844, 15.5918493 ], [ 73.7891126, 15.5915883 ], [ 73.7890526, 15.5913156 ], [ 73.7890102, 15.5910801 ], [ 73.7889628, 15.5907793 ], [ 73.7889595, 15.5906667 ], [ 73.7890293, 15.5903372 ], [ 73.7893994, 15.5898421 ] ] } },
{ "type": "Feature", "properties": { "osm_id": "1375058992", "code": 8104, "fclass": "drain", "width": 0, "name": null }, "geometry": { "type": "LineString", "coordinates": [ [ 73.7958412, 15.599162 ], [ 73.7954875, 15.5989177 ], [ 73.7952152, 15.5987258 ], [ 73.7949668, 15.5986138 ], [ 73.7939644, 15.598346 ] ] } },
{ "type": "Feature", "properties": { "osm_id": "1375477019", "code": 8102, "fclass": "stream", "width": 0, "name": null }, "geometry": { "type": "LineString", "coordinates": [ [ 73.8258228, 15.5947203 ], [ 73.8255315, 15.5952323 ], [ 73.8254989, 15.595648 ], [ 73.825724, 15.5957913 ], [ 73.8259912, 15.5958891 ], [ 73.8262527, 15.5961293 ] ] } },
{ "type": "Feature", "properties": { "osm_id": "1376372875", "code": 8104, "fclass": "drain", "width": 0, "name": null }, "geometry": { "type": "LineString", "coordinates": [ [ 73.8181595, 15.5879061 ], [ 73.8180479, 15.5879087 ], [ 73.8179406, 15.5879448 ], [ 73.8178226, 15.5879939 ], [ 73.8177475, 15.5880921 ], [ 73.8175839, 15.5881722 ], [ 73.8174498, 15.5882032 ], [ 73.8172996, 15.5881257 ], [ 73.8170475, 15.5879655 ], [ 73.8166612, 15.5877304 ], [ 73.8162253, 15.586728 ], [ 73.816061, 15.5868041 ] ] } },
{ "type": "Feature", "properties": { "osm_id": "1376645660", "code": 8102, "fclass": "stream", "width": 0, "name": null }, "geometry": { "type": "LineString", "coordinates": [ [ 73.7976425, 15.6145954 ], [ 73.7977344, 15.6151942 ], [ 73.7978097, 15.6158349 ], [ 73.7979033, 15.6164928 ], [ 73.7979613, 15.6167507 ], [ 73.7979561, 15.6168396 ] ] } },
{ "type": "Feature", "properties": { "osm_id": "1379887490", "code": 8104, "fclass": "drain", "width": 0, "name": "Inez Creek" }, "geometry": { "type": "LineString", "coordinates": [ [ 73.8111895, 15.4787736 ], [ 73.8123053, 15.4790192 ], [ 73.8124663, 15.4790786 ], [ 73.8130751, 15.4793759 ], [ 73.813456, 15.4795465 ], [ 73.8135821, 15.4795517 ], [ 73.8136893, 15.4795 ] ] } },
{ "type": "Feature", "properties": { "osm_id": "1379891745", "code": 8102, "fclass": "stream", "width": 0, "name": null }, "geometry": { "type": "LineString", "coordinates": [ [ 73.8056481, 15.4649179 ], [ 73.8055488, 15.4649412 ], [ 73.8053745, 15.4651041 ], [ 73.8051492, 15.4653497 ], [ 73.8049775, 15.4654505 ], [ 73.8048086, 15.4654712 ], [ 73.8045081, 15.4654712 ], [ 73.8042212, 15.4654634 ], [ 73.8038993, 15.4653393 ], [ 73.8037491, 15.4653781 ], [ 73.8036177, 15.4654634 ], [ 73.8036123, 15.4655927 ], [ 73.8039985, 15.4664483 ], [ 73.8040119, 15.4665698 ], [ 73.8039969, 15.4666548 ] ] } },
{ "type": "Feature", "properties": { "osm_id": "1382288283", "code": 8102, "fclass": "stream", "width": 0, "name": null }, "geometry": { "type": "LineString", "coordinates": [ [ 73.8892072, 15.4269366 ], [ 73.8895217, 15.4272665 ], [ 73.889569, 15.4274591 ], [ 73.8896334, 15.4275574 ] ] } },
{ "type": "Feature", "properties": { "osm_id": "1382288284", "code": 8102, "fclass": "stream", "width": 0, "name": null }, "geometry": { "type": "LineString", "coordinates": [ [ 73.8896334, 15.4275574 ], [ 73.8897466, 15.4275369 ] ] } },
{ "type": "Feature", "properties": { "osm_id": "1382288285", "code": 8102, "fclass": "stream", "width": 0, "name": null }, "geometry": { "type": "LineString", "coordinates": [ [ 73.8897466, 15.4275369 ], [ 73.8898051, 15.4275263 ], [ 73.8899285, 15.4273091 ], [ 73.8898802, 15.4270713 ], [ 73.8899767, 15.4265955 ], [ 73.8901377, 15.426368 ], [ 73.8905936, 15.4260732 ], [ 73.8911462, 15.4259181 ], [ 73.8915592, 15.4254837 ], [ 73.8918489, 15.4251838 ], [ 73.8918748, 15.4250995 ] ] } },
{ "type": "Feature", "properties": { "osm_id": "1382288286", "code": 8102, "fclass": "stream", "width": 0, "name": null }, "geometry": { "type": "LineString", "coordinates": [ [ 73.8918748, 15.4250995 ], [ 73.8919508, 15.4248528 ] ] } },
{ "type": "Feature", "properties": { "osm_id": "1382888024", "code": 8102, "fclass": "stream", "width": 0, "name": null }, "geometry": { "type": "LineString", "coordinates": [ [ 73.9289941, 15.3832087 ], [ 73.9290395, 15.3834701 ], [ 73.9290297, 15.3839499 ], [ 73.9291584, 15.3841671 ], [ 73.9298558, 15.3845395 ], [ 73.9301562, 15.3846843 ], [ 73.9305425, 15.3852429 ], [ 73.9314008, 15.3858429 ], [ 73.9318406, 15.3859256 ], [ 73.9321947, 15.3863808 ], [ 73.932699, 15.3865566 ], [ 73.932935, 15.3865566 ], [ 73.93345, 15.3868152 ], [ 73.9344478, 15.386929 ], [ 73.9354026, 15.3866808 ], [ 73.9364219, 15.3860187 ], [ 73.9364755, 15.3858222 ], [ 73.9370441, 15.3857498 ], [ 73.9375269, 15.3854601 ], [ 73.9378381, 15.3858532 ], [ 73.9396512, 15.3872187 ], [ 73.9399195, 15.3875031 ], [ 73.9406705, 15.3884574 ], [ 73.9410648, 15.388685 ], [ 73.9412229, 15.3888453 ] ] } },
{ "type": "Feature", "properties": { "osm_id": "1385234740", "code": 8104, "fclass": "drain", "width": 0, "name": null }, "geometry": { "type": "LineString", "coordinates": [ [ 73.8050529, 15.5944675 ], [ 73.8048411, 15.5939548 ] ] } },
{ "type": "Feature", "properties": { "osm_id": "1385234747", "code": 8102, "fclass": "stream", "width": 0, "name": null }, "geometry": { "type": "LineString", "coordinates": [ [ 73.7858951, 15.6099015 ], [ 73.7856881, 15.6100762 ], [ 73.7855278, 15.6102779 ], [ 73.7854556, 15.6105114 ], [ 73.785346, 15.6107872 ] ] } },
{ "type": "Feature", "properties": { "osm_id": "1385234749", "code": 8104, "fclass": "drain", "width": 0, "name": null }, "geometry": { "type": "LineString", "coordinates": [ [ 73.8043862, 15.5975241 ], [ 73.8043459, 15.5972742 ], [ 73.8043012, 15.5968242 ], [ 73.8042561, 15.5967081 ], [ 73.8039823, 15.5964187 ], [ 73.803575, 15.5960092 ], [ 73.8032625, 15.5955912 ], [ 73.8028875, 15.595387 ] ] } },
{ "type": "Feature", "properties": { "osm_id": "1385234750", "code": 8102, "fclass": "stream", "width": 0, "name": null }, "geometry": { "type": "LineString", "coordinates": [ [ 73.7848873, 15.6118069 ], [ 73.7850218, 15.6120639 ], [ 73.7851333, 15.6122444 ], [ 73.7851432, 15.6123616 ], [ 73.7852056, 15.6126573 ], [ 73.7851794, 15.6128686 ], [ 73.7851575, 15.613046 ], [ 73.7851282, 15.6135494 ], [ 73.7850614, 15.6145685 ], [ 73.7850548, 15.6151394 ], [ 73.7850648, 15.6155689 ] ] } },
{ "type": "Feature", "properties": { "osm_id": "1385737265", "code": 8104, "fclass": "drain", "width": 0, "name": null }, "geometry": { "type": "LineString", "coordinates": [ [ 73.7900725, 15.6157953 ], [ 73.7900705, 15.6162069 ] ] } },
{ "type": "Feature", "properties": { "osm_id": "1385737266", "code": 8104, "fclass": "drain", "width": 0, "name": null }, "geometry": { "type": "LineString", "coordinates": [ [ 73.7900705, 15.6162069 ], [ 73.7900699, 15.616315 ] ] } },
{ "type": "Feature", "properties": { "osm_id": "1385790138", "code": 8104, "fclass": "drain", "width": 0, "name": null }, "geometry": { "type": "LineString", "coordinates": [ [ 73.8163826, 15.6026495 ], [ 73.8162058, 15.6027999 ], [ 73.8160943, 15.6032135 ] ] } },
{ "type": "Feature", "properties": { "osm_id": "1385790141", "code": 8104, "fclass": "drain", "width": 0, "name": null }, "geometry": { "type": "LineString", "coordinates": [ [ 73.8160943, 15.6032135 ], [ 73.8157707, 15.6037246 ], [ 73.8156474, 15.6038796 ], [ 73.8156601, 15.6039123 ], [ 73.8157439, 15.6041276 ], [ 73.816511, 15.6045409 ], [ 73.816672, 15.6046184 ], [ 73.8182813, 15.6047476 ], [ 73.8185549, 15.6048096 ], [ 73.8186353, 15.6049181 ], [ 73.8186085, 15.6054761 ], [ 73.8186997, 15.6055691 ], [ 73.818748, 15.6056621 ], [ 73.8187694, 15.6058636 ], [ 73.8187104, 15.6059979 ], [ 73.8187641, 15.6060754 ], [ 73.8188875, 15.6062201 ], [ 73.8189197, 15.6065611 ], [ 73.8189143, 15.6067677 ], [ 73.8190967, 15.6075892 ], [ 73.8190538, 15.6080387 ], [ 73.8191771, 15.6088912 ], [ 73.8191664, 15.6090617 ], [ 73.8190055, 15.6096197 ], [ 73.8183042, 15.6099972 ], [ 73.8181418, 15.6100847 ], [ 73.8171655, 15.6103327 ] ] } },
{ "type": "Feature", "properties": { "osm_id": "1386517555", "code": 8102, "fclass": "stream", "width": 0, "name": null }, "geometry": { "type": "LineString", "coordinates": [ [ 73.7904738, 15.5810057 ], [ 73.7906063, 15.5809639 ], [ 73.7906384, 15.5806332 ], [ 73.790676, 15.5796101 ], [ 73.7908101, 15.5791244 ], [ 73.7910461, 15.5788092 ], [ 73.7911534, 15.5786645 ], [ 73.7914235, 15.5785519 ] ] } },
{ "type": "Feature", "properties": { "osm_id": "1386517556", "code": 8102, "fclass": "stream", "width": 0, "name": null }, "geometry": { "type": "LineString", "coordinates": [ [ 73.7904703, 15.5811019 ], [ 73.7904738, 15.5810057 ] ] } },
{ "type": "Feature", "properties": { "osm_id": "1386517557", "code": 8102, "fclass": "stream", "width": 0, "name": null }, "geometry": { "type": "LineString", "coordinates": [ [ 73.7902898, 15.5868494 ], [ 73.7901074, 15.5858418 ], [ 73.7900644, 15.5855008 ], [ 73.7900698, 15.5853303 ], [ 73.7899679, 15.5851494 ], [ 73.7896836, 15.5850926 ], [ 73.7893027, 15.5849892 ], [ 73.7885249, 15.5844932 ], [ 73.7880528, 15.5842968 ], [ 73.7878758, 15.5840901 ], [ 73.7878436, 15.5840126 ], [ 73.7878811, 15.5838163 ], [ 73.7878275, 15.5834959 ], [ 73.7878329, 15.5833667 ], [ 73.7878972, 15.5833047 ], [ 73.787924, 15.5832272 ], [ 73.7878436, 15.5831135 ], [ 73.7876397, 15.5830515 ], [ 73.787393, 15.5829017 ], [ 73.7871462, 15.5829533 ], [ 73.7869853, 15.5829327 ], [ 73.7869585, 15.5828035 ], [ 73.7871033, 15.5825193 ], [ 73.7870389, 15.5823643 ], [ 73.7868565, 15.5821731 ], [ 73.7867707, 15.5817959 ], [ 73.786658, 15.5815013 ], [ 73.7866737, 15.5814268 ] ] } },
{ "type": "Feature", "properties": { "osm_id": "1386517558", "code": 8102, "fclass": "stream", "width": 0, "name": null }, "geometry": { "type": "LineString", "coordinates": [ [ 73.7866737, 15.5814268 ], [ 73.7866975, 15.581314 ] ] } },
{ "type": "Feature", "properties": { "osm_id": "1386539785", "code": 8104, "fclass": "drain", "width": 0, "name": null }, "geometry": { "type": "LineString", "coordinates": [ [ 73.8169616, 15.5424227 ], [ 73.8169295, 15.5427948 ], [ 73.8165754, 15.5432961 ] ] } },
{ "type": "Feature", "properties": { "osm_id": "1386539786", "code": 8104, "fclass": "drain", "width": 0, "name": null }, "geometry": { "type": "LineString", "coordinates": [ [ 73.8165754, 15.5432961 ], [ 73.8165308, 15.5433913 ] ] } },
{ "type": "Feature", "properties": { "osm_id": "1386539787", "code": 8104, "fclass": "drain", "width": 0, "name": null }, "geometry": { "type": "LineString", "coordinates": [ [ 73.8165308, 15.5433913 ], [ 73.816452, 15.5435597 ], [ 73.8162604, 15.5437723 ], [ 73.8159452, 15.5441221 ] ] } },
{ "type": "Feature", "properties": { "osm_id": "1386986636", "code": 8104, "fclass": "drain", "width": 0, "name": null }, "geometry": { "type": "LineString", "coordinates": [ [ 73.812024, 15.6033641 ], [ 73.8124283, 15.6032114 ], [ 73.8125514, 15.6032397 ] ] } },
{ "type": "Feature", "properties": { "osm_id": "1386986639", "code": 8104, "fclass": "drain", "width": 0, "name": null }, "geometry": { "type": "LineString", "coordinates": [ [ 73.8121978, 15.6011256 ], [ 73.8121526, 15.6015488 ], [ 73.8121578, 15.6018756 ], [ 73.8122245, 15.6023087 ], [ 73.8123377, 15.602322 ], [ 73.8124931, 15.6029979 ], [ 73.8125514, 15.6032397 ], [ 73.8126609, 15.6036935 ], [ 73.8129523, 15.6042704 ] ] } },
{ "type": "Feature", "properties": { "osm_id": "1395482480", "code": 8102, "fclass": "stream", "width": 0, "name": null }, "geometry": { "type": "LineString", "coordinates": [ [ 73.9015077, 15.4895309 ], [ 73.9016264, 15.4897975 ], [ 73.9017389, 15.4901004 ], [ 73.9017489, 15.4901379 ], [ 73.9017669, 15.4902053 ], [ 73.9018042, 15.4903132 ], [ 73.9023256, 15.4913334 ], [ 73.9028192, 15.492145 ], [ 73.9028674, 15.4929566 ], [ 73.9024973, 15.4935873 ], [ 73.9017999, 15.4946574 ], [ 73.9013197, 15.4952744 ], [ 73.9011589, 15.4955413 ], [ 73.9010248, 15.4958851 ], [ 73.901014, 15.4962495 ], [ 73.901065, 15.4963684 ], [ 73.9014754, 15.4972731 ], [ 73.901521, 15.4973946 ], [ 73.9012367, 15.4979244 ], [ 73.9011937, 15.4982036 ], [ 73.9012876, 15.4991108 ], [ 73.9013252, 15.5002144 ], [ 73.90147, 15.5010105 ] ] } },
{ "type": "Feature", "properties": { "osm_id": "1395556210", "code": 8102, "fclass": "stream", "width": 0, "name": null }, "geometry": { "type": "LineString", "coordinates": [ [ 73.8994664, 15.4940835 ], [ 73.899807, 15.494386 ], [ 73.8999921, 15.4946548 ], [ 73.9002603, 15.4948409 ], [ 73.9004159, 15.4952596 ], [ 73.9004186, 15.4955051 ], [ 73.9006358, 15.4957843 ], [ 73.9010248, 15.4958851 ] ] } },
{ "type": "Feature", "properties": { "osm_id": "1395649288", "code": 8104, "fclass": "drain", "width": 0, "name": null }, "geometry": { "type": "LineString", "coordinates": [ [ 73.8140168, 15.6010918 ], [ 73.813825, 15.6013766 ] ] } },
{ "type": "Feature", "properties": { "osm_id": "1395649295", "code": 8102, "fclass": "stream", "width": 0, "name": null }, "geometry": { "type": "LineString", "coordinates": [ [ 73.8137284, 15.6009096 ], [ 73.8138549, 15.6009643 ], [ 73.8139348, 15.6010092 ], [ 73.8140168, 15.6010918 ] ] } },
{ "type": "Feature", "properties": { "osm_id": "1395653902", "code": 8104, "fclass": "drain", "width": 0, "name": null }, "geometry": { "type": "LineString", "coordinates": [ [ 73.8133949, 15.6020669 ], [ 73.8133903, 15.60221 ], [ 73.8133886, 15.602318 ] ] } },
{ "type": "Feature", "properties": { "osm_id": "1395653903", "code": 8104, "fclass": "drain", "width": 0, "name": null }, "geometry": { "type": "LineString", "coordinates": [ [ 73.8131084, 15.6019659 ], [ 73.8133977, 15.6019783 ], [ 73.8133949, 15.6020669 ] ] } },
{ "type": "Feature", "properties": { "osm_id": "1395653904", "code": 8104, "fclass": "drain", "width": 0, "name": null }, "geometry": { "type": "LineString", "coordinates": [ [ 73.8130718, 15.6017985 ], [ 73.8131102, 15.6018731 ], [ 73.8131084, 15.6019659 ] ] } },
{ "type": "Feature", "properties": { "osm_id": "1395653905", "code": 8104, "fclass": "drain", "width": 0, "name": null }, "geometry": { "type": "LineString", "coordinates": [ [ 73.8133886, 15.602318 ], [ 73.8133924, 15.6025634 ] ] } },
{ "type": "Feature", "properties": { "osm_id": "1395653907", "code": 8104, "fclass": "drain", "width": 0, "name": null }, "geometry": { "type": "LineString", "coordinates": [ [ 73.8133958, 15.6027842 ], [ 73.813395, 15.6033741 ], [ 73.8135575, 15.6037283 ], [ 73.8135713, 15.6040578 ], [ 73.8137832, 15.6040527 ], [ 73.8138793, 15.6039811 ], [ 73.8139777, 15.6039625 ], [ 73.8140414, 15.6040566 ], [ 73.8142164, 15.6039697 ], [ 73.8143383, 15.603942 ], [ 73.8145079, 15.6040483 ], [ 73.8152665, 15.6041004 ], [ 73.8156601, 15.6039123 ] ] } },
{ "type": "Feature", "properties": { "osm_id": "1395653911", "code": 8104, "fclass": "drain", "width": 0, "name": null }, "geometry": { "type": "LineString", "coordinates": [ [ 73.8133924, 15.6025634 ], [ 73.8133958, 15.6027842 ] ] } },
{ "type": "Feature", "properties": { "osm_id": "1395771940", "code": 8102, "fclass": "stream", "width": 0, "name": null }, "geometry": { "type": "LineString", "coordinates": [ [ 73.8514334, 15.561255 ], [ 73.8521254, 15.5603919 ], [ 73.8525063, 15.5601697 ], [ 73.8532197, 15.5595806 ], [ 73.8541263, 15.5594204 ], [ 73.8552743, 15.5590742 ], [ 73.8557625, 15.5587279 ], [ 73.8563311, 15.5582473 ], [ 73.8567442, 15.558237 ], [ 73.8569748, 15.5581181 ], [ 73.8575327, 15.5582163 ], [ 73.8588202, 15.5585212 ], [ 73.8593405, 15.5592912 ], [ 73.8602471, 15.5604281 ], [ 73.8605154, 15.5606038 ], [ 73.8608158, 15.5606762 ] ] } },
{ "type": "Feature", "properties": { "osm_id": "1395771968", "code": 8102, "fclass": "stream", "width": 0, "name": null }, "geometry": { "type": "LineString", "coordinates": [ [ 73.8465357, 15.5489915 ], [ 73.8462782, 15.548361 ], [ 73.8463211, 15.5482266 ], [ 73.8462353, 15.5480405 ], [ 73.845849, 15.5470276 ], [ 73.8455915, 15.5462317 ], [ 73.8452375, 15.5451981 ], [ 73.8452911, 15.5445107 ], [ 73.8452965, 15.5444642 ] ] } },
{ "type": "Feature", "properties": { "osm_id": "1395771969", "code": 8102, "fclass": "stream", "width": 0, "name": null }, "geometry": { "type": "LineString", "coordinates": [ [ 73.8493574, 15.5463144 ], [ 73.8489175, 15.5456735 ], [ 73.8487565, 15.5451619 ], [ 73.848424, 15.5448518 ], [ 73.8478231, 15.5445934 ], [ 73.8475496, 15.5445934 ], [ 73.847115, 15.5446451 ], [ 73.8465357, 15.5446812 ], [ 73.8464284, 15.5445727 ], [ 73.8464338, 15.5443246 ], [ 73.8462299, 15.5443246 ], [ 73.8458812, 15.5444125 ], [ 73.8457739, 15.54449 ], [ 73.845495, 15.5443711 ], [ 73.8452965, 15.5444642 ], [ 73.8450175, 15.5442988 ], [ 73.8444114, 15.5441696 ], [ 73.8440895, 15.5439008 ], [ 73.844068, 15.5436889 ], [ 73.8443685, 15.5425468 ], [ 73.8443148, 15.542371 ], [ 73.8442397, 15.5422987 ], [ 73.844347, 15.5419007 ], [ 73.8444114, 15.5406965 ], [ 73.842507, 15.5394613 ], [ 73.8420428, 15.5391833 ] ] } },
{ "type": "Feature", "properties": { "osm_id": "1395771970", "code": 8102, "fclass": "stream", "width": 0, "name": null }, "geometry": { "type": "LineString", "coordinates": [ [ 73.845967, 15.5569295 ], [ 73.8457525, 15.5563714 ], [ 73.8457096, 15.5553378 ], [ 73.8447225, 15.5544902 ], [ 73.8445616, 15.5539321 ], [ 73.8440037, 15.5533533 ], [ 73.8437784, 15.5531982 ], [ 73.8435209, 15.5527435 ], [ 73.8433492, 15.5526918 ], [ 73.842051, 15.5518959 ], [ 73.8413215, 15.5514825 ], [ 73.8402486, 15.5509553 ], [ 73.8398945, 15.5507383 ], [ 73.8401198, 15.549591 ], [ 73.8404846, 15.5487847 ], [ 73.8408011, 15.54864 ] ] } },
{ "type": "Feature", "properties": { "osm_id": "1395771971", "code": 8102, "fclass": "stream", "width": 0, "name": null }, "geometry": { "type": "LineString", "coordinates": [ [ 73.844229, 15.5579631 ], [ 73.8439608, 15.5565471 ], [ 73.84395, 15.5559373 ], [ 73.843832, 15.5555858 ], [ 73.8437033, 15.553715 ], [ 73.8433492, 15.5526918 ] ] } },
{ "type": "Feature", "properties": { "osm_id": "1395771972", "code": 8102, "fclass": "stream", "width": 0, "name": null }, "geometry": { "type": "LineString", "coordinates": [ [ 73.8447601, 15.5613428 ], [ 73.8446259, 15.5610173 ], [ 73.8446528, 15.5605211 ], [ 73.8449049, 15.5600612 ], [ 73.8456452, 15.5594204 ], [ 73.8459992, 15.5590897 ], [ 73.8460958, 15.5580148 ], [ 73.8463855, 15.5576323 ], [ 73.8462782, 15.5572602 ], [ 73.8464391, 15.5567124 ], [ 73.8466859, 15.5555858 ], [ 73.8466966, 15.555007 ], [ 73.8462567, 15.5543869 ], [ 73.8459349, 15.5542422 ], [ 73.845495, 15.5539941 ], [ 73.8454628, 15.5537357 ], [ 73.8451195, 15.5532603 ], [ 73.8447601, 15.553007 ], [ 73.8443685, 15.5525212 ], [ 73.8443255, 15.552144 ], [ 73.8439178, 15.5517305 ], [ 73.8434726, 15.5514876 ], [ 73.8432419, 15.5514773 ], [ 73.84314, 15.5513998 ], [ 73.842963, 15.5506297 ], [ 73.8430059, 15.5502111 ], [ 73.8425767, 15.5500199 ], [ 73.8425606, 15.5497667 ], [ 73.8423783, 15.5494463 ], [ 73.8418633, 15.5491827 ], [ 73.8413322, 15.5488054 ], [ 73.8408011, 15.54864 ], [ 73.8403344, 15.5483765 ], [ 73.8400286, 15.5483196 ], [ 73.839739, 15.5481697 ], [ 73.8396209, 15.548025 ], [ 73.8393581, 15.5475082 ], [ 73.83946, 15.5471206 ], [ 73.8404846, 15.5459164 ], [ 73.8413161, 15.5449086 ], [ 73.8415629, 15.544459 ], [ 73.8416862, 15.5440765 ], [ 73.8414985, 15.5435701 ], [ 73.8413536, 15.5434357 ], [ 73.8406992, 15.5426191 ], [ 73.8404149, 15.542278 ], [ 73.8402164, 15.5418697 ], [ 73.840313, 15.5416268 ], [ 73.8401487, 15.5411596 ] ] } },
{ "type": "Feature", "properties": { "osm_id": "1395771976", "code": 8104, "fclass": "drain", "width": 0, "name": null }, "geometry": { "type": "LineString", "coordinates": [ [ 73.8400152, 15.5368358 ], [ 73.8407582, 15.5372492 ], [ 73.8409245, 15.5370089 ], [ 73.8413134, 15.5360734 ], [ 73.8413697, 15.5360398 ], [ 73.8414605, 15.5360391 ], [ 73.8416031, 15.5359752 ] ] } },
{ "type": "Feature", "properties": { "osm_id": "1395771977", "code": 8102, "fclass": "stream", "width": 0, "name": null }, "geometry": { "type": "LineString", "coordinates": [ [ 73.8298577, 15.5320704 ], [ 73.8298577, 15.5321893 ], [ 73.8301527, 15.5330525 ], [ 73.8300937, 15.533285 ], [ 73.8300211, 15.5335843 ] ] } },
{ "type": "Feature", "properties": { "osm_id": "1395771978", "code": 8102, "fclass": "stream", "width": 0, "name": null }, "geometry": { "type": "LineString", "coordinates": [ [ 73.8313436, 15.5324219 ], [ 73.8312578, 15.532794 ], [ 73.8312578, 15.5332437 ], [ 73.8311988, 15.5334039 ], [ 73.8311183, 15.533745 ], [ 73.8309896, 15.5339828 ] ] } },
{ "type": "Feature", "properties": { "osm_id": "1395771979", "code": 8102, "fclass": "stream", "width": 0, "name": null }, "geometry": { "type": "LineString", "coordinates": [ [ 73.8272399, 15.5322875 ], [ 73.8274974, 15.5324994 ], [ 73.8279426, 15.5330059 ] ] } },
{ "type": "Feature", "properties": { "osm_id": "1395771980", "code": 8102, "fclass": "stream", "width": 0, "name": null }, "geometry": { "type": "LineString", "coordinates": [ [ 73.8268322, 15.5332334 ], [ 73.8274866, 15.533037 ], [ 73.8279426, 15.5330059 ], [ 73.8280606, 15.5330266 ], [ 73.8285273, 15.5332334 ], [ 73.8292462, 15.5333626 ], [ 73.8297826, 15.5334246 ], [ 73.8300211, 15.5335843 ], [ 73.8300991, 15.5336365 ], [ 73.8302869, 15.5337037 ], [ 73.8305122, 15.5337089 ], [ 73.8309896, 15.5339828 ], [ 73.8314134, 15.5345668 ], [ 73.8315904, 15.5347219 ], [ 73.8319015, 15.5352801 ], [ 73.8327706, 15.5357814 ], [ 73.8328671, 15.5358796 ], [ 73.8332426, 15.5359623 ], [ 73.8336074, 15.5359054 ], [ 73.8338005, 15.5359158 ], [ 73.8340634, 15.5359726 ], [ 73.8342833, 15.5359675 ], [ 73.8356084, 15.5362414 ], [ 73.835721, 15.5363344 ], [ 73.8360912, 15.5364481 ], [ 73.8362843, 15.5365773 ], [ 73.8376576, 15.537027 ], [ 73.838135, 15.5369753 ], [ 73.8384113, 15.5368849 ], [ 73.8388056, 15.5369908 ], [ 73.8394868, 15.536722 ], [ 73.8395968, 15.5366781 ], [ 73.8397738, 15.5367246 ], [ 73.8400152, 15.5368358 ] ] } },
{ "type": "Feature", "properties": { "osm_id": "1395896543", "code": 8102, "fclass": "stream", "width": 0, "name": null }, "geometry": { "type": "LineString", "coordinates": [ [ 73.7992966, 15.6159383 ], [ 73.7989533, 15.6162251 ], [ 73.7987736, 15.6164756 ], [ 73.7985966, 15.6166384 ], [ 73.7979561, 15.6168396 ], [ 73.7975422, 15.6170295 ], [ 73.7973653, 15.617147 ], [ 73.7973167, 15.6172943 ] ] } },
{ "type": "Feature", "properties": { "osm_id": "1395896549", "code": 8104, "fclass": "drain", "width": 0, "name": null }, "geometry": { "type": "LineString", "coordinates": [ [ 73.8094971, 15.612482 ], [ 73.8096178, 15.6128126 ], [ 73.8096017, 15.6130916 ], [ 73.8096896, 15.6138186 ] ] } },
{ "type": "Feature", "properties": { "osm_id": "1395896550", "code": 8104, "fclass": "drain", "width": 0, "name": null }, "geometry": { "type": "LineString", "coordinates": [ [ 73.8074183, 15.6115597 ], [ 73.8071635, 15.6118671 ], [ 73.8072574, 15.6122236 ], [ 73.8072842, 15.6125491 ], [ 73.8074237, 15.6128359 ], [ 73.807582, 15.6129728 ], [ 73.8076332, 15.6129927 ], [ 73.8076674, 15.6130073 ] ] } },
{ "type": "Feature", "properties": { "osm_id": "1396019051", "code": 8104, "fclass": "drain", "width": 0, "name": null }, "geometry": { "type": "LineString", "coordinates": [ [ 73.8137215, 15.5994646 ], [ 73.8142821, 15.599338 ], [ 73.8146067, 15.5992915 ], [ 73.8149205, 15.5991985 ], [ 73.8153926, 15.59909 ], [ 73.8156018, 15.5990796 ] ] } },
{ "type": "Feature", "properties": { "osm_id": "1396140013", "code": 8104, "fclass": "drain", "width": 0, "name": null }, "geometry": { "type": "LineString", "coordinates": [ [ 73.872647, 15.5203014 ], [ 73.8730077, 15.5199292 ], [ 73.8731056, 15.519707 ], [ 73.8733739, 15.5192004 ], [ 73.8734409, 15.5191862 ], [ 73.8735442, 15.5190428 ], [ 73.8741542, 15.5181947 ] ] } },
{ "type": "Feature", "properties": { "osm_id": "1408710409", "code": 8104, "fclass": "drain", "width": 0, "name": null }, "geometry": { "type": "LineString", "coordinates": [ [ 73.8100602, 15.5914944 ], [ 73.8100546, 15.5909951 ] ] } },
{ "type": "Feature", "properties": { "osm_id": "1408799383", "code": 8104, "fclass": "drain", "width": 0, "name": null }, "geometry": { "type": "LineString", "coordinates": [ [ 73.7722573, 15.5948635 ], [ 73.7713829, 15.5951166 ], [ 73.7712541, 15.5951839 ] ] } },
{ "type": "Feature", "properties": { "osm_id": "1408799384", "code": 8104, "fclass": "drain", "width": 0, "name": null }, "geometry": { "type": "LineString", "coordinates": [ [ 73.7723401, 15.5948289 ], [ 73.7722573, 15.5948635 ] ] } },
{ "type": "Feature", "properties": { "osm_id": "1408799385", "code": 8104, "fclass": "drain", "width": 0, "name": null }, "geometry": { "type": "LineString", "coordinates": [ [ 73.7754759, 15.5919777 ], [ 73.7751031, 15.5929801 ], [ 73.7750938, 15.5930209 ] ] } },
{ "type": "Feature", "properties": { "osm_id": "1408799386", "code": 8104, "fclass": "drain", "width": 0, "name": null }, "geometry": { "type": "LineString", "coordinates": [ [ 73.7750938, 15.5930209 ], [ 73.7750757, 15.5931001 ] ] } },
{ "type": "Feature", "properties": { "osm_id": "1409118717", "code": 8104, "fclass": "drain", "width": 0, "name": null }, "geometry": { "type": "LineString", "coordinates": [ [ 73.8105141, 15.6040421 ], [ 73.8109401, 15.6043782 ], [ 73.8112566, 15.6047217 ], [ 73.8113719, 15.6048251 ], [ 73.8115624, 15.6048742 ], [ 73.8115919, 15.6048354 ], [ 73.8116857, 15.6047682 ], [ 73.8122025, 15.6051472 ], [ 73.8128579, 15.6055122 ], [ 73.8127868, 15.6057511 ], [ 73.8128707, 15.605777 ], [ 73.8128822, 15.6057974 ], [ 73.812764, 15.606233 ], [ 73.8131886, 15.6063671 ], [ 73.8137932, 15.6064171 ], [ 73.8142216, 15.6063957 ], [ 73.8143977, 15.6063993 ], [ 73.8144385, 15.6067904 ], [ 73.8145637, 15.6068142 ], [ 73.8169765, 15.6065619 ], [ 73.8173801, 15.6065197 ] ] } },
{ "type": "Feature", "properties": { "osm_id": "1409118720", "code": 8102, "fclass": "stream", "width": 0, "name": null }, "geometry": { "type": "LineString", "coordinates": [ [ 73.8096103, 15.6017573 ], [ 73.8092961, 15.601921 ], [ 73.809272, 15.6019957 ], [ 73.8093738, 15.6021525 ], [ 73.8095777, 15.6025983 ], [ 73.8096324, 15.6030982 ], [ 73.8096576, 15.6034365 ], [ 73.8097375, 15.6037745 ] ] } },
{ "type": "Feature", "properties": { "osm_id": "1409729187", "code": 8104, "fclass": "drain", "width": 0, "name": null }, "geometry": { "type": "LineString", "coordinates": [ [ 73.7698929, 15.6179327 ], [ 73.7700232, 15.6177082 ] ] } },
{ "type": "Feature", "properties": { "osm_id": "1409729191", "code": 8104, "fclass": "drain", "width": 0, "name": null }, "geometry": { "type": "LineString", "coordinates": [ [ 73.7695053, 15.6268323 ], [ 73.7696347, 15.6266801 ], [ 73.7697807, 15.6266243 ] ] } },
{ "type": "Feature", "properties": { "osm_id": "1409959448", "code": 8104, "fclass": "drain", "width": 0, "name": null }, "geometry": { "type": "LineString", "coordinates": [ [ 73.8079164, 15.6129935 ], [ 73.8081264, 15.6129469 ], [ 73.8083464, 15.6130632 ], [ 73.8084, 15.6133706 ], [ 73.8080353, 15.6135876 ], [ 73.8080757, 15.6139411 ] ] } },
{ "type": "Feature", "properties": { "osm_id": "1409959453", "code": 8104, "fclass": "drain", "width": 0, "name": null }, "geometry": { "type": "LineString", "coordinates": [ [ 73.8076674, 15.6130073 ], [ 73.8077348, 15.6130322 ], [ 73.8079164, 15.6129935 ] ] } },
{ "type": "Feature", "properties": { "osm_id": "1410331155", "code": 8104, "fclass": "drain", "width": 0, "name": null }, "geometry": { "type": "LineString", "coordinates": [ [ 73.8060334, 15.5539422 ], [ 73.8059821, 15.5524448 ] ] } },
{ "type": "Feature", "properties": { "osm_id": "1410332121", "code": 8104, "fclass": "drain", "width": 0, "name": null }, "geometry": { "type": "LineString", "coordinates": [ [ 73.8045568, 15.5780077 ], [ 73.8043794, 15.5773102 ] ] } },
{ "type": "Feature", "properties": { "osm_id": "1410333018", "code": 8104, "fclass": "drain", "width": 0, "name": null }, "geometry": { "type": "LineString", "coordinates": [ [ 73.8056655, 15.5782483 ], [ 73.8061056, 15.5781895 ] ] } },
{ "type": "Feature", "properties": { "osm_id": "1410964967", "code": 8102, "fclass": "stream", "width": 0, "name": null }, "geometry": { "type": "LineString", "coordinates": [ [ 73.8480699, 15.463385 ], [ 73.8479733, 15.4634832 ], [ 73.847056, 15.4636693 ], [ 73.8469166, 15.463871 ], [ 73.8466698, 15.4642329 ], [ 73.845908, 15.4658408 ], [ 73.8455808, 15.46627 ], [ 73.8453501, 15.4661924 ], [ 73.8448727, 15.4661717 ], [ 73.8447386, 15.4664302 ], [ 73.8441807, 15.4665905 ], [ 73.8435155, 15.4668076 ], [ 73.84314, 15.4670041 ], [ 73.8422897, 15.467366 ] ] } },
{ "type": "Feature", "properties": { "osm_id": "1410964968", "code": 8102, "fclass": "stream", "width": 0, "name": "Rio de Ourém" }, "geometry": { "type": "LineString", "coordinates": [ [ 73.8411981, 15.4604948 ], [ 73.8404417, 15.4609963 ], [ 73.8403827, 15.4614823 ], [ 73.8404846, 15.4621338 ], [ 73.8407099, 15.4630541 ], [ 73.8408411, 15.4638157 ], [ 73.8407958, 15.463902 ], [ 73.8409245, 15.4641036 ], [ 73.8412088, 15.464176 ], [ 73.8415414, 15.4640881 ], [ 73.8419062, 15.4642743 ], [ 73.8423032, 15.4648637 ], [ 73.8426411, 15.4653135 ], [ 73.8428342, 15.4657167 ], [ 73.8428879, 15.4659235 ], [ 73.8428986, 15.4662855 ], [ 73.8427028, 15.4668051 ], [ 73.8425231, 15.4670791 ], [ 73.8422897, 15.467366 ] ] } },
{ "type": "Feature", "properties": { "osm_id": "1410977904", "code": 8102, "fclass": "stream", "width": 0, "name": "Rio de Ourém" }, "geometry": { "type": "LineString", "coordinates": [ [ 73.8457015, 15.4569867 ], [ 73.8453957, 15.4572401 ], [ 73.8450256, 15.4576511 ], [ 73.8448352, 15.4581888 ], [ 73.8448148, 15.4582472 ], [ 73.8447171, 15.4585275 ], [ 73.8444409, 15.4587343 ], [ 73.8440841, 15.4588558 ], [ 73.8438105, 15.4588403 ], [ 73.8436389, 15.4590575 ], [ 73.8426626, 15.4596986 ], [ 73.8421476, 15.4599778 ], [ 73.8411981, 15.4604948 ] ] } },
{ "type": "Feature", "properties": { "osm_id": "1411085636", "code": 8102, "fclass": "stream", "width": 0, "name": null }, "geometry": { "type": "LineString", "coordinates": [ [ 73.8520718, 15.4755243 ], [ 73.8513207, 15.475333 ], [ 73.8509908, 15.4753227 ], [ 73.8504356, 15.4751831 ] ] } },
{ "type": "Feature", "properties": { "osm_id": "1411085639", "code": 8104, "fclass": "drain", "width": 0, "name": null }, "geometry": { "type": "LineString", "coordinates": [ [ 73.8579565, 15.4793139 ], [ 73.8577044, 15.4791174 ], [ 73.8572055, 15.4791588 ], [ 73.8562024, 15.4792622 ], [ 73.8554996, 15.4793294 ], [ 73.8546359, 15.479257 ], [ 73.8545823, 15.4791536 ], [ 73.8545287, 15.478983 ], [ 73.8544106, 15.478983 ], [ 73.8528013, 15.4791639 ], [ 73.8526189, 15.4791949 ], [ 73.8525599, 15.4798153 ], [ 73.8524741, 15.4803323 ], [ 73.8523292, 15.4803375 ], [ 73.8517231, 15.4801048 ], [ 73.8513315, 15.4799704 ], [ 73.8508809, 15.4800428 ], [ 73.8505804, 15.4803788 ], [ 73.850323, 15.481237 ], [ 73.850103, 15.4823744 ], [ 73.8499314, 15.482912 ] ] } },
{ "type": "Feature", "properties": { "osm_id": "1411085642", "code": 8102, "fclass": "stream", "width": 0, "name": null }, "geometry": { "type": "LineString", "coordinates": [ [ 73.8516132, 15.4719075 ], [ 73.8515702, 15.4720863 ], [ 73.8513154, 15.4724689 ], [ 73.8512027, 15.472655 ], [ 73.8511652, 15.4727481 ], [ 73.8507897, 15.4728308 ], [ 73.8506019, 15.4730376 ], [ 73.850618, 15.4732289 ], [ 73.8507253, 15.4737924 ], [ 73.8506395, 15.474268 ], [ 73.8505697, 15.474511 ], [ 73.8504893, 15.474511 ], [ 73.8502425, 15.4744231 ], [ 73.8502103, 15.4745214 ], [ 73.8502961, 15.4747437 ], [ 73.8504624, 15.4751004 ], [ 73.8504356, 15.4751831 ], [ 73.8503069, 15.4753279 ], [ 73.85028, 15.475545 ], [ 73.8501996, 15.4755812 ], [ 73.8500333, 15.4756898 ], [ 73.8497972, 15.4760258 ], [ 73.8497657, 15.4761009 ], [ 73.8497704, 15.4762597 ], [ 73.8498603, 15.4764226 ], [ 73.8498549, 15.4764704 ], [ 73.8497543, 15.4766242 ], [ 73.8496524, 15.4771115 ], [ 73.8495719, 15.4776285 ], [ 73.849411, 15.4784815 ], [ 73.8492984, 15.47874 ], [ 73.8492984, 15.4792156 ], [ 73.8490677, 15.4794741 ], [ 73.8487244, 15.4797378 ], [ 73.8485527, 15.4800997 ], [ 73.8485366, 15.4803633 ], [ 73.8482898, 15.4808958 ], [ 73.8481879, 15.4814593 ], [ 73.8481075, 15.4815989 ], [ 73.8474852, 15.4814231 ], [ 73.8472438, 15.482028 ], [ 73.847217, 15.4823434 ], [ 73.8469863, 15.4827776 ], [ 73.8466215, 15.4833204 ], [ 73.8463962, 15.4834497 ], [ 73.8459885, 15.4839253 ], [ 73.8456666, 15.4843285 ], [ 73.8452697, 15.4845818 ], [ 73.8449639, 15.4853573 ], [ 73.8446152, 15.4858691 ], [ 73.844052, 15.4862672 ], [ 73.8440466, 15.4865773 ], [ 73.8443094, 15.4871357 ], [ 73.8447118, 15.4876785 ], [ 73.8447761, 15.4882626 ], [ 73.8447922, 15.4885521 ], [ 73.844921, 15.4887486 ], [ 73.8452321, 15.4889088 ] ] } },
{ "type": "Feature", "properties": { "osm_id": "1411085643", "code": 8102, "fclass": "stream", "width": 0, "name": null }, "geometry": { "type": "LineString", "coordinates": [ [ 73.8535041, 15.4722311 ], [ 73.8530481, 15.4725568 ], [ 73.8526136, 15.4725516 ], [ 73.852399, 15.4726291 ], [ 73.8520235, 15.4727429 ], [ 73.8520235, 15.4724896 ], [ 73.8515836, 15.4724327 ], [ 73.851487, 15.4724068 ], [ 73.8513154, 15.4724689 ] ] } },
{ "type": "Feature", "properties": { "osm_id": "1411125471", "code": 8104, "fclass": "drain", "width": 0, "name": null }, "geometry": { "type": "LineString", "coordinates": [ [ 73.8135432, 15.6079962 ], [ 73.8138959, 15.6085089 ], [ 73.8142607, 15.6085192 ], [ 73.8146415, 15.608651 ], [ 73.8150921, 15.6086587 ], [ 73.8152853, 15.6087931 ], [ 73.8154569, 15.6090385 ], [ 73.8158995, 15.6090255 ] ] } },
{ "type": "Feature", "properties": { "osm_id": "1411378234", "code": 8104, "fclass": "drain", "width": 0, "name": null }, "geometry": { "type": "LineString", "coordinates": [ [ 73.8117274, 15.6066351 ], [ 73.8116592, 15.6069834 ], [ 73.8119256, 15.6070205 ], [ 73.8119973, 15.6070259 ], [ 73.8120477, 15.6066931 ], [ 73.8121461, 15.6065371 ] ] } },
{ "type": "Feature", "properties": { "osm_id": "1412178254", "code": 8102, "fclass": "stream", "width": 0, "name": null }, "geometry": { "type": "LineString", "coordinates": [ [ 73.8131249, 15.5331367 ], [ 73.8130824, 15.533077 ], [ 73.8130242, 15.5329953 ], [ 73.8130113, 15.5327903 ] ] } },
{ "type": "Feature", "properties": { "osm_id": "1412285785", "code": 8102, "fclass": "stream", "width": 0, "name": null }, "geometry": { "type": "LineString", "coordinates": [ [ 73.799479, 15.5311143 ], [ 73.7999242, 15.5310677 ], [ 73.8005948, 15.5307628 ], [ 73.8011098, 15.5305664 ], [ 73.8012761, 15.5304372 ], [ 73.8015926, 15.5303493 ], [ 73.8017267, 15.530463 ], [ 73.8021022, 15.5305716 ], [ 73.802467, 15.5308817 ], [ 73.8031536, 15.53083 ], [ 73.8032126, 15.5307421 ], [ 73.803159, 15.5303855 ], [ 73.8031644, 15.5302563 ], [ 73.8034594, 15.5299927 ] ] } },
{ "type": "Feature", "properties": { "osm_id": "1412285786", "code": 8102, "fclass": "stream", "width": 0, "name": null }, "geometry": { "type": "LineString", "coordinates": [ [ 73.8001764, 15.5339156 ], [ 73.8004178, 15.5337657 ], [ 73.8007665, 15.5335951 ], [ 73.8012975, 15.5333729 ], [ 73.801496, 15.5333729 ], [ 73.8018393, 15.5333677 ], [ 73.8021344, 15.5332799 ], [ 73.8023275, 15.5333832 ], [ 73.8024509, 15.5333987 ], [ 73.8026333, 15.533254 ], [ 73.8029015, 15.5331817 ], [ 73.8030946, 15.533068 ], [ 73.8032985, 15.5328509 ], [ 73.8033146, 15.5325408 ], [ 73.8034058, 15.5323909 ], [ 73.8035452, 15.5323444 ], [ 73.803733, 15.5323754 ], [ 73.8038886, 15.5323444 ], [ 73.8038993, 15.5322668 ], [ 73.8037491, 15.5319464 ], [ 73.8037625, 15.5318715 ], [ 73.803902, 15.5318068 ], [ 73.8039851, 15.5315433 ], [ 73.8040817, 15.5314864 ], [ 73.8044035, 15.5316104 ], [ 73.8046557, 15.5315226 ], [ 73.8049936, 15.5315433 ], [ 73.8051814, 15.5315277 ], [ 73.805235, 15.5314709 ], [ 73.8052082, 15.5312435 ], [ 73.8051921, 15.5310161 ], [ 73.8053691, 15.5309385 ], [ 73.8055703, 15.5309101 ], [ 73.8057795, 15.5309024 ], [ 73.8059592, 15.530985 ], [ 73.806214, 15.5310755 ] ] } },
{ "type": "Feature", "properties": { "osm_id": "1412285787", "code": 8102, "fclass": "stream", "width": 0, "name": null }, "geometry": { "type": "LineString", "coordinates": [ [ 73.806214, 15.5310755 ], [ 73.8061362, 15.5307886 ], [ 73.8060343, 15.5307266 ], [ 73.8058519, 15.5298428 ], [ 73.8057398, 15.5291271 ] ] } },
{ "type": "Feature", "properties": { "osm_id": "1412285788", "code": 8102, "fclass": "stream", "width": 0, "name": null }, "geometry": { "type": "LineString", "coordinates": [ [ 73.8051492, 15.5354713 ], [ 73.8051921, 15.5348821 ], [ 73.8052297, 15.5347064 ], [ 73.8056588, 15.5339621 ], [ 73.8056749, 15.5338536 ], [ 73.8058037, 15.5337502 ], [ 73.8058734, 15.5335848 ], [ 73.8058144, 15.5333626 ], [ 73.8057768, 15.5328819 ], [ 73.805809, 15.5327579 ], [ 73.8060021, 15.5325873 ], [ 73.8060397, 15.5322255 ], [ 73.8062328, 15.5320188 ], [ 73.8062811, 15.5316725 ], [ 73.806214, 15.5310755 ] ] } },
{ "type": "Feature", "properties": { "osm_id": "1412285836", "code": 8102, "fclass": "stream", "width": 0, "name": "Nerul river" }, "geometry": { "type": "LineString", "coordinates": [ [ 73.806847, 15.524868 ], [ 73.8068489, 15.5247465 ], [ 73.8068473, 15.5246386 ] ] } },
{ "type": "Feature", "properties": { "osm_id": "1412668707", "code": 8102, "fclass": "stream", "width": 0, "name": null }, "geometry": { "type": "LineString", "coordinates": [ [ 73.7874037, 15.6188676 ], [ 73.7871623, 15.6184647 ], [ 73.7870067, 15.6177156 ], [ 73.7868699, 15.6173074 ], [ 73.7865293, 15.6171033 ], [ 73.7863228, 15.617031 ], [ 73.786194, 15.6170078 ], [ 73.7860893, 15.6171333 ], [ 73.786017, 15.6178111 ], [ 73.7859338, 15.6179429 ], [ 73.7858038, 15.617939 ], [ 73.785722, 15.6179868 ], [ 73.7856951, 15.6180901 ], [ 73.7857166, 15.6182089 ], [ 73.785679, 15.6183174 ], [ 73.7853277, 15.6184001 ], [ 73.7852311, 15.6184027 ], [ 73.7851265, 15.6183097 ], [ 73.7849843, 15.6182296 ], [ 73.784747, 15.6181702 ], [ 73.7846209, 15.6182193 ], [ 73.7844962, 15.6183678 ], [ 73.784468, 15.6184492 ], [ 73.7845297, 15.6185331 ], [ 73.784519, 15.6185706 ], [ 73.7845244, 15.6186339 ], [ 73.7845096, 15.6186946 ], [ 73.7845176, 15.6187747 ], [ 73.7844868, 15.6188069 ], [ 73.7844667, 15.618878 ], [ 73.7844506, 15.6189219 ], [ 73.7844157, 15.6189542 ], [ 73.7842789, 15.6189529 ], [ 73.7841354, 15.6189723 ], [ 73.7840389, 15.619011 ], [ 73.7839906, 15.6190885 ], [ 73.7839665, 15.6192112 ], [ 73.7839168, 15.6193882 ] ] } },
{ "type": "Feature", "properties": { "osm_id": "1412668709", "code": 8102, "fclass": "stream", "width": 0, "name": null }, "geometry": { "type": "LineString", "coordinates": [ [ 73.7860893, 15.6171333 ], [ 73.7859982, 15.6171576 ], [ 73.7859178, 15.6172377 ], [ 73.7858051, 15.6172764 ], [ 73.7857085, 15.6172118 ], [ 73.7855208, 15.6172454 ], [ 73.7852794, 15.6173668 ] ] } },
{ "type": "Feature", "properties": { "osm_id": "1412668710", "code": 8104, "fclass": "drain", "width": 0, "name": null }, "geometry": { "type": "LineString", "coordinates": [ [ 73.7850648, 15.6155689 ], [ 73.7849119, 15.6164059 ], [ 73.7849602, 15.6168063 ], [ 73.7850621, 15.6169483 ], [ 73.7852955, 15.6169354 ] ] } },
{ "type": "Feature", "properties": { "osm_id": "1413043400", "code": 8102, "fclass": "stream", "width": 0, "name": null }, "geometry": { "type": "LineString", "coordinates": [ [ 73.7646156, 15.6248915 ], [ 73.7643689, 15.6263019 ], [ 73.7644762, 15.6265188 ], [ 73.7642777, 15.6270613 ], [ 73.7638056, 15.6272163 ], [ 73.7637359, 15.6274849 ], [ 73.7634999, 15.6276192 ], [ 73.7633818, 15.6280945 ], [ 73.7633711, 15.6287609 ], [ 73.7635589, 15.6298251 ], [ 73.7636152, 15.6301196 ], [ 73.7635991, 15.6302953 ] ] } },
{ "type": "Feature", "properties": { "osm_id": "1415138961", "code": 8102, "fclass": "stream", "width": 0, "name": null }, "geometry": { "type": "LineString", "coordinates": [ [ 73.8238176, 15.6323508 ], [ 73.8239381, 15.6319975 ], [ 73.8241231, 15.6316358 ], [ 73.8243243, 15.631393 ], [ 73.8244423, 15.6313155 ], [ 73.8244799, 15.6312019 ], [ 73.8245013, 15.6311709 ], [ 73.824614, 15.6311709 ], [ 73.8247105, 15.6312019 ], [ 73.8248152, 15.6312794 ], [ 73.8249788, 15.6313181 ], [ 73.8250646, 15.6312277 ], [ 73.8251156, 15.631158 ], [ 73.8252094, 15.6309074 ], [ 73.825255, 15.6305613 ], [ 73.8252684, 15.6302229 ], [ 73.8251317, 15.6295307 ], [ 73.8250673, 15.629448 ], [ 73.8249305, 15.6293602 ], [ 73.8248795, 15.629244 ], [ 73.8248956, 15.6290916 ], [ 73.8250217, 15.6288565 ], [ 73.825019, 15.6287816 ], [ 73.8249493, 15.6286938 ], [ 73.8248956, 15.6285698 ], [ 73.8249171, 15.6284045 ], [ 73.8249037, 15.6283141 ], [ 73.8246247, 15.6280635 ], [ 73.8245523, 15.6279524 ], [ 73.8245295, 15.6278646 ], [ 73.8245295, 15.6277471 ], [ 73.8244691, 15.6276192 ], [ 73.8242398, 15.6273635 ], [ 73.8241191, 15.6272989 ], [ 73.8238442, 15.6272021 ], [ 73.8235545, 15.6271052 ], [ 73.8233158, 15.6270045 ], [ 73.8230395, 15.6268676 ], [ 73.822884, 15.6267048 ], [ 73.8227177, 15.6266454 ], [ 73.8223985, 15.6263974 ], [ 73.8222697, 15.626307 ], [ 73.822141, 15.6263432 ], [ 73.8220498, 15.626462 ], [ 73.8218835, 15.6266196 ], [ 73.821685, 15.6266661 ], [ 73.8214302, 15.626648 ], [ 73.8212022, 15.6264956 ], [ 73.8211244, 15.6262941 ], [ 73.821052, 15.6255657 ], [ 73.8210037, 15.6254185 ], [ 73.8209233, 15.6253306 ], [ 73.8201749, 15.6250258 ], [ 73.8194964, 15.6247391 ] ] } },
{ "type": "Feature", "properties": { "osm_id": "1415138962", "code": 8101, "fclass": "river", "width": 0, "name": "Fenduem River" }, "geometry": { "type": "LineString", "coordinates": [ [ 73.8194964, 15.6247391 ], [ 73.8194588, 15.6246616 ], [ 73.8194722, 15.6244808 ], [ 73.8195527, 15.62438 ], [ 73.8195553, 15.6242871 ], [ 73.8195312, 15.6242173 ], [ 73.8193998, 15.6241243 ], [ 73.8193434, 15.624052 ], [ 73.8193113, 15.6238815 ], [ 73.8194293, 15.6235483 ], [ 73.8195741, 15.6232383 ], [ 73.819668, 15.623166 ], [ 73.8198316, 15.6231014 ], [ 73.8201132, 15.622918 ], [ 73.8204727, 15.6224014 ], [ 73.8206094, 15.6221844 ], [ 73.8207409, 15.6220707 ], [ 73.8211298, 15.6219106 ], [ 73.8218325, 15.6215645 ], [ 73.8220954, 15.6212235 ], [ 73.8221249, 15.6209858 ], [ 73.8220444, 15.6205131 ], [ 73.8220283, 15.6200507 ], [ 73.8222054, 15.6189503 ], [ 73.8223314, 15.6188212 ], [ 73.822436, 15.61863 ], [ 73.8224333, 15.6185448 ], [ 73.8223153, 15.6182374 ], [ 73.8222724, 15.6170233 ], [ 73.8222939, 15.616362 ], [ 73.8222322, 15.6161708 ], [ 73.8222603, 15.6160106 ], [ 73.822208, 15.6158557 ], [ 73.8219666, 15.6155353 ], [ 73.8218325, 15.615277 ], [ 73.8217816, 15.6150523 ], [ 73.8216153, 15.6149309 ], [ 73.8213283, 15.6148095 ], [ 73.8209796, 15.6144685 ], [ 73.8205987, 15.6140448 ], [ 73.8204378, 15.6140242 ], [ 73.8203707, 15.6138872 ], [ 73.8201937, 15.6135992 ], [ 73.8201159, 15.6135153 ], [ 73.8198785, 15.6134933 ], [ 73.8197954, 15.6134417 ], [ 73.819719, 15.6132311 ], [ 73.8196975, 15.6127584 ], [ 73.8197055, 15.6121358 ], [ 73.8195419, 15.611707 ], [ 73.8193622, 15.6113841 ], [ 73.8192549, 15.6113169 ], [ 73.8192147, 15.6112627 ], [ 73.8186461, 15.6111671 ], [ 73.8185281, 15.6111723 ], [ 73.8184074, 15.6112368 ], [ 73.8181391, 15.6112549 ], [ 73.817946, 15.6113763 ], [ 73.8179326, 15.6114512 ], [ 73.8177851, 15.6115132 ], [ 73.8172004, 15.6117561 ], [ 73.8170877, 15.6117612 ], [ 73.8169321, 15.6116786 ], [ 73.8167953, 15.6116941 ], [ 73.816629, 15.6117509 ], [ 73.816334, 15.6117587 ], [ 73.8161999, 15.6117974 ], [ 73.8158914, 15.6118413 ], [ 73.8156259, 15.6119498 ], [ 73.8153765, 15.6119963 ], [ 73.8149339, 15.6119291 ], [ 73.8147005, 15.6117483 ], [ 73.814545, 15.6116657 ], [ 73.8144216, 15.6116708 ], [ 73.8142938, 15.611755 ], [ 73.8141668, 15.6118387 ], [ 73.8140327, 15.6119343 ], [ 73.8136572, 15.6121616 ], [ 73.8135579, 15.6122856 ], [ 73.8134252, 15.6123386 ], [ 73.8131878, 15.612593 ], [ 73.8129303, 15.6126473 ], [ 73.8126942, 15.6127403 ], [ 73.8125655, 15.6128384 ], [ 73.8125092, 15.6129624 ], [ 73.8123804, 15.6130322 ], [ 73.8123, 15.6130322 ], [ 73.8121685, 15.6129444 ], [ 73.8120371, 15.6129134 ], [ 73.8119432, 15.6129883 ], [ 73.8119218, 15.6131794 ], [ 73.8118038, 15.6134546 ], [ 73.8117461, 15.6135359 ], [ 73.811671, 15.6135876 ], [ 73.8114873, 15.6136147 ], [ 73.8113022, 15.6136599 ], [ 73.8111319, 15.6137193 ], [ 73.810932, 15.6137581 ], [ 73.8105056, 15.6137917 ], [ 73.8101596, 15.6138252 ], [ 73.8096896, 15.6138186 ], [ 73.8096097, 15.6138175 ], [ 73.8091779, 15.6138201 ], [ 73.8087407, 15.6138382 ], [ 73.8083705, 15.6138924 ], [ 73.8080757, 15.6139411 ], [ 73.8078234, 15.6139828 ], [ 73.8077214, 15.6140035 ], [ 73.8075229, 15.6140422 ], [ 73.807295, 15.6141972 ], [ 73.8070855, 15.6143012 ], [ 73.8070002, 15.6143167 ], [ 73.8068747, 15.6142265 ], [ 73.8067589, 15.6141173 ] ] } },
{ "type": "Feature", "properties": { "osm_id": "1418051854", "code": 8104, "fclass": "drain", "width": 0, "name": null }, "geometry": { "type": "LineString", "coordinates": [ [ 73.7923439, 15.6160931 ], [ 73.7922736, 15.6166144 ], [ 73.7921711, 15.6174587 ] ] } },
{ "type": "Feature", "properties": { "osm_id": "1418053327", "code": 8102, "fclass": "stream", "width": 0, "name": null }, "geometry": { "type": "LineString", "coordinates": [ [ 73.7891623, 15.6161658 ], [ 73.7891526, 15.6168415 ], [ 73.7890016, 15.6169972 ], [ 73.7888913, 15.6171672 ] ] } },
{ "type": "Feature", "properties": { "osm_id": "1418362452", "code": 8102, "fclass": "stream", "width": 0, "name": null }, "geometry": { "type": "LineString", "coordinates": [ [ 73.8413, 15.368412 ], [ 73.8412678, 15.3681637 ], [ 73.8412303, 15.3678378 ], [ 73.8410854, 15.3677343 ], [ 73.8408816, 15.3677861 ], [ 73.840211, 15.368055 ], [ 73.8398945, 15.3675843 ], [ 73.8386232, 15.3689551 ], [ 73.838371, 15.3693792 ], [ 73.837679, 15.3698085 ], [ 73.8373572, 15.3701292 ], [ 73.8370621, 15.3701448 ], [ 73.8366088, 15.3704849 ], [ 73.8366169, 15.370565 ], [ 73.8366397, 15.3706387 ], [ 73.8366799, 15.3707228 ], [ 73.8366772, 15.3709064 ], [ 73.8366289, 15.3710047 ], [ 73.8365485, 15.3711133 ], [ 73.8364399, 15.3712349 ], [ 73.8360456, 15.3715982 ], [ 73.8356218, 15.3719706 ], [ 73.8354622, 15.3720754 ], [ 73.8353106, 15.372197 ], [ 73.8352074, 15.3722203 ], [ 73.8350639, 15.3721414 ], [ 73.8349445, 15.3720108 ], [ 73.8347179, 15.3718983 ], [ 73.834624, 15.3718646 ], [ 73.8345301, 15.3718983 ], [ 73.8344577, 15.3720069 ], [ 73.8343169, 15.3720574 ], [ 73.8341841, 15.3720444 ], [ 73.8340527, 15.3719862 ], [ 73.8337912, 15.3719189 ], [ 73.8335953, 15.3718879 ], [ 73.8333942, 15.3718401 ], [ 73.8331662, 15.3718013 ], [ 73.8329195, 15.3718465 ], [ 73.8327921, 15.3718698 ], [ 73.8326888, 15.3719616 ], [ 73.8326204, 15.3720534 ], [ 73.8324755, 15.3723237 ], [ 73.8324152, 15.3723677 ], [ 73.8322637, 15.3723922 ], [ 73.8321912, 15.3723832 ], [ 73.8321282, 15.372347 ], [ 73.8319901, 15.3720793 ], [ 73.8319364, 15.371897 ], [ 73.8319176, 15.3717392 ], [ 73.8319525, 15.3715698 ], [ 73.8319136, 15.3715051 ], [ 73.8318291, 15.3714793 ], [ 73.8316333, 15.3714793 ], [ 73.8310969, 15.371531 ], [ 73.8308796, 15.3713836 ], [ 73.8305953, 15.3713112 ] ] } },
{ "type": "Feature", "properties": { "osm_id": "1418978075", "code": 8102, "fclass": "stream", "width": 0, "name": null }, "geometry": { "type": "LineString", "coordinates": [ [ 73.799361, 15.6404411 ], [ 73.799994, 15.6410972 ], [ 73.7997955, 15.6415104 ], [ 73.7998813, 15.6416137 ], [ 73.8000262, 15.6415724 ], [ 73.8003534, 15.641278 ], [ 73.800686, 15.6415259 ], [ 73.8008898, 15.6419185 ], [ 73.8009649, 15.6422905 ], [ 73.8010508, 15.6429465 ], [ 73.8012546, 15.6430963 ], [ 73.8017482, 15.6433391 ], [ 73.8021344, 15.6437524 ], [ 73.8027567, 15.6442431 ], [ 73.8031536, 15.6439228 ], [ 73.8034916, 15.6437834 ], [ 73.8036954, 15.6445014 ] ] } },
{ "type": "Feature", "properties": { "osm_id": "1418978076", "code": 8102, "fclass": "stream", "width": 0, "name": null }, "geometry": { "type": "LineString", "coordinates": [ [ 73.8059914, 15.6453331 ], [ 73.8053745, 15.6449043 ], [ 73.8047093, 15.6443826 ], [ 73.8045216, 15.6443567 ], [ 73.8043392, 15.6443257 ], [ 73.8038832, 15.6443051 ], [ 73.8036954, 15.6445014 ], [ 73.8036472, 15.6449301 ], [ 73.8037169, 15.6452762 ], [ 73.8035613, 15.6454209 ], [ 73.8032556, 15.6454467 ], [ 73.8032234, 15.6455655 ], [ 73.803041, 15.6457463 ], [ 73.8023919, 15.6460511 ], [ 73.8019842, 15.6461131 ], [ 73.8016301, 15.646392 ], [ 73.8014638, 15.6465728 ], [ 73.8014638, 15.6467794 ], [ 73.8018286, 15.6469292 ], [ 73.8021773, 15.6469137 ], [ 73.802349, 15.6475491 ], [ 73.8023007, 15.6476937 ] ] } },
{ "type": "Feature", "properties": { "osm_id": "1420730884", "code": 8104, "fclass": "drain", "width": 0, "name": null }, "geometry": { "type": "LineString", "coordinates": [ [ 73.8152745, 15.6165015 ], [ 73.8151082, 15.6159951 ], [ 73.8149956, 15.6154863 ], [ 73.8149017, 15.61506 ], [ 73.8150921, 15.6146338 ], [ 73.8152665, 15.6138743 ], [ 73.8151646, 15.6136083 ], [ 73.8151592, 15.6134171 ], [ 73.8149714, 15.612686 ], [ 73.8147569, 15.6125724 ], [ 73.814773, 15.6124665 ], [ 73.8142938, 15.611755 ] ] } },
{ "type": "Feature", "properties": { "osm_id": "1421197296", "code": 8102, "fclass": "stream", "width": 0, "name": null }, "geometry": { "type": "LineString", "coordinates": [ [ 73.8516252, 15.4718574 ], [ 73.8516132, 15.4719075 ] ] } },
{ "type": "Feature", "properties": { "osm_id": "1421197297", "code": 8102, "fclass": "stream", "width": 0, "name": null }, "geometry": { "type": "LineString", "coordinates": [ [ 73.8519511, 15.4704681 ], [ 73.8516882, 15.4715951 ], [ 73.8516252, 15.4718574 ] ] } },
{ "type": "Feature", "properties": { "osm_id": "1421973832", "code": 8104, "fclass": "drain", "width": 0, "name": null }, "geometry": { "type": "LineString", "coordinates": [ [ 73.7603027, 15.5417715 ], [ 73.7602276, 15.5410996 ], [ 73.7601042, 15.5407379 ], [ 73.7597716, 15.5405208 ], [ 73.7595195, 15.5404588 ], [ 73.7595409, 15.5402159 ], [ 73.7592995, 15.5401177 ], [ 73.7588918, 15.5396215 ], [ 73.7586558, 15.5393631 ], [ 73.7578082, 15.5391667 ], [ 73.757481, 15.5389806 ], [ 73.7571698, 15.5388979 ], [ 73.7570357, 15.5388256 ] ] } },
{ "type": "Feature", "properties": { "osm_id": "1422335814", "code": 8103, "fclass": "canal", "width": 0, "name": null }, "geometry": { "type": "LineString", "coordinates": [ [ 73.887749, 15.6685189 ], [ 73.8881626, 15.6680668 ], [ 73.8890123, 15.6676793 ], [ 73.8904769, 15.6675286 ], [ 73.8911365, 15.6672164 ], [ 73.8915026, 15.6671222 ], [ 73.8915539, 15.6670845 ] ] } },
{ "type": "Feature", "properties": { "osm_id": "1422466185", "code": 8104, "fclass": "drain", "width": 0, "name": null }, "geometry": { "type": "LineString", "coordinates": [ [ 73.7789333, 15.5703862 ], [ 73.7790996, 15.5703552 ], [ 73.7798291, 15.5702364 ], [ 73.7804431, 15.5700674 ], [ 73.7810683, 15.5698953 ], [ 73.7816691, 15.5697661 ], [ 73.7820286, 15.5697765 ], [ 73.7827688, 15.5693837 ], [ 73.7828574, 15.5691822 ], [ 73.7840053, 15.5690272 ], [ 73.7838712, 15.5683631 ], [ 73.7838632, 15.5681073 ], [ 73.78378, 15.5678619 ], [ 73.7836245, 15.5678515 ] ] } },
{ "type": "Feature", "properties": { "osm_id": "1422470267", "code": 8104, "fclass": "drain", "width": 0, "name": null }, "geometry": { "type": "LineString", "coordinates": [ [ 73.7836245, 15.5678515 ], [ 73.7837425, 15.5675983 ], [ 73.7837613, 15.5673709 ], [ 73.7840295, 15.5673063 ], [ 73.7840446, 15.5670879 ], [ 73.7840472, 15.5668854 ], [ 73.7839513, 15.5666276 ] ] } },
{ "type": "Feature", "properties": { "osm_id": "1422619134", "code": 8104, "fclass": "drain", "width": 0, "name": null }, "geometry": { "type": "LineString", "coordinates": [ [ 73.787393, 15.5702725 ], [ 73.7873393, 15.5700658 ], [ 73.7873661, 15.5697041 ], [ 73.787275, 15.5692339 ], [ 73.7871194, 15.5691925 ], [ 73.787114, 15.5688153 ], [ 73.7871784, 15.5683916 ], [ 73.787173, 15.5682701 ], [ 73.7869585, 15.5679497 ], [ 73.7866044, 15.5678386 ], [ 73.7862557, 15.5676164 ], [ 73.7853545, 15.5671617 ], [ 73.7851721, 15.5669343 ], [ 73.7847029, 15.5669528 ], [ 73.7840463, 15.5669505 ] ] } },
{ "type": "Feature", "properties": { "osm_id": "1422782532", "code": 8102, "fclass": "stream", "width": 0, "name": null }, "geometry": { "type": "LineString", "coordinates": [ [ 73.7696131, 15.6280567 ], [ 73.7694018, 15.6281903 ], [ 73.7692573, 15.6284771 ], [ 73.7692881, 15.6288485 ], [ 73.769142, 15.6296176 ], [ 73.7691169, 15.6299098 ], [ 73.7692217, 15.6302898 ], [ 73.7690655, 15.6305613 ], [ 73.7688713, 15.6306693 ], [ 73.7686982, 15.630828 ], [ 73.7686877, 15.6309467 ], [ 73.7685748, 15.6309483 ], [ 73.768445, 15.6313833 ], [ 73.7682997, 15.6320796 ], [ 73.7683101, 15.6321919 ], [ 73.7682041, 15.6323312 ], [ 73.7679435, 15.6332109 ], [ 73.7679479, 15.6335212 ] ] } },
{ "type": "Feature", "properties": { "osm_id": "1422833982", "code": 8102, "fclass": "stream", "width": 0, "name": null }, "geometry": { "type": "LineString", "coordinates": [ [ 73.7882351, 15.5783833 ], [ 73.7883573, 15.5784986 ], [ 73.7891862, 15.5786835 ], [ 73.7894797, 15.5788505 ] ] } },
{ "type": "Feature", "properties": { "osm_id": "1422873784", "code": 8102, "fclass": "stream", "width": 0, "name": null }, "geometry": { "type": "LineString", "coordinates": [ [ 73.7951552, 15.5758999 ], [ 73.795402, 15.5757062 ] ] } },
{ "type": "Feature", "properties": { "osm_id": "1422987789", "code": 8102, "fclass": "stream", "width": 0, "name": null }, "geometry": { "type": "LineString", "coordinates": [ [ 73.858268, 15.5421992 ], [ 73.8580216, 15.5422127 ], [ 73.8577381, 15.5421455 ], [ 73.857394, 15.5424142 ], [ 73.8572778, 15.5423963 ], [ 73.8567572, 15.5418096 ], [ 73.856297, 15.5414916 ], [ 73.8558228, 15.541411 ], [ 73.8557205, 15.5412587 ], [ 73.8554183, 15.5412139 ], [ 73.8549907, 15.5410124 ], [ 73.8546978, 15.5406361 ], [ 73.8543956, 15.540448 ], [ 73.8543073, 15.5400494 ], [ 73.8542934, 15.5398792 ], [ 73.8543538, 15.5395926 ], [ 73.8541957, 15.5394134 ], [ 73.8538843, 15.5390104 ], [ 73.8535914, 15.5383296 ], [ 73.8535263, 15.537931 ], [ 73.8536704, 15.537716 ], [ 73.8536146, 15.5374696 ], [ 73.8535356, 15.5373577 ], [ 73.8531777, 15.5372591 ], [ 73.8530661, 15.5370889 ], [ 73.8530893, 15.536874 ], [ 73.8526291, 15.5363992 ], [ 73.8525873, 15.5361708 ], [ 73.8526989, 15.5358259 ], [ 73.8533357, 15.5344643 ] ] } },
{ "type": "Feature", "properties": { "osm_id": "1423004405", "code": 8102, "fclass": "stream", "width": 0, "name": null }, "geometry": { "type": "LineString", "coordinates": [ [ 73.8640118, 15.5388779 ], [ 73.8642353, 15.5383515 ], [ 73.8645891, 15.537909 ], [ 73.8650724, 15.5375981 ], [ 73.8655338, 15.5373087 ], [ 73.8658798, 15.5372053 ], [ 73.8660434, 15.5371226 ], [ 73.8663116, 15.5370425 ], [ 73.8664457, 15.5369856 ], [ 73.8667086, 15.5369184 ], [ 73.8666871, 15.5368099 ], [ 73.8665798, 15.5365618 ], [ 73.8666362, 15.5362802 ], [ 73.8666963, 15.5360089 ], [ 73.8665942, 15.5354927 ], [ 73.8662031, 15.5347211 ], [ 73.8662652, 15.5345955 ], [ 73.8667122, 15.5342726 ] ] } },
{ "type": "Feature", "properties": { "osm_id": "1423061956", "code": 8104, "fclass": "drain", "width": 0, "name": null }, "geometry": { "type": "LineString", "coordinates": [ [ 73.8306651, 15.5383589 ], [ 73.8301866, 15.5390465 ], [ 73.8296107, 15.5395154 ] ] } },
{ "type": "Feature", "properties": { "osm_id": "1423061962", "code": 8102, "fclass": "stream", "width": 0, "name": null }, "geometry": { "type": "LineString", "coordinates": [ [ 73.8235236, 15.5445243 ], [ 73.823917, 15.5445204 ], [ 73.8244685, 15.5446923 ], [ 73.8246835, 15.5447118 ], [ 73.8248335, 15.544786 ], [ 73.8250809, 15.5447978 ], [ 73.8252634, 15.5449423 ], [ 73.8255838, 15.5449736 ], [ 73.825823, 15.545208 ] ] } },
{ "type": "Feature", "properties": { "osm_id": "1423061963", "code": 8104, "fclass": "drain", "width": 0, "name": null }, "geometry": { "type": "LineString", "coordinates": [ [ 73.825823, 15.545208 ], [ 73.826038, 15.5454815 ], [ 73.8265246, 15.5456417 ], [ 73.8269464, 15.5458331 ], [ 73.827141, 15.5457081 ], [ 73.8274087, 15.5457198 ], [ 73.8278994, 15.5456573 ], [ 73.8284063, 15.545419 ], [ 73.8286415, 15.5453838 ], [ 73.8296594, 15.5454424 ], [ 73.8301866, 15.5453877 ], [ 73.8304583, 15.5454229 ], [ 73.8309328, 15.5456573 ], [ 73.8311072, 15.5456221 ], [ 73.8320278, 15.5455792 ], [ 73.8336743, 15.5456925 ], [ 73.8336783, 15.5455675 ], [ 73.8338052, 15.5452352 ] ] } },
{ "type": "Feature", "properties": { "osm_id": "1423061965", "code": 8102, "fclass": "stream", "width": 0, "name": null }, "geometry": { "type": "LineString", "coordinates": [ [ 73.8283536, 15.5382573 ], [ 73.8287916, 15.538773 ], [ 73.8288564, 15.5390231 ], [ 73.8296107, 15.5395154 ], [ 73.8298297, 15.5409141 ], [ 73.8299676, 15.5412892 ], [ 73.8303894, 15.5419143 ], [ 73.8306165, 15.5423051 ], [ 73.8311275, 15.5426489 ], [ 73.8311031, 15.5429224 ], [ 73.831022, 15.5431177 ], [ 73.8312653, 15.543735 ], [ 73.8316466, 15.5441726 ], [ 73.8319953, 15.5442742 ], [ 73.8322468, 15.5445165 ], [ 73.8327983, 15.5449306 ], [ 73.8330254, 15.5449462 ], [ 73.8335283, 15.5452588 ], [ 73.8337554, 15.5452666 ], [ 73.8338052, 15.5452352 ], [ 73.8339662, 15.5451338 ], [ 73.8342704, 15.5452041 ], [ 73.83483, 15.5452354 ], [ 73.8369348, 15.5455284 ], [ 73.8371913, 15.5455943 ] ] } },
{ "type": "Feature", "properties": { "osm_id": "1423065731", "code": 8104, "fclass": "drain", "width": 0, "name": null }, "geometry": { "type": "LineString", "coordinates": [ [ 73.8413, 15.5218003 ], [ 73.8420618, 15.5214075 ], [ 73.8427001, 15.5209423 ], [ 73.8434511, 15.5204358 ], [ 73.8441029, 15.5199913 ] ] } },
{ "type": "Feature", "properties": { "osm_id": "1423075335", "code": 8102, "fclass": "stream", "width": 0, "name": null }, "geometry": { "type": "LineString", "coordinates": [ [ 73.8150895, 15.5156546 ], [ 73.8154221, 15.515422 ], [ 73.8165325, 15.5146673 ], [ 73.8168168, 15.5141246 ], [ 73.8170153, 15.5132717 ], [ 73.8171172, 15.5132045 ], [ 73.8172835, 15.5132148 ], [ 73.8176912, 15.5133337 ], [ 73.8178575, 15.5132975 ], [ 73.8179111, 15.5128685 ], [ 73.8179916, 15.5119743 ] ] } },
{ "type": "Feature", "properties": { "osm_id": "1423075349", "code": 8102, "fclass": "stream", "width": 0, "name": null }, "geometry": { "type": "LineString", "coordinates": [ [ 73.8240158, 15.5199964 ], [ 73.8239086, 15.5197897 ], [ 73.8236833, 15.5192418 ], [ 73.8229644, 15.51888 ], [ 73.8226962, 15.5184251 ], [ 73.8223421, 15.5178772 ], [ 73.8219881, 15.5176498 ], [ 73.821516, 15.5177118 ], [ 73.8211083, 15.517412 ], [ 73.8207436, 15.5165953 ], [ 73.8207972, 15.5158407 ], [ 73.8206255, 15.5154065 ], [ 73.820368, 15.5147242 ], [ 73.8191664, 15.5140419 ], [ 73.8187909, 15.5135767 ], [ 73.8187909, 15.5132045 ], [ 73.818984, 15.5126359 ], [ 73.8192791, 15.5123232 ], [ 73.8193515, 15.5122663 ], [ 73.8195097, 15.5120518 ], [ 73.8195714, 15.5118942 ], [ 73.8198906, 15.5114548 ], [ 73.8202393, 15.5111007 ], [ 73.8207248, 15.5109017 ], [ 73.8207731, 15.5108319 ], [ 73.820665, 15.5105481 ] ] } },
{ "type": "Feature", "properties": { "osm_id": "1423096913", "code": 8102, "fclass": "stream", "width": 0, "name": null }, "geometry": { "type": "LineString", "coordinates": [ [ 73.7925053, 15.5302511 ], [ 73.7918401, 15.529052 ], [ 73.7915182, 15.5286799 ], [ 73.7914538, 15.5282147 ], [ 73.7907135, 15.5270156 ], [ 73.790456, 15.5265401 ], [ 73.7903273, 15.5261369 ], [ 73.7898874, 15.5253513 ], [ 73.7896621, 15.5250515 ], [ 73.789587, 15.5247931 ], [ 73.7893617, 15.5245553 ], [ 73.7892651, 15.5241935 ], [ 73.7889433, 15.5238007 ], [ 73.7888896, 15.5234285 ], [ 73.788836, 15.5231287 ], [ 73.7882459, 15.5223948 ], [ 73.7879562, 15.5218572 ], [ 73.787841, 15.5217285 ] ] } },
{ "type": "Feature", "properties": { "osm_id": "1423480349", "code": 8104, "fclass": "drain", "width": 0, "name": null }, "geometry": { "type": "LineString", "coordinates": [ [ 73.7876934, 15.5762384 ], [ 73.7879804, 15.577215 ], [ 73.7880769, 15.5772693 ], [ 73.7881681, 15.577277 ], [ 73.7882271, 15.5776181 ], [ 73.7884146, 15.5779637 ] ] } },
{ "type": "Feature", "properties": { "osm_id": "1423480350", "code": 8104, "fclass": "drain", "width": 0, "name": null }, "geometry": { "type": "LineString", "coordinates": [ [ 73.7894663, 15.5738588 ], [ 73.7895897, 15.574528 ], [ 73.7895709, 15.5749362 ], [ 73.7896433, 15.5751791 ], [ 73.7900591, 15.5764322 ], [ 73.7903091, 15.5770569 ] ] } },
{ "type": "Feature", "properties": { "osm_id": "1423480351", "code": 8104, "fclass": "drain", "width": 0, "name": null }, "geometry": { "type": "LineString", "coordinates": [ [ 73.7904507, 15.5744221 ], [ 73.7905526, 15.5745306 ], [ 73.7907779, 15.5754633 ], [ 73.7908074, 15.5760782 ], [ 73.7909918, 15.5766261 ] ] } },
{ "type": "Feature", "properties": { "osm_id": "1423481333", "code": 8104, "fclass": "drain", "width": 0, "name": null }, "geometry": { "type": "LineString", "coordinates": [ [ 73.8137335, 15.5911687 ], [ 73.8137868, 15.5911251 ], [ 73.8146662, 15.5909645 ], [ 73.8146037, 15.5905862 ] ] } },
{ "type": "Feature", "properties": { "osm_id": "1423481334", "code": 8104, "fclass": "drain", "width": 0, "name": null }, "geometry": { "type": "LineString", "coordinates": [ [ 73.8137921, 15.5915718 ], [ 73.8137335, 15.5911687 ] ] } },
{ "type": "Feature", "properties": { "osm_id": "1423486018", "code": 8104, "fclass": "drain", "width": 0, "name": null }, "geometry": { "type": "LineString", "coordinates": [ [ 73.7824862, 15.5677086 ], [ 73.7829158, 15.567672 ], [ 73.7832651, 15.5677068 ], [ 73.7836245, 15.5678515 ] ] } },
{ "type": "Feature", "properties": { "osm_id": "1423486037", "code": 8104, "fclass": "drain", "width": 0, "name": null }, "geometry": { "type": "LineString", "coordinates": [ [ 73.7839513, 15.5666276 ], [ 73.7830076, 15.566495 ], [ 73.7829083, 15.5658982 ], [ 73.782101, 15.5659085 ], [ 73.7814814, 15.5658801 ], [ 73.7808967, 15.5659059 ], [ 73.7801403, 15.5657509 ], [ 73.7793061, 15.5656501 ], [ 73.7785819, 15.5656656 ], [ 73.7785175, 15.5657405 ] ] } },
{ "type": "Feature", "properties": { "osm_id": "1423486038", "code": 8104, "fclass": "drain", "width": 0, "name": null }, "geometry": { "type": "LineString", "coordinates": [ [ 73.7840939, 15.5660325 ], [ 73.7839807, 15.5664624 ], [ 73.7839513, 15.5666276 ] ] } },
{ "type": "Feature", "properties": { "osm_id": "1423486086", "code": 8104, "fclass": "drain", "width": 0, "name": null }, "geometry": { "type": "LineString", "coordinates": [ [ 73.7925482, 15.573187 ], [ 73.7928486, 15.5736314 ], [ 73.7934709, 15.5745771 ], [ 73.7936586, 15.5752023 ] ] } },
{ "type": "Feature", "properties": { "osm_id": "1423486087", "code": 8104, "fclass": "drain", "width": 0, "name": null }, "geometry": { "type": "LineString", "coordinates": [ [ 73.7915289, 15.5754555 ], [ 73.7925374, 15.5752023 ], [ 73.7928969, 15.5750783 ], [ 73.7930417, 15.5751042 ], [ 73.7931061, 15.5751868 ], [ 73.7934923, 15.5752178 ], [ 73.7936586, 15.5752023 ], [ 73.7938476, 15.5752765 ] ] } },
{ "type": "Feature", "properties": { "osm_id": "1423558564", "code": 8104, "fclass": "drain", "width": 0, "name": null }, "geometry": { "type": "LineString", "coordinates": [ [ 73.8102937, 15.5410945 ], [ 73.8103527, 15.5421953 ], [ 73.8105243, 15.5430584 ], [ 73.8106048, 15.5431773 ], [ 73.8108677, 15.5433168 ], [ 73.8112056, 15.5435856 ], [ 73.8113451, 15.5442678 ], [ 73.8113022, 15.5447174 ], [ 73.81127, 15.544888 ] ] } },
{ "type": "Feature", "properties": { "osm_id": "1423558565", "code": 8104, "fclass": "drain", "width": 0, "name": null }, "geometry": { "type": "LineString", "coordinates": [ [ 73.8122141, 15.5423969 ], [ 73.8124555, 15.5429861 ], [ 73.8123536, 15.5432548 ], [ 73.8122678, 15.5436528 ], [ 73.8121873, 15.5443091 ], [ 73.8121663, 15.5446503 ] ] } },
{ "type": "Feature", "properties": { "osm_id": "1423899159", "code": 8102, "fclass": "stream", "width": 0, "name": null }, "geometry": { "type": "LineString", "coordinates": [ [ 73.8391507, 15.5658034 ], [ 73.8388915, 15.5658364 ], [ 73.8386519, 15.5659059 ], [ 73.8382821, 15.5661037 ], [ 73.8380809, 15.5661749 ], [ 73.8379578, 15.5661612 ], [ 73.8377978, 15.5660852 ], [ 73.8376402, 15.5661045 ], [ 73.8374553, 15.5661862 ], [ 73.8374037, 15.5661637 ], [ 73.8373176, 15.5660185 ] ] } },
{ "type": "Feature", "properties": { "osm_id": "1427179982", "code": 8102, "fclass": "stream", "width": 0, "name": null }, "geometry": { "type": "LineString", "coordinates": [ [ 73.8482255, 15.5732697 ], [ 73.8485902, 15.5731664 ], [ 73.8491857, 15.5731715 ], [ 73.849529, 15.5730527 ], [ 73.8499528, 15.5731715 ], [ 73.8502371, 15.5730837 ], [ 73.8503605, 15.572815 ], [ 73.8509881, 15.5722362 ], [ 73.8514656, 15.5716058 ], [ 73.851648, 15.5716626 ], [ 73.8520449, 15.5711304 ], [ 73.852458, 15.5706033 ], [ 73.8526887, 15.5704741 ], [ 73.8527906, 15.5703294 ], [ 73.8529086, 15.5698075 ], [ 73.8531983, 15.5694457 ], [ 73.8534075, 15.5688825 ], [ 73.8533002, 15.5686654 ], [ 73.8533619, 15.5685001 ] ] } },
{ "type": "Feature", "properties": { "osm_id": "1427179985", "code": 8102, "fclass": "stream", "width": 0, "name": null }, "geometry": { "type": "LineString", "coordinates": [ [ 73.8489684, 15.5675079 ], [ 73.8495961, 15.567079 ], [ 73.8504276, 15.5667224 ], [ 73.8505617, 15.5667741 ], [ 73.850567, 15.5669033 ], [ 73.8505563, 15.5671307 ], [ 73.850669, 15.5673012 ], [ 73.8510176, 15.5676164 ], [ 73.8513288, 15.5676422 ], [ 73.851597, 15.5678748 ], [ 73.8523748, 15.5682365 ], [ 73.8531956, 15.5684226 ], [ 73.8533619, 15.5685001 ], [ 73.8536891, 15.56819 ], [ 73.8541827, 15.568159 ], [ 73.8544241, 15.5679781 ], [ 73.8550731, 15.5679161 ], [ 73.8552341, 15.5680091 ], [ 73.855615, 15.5679988 ], [ 73.8561353, 15.5681022 ], [ 73.8569346, 15.5681538 ], [ 73.8575569, 15.5680195 ], [ 73.8578895, 15.568035 ], [ 73.8581255, 15.5679213 ], [ 73.8583401, 15.5677146 ], [ 73.8588604, 15.5675131 ], [ 73.8592628, 15.5674614 ], [ 73.8599655, 15.5671255 ], [ 73.8604161, 15.5668361 ], [ 73.860974, 15.566371 ], [ 73.8615051, 15.5660506 ], [ 73.8619772, 15.567079 ], [ 73.8622239, 15.5670686 ], [ 73.8625619, 15.5668568 ], [ 73.8629106, 15.5664692 ], [ 73.8633773, 15.5661436 ], [ 73.8638815, 15.5656837 ], [ 73.8639834, 15.5655545 ], [ 73.8639727, 15.5651618 ], [ 73.8640156, 15.5648517 ], [ 73.8642195, 15.564676 ], [ 73.8649812, 15.5646708 ], [ 73.8652226, 15.5645701 ], [ 73.8652655, 15.5644745 ], [ 73.8653514, 15.5643711 ], [ 73.8656142, 15.5642652 ], [ 73.8657483, 15.5640714 ], [ 73.86592, 15.5636683 ], [ 73.8659924, 15.563397 ], [ 73.8658208, 15.5626761 ], [ 73.8658529, 15.5625779 ], [ 73.865912, 15.5624901 ] ] } },
{ "type": "Feature", "properties": { "osm_id": "1427988788", "code": 8102, "fclass": "stream", "width": 0, "name": null }, "geometry": { "type": "LineString", "coordinates": [ [ 73.8487351, 15.4930522 ], [ 73.8482925, 15.4934089 ] ] } },
{ "type": "Feature", "properties": { "osm_id": "1442807325", "code": 8104, "fclass": "drain", "width": 0, "name": null }, "geometry": { "type": "LineString", "coordinates": [ [ 73.8427708, 15.5316122 ], [ 73.8434859, 15.5319595 ], [ 73.84381, 15.5317532 ], [ 73.8441219, 15.5318016 ] ] } },
{ "type": "Feature", "properties": { "osm_id": "1443693916", "code": 8104, "fclass": "drain", "width": 0, "name": null }, "geometry": { "type": "LineString", "coordinates": [ [ 73.8533357, 15.5344643 ], [ 73.85361, 15.5340433 ], [ 73.8540609, 15.5335775 ], [ 73.8542543, 15.5334733 ], [ 73.8553742, 15.5327787 ], [ 73.8562338, 15.5323266 ], [ 73.8565217, 15.5322752 ], [ 73.8571104, 15.5322505 ], [ 73.8572598, 15.5322731 ], [ 73.8576949, 15.5324457 ], [ 73.8578079, 15.5324601 ], [ 73.8579669, 15.5324062 ], [ 73.8579806, 15.5323877 ] ] } },
{ "type": "Feature", "properties": { "osm_id": "1443860507", "code": 8104, "fclass": "drain", "width": 0, "name": null }, "geometry": { "type": "LineString", "coordinates": [ [ 73.8608158, 15.5606762 ], [ 73.8610196, 15.5610224 ], [ 73.8613039, 15.5615444 ], [ 73.8616633, 15.5620818 ], [ 73.8625538, 15.5624436 ], [ 73.8640934, 15.5631929 ], [ 73.8642061, 15.5631825 ], [ 73.864426, 15.5629913 ], [ 73.8646191, 15.5630017 ], [ 73.8649839, 15.5630585 ], [ 73.865118, 15.5629965 ], [ 73.8652521, 15.5626141 ], [ 73.8657993, 15.5625521 ] ] } },
{ "type": "Feature", "properties": { "osm_id": "1444262288", "code": 8104, "fclass": "drain", "width": 0, "name": null }, "geometry": { "type": "LineString", "coordinates": [ [ 73.8423635, 15.5124421 ], [ 73.8430996, 15.5119206 ] ] } },
{ "type": "Feature", "properties": { "osm_id": "1444664286", "code": 8102, "fclass": "stream", "width": 0, "name": null }, "geometry": { "type": "LineString", "coordinates": [ [ 73.8849389, 15.4871259 ], [ 73.8844512, 15.4874088 ], [ 73.8839814, 15.4875272 ], [ 73.8833894, 15.4876555 ], [ 73.8831338, 15.4876368 ], [ 73.8829011, 15.4877043 ], [ 73.8824558, 15.4880455 ], [ 73.8821178, 15.4882342 ], [ 73.8815305, 15.4883945 ], [ 73.8803825, 15.4885728 ], [ 73.8802079, 15.4885784 ], [ 73.8800794, 15.4884022 ], [ 73.8794973, 15.4886762 ], [ 73.8792935, 15.4884694 ], [ 73.8791245, 15.4883454 ], [ 73.8787919, 15.4880507 ], [ 73.8787276, 15.4879576 ] ] } },
{ "type": "Feature", "properties": { "osm_id": "1444831038", "code": 8102, "fclass": "stream", "width": 0, "name": null }, "geometry": { "type": "LineString", "coordinates": [ [ 73.8831425, 15.4830155 ], [ 73.8830244, 15.4838012 ], [ 73.8825417, 15.4843285 ], [ 73.8817799, 15.4848455 ], [ 73.8815784, 15.4852145 ], [ 73.8815514, 15.485369 ], [ 73.881549, 15.485392 ], [ 73.8815337, 15.4855371 ], [ 73.8815974, 15.4856806 ], [ 73.8816057, 15.4858683 ], [ 73.8815245, 15.4859287 ], [ 73.881359, 15.4860386 ], [ 73.8813316, 15.4863253 ], [ 73.8813476, 15.4866692 ] ] } },
{ "type": "Feature", "properties": { "osm_id": "1444855156", "code": 8102, "fclass": "stream", "width": 0, "name": null }, "geometry": { "type": "LineString", "coordinates": [ [ 73.749961, 15.6209273 ], [ 73.7502317, 15.6208257 ], [ 73.7503278, 15.6208479 ], [ 73.7504013, 15.6210397 ], [ 73.7505335, 15.6211331 ], [ 73.75108, 15.6207339 ] ] } },
{ "type": "Feature", "properties": { "osm_id": "1444855157", "code": 8104, "fclass": "drain", "width": 0, "name": null }, "geometry": { "type": "LineString", "coordinates": [ [ 73.7700232, 15.6177082 ], [ 73.7701075, 15.6175628 ] ] } },
{ "type": "Feature", "properties": { "osm_id": "1444855161", "code": 8104, "fclass": "drain", "width": 0, "name": null }, "geometry": { "type": "LineString", "coordinates": [ [ 73.7701075, 15.6175628 ], [ 73.7701366, 15.6175128 ], [ 73.7703062, 15.6174454 ], [ 73.7703623, 15.6173618 ], [ 73.7703868, 15.6171798 ], [ 73.7703243, 15.6168484 ], [ 73.7702361, 15.6163923 ], [ 73.7703062, 15.6163792 ], [ 73.7705498, 15.6162484 ] ] } },
{ "type": "Feature", "properties": { "osm_id": "1445334135", "code": 8104, "fclass": "drain", "width": 0, "name": null }, "geometry": { "type": "LineString", "coordinates": [ [ 73.8134704, 15.5926863 ], [ 73.8136212, 15.592551 ], [ 73.8140007, 15.5919767 ], [ 73.8140731, 15.59162 ] ] } },
{ "type": "Feature", "properties": { "osm_id": "1445404882", "code": 8104, "fclass": "drain", "width": 0, "name": null }, "geometry": { "type": "LineString", "coordinates": [ [ 73.8163394, 15.5358538 ], [ 73.8155401, 15.5363344 ], [ 73.8153014, 15.5365437 ], [ 73.8152075, 15.5365747 ], [ 73.8149849, 15.5364016 ], [ 73.8142955, 15.5359209 ], [ 73.8139576, 15.5352025 ], [ 73.813853, 15.5351043 ] ] } },
{ "type": "Feature", "properties": { "osm_id": "1445404883", "code": 8104, "fclass": "drain", "width": 0, "name": null }, "geometry": { "type": "LineString", "coordinates": [ [ 73.8164198, 15.5357969 ], [ 73.8163394, 15.5358538 ] ] } },
{ "type": "Feature", "properties": { "osm_id": "1445405992", "code": 8104, "fclass": "drain", "width": 0, "name": null }, "geometry": { "type": "LineString", "coordinates": [ [ 73.8186568, 15.534342 ], [ 73.8184932, 15.5345022 ], [ 73.818351, 15.5347658 ], [ 73.8182947, 15.5348924 ] ] } },
{ "type": "Feature", "properties": { "osm_id": "1445432010", "code": 8104, "fclass": "drain", "width": 0, "name": null }, "geometry": { "type": "LineString", "coordinates": [ [ 73.9183062, 15.4961668 ], [ 73.9189607, 15.4960893 ], [ 73.919245, 15.4958567 ], [ 73.920275, 15.4955155 ], [ 73.9205003, 15.4955206 ], [ 73.9208597, 15.4956395 ], [ 73.9216107, 15.4956499 ], [ 73.922072, 15.4954069 ] ] } },
{ "type": "Feature", "properties": { "osm_id": "1445432011", "code": 8104, "fclass": "drain", "width": 0, "name": null }, "geometry": { "type": "LineString", "coordinates": [ [ 73.922072, 15.4954069 ], [ 73.9221311, 15.4946729 ], [ 73.9223671, 15.4946263 ], [ 73.9230591, 15.4943007 ], [ 73.9235634, 15.4930238 ], [ 73.9238316, 15.4926206 ], [ 73.9240301, 15.4925689 ], [ 73.9243895, 15.4921967 ], [ 73.924765, 15.4919951 ], [ 73.924942, 15.4918245 ], [ 73.9256287, 15.4910594 ], [ 73.9270449, 15.4891983 ], [ 73.9280963, 15.4881024 ], [ 73.9292443, 15.4872339 ], [ 73.929491, 15.4867273 ], [ 73.9301906, 15.4865428 ], [ 73.9305693, 15.4864429 ] ] } },
{ "type": "Feature", "properties": { "osm_id": "1445432012", "code": 8104, "fclass": "drain", "width": 0, "name": null }, "geometry": { "type": "LineString", "coordinates": [ [ 73.9155811, 15.5006331 ], [ 73.9156347, 15.5002351 ], [ 73.915801, 15.4999094 ], [ 73.9161551, 15.4988239 ], [ 73.9163804, 15.4984155 ], [ 73.9166379, 15.4982966 ], [ 73.9172119, 15.4979244 ], [ 73.9190465, 15.4969629 ], [ 73.919481, 15.4968027 ], [ 73.9206022, 15.4965494 ], [ 73.9213425, 15.4961617 ], [ 73.9218092, 15.4957688 ], [ 73.922072, 15.4954069 ] ] } },
{ "type": "Feature", "properties": { "osm_id": "1445432013", "code": 8104, "fclass": "drain", "width": 0, "name": null }, "geometry": { "type": "LineString", "coordinates": [ [ 73.9120299, 15.4862982 ], [ 73.9122847, 15.4863008 ], [ 73.9125878, 15.4863628 ], [ 73.9132503, 15.4864533 ], [ 73.913328, 15.4865075 ], [ 73.9138564, 15.486598 ], [ 73.914004, 15.4868927 ], [ 73.9142561, 15.4870529 ], [ 73.9149213, 15.4876423 ], [ 73.9154684, 15.487937 ], [ 73.9156616, 15.4883712 ], [ 73.9156187, 15.4886038 ], [ 73.9158386, 15.488945 ], [ 73.9158654, 15.4895085 ], [ 73.9159137, 15.4898859 ], [ 73.9161015, 15.490589 ], [ 73.9163911, 15.4909818 ], [ 73.9169919, 15.4940112 ], [ 73.9178073, 15.4942696 ], [ 73.9190841, 15.4945229 ], [ 73.9197653, 15.4948745 ], [ 73.920334, 15.4949934 ], [ 73.9209938, 15.495226 ], [ 73.921423, 15.495288 ], [ 73.9218092, 15.4954431 ], [ 73.922072, 15.4954069 ] ] } },
{ "type": "Feature", "properties": { "osm_id": "1445695544", "code": 8102, "fclass": "stream", "width": 0, "name": null }, "geometry": { "type": "LineString", "coordinates": [ [ 73.8757557, 15.466363 ], [ 73.8756591, 15.4661459 ], [ 73.8754821, 15.4654272 ], [ 73.8751387, 15.464662 ], [ 73.8747954, 15.4639899 ] ] } },
{ "type": "Feature", "properties": { "osm_id": "1445695545", "code": 8102, "fclass": "stream", "width": 0, "name": null }, "geometry": { "type": "LineString", "coordinates": [ [ 73.8713836, 15.4672678 ], [ 73.8716411, 15.46551 ], [ 73.8723063, 15.4644552 ], [ 73.8732505, 15.4633591 ] ] } },
{ "type": "Feature", "properties": { "osm_id": "1445695546", "code": 8102, "fclass": "stream", "width": 0, "name": null }, "geometry": { "type": "LineString", "coordinates": [ [ 73.8804281, 15.4683742 ], [ 73.8804817, 15.4670506 ], [ 73.8807714, 15.4665026 ], [ 73.8819408, 15.4650653 ], [ 73.8823485, 15.4643932 ], [ 73.8828957, 15.4639072 ], [ 73.8834536, 15.46369 ], [ 73.8838988, 15.4633126 ], [ 73.884229, 15.4631512 ] ] } },
{ "type": "Feature", "properties": { "osm_id": "1445695552", "code": 8102, "fclass": "stream", "width": 0, "name": null }, "geometry": { "type": "LineString", "coordinates": [ [ 73.8833141, 15.4803582 ], [ 73.8839149, 15.4792001 ], [ 73.8847947, 15.4784453 ], [ 73.886919, 15.4777629 ], [ 73.8875466, 15.4770598 ], [ 73.8876754, 15.4767651 ], [ 73.8885766, 15.4764601 ], [ 73.8887161, 15.4757518 ], [ 73.8888609, 15.4747902 ], [ 73.8893115, 15.474661 ] ] } },
{ "type": "Feature", "properties": { "osm_id": "1445695554", "code": 8102, "fclass": "stream", "width": 0, "name": null }, "geometry": { "type": "LineString", "coordinates": [ [ 73.8893545, 15.4862827 ], [ 73.8898158, 15.4848972 ], [ 73.8904703, 15.4832946 ], [ 73.8903844, 15.4817747 ], [ 73.890157, 15.4806145 ], [ 73.8900899, 15.4802724 ], [ 73.8900196, 15.4799136 ], [ 73.8899338, 15.4793139 ], [ 73.8898158, 15.4784763 ], [ 73.8899982, 15.4782695 ], [ 73.8898265, 15.4773597 ], [ 73.8894832, 15.4764498 ], [ 73.8891292, 15.4759431 ], [ 73.8893115, 15.474661 ], [ 73.8897836, 15.4745162 ], [ 73.8899445, 15.4742474 ], [ 73.8898212, 15.4738699 ], [ 73.890143, 15.4737304 ], [ 73.8901591, 15.4736476 ], [ 73.8905668, 15.4731565 ], [ 73.890599, 15.471559 ], [ 73.8902181, 15.471316 ] ] } },
{ "type": "Feature", "properties": { "osm_id": "1445695555", "code": 8102, "fclass": "stream", "width": 0, "name": null }, "geometry": { "type": "LineString", "coordinates": [ [ 73.8887429, 15.4894904 ], [ 73.8885847, 15.4892552 ], [ 73.8883835, 15.4888727 ], [ 73.8883084, 15.4887796 ], [ 73.8882548, 15.4885004 ], [ 73.8880616, 15.4880559 ], [ 73.8876968, 15.4873425 ], [ 73.8875842, 15.487208 ], [ 73.8871765, 15.4870685 ], [ 73.8868922, 15.4870219 ] ] } },
{ "type": "Feature", "properties": { "osm_id": "1445696272", "code": 8102, "fclass": "stream", "width": 0, "name": null }, "geometry": { "type": "LineString", "coordinates": [ [ 73.8967574, 15.4818884 ], [ 73.8962316, 15.4805029 ], [ 73.8955772, 15.4787659 ], [ 73.8954806, 15.4782075 ] ] } },
{ "type": "Feature", "properties": { "osm_id": "1445696273", "code": 8102, "fclass": "stream", "width": 0, "name": null }, "geometry": { "type": "LineString", "coordinates": [ [ 73.9082694, 15.4796758 ], [ 73.9081192, 15.4783936 ], [ 73.9073896, 15.4772769 ], [ 73.9055443, 15.4756019 ], [ 73.9041924, 15.4748161 ], [ 73.9022237, 15.4739372 ], [ 73.9016962, 15.4737421 ], [ 73.9012313, 15.4735701 ], [ 73.9003569, 15.4729807 ], [ 73.8998151, 15.4719777 ] ] } },
{ "type": "Feature", "properties": { "osm_id": "1445710340", "code": 8102, "fclass": "stream", "width": 0, "name": null }, "geometry": { "type": "LineString", "coordinates": [ [ 73.879205, 15.4926413 ], [ 73.8788938, 15.491566 ], [ 73.8784432, 15.4905321 ], [ 73.8780892, 15.4902064 ], [ 73.8771987, 15.4896119 ] ] } },
{ "type": "Feature", "properties": { "osm_id": "1445710341", "code": 8102, "fclass": "stream", "width": 0, "name": null }, "geometry": { "type": "LineString", "coordinates": [ [ 73.8852024, 15.4912558 ], [ 73.8842368, 15.4906045 ], [ 73.8834107, 15.4902943 ], [ 73.8828528, 15.4899117 ], [ 73.8822734, 15.4895189 ], [ 73.8820267, 15.4893689 ], [ 73.8814688, 15.4893638 ], [ 73.8809055, 15.4893431 ], [ 73.8806426, 15.4890743 ], [ 73.880251, 15.4887848 ], [ 73.8802079, 15.4885784 ] ] } },
{ "type": "Feature", "properties": { "osm_id": "1445730461", "code": 8102, "fclass": "stream", "width": 0, "name": null }, "geometry": { "type": "LineString", "coordinates": [ [ 73.8867903, 15.4826949 ], [ 73.88767, 15.4820539 ], [ 73.8885498, 15.4815989 ], [ 73.8895154, 15.4809372 ], [ 73.8900899, 15.4802724 ] ] } },
{ "type": "Feature", "properties": { "osm_id": "1445730462", "code": 8102, "fclass": "stream", "width": 0, "name": null }, "geometry": { "type": "LineString", "coordinates": [ [ 73.8939571, 15.4834187 ], [ 73.8927126, 15.4822193 ], [ 73.8915324, 15.4814748 ], [ 73.8908672, 15.4809992 ], [ 73.890157, 15.4806145 ] ] } },
{ "type": "Feature", "properties": { "osm_id": "1445782405", "code": 8102, "fclass": "stream", "width": 0, "name": null }, "geometry": { "type": "LineString", "coordinates": [ [ 73.8482925, 15.4934089 ], [ 73.8479304, 15.4937372 ], [ 73.8477641, 15.4937889 ], [ 73.8471258, 15.4936958 ], [ 73.8468575, 15.4935718 ], [ 73.8466483, 15.4935718 ], [ 73.8462245, 15.4936545 ], [ 73.8446581, 15.4934063 ], [ 73.8441914, 15.4932719 ], [ 73.8440922, 15.4932771 ], [ 73.8438454, 15.4932654 ] ] } },
{ "type": "Feature", "properties": { "osm_id": "1445800213", "code": 8102, "fclass": "stream", "width": 0, "name": null }, "geometry": { "type": "LineString", "coordinates": [ [ 73.8856047, 15.4844061 ], [ 73.8857442, 15.4853728 ], [ 73.885712, 15.4860914 ], [ 73.8856611, 15.4863266 ] ] } },
{ "type": "Feature", "properties": { "osm_id": "1445800214", "code": 8102, "fclass": "stream", "width": 0, "name": null }, "geometry": { "type": "LineString", "coordinates": [ [ 73.8895583, 15.487146 ], [ 73.8891399, 15.4870064 ], [ 73.8889146, 15.4868875 ], [ 73.8885954, 15.4866678 ], [ 73.8881555, 15.486293 ], [ 73.8879007, 15.4861405 ], [ 73.8875493, 15.4861043 ], [ 73.8872302, 15.4862077 ], [ 73.8870075, 15.4862827 ], [ 73.8868707, 15.4863266 ], [ 73.8868214, 15.4863415 ] ] } },
{ "type": "Feature", "properties": { "osm_id": "1445800215", "code": 8102, "fclass": "stream", "width": 0, "name": null }, "geometry": { "type": "LineString", "coordinates": [ [ 73.8854774, 15.4869595 ], [ 73.8849389, 15.4871259 ] ] } },
{ "type": "Feature", "properties": { "osm_id": "1445808939", "code": 8104, "fclass": "drain", "width": 0, "name": null }, "geometry": { "type": "LineString", "coordinates": [ [ 73.8840812, 15.4897877 ], [ 73.88399, 15.4893431 ], [ 73.8836682, 15.4888623 ], [ 73.8835823, 15.4883454 ], [ 73.8843924, 15.4881928 ], [ 73.884607, 15.4881076 ], [ 73.8856557, 15.4877508 ], [ 73.8857084, 15.4874097 ] ] } },
{ "type": "Feature", "properties": { "osm_id": "1445808979", "code": 8102, "fclass": "stream", "width": 0, "name": null }, "geometry": { "type": "LineString", "coordinates": [ [ 73.8871658, 15.4855408 ], [ 73.88697, 15.4859027 ], [ 73.8869405, 15.4860061 ], [ 73.8869351, 15.4861327 ], [ 73.8868654, 15.486214 ], [ 73.8867527, 15.486293 ] ] } },
{ "type": "Feature", "properties": { "osm_id": "1445913992", "code": 8104, "fclass": "drain", "width": 0, "name": null }, "geometry": { "type": "LineString", "coordinates": [ [ 73.8199163, 15.5937404 ], [ 73.8201416, 15.5935908 ] ] } },
{ "type": "Feature", "properties": { "osm_id": "1450712827", "code": 8104, "fclass": "drain", "width": 0, "name": null }, "geometry": { "type": "LineString", "coordinates": [ [ 73.7969441, 15.5901268 ], [ 73.7967781, 15.5897976 ], [ 73.7967014, 15.5897073 ], [ 73.7962031, 15.589261 ], [ 73.7960937, 15.5892257 ], [ 73.7959227, 15.589105 ], [ 73.7958946, 15.5887151 ] ] } },
{ "type": "Feature", "properties": { "osm_id": "1452012121", "code": 8102, "fclass": "stream", "width": 0, "name": null }, "geometry": { "type": "LineString", "coordinates": [ [ 73.8467985, 15.6122546 ], [ 73.8465518, 15.6122081 ], [ 73.8460958, 15.6119188 ], [ 73.8459831, 15.6117587 ], [ 73.8458383, 15.6116553 ], [ 73.845613, 15.6114332 ], [ 73.8454252, 15.6113867 ], [ 73.8453931, 15.6113453 ], [ 73.8452965, 15.6111955 ], [ 73.8453019, 15.6111077 ], [ 73.8452697, 15.6109733 ], [ 73.8451731, 15.6108132 ], [ 73.8450122, 15.6105652 ], [ 73.8447976, 15.6104154 ], [ 73.8447493, 15.6103275 ], [ 73.8447493, 15.6101932 ], [ 73.8446313, 15.6101415 ], [ 73.8445026, 15.6100434 ], [ 73.8444114, 15.6099039 ], [ 73.8442504, 15.6094492 ], [ 73.8442504, 15.609289 ], [ 73.8443255, 15.6090462 ], [ 73.8442612, 15.6089016 ], [ 73.8441539, 15.6088292 ], [ 73.8438749, 15.6088447 ], [ 73.8434511, 15.6086794 ], [ 73.8432312, 15.6084934 ], [ 73.8428718, 15.6084159 ], [ 73.8427135, 15.6083074 ], [ 73.8426948, 15.6081911 ], [ 73.8427672, 15.6079509 ], [ 73.8428128, 15.6077365 ], [ 73.8427377, 15.6075505 ], [ 73.8425821, 15.6074187 ], [ 73.8423353, 15.6074032 ], [ 73.8420215, 15.6073335 ], [ 73.8419625, 15.6073257 ], [ 73.8415125, 15.6070052 ] ] } },
{ "type": "Feature", "properties": { "osm_id": "1454638484", "code": 8104, "fclass": "drain", "width": 0, "name": null }, "geometry": { "type": "LineString", "coordinates": [ [ 73.7930086, 15.5794464 ], [ 73.792585, 15.5794347 ], [ 73.792211, 15.5795129 ], [ 73.7919887, 15.5789641 ], [ 73.7919179, 15.578649 ] ] } },
{ "type": "Feature", "properties": { "osm_id": "1455852016", "code": 8101, "fclass": "river", "width": 0, "name": "Mapusa River" }, "geometry": { "type": "LineString", "coordinates": [ [ 73.8684105, 15.6100771 ], [ 73.8704824, 15.6109888 ], [ 73.8730681, 15.6129521 ], [ 73.8763618, 15.6147087 ], [ 73.8797092, 15.6149567 ], [ 73.8813829, 15.615246 ], [ 73.88237, 15.6148947 ], [ 73.8826489, 15.6144814 ] ] } },
{ "type": "Feature", "properties": { "osm_id": "1459805941", "code": 8104, "fclass": "drain", "width": 0, "name": null }, "geometry": { "type": "LineString", "coordinates": [ [ 73.7696706, 15.6210161 ], [ 73.7696553, 15.6214835 ], [ 73.7696611, 15.6218134 ] ] } },
{ "type": "Feature", "properties": { "osm_id": "1460978768", "code": 8104, "fclass": "drain", "width": 0, "name": null }, "geometry": { "type": "LineString", "coordinates": [ [ 73.8302788, 15.6105962 ], [ 73.8302144, 15.6096068 ], [ 73.8306114, 15.6094699 ] ] } }
]
}
